datetime,open,high,low,close
2026-02-21 12:30:00+00:00,0.87414,0.87418,0.87413,0.87414
2026-02-21 12:45:00+00:00,0.87414,0.87421,0.87413,0.87421
2026-02-21 13:00:00+00:00,0.87419,0.87429,0.87419,0.87427
2026-02-21 13:15:00+00:00,0.87425,0.87429,0.87424,0.87425
2026-02-21 13:30:00+00:00,0.87425,0.87429,0.87424,0.87425
2026-02-21 13:45:00+00:00,0.87425,0.87429,0.87424,0.87427
2026-02-21 14:00:00+00:00,0.87425,0.87429,0.87424,0.87427
2026-02-21 14:15:00+00:00,0.87425,0.87429,0.87407,0.87415
2026-02-21 14:30:00+00:00,0.87415,0.87419,0.87414,0.87415
2026-02-21 14:45:00+00:00,0.87415,0.87419,0.87414,0.87416
2026-02-21 15:00:00+00:00,0.87415,0.87419,0.87414,0.87417
2026-02-21 15:15:00+00:00,0.87415,0.87419,0.87414,0.87416
2026-02-21 15:30:00+00:00,0.87415,0.87419,0.87414,0.87415
2026-02-21 15:45:00+00:00,0.87415,0.87419,0.87414,0.87416
2026-02-21 16:00:00+00:00,0.87415,0.87419,0.87414,0.87417
2026-02-21 16:15:00+00:00,0.87415,0.87419,0.87414,0.87416
2026-02-21 16:30:00+00:00,0.87415,0.87419,0.87414,0.87415
2026-02-21 16:45:00+00:00,0.87415,0.87419,0.87414,0.87416
2026-02-21 17:00:00+00:00,0.87415,0.87417,0.87387,0.8739
2026-02-21 17:15:00+00:00,0.87389,0.87392,0.87387,0.8739
2026-02-21 17:30:00+00:00,0.87389,0.87392,0.87387,0.87388
2026-02-21 17:45:00+00:00,0.87389,0.87392,0.87387,0.87389
2026-02-21 18:00:00+00:00,0.87389,0.87391,0.87351,0.87369
2026-02-21 18:15:00+00:00,0.87367,0.87371,0.87366,0.87369
2026-02-21 18:30:00+00:00,0.87367,0.87371,0.87366,0.87367
2026-02-21 18:45:00+00:00,0.87367,0.87371,0.87366,0.87367
2026-02-21 19:00:00+00:00,0.87367,0.87367,0.87349,0.87352
2026-02-21 19:15:00+00:00,0.8735,0.87354,0.87349,0.87352
2026-02-21 19:30:00+00:00,0.8735,0.87354,0.87349,0.8735
2026-02-21 19:45:00+00:00,0.8735,0.87354,0.87349,0.8735
2026-02-21 20:00:00+00:00,0.8735,0.87354,0.87349,0.87351
2026-02-21 20:15:00+00:00,0.8735,0.87354,0.87349,0.87352
2026-02-21 20:30:00+00:00,0.8735,0.87354,0.87349,0.8735
2026-02-21 20:45:00+00:00,0.8735,0.87354,0.87349,0.87349
2026-02-21 21:00:00+00:00,0.8735,0.87354,0.87349,0.87351
2026-02-21 21:15:00+00:00,0.8735,0.87354,0.87349,0.87352
2026-02-21 21:30:00+00:00,0.8735,0.87354,0.87349,0.87351
2026-02-21 21:45:00+00:00,0.8735,0.87354,0.87349,0.87349
2026-02-21 22:00:00+00:00,0.8735,0.87353,0.87335,0.87337
2026-02-21 22:15:00+00:00,0.87336,0.8734,0.87335,0.87338
2026-02-21 22:30:00+00:00,0.87336,0.8734,0.87335,0.87337
2026-02-21 22:45:00+00:00,0.87336,0.8734,0.87335,0.87336
2026-02-21 23:00:00+00:00,0.87336,0.8734,0.87335,0.87337
2026-02-21 23:15:00+00:00,0.87336,0.8734,0.87335,0.87338
2026-02-21 23:30:00+00:00,0.87336,0.8734,0.87335,0.87338
2026-02-21 23:45:00+00:00,0.87336,0.8734,0.87335,0.87336
2026-02-22 00:00:00+00:00,0.87336,0.87382,0.87335,0.87359
2026-02-22 00:15:00+00:00,0.87359,0.87362,0.87358,0.8736
2026-02-22 00:30:00+00:00,0.87359,0.87382,0.87357,0.87374
2026-02-22 00:45:00+00:00,0.87373,0.87376,0.87372,0.87372
2026-02-22 01:00:00+00:00,0.87373,0.87376,0.87372,0.87372
2026-02-22 01:15:00+00:00,0.87373,0.87376,0.87372,0.87374
2026-02-22 01:30:00+00:00,0.87373,0.87376,0.87372,0.87374
2026-02-22 01:45:00+00:00,0.87373,0.87376,0.87372,0.87373
2026-02-22 02:00:00+00:00,0.87373,0.87376,0.87372,0.87372
2026-02-22 02:15:00+00:00,0.87373,0.87376,0.87372,0.87374
2026-02-22 02:30:00+00:00,0.87373,0.87376,0.87372,0.87375
2026-02-22 02:45:00+00:00,0.87373,0.87376,0.87372,0.87373
2026-02-22 03:00:00+00:00,0.87373,0.87376,0.87372,0.87372
2026-02-22 03:15:00+00:00,0.87373,0.87376,0.87372,0.87374
2026-02-22 03:30:00+00:00,0.87373,0.87376,0.87372,0.87375
2026-02-22 03:45:00+00:00,0.87373,0.87376,0.87372,0.87373
2026-02-22 04:00:00+00:00,0.87373,0.87376,0.87372,0.87372
2026-02-22 04:15:00+00:00,0.87373,0.87376,0.87372,0.87373
2026-02-22 04:30:00+00:00,0.87373,0.87376,0.87372,0.87375
2026-02-22 04:45:00+00:00,0.87373,0.8738,0.87372,0.87378
2026-02-22 05:00:00+00:00,0.87377,0.8738,0.87375,0.87376
2026-02-22 05:15:00+00:00,0.87377,0.8738,0.87375,0.87377
2026-02-22 05:30:00+00:00,0.87377,0.8738,0.87375,0.87378
2026-02-22 05:45:00+00:00,0.87377,0.8738,0.87375,0.87378
2026-02-22 06:00:00+00:00,0.87377,0.8738,0.87375,0.87376
2026-02-22 06:15:00+00:00,0.87377,0.8738,0.87375,0.87376
2026-02-22 06:30:00+00:00,0.87377,0.8738,0.87375,0.87378
2026-02-22 06:45:00+00:00,0.87377,0.8738,0.87375,0.87378
2026-02-22 07:00:00+00:00,0.87377,0.8738,0.87375,0.87376
2026-02-22 07:15:00+00:00,0.87377,0.8738,0.87375,0.87376
2026-02-22 07:30:00+00:00,0.87377,0.8738,0.87375,0.87378
2026-02-22 07:45:00+00:00,0.87377,0.8738,0.87375,0.87378
2026-02-22 08:00:00+00:00,0.87377,0.8738,0.87375,0.87377
2026-02-22 08:15:00+00:00,0.87377,0.8738,0.87375,0.87376
2026-02-22 08:30:00+00:00,0.87377,0.8738,0.87375,0.87378
2026-02-22 08:45:00+00:00,0.87377,0.8738,0.87375,0.87378
2026-02-22 09:00:00+00:00,0.87377,0.8738,0.87375,0.87377
2026-02-22 09:15:00+00:00,0.87377,0.8738,0.87375,0.87376
2026-02-22 09:30:00+00:00,0.87377,0.8738,0.87375,0.87377
2026-02-22 09:45:00+00:00,0.87377,0.8738,0.87375,0.87378
2026-02-22 10:00:00+00:00,0.87377,0.8738,0.87375,0.87377
2026-02-22 10:15:00+00:00,0.87377,0.8738,0.87375,0.87376
2026-02-22 10:30:00+00:00,0.87377,0.87383,0.87375,0.8738
2026-02-22 10:45:00+00:00,0.8738,0.87383,0.87378,0.87381
2026-02-22 11:00:00+00:00,0.8738,0.87383,0.87378,0.87381
2026-02-22 11:15:00+00:00,0.8738,0.87383,0.87378,0.87379
2026-02-22 11:30:00+00:00,0.8738,0.87383,0.87378,0.8738
2026-02-22 11:45:00+00:00,0.8738,0.87383,0.87378,0.87381
2026-02-22 12:00:00+00:00,0.8738,0.87383,0.87378,0.87381
2026-02-22 12:15:00+00:00,0.8738,0.87383,0.87378,0.87379
2026-02-22 12:30:00+00:00,0.8738,0.87383,0.87378,0.87379
2026-02-22 12:45:00+00:00,0.8738,0.87383,0.87378,0.87381
2026-02-22 13:00:00+00:00,0.8738,0.87383,0.87378,0.87381
2026-02-22 13:15:00+00:00,0.8738,0.87383,0.87378,0.87379
2026-02-22 13:30:00+00:00,0.8738,0.87383,0.87378,0.87379
2026-02-22 13:45:00+00:00,0.8738,0.87383,0.87378,0.87381
2026-02-22 14:00:00+00:00,0.8738,0.87383,0.87378,0.87381
2026-02-22 14:15:00+00:00,0.8738,0.87393,0.87379,0.8739
2026-02-22 14:30:00+00:00,0.8739,0.87393,0.87388,0.87389
2026-02-22 14:45:00+00:00,0.8739,0.87393,0.87389,0.87391
2026-02-22 15:00:00+00:00,0.8739,0.87393,0.87389,0.87392
2026-02-22 15:15:00+00:00,0.8739,0.87393,0.87389,0.8739
2026-02-22 15:30:00+00:00,0.8739,0.87393,0.87388,0.87389
2026-02-22 15:45:00+00:00,0.8739,0.87393,0.87388,0.8739
2026-02-22 16:00:00+00:00,0.8739,0.87393,0.87389,0.87392
2026-02-22 16:15:00+00:00,0.8739,0.87393,0.87389,0.87391
2026-02-22 16:30:00+00:00,0.8739,0.87393,0.87389,0.87389
2026-02-22 16:45:00+00:00,0.8739,0.87393,0.87388,0.8739
2026-02-22 17:00:00+00:00,0.8739,0.87421,0.8739,0.87404
2026-02-22 17:15:00+00:00,0.87402,0.87406,0.87401,0.87403
2026-02-22 17:30:00+00:00,0.87402,0.87406,0.87396,0.87396
2026-02-22 17:45:00+00:00,0.87397,0.87433,0.87396,0.87433
2026-02-22 18:00:00+00:00,0.87433,0.87501,0.87272,0.87326
2026-02-22 18:15:00+00:00,0.87314,0.87422,0.87314,0.87328
2026-02-22 18:30:00+00:00,0.87327,0.87422,0.87324,0.87414
2026-02-22 18:45:00+00:00,0.87414,0.87418,0.87374,0.87393
2026-02-22 19:00:00+00:00,0.87394,0.8745,0.87373,0.87389
2026-02-22 19:15:00+00:00,0.87387,0.87474,0.87381,0.87409
2026-02-22 19:30:00+00:00,0.87407,0.87436,0.87379,0.87434
2026-02-22 19:45:00+00:00,0.87434,0.87445,0.87371,0.87402
2026-02-22 20:00:00+00:00,0.87405,0.87469,0.87383,0.87401
2026-02-22 20:15:00+00:00,0.87398,0.87426,0.87349,0.87426
2026-02-22 20:30:00+00:00,0.87421,0.87459,0.87368,0.87424
2026-02-22 20:45:00+00:00,0.8742,0.87479,0.87374,0.87414
2026-02-22 21:00:00+00:00,0.87419,0.87461,0.87409,0.87412
2026-02-22 21:15:00+00:00,0.87412,0.87443,0.87391,0.87432
2026-02-22 21:30:00+00:00,0.87429,0.87438,0.87405,0.87431
2026-02-22 21:45:00+00:00,0.87431,0.87464,0.87383,0.87416
2026-02-22 22:00:00+00:00,0.87419,0.87487,0.87411,0.87469
2026-02-22 22:15:00+00:00,0.87469,0.8747,0.87386,0.87386
2026-02-22 22:30:00+00:00,0.87385,0.87388,0.87368,0.87388
2026-02-22 22:45:00+00:00,0.87388,0.87406,0.87388,0.87397
2026-02-22 23:00:00+00:00,0.87401,0.87437,0.87396,0.87409
2026-02-22 23:15:00+00:00,0.87408,0.87489,0.87408,0.87476
2026-02-22 23:30:00+00:00,0.87476,0.87483,0.87446,0.87454
2026-02-22 23:45:00+00:00,0.87452,0.87461,0.8743,0.87443
2026-02-23 00:00:00+00:00,0.87443,0.8746,0.87429,0.87438
2026-02-23 00:15:00+00:00,0.87439,0.87462,0.87439,0.87453
2026-02-23 00:30:00+00:00,0.87452,0.87469,0.87444,0.87452
2026-02-23 00:45:00+00:00,0.87451,0.87461,0.87443,0.87457
2026-02-23 01:00:00+00:00,0.87459,0.87494,0.87456,0.87489
2026-02-23 01:15:00+00:00,0.87489,0.87491,0.87462,0.87463
2026-02-23 01:30:00+00:00,0.87461,0.8747,0.87447,0.87463
2026-02-23 01:45:00+00:00,0.87461,0.87478,0.8746,0.87472
2026-02-23 02:00:00+00:00,0.87473,0.8748,0.8746,0.87474
2026-02-23 02:15:00+00:00,0.87474,0.87474,0.87456,0.87462
2026-02-23 02:30:00+00:00,0.87461,0.87466,0.87447,0.87452
2026-02-23 02:45:00+00:00,0.8745,0.87464,0.87449,0.87461
2026-02-23 03:00:00+00:00,0.87461,0.87467,0.87451,0.87459
2026-02-23 03:15:00+00:00,0.8746,0.87475,0.87459,0.87465
2026-02-23 03:30:00+00:00,0.87464,0.87469,0.87461,0.87465
2026-02-23 03:45:00+00:00,0.87463,0.87472,0.87455,0.8747
2026-02-23 04:00:00+00:00,0.87468,0.8747,0.87451,0.87453
2026-02-23 04:15:00+00:00,0.87454,0.87459,0.8745,0.87453
2026-02-23 04:30:00+00:00,0.87453,0.87454,0.87433,0.87436
2026-02-23 04:45:00+00:00,0.87435,0.87443,0.8743,0.87434
2026-02-23 05:00:00+00:00,0.87433,0.87444,0.87431,0.87436
2026-02-23 05:15:00+00:00,0.87435,0.87446,0.87429,0.87435
2026-02-23 05:30:00+00:00,0.87435,0.87444,0.8743,0.87439
2026-02-23 05:45:00+00:00,0.87438,0.87441,0.87427,0.87427
2026-02-23 06:00:00+00:00,0.87425,0.87428,0.8741,0.87412
2026-02-23 06:15:00+00:00,0.87412,0.87439,0.87411,0.8743
2026-02-23 06:30:00+00:00,0.8743,0.87431,0.8742,0.87427
2026-02-23 06:45:00+00:00,0.87425,0.87429,0.87391,0.87397
2026-02-23 07:00:00+00:00,0.87395,0.87411,0.87395,0.87411
2026-02-23 07:15:00+00:00,0.87411,0.87424,0.87401,0.87407
2026-02-23 07:30:00+00:00,0.87408,0.87413,0.87389,0.87408
2026-02-23 07:45:00+00:00,0.87408,0.87423,0.87375,0.87415
2026-02-23 08:00:00+00:00,0.87413,0.87439,0.8741,0.87439
2026-02-23 08:15:00+00:00,0.87439,0.87443,0.87408,0.87439
2026-02-23 08:30:00+00:00,0.87439,0.87442,0.87384,0.87393
2026-02-23 08:45:00+00:00,0.87392,0.8741,0.87373,0.87385
2026-02-23 09:00:00+00:00,0.87383,0.87392,0.87377,0.87391
2026-02-23 09:15:00+00:00,0.8739,0.87406,0.87386,0.87397
2026-02-23 09:30:00+00:00,0.87397,0.87404,0.87389,0.87389
2026-02-23 09:45:00+00:00,0.87389,0.87394,0.87351,0.8736
2026-02-23 10:00:00+00:00,0.87358,0.87362,0.87331,0.87347
2026-02-23 10:15:00+00:00,0.87346,0.87363,0.87338,0.87354
2026-02-23 10:30:00+00:00,0.87354,0.87358,0.87337,0.87347
2026-02-23 10:45:00+00:00,0.87346,0.87354,0.87333,0.87344
2026-02-23 11:00:00+00:00,0.8734,0.87361,0.87302,0.87303
2026-02-23 11:15:00+00:00,0.87302,0.8736,0.87301,0.87359
2026-02-23 11:30:00+00:00,0.87359,0.87359,0.87313,0.87319
2026-02-23 11:45:00+00:00,0.87319,0.87366,0.87319,0.87363
2026-02-23 12:00:00+00:00,0.8736,0.87382,0.8736,0.87364
2026-02-23 12:15:00+00:00,0.87363,0.87378,0.87355,0.87371
2026-02-23 12:30:00+00:00,0.87371,0.87388,0.87356,0.87358
2026-02-23 12:45:00+00:00,0.87358,0.87369,0.87353,0.87363
2026-02-23 13:00:00+00:00,0.87363,0.87365,0.87338,0.87343
2026-02-23 13:15:00+00:00,0.87341,0.87366,0.87341,0.87365
2026-02-23 13:30:00+00:00,0.87365,0.87377,0.8733,0.87341
2026-02-23 13:45:00+00:00,0.87342,0.87367,0.87341,0.87342
2026-02-23 14:00:00+00:00,0.87341,0.87364,0.87337,0.8735
2026-02-23 14:15:00+00:00,0.87348,0.87362,0.87348,0.87352
2026-02-23 14:30:00+00:00,0.8735,0.87351,0.87298,0.87308
2026-02-23 14:45:00+00:00,0.87309,0.87317,0.87283,0.87315
2026-02-23 15:00:00+00:00,0.87315,0.87349,0.87311,0.87332
2026-02-23 15:15:00+00:00,0.8733,0.87342,0.87322,0.87324
2026-02-23 15:30:00+00:00,0.87324,0.87347,0.87311,0.87347
2026-02-23 15:45:00+00:00,0.87349,0.87403,0.87347,0.87396
2026-02-23 16:00:00+00:00,0.87395,0.87403,0.87387,0.87391
2026-02-23 16:15:00+00:00,0.87389,0.87399,0.87378,0.87396
2026-02-23 16:30:00+00:00,0.87395,0.87397,0.87347,0.87349
2026-02-23 16:45:00+00:00,0.8735,0.87386,0.87348,0.87386
2026-02-23 17:00:00+00:00,0.87386,0.87442,0.87381,0.87437
2026-02-23 17:15:00+00:00,0.87434,0.87448,0.87428,0.87438
2026-02-23 17:30:00+00:00,0.87437,0.87443,0.87425,0.87432
2026-02-23 17:45:00+00:00,0.87432,0.87449,0.87425,0.87428
2026-02-23 18:00:00+00:00,0.87428,0.87428,0.87398,0.87409
2026-02-23 18:15:00+00:00,0.87407,0.87414,0.87386,0.87399
2026-02-23 18:30:00+00:00,0.87397,0.87419,0.87395,0.87415
2026-02-23 18:45:00+00:00,0.87414,0.87419,0.874,0.87411
2026-02-23 19:00:00+00:00,0.87411,0.87424,0.87402,0.8742
2026-02-23 19:15:00+00:00,0.87419,0.87422,0.87401,0.87406
2026-02-23 19:30:00+00:00,0.87404,0.87423,0.87404,0.87416
2026-02-23 19:45:00+00:00,0.87416,0.87421,0.87405,0.87414
2026-02-23 20:00:00+00:00,0.87414,0.87416,0.87406,0.87411
2026-02-23 20:15:00+00:00,0.8741,0.87413,0.87393,0.87403
2026-02-23 20:30:00+00:00,0.87401,0.87405,0.8739,0.87396
2026-02-23 20:45:00+00:00,0.87396,0.874,0.8738,0.87383
2026-02-23 21:00:00+00:00,0.87384,0.87394,0.87373,0.87391
2026-02-23 21:15:00+00:00,0.87391,0.87392,0.87355,0.87363
2026-02-23 21:30:00+00:00,0.87361,0.87364,0.87328,0.87346
2026-02-23 21:45:00+00:00,0.87345,0.8736,0.87338,0.87347
2026-02-23 22:00:00+00:00,0.87349,0.87385,0.87346,0.8737
2026-02-23 22:15:00+00:00,0.8737,0.87378,0.87361,0.87368
2026-02-23 22:30:00+00:00,0.87366,0.8737,0.87353,0.87356
2026-02-23 22:45:00+00:00,0.87354,0.87367,0.87351,0.87365
2026-02-23 23:00:00+00:00,0.87366,0.87385,0.87361,0.87382
2026-02-23 23:15:00+00:00,0.87382,0.87391,0.87372,0.87382
2026-02-23 23:30:00+00:00,0.8738,0.87384,0.8737,0.87378
2026-02-23 23:45:00+00:00,0.87376,0.87389,0.87371,0.87386
2026-02-24 00:00:00+00:00,0.87385,0.87387,0.87374,0.87375
2026-02-24 00:15:00+00:00,0.87375,0.8738,0.87362,0.87379
2026-02-24 00:30:00+00:00,0.87377,0.87399,0.8737,0.87372
2026-02-24 00:45:00+00:00,0.8737,0.87379,0.87356,0.87356
2026-02-24 01:00:00+00:00,0.87356,0.87365,0.87352,0.87362
2026-02-24 01:15:00+00:00,0.87362,0.87363,0.87342,0.87342
2026-02-24 01:30:00+00:00,0.87341,0.87359,0.87332,0.87336
2026-02-24 01:45:00+00:00,0.87334,0.87343,0.87327,0.87331
2026-02-24 02:00:00+00:00,0.87332,0.8734,0.87326,0.87327
2026-02-24 02:15:00+00:00,0.87327,0.87334,0.87316,0.87317
2026-02-24 02:30:00+00:00,0.87317,0.87322,0.87296,0.87303
2026-02-24 02:45:00+00:00,0.87301,0.87304,0.87295,0.87297
2026-02-24 03:00:00+00:00,0.87296,0.87301,0.87289,0.87291
2026-02-24 03:15:00+00:00,0.87292,0.87299,0.8729,0.87293
2026-02-24 03:30:00+00:00,0.87293,0.87302,0.87293,0.87296
2026-02-24 03:45:00+00:00,0.87294,0.87304,0.87294,0.87301
2026-02-24 04:00:00+00:00,0.873,0.87308,0.87297,0.87299
2026-02-24 04:15:00+00:00,0.873,0.87308,0.87296,0.87299
2026-02-24 04:30:00+00:00,0.87299,0.8731,0.87297,0.87308
2026-02-24 04:45:00+00:00,0.87307,0.8731,0.87292,0.87296
2026-02-24 05:00:00+00:00,0.87295,0.87308,0.87295,0.87305
2026-02-24 05:15:00+00:00,0.87306,0.87314,0.87305,0.8731
2026-02-24 05:30:00+00:00,0.8731,0.87323,0.87309,0.87318
2026-02-24 05:45:00+00:00,0.87316,0.87335,0.87316,0.87335
2026-02-24 06:00:00+00:00,0.87334,0.87336,0.87324,0.87331
2026-02-24 06:15:00+00:00,0.87331,0.87336,0.87325,0.87326
2026-02-24 06:30:00+00:00,0.87326,0.87335,0.87325,0.87329
2026-02-24 06:45:00+00:00,0.87326,0.87351,0.87326,0.87346
2026-02-24 07:00:00+00:00,0.87344,0.87369,0.87337,0.87365
2026-02-24 07:15:00+00:00,0.87365,0.87382,0.87362,0.87369
2026-02-24 07:30:00+00:00,0.8737,0.87392,0.87369,0.8739
2026-02-24 07:45:00+00:00,0.8739,0.87399,0.87383,0.87393
2026-02-24 08:00:00+00:00,0.87391,0.87416,0.87386,0.87401
2026-02-24 08:15:00+00:00,0.874,0.87429,0.87388,0.87388
2026-02-24 08:30:00+00:00,0.8739,0.87415,0.87388,0.87392
2026-02-24 08:45:00+00:00,0.8739,0.87408,0.87371,0.87386
2026-02-24 09:00:00+00:00,0.87385,0.87388,0.87356,0.87376
2026-02-24 09:15:00+00:00,0.87375,0.87376,0.87351,0.87351
2026-02-24 09:30:00+00:00,0.87351,0.87351,0.87319,0.87319
2026-02-24 09:45:00+00:00,0.87318,0.87334,0.87301,0.87312
2026-02-24 10:00:00+00:00,0.87309,0.87323,0.87301,0.87314
2026-02-24 10:15:00+00:00,0.87313,0.87324,0.87299,0.87299
2026-02-24 10:30:00+00:00,0.873,0.87319,0.87299,0.87315
2026-02-24 10:45:00+00:00,0.87315,0.87347,0.87313,0.87345
2026-02-24 11:00:00+00:00,0.87344,0.87361,0.87338,0.8735
2026-02-24 11:15:00+00:00,0.87348,0.87354,0.87311,0.87326
2026-02-24 11:30:00+00:00,0.87326,0.87361,0.87313,0.87356
2026-02-24 11:45:00+00:00,0.87356,0.87362,0.87344,0.87355
2026-02-24 12:00:00+00:00,0.87353,0.87358,0.87335,0.87339
2026-02-24 12:15:00+00:00,0.87338,0.87342,0.87312,0.87319
2026-02-24 12:30:00+00:00,0.87319,0.87348,0.87313,0.87345
2026-02-24 12:45:00+00:00,0.87346,0.87354,0.87338,0.87338
2026-02-24 13:00:00+00:00,0.87336,0.87341,0.87304,0.87329
2026-02-24 13:15:00+00:00,0.87328,0.87331,0.87298,0.87325
2026-02-24 13:30:00+00:00,0.87324,0.87326,0.87302,0.87304
2026-02-24 13:45:00+00:00,0.87305,0.87318,0.87292,0.87292
2026-02-24 14:00:00+00:00,0.87291,0.87303,0.87272,0.87302
2026-02-24 14:15:00+00:00,0.87301,0.87304,0.87279,0.87289
2026-02-24 14:30:00+00:00,0.87289,0.8732,0.87289,0.87309
2026-02-24 14:45:00+00:00,0.8731,0.87312,0.87251,0.87253
2026-02-24 15:00:00+00:00,0.87256,0.87269,0.87181,0.87181
2026-02-24 15:15:00+00:00,0.87182,0.87194,0.87138,0.8714
2026-02-24 15:30:00+00:00,0.87139,0.87157,0.87111,0.87124
2026-02-24 15:45:00+00:00,0.87123,0.87139,0.87085,0.8711
2026-02-24 16:00:00+00:00,0.87109,0.87145,0.87103,0.8713
2026-02-24 16:15:00+00:00,0.87128,0.87142,0.87098,0.87103
2026-02-24 16:30:00+00:00,0.87102,0.87134,0.871,0.87112
2026-02-24 16:45:00+00:00,0.87112,0.87135,0.87102,0.87126
2026-02-24 17:00:00+00:00,0.87126,0.87154,0.87116,0.87146
2026-02-24 17:15:00+00:00,0.87142,0.87177,0.87135,0.87177
2026-02-24 17:30:00+00:00,0.87176,0.87199,0.87176,0.87199
2026-02-24 17:45:00+00:00,0.87199,0.8721,0.87184,0.87185
2026-02-24 18:00:00+00:00,0.87186,0.87205,0.87178,0.87199
2026-02-24 18:15:00+00:00,0.87198,0.87201,0.87169,0.87179
2026-02-24 18:30:00+00:00,0.87178,0.87191,0.87166,0.87191
2026-02-24 18:45:00+00:00,0.87191,0.87207,0.87187,0.87197
2026-02-24 19:00:00+00:00,0.87197,0.87218,0.87195,0.87218
2026-02-24 19:15:00+00:00,0.87217,0.87222,0.87206,0.87211
2026-02-24 19:30:00+00:00,0.87209,0.87219,0.87204,0.87219
2026-02-24 19:45:00+00:00,0.8722,0.87243,0.87211,0.87241
2026-02-24 20:00:00+00:00,0.87242,0.87253,0.87237,0.87248
2026-02-24 20:15:00+00:00,0.87247,0.87253,0.87239,0.87248
2026-02-24 20:30:00+00:00,0.87246,0.8725,0.87226,0.87233
2026-02-24 20:45:00+00:00,0.87233,0.87251,0.87225,0.8724
2026-02-24 21:00:00+00:00,0.87241,0.87266,0.8724,0.8726
2026-02-24 21:15:00+00:00,0.87259,0.87263,0.87245,0.8725
2026-02-24 21:30:00+00:00,0.87247,0.87259,0.87245,0.8725
2026-02-24 21:45:00+00:00,0.8725,0.87287,0.87245,0.87281
2026-02-24 22:00:00+00:00,0.87281,0.87282,0.87235,0.87235
2026-02-24 22:15:00+00:00,0.87235,0.87248,0.87225,0.87228
2026-02-24 22:30:00+00:00,0.87226,0.87271,0.87226,0.87256
2026-02-24 22:45:00+00:00,0.87255,0.87259,0.87243,0.87252
2026-02-24 23:00:00+00:00,0.87252,0.87261,0.87238,0.87247
2026-02-24 23:15:00+00:00,0.87247,0.87248,0.87233,0.87236
2026-02-24 23:30:00+00:00,0.87235,0.87242,0.87223,0.87241
2026-02-24 23:45:00+00:00,0.87239,0.87251,0.87236,0.87243
2026-02-25 00:00:00+00:00,0.87243,0.87275,0.87241,0.87269
2026-02-25 00:15:00+00:00,0.87269,0.87271,0.87257,0.87262
2026-02-25 00:30:00+00:00,0.87261,0.87264,0.87218,0.87226
2026-02-25 00:45:00+00:00,0.87224,0.8724,0.8722,0.87226
2026-02-25 01:00:00+00:00,0.87225,0.8723,0.87214,0.87228
2026-02-25 01:15:00+00:00,0.87229,0.87234,0.87227,0.87233
2026-02-25 01:30:00+00:00,0.87232,0.87237,0.87229,0.87236
2026-02-25 01:45:00+00:00,0.87234,0.87238,0.87226,0.87227
2026-02-25 02:00:00+00:00,0.87227,0.87234,0.87218,0.8722
2026-02-25 02:15:00+00:00,0.8722,0.87231,0.87212,0.87216
2026-02-25 02:30:00+00:00,0.87215,0.87237,0.872,0.87216
2026-02-25 02:45:00+00:00,0.87214,0.87228,0.87209,0.87227
2026-02-25 03:00:00+00:00,0.87227,0.87247,0.87219,0.8724
2026-02-25 03:15:00+00:00,0.87241,0.87254,0.87239,0.87249
2026-02-25 03:30:00+00:00,0.87248,0.87255,0.87242,0.87244
2026-02-25 03:45:00+00:00,0.87241,0.87252,0.87236,0.87252
2026-02-25 04:00:00+00:00,0.87251,0.87254,0.87242,0.87244
2026-02-25 04:15:00+00:00,0.87244,0.87249,0.8724,0.87246
2026-02-25 04:30:00+00:00,0.87246,0.87251,0.87241,0.87251
2026-02-25 04:45:00+00:00,0.87249,0.87263,0.87247,0.87261
2026-02-25 05:00:00+00:00,0.87259,0.87264,0.87253,0.87257
2026-02-25 05:15:00+00:00,0.87257,0.8728,0.87256,0.87269
2026-02-25 05:30:00+00:00,0.87269,0.87287,0.87269,0.87285
2026-02-25 05:45:00+00:00,0.87284,0.87294,0.87271,0.87274
2026-02-25 06:00:00+00:00,0.87273,0.87282,0.87264,0.87274
2026-02-25 06:15:00+00:00,0.87274,0.87279,0.87267,0.87275
2026-02-25 06:30:00+00:00,0.87275,0.87284,0.87272,0.87278
2026-02-25 06:45:00+00:00,0.87277,0.8729,0.87274,0.87286
2026-02-25 07:00:00+00:00,0.87284,0.87295,0.87275,0.87288
2026-02-25 07:15:00+00:00,0.87289,0.87304,0.87287,0.87287
2026-02-25 07:30:00+00:00,0.87288,0.8732,0.87287,0.87296
2026-02-25 07:45:00+00:00,0.87294,0.87304,0.87208,0.87218
2026-02-25 08:00:00+00:00,0.87217,0.87263,0.87192,0.87251
2026-02-25 08:15:00+00:00,0.87252,0.87273,0.87237,0.87273
2026-02-25 08:30:00+00:00,0.87273,0.87278,0.87217,0.87219
2026-02-25 08:45:00+00:00,0.87218,0.87236,0.87215,0.87229
2026-02-25 09:00:00+00:00,0.87226,0.87239,0.87218,0.87224
2026-02-25 09:15:00+00:00,0.87224,0.87239,0.87213,0.87235
2026-02-25 09:30:00+00:00,0.87236,0.87244,0.8722,0.8722
2026-02-25 09:45:00+00:00,0.8722,0.87234,0.8719,0.87199
2026-02-25 10:00:00+00:00,0.87197,0.87201,0.87163,0.87177
2026-02-25 10:15:00+00:00,0.87176,0.87222,0.87176,0.87216
2026-02-25 10:30:00+00:00,0.87217,0.87226,0.87175,0.87178
2026-02-25 10:45:00+00:00,0.87177,0.87198,0.87177,0.87185
2026-02-25 11:00:00+00:00,0.87183,0.87222,0.87182,0.87222
2026-02-25 11:15:00+00:00,0.8722,0.87267,0.8722,0.87252
2026-02-25 11:30:00+00:00,0.87252,0.87254,0.8723,0.87234
2026-02-25 11:45:00+00:00,0.87234,0.87236,0.87188,0.87192
2026-02-25 12:00:00+00:00,0.87191,0.87238,0.87185,0.87207
2026-02-25 12:15:00+00:00,0.87206,0.87219,0.87199,0.87207
2026-02-25 12:30:00+00:00,0.87207,0.87233,0.87192,0.87222
2026-02-25 12:45:00+00:00,0.87222,0.87225,0.87152,0.87158
2026-02-25 13:00:00+00:00,0.87156,0.87161,0.87121,0.87126
2026-02-25 13:15:00+00:00,0.87124,0.8713,0.87101,0.87128
2026-02-25 13:30:00+00:00,0.87127,0.87157,0.87125,0.87154
2026-02-25 13:45:00+00:00,0.87156,0.87165,0.87142,0.87156
2026-02-25 14:00:00+00:00,0.87154,0.87168,0.87132,0.87137
2026-02-25 14:15:00+00:00,0.87134,0.87168,0.87134,0.87164
2026-02-25 14:30:00+00:00,0.87164,0.87201,0.8716,0.87201
2026-02-25 14:45:00+00:00,0.87201,0.87203,0.87167,0.87171
2026-02-25 15:00:00+00:00,0.8717,0.87202,0.8717,0.87195
2026-02-25 15:15:00+00:00,0.87193,0.87203,0.87163,0.87169
2026-02-25 15:30:00+00:00,0.87168,0.87201,0.8716,0.87199
2026-02-25 15:45:00+00:00,0.87201,0.87229,0.87185,0.87198
2026-02-25 16:00:00+00:00,0.87197,0.87209,0.87177,0.87185
2026-02-25 16:15:00+00:00,0.87184,0.87217,0.87174,0.87194
2026-02-25 16:30:00+00:00,0.87193,0.87201,0.87132,0.87132
2026-02-25 16:45:00+00:00,0.87134,0.8715,0.87114,0.87114
2026-02-25 17:00:00+00:00,0.87114,0.87122,0.87093,0.87119
2026-02-25 17:15:00+00:00,0.87119,0.87121,0.87081,0.87083
2026-02-25 17:30:00+00:00,0.87082,0.87101,0.87082,0.87094
2026-02-25 17:45:00+00:00,0.87095,0.87105,0.8709,0.87104
2026-02-25 18:00:00+00:00,0.87104,0.87113,0.87086,0.87092
2026-02-25 18:15:00+00:00,0.87089,0.87132,0.87089,0.87124
2026-02-25 18:30:00+00:00,0.87122,0.87126,0.87114,0.87119
2026-02-25 18:45:00+00:00,0.87118,0.87121,0.87104,0.87107
2026-02-25 19:00:00+00:00,0.87107,0.87129,0.87107,0.87123
2026-02-25 19:15:00+00:00,0.87122,0.87129,0.87119,0.87123
2026-02-25 19:30:00+00:00,0.87121,0.87124,0.87105,0.87116
2026-02-25 19:45:00+00:00,0.87115,0.87132,0.87114,0.87128
2026-02-25 20:00:00+00:00,0.87129,0.87136,0.87123,0.87127
2026-02-25 20:15:00+00:00,0.87125,0.87131,0.8711,0.87112
2026-02-25 20:30:00+00:00,0.87111,0.87117,0.87107,0.87111
2026-02-25 20:45:00+00:00,0.87111,0.87116,0.871,0.87107
2026-02-25 21:00:00+00:00,0.87108,0.87115,0.87091,0.87091
2026-02-25 21:15:00+00:00,0.8709,0.87104,0.87089,0.87099
2026-02-25 21:30:00+00:00,0.87097,0.87109,0.87094,0.87109
2026-02-25 21:45:00+00:00,0.87109,0.87117,0.87097,0.87099
2026-02-25 22:00:00+00:00,0.87098,0.87135,0.87087,0.87107
2026-02-25 22:15:00+00:00,0.87107,0.87131,0.87105,0.87127
2026-02-25 22:30:00+00:00,0.87127,0.87133,0.87111,0.87125
2026-02-25 22:45:00+00:00,0.87124,0.87153,0.87113,0.87128
2026-02-25 23:00:00+00:00,0.87128,0.87135,0.87121,0.87125
2026-02-25 23:15:00+00:00,0.87126,0.87134,0.87124,0.87131
2026-02-25 23:30:00+00:00,0.8713,0.87144,0.87123,0.87142
2026-02-25 23:45:00+00:00,0.87141,0.87153,0.8714,0.87146
2026-02-26 00:00:00+00:00,0.87147,0.87164,0.87146,0.87156
2026-02-26 00:15:00+00:00,0.87156,0.87168,0.87151,0.87161
2026-02-26 00:30:00+00:00,0.8716,0.87163,0.87133,0.87143
2026-02-26 00:45:00+00:00,0.87141,0.87146,0.87133,0.87133
2026-02-26 01:00:00+00:00,0.87134,0.87152,0.87121,0.87125
2026-02-26 01:15:00+00:00,0.87125,0.87148,0.8712,0.87148
2026-02-26 01:30:00+00:00,0.87148,0.87163,0.8714,0.87157
2026-02-26 01:45:00+00:00,0.87155,0.87159,0.87134,0.87138
2026-02-26 02:00:00+00:00,0.87137,0.8715,0.87136,0.87146
2026-02-26 02:15:00+00:00,0.87147,0.87155,0.87142,0.87153
2026-02-26 02:30:00+00:00,0.87152,0.87155,0.87141,0.87147
2026-02-26 02:45:00+00:00,0.87145,0.87149,0.87123,0.87124
2026-02-26 03:00:00+00:00,0.87124,0.87138,0.87123,0.87136
2026-02-26 03:15:00+00:00,0.87137,0.87163,0.87136,0.87154
2026-02-26 03:30:00+00:00,0.87154,0.87163,0.87147,0.87162
2026-02-26 03:45:00+00:00,0.8716,0.87174,0.87157,0.87173
2026-02-26 04:00:00+00:00,0.87171,0.87178,0.8717,0.87172
2026-02-26 04:15:00+00:00,0.87172,0.87189,0.87171,0.87181
2026-02-26 04:30:00+00:00,0.87181,0.87181,0.87157,0.87172
2026-02-26 04:45:00+00:00,0.87171,0.87174,0.87157,0.87167
2026-02-26 05:00:00+00:00,0.87166,0.87186,0.87166,0.87182
2026-02-26 05:15:00+00:00,0.87182,0.87187,0.8717,0.87179
2026-02-26 05:30:00+00:00,0.87179,0.87184,0.8717,0.87175
2026-02-26 05:45:00+00:00,0.87174,0.87179,0.87164,0.87169
2026-02-26 06:00:00+00:00,0.87168,0.87176,0.87163,0.8717
2026-02-26 06:15:00+00:00,0.87169,0.87189,0.87163,0.87181
2026-02-26 06:30:00+00:00,0.87181,0.87182,0.87166,0.87169
2026-02-26 06:45:00+00:00,0.87167,0.87196,0.87166,0.87191
2026-02-26 07:00:00+00:00,0.8719,0.87192,0.87156,0.87174
2026-02-26 07:15:00+00:00,0.87175,0.8719,0.87172,0.87178
2026-02-26 07:30:00+00:00,0.87179,0.87198,0.87178,0.87187
2026-02-26 07:45:00+00:00,0.87186,0.87231,0.87185,0.8722
2026-02-26 08:00:00+00:00,0.87218,0.87246,0.87212,0.87245
2026-02-26 08:15:00+00:00,0.87245,0.87275,0.87243,0.87261
2026-02-26 08:30:00+00:00,0.87261,0.87308,0.87259,0.87308
2026-02-26 08:45:00+00:00,0.87308,0.87309,0.87276,0.87276
2026-02-26 09:00:00+00:00,0.87274,0.87284,0.87246,0.8725
2026-02-26 09:15:00+00:00,0.87249,0.87265,0.87247,0.87257
2026-02-26 09:30:00+00:00,0.87257,0.87258,0.87201,0.87205
2026-02-26 09:45:00+00:00,0.87204,0.87223,0.87201,0.87216
2026-02-26 10:00:00+00:00,0.87215,0.87227,0.87208,0.87224
2026-02-26 10:15:00+00:00,0.87223,0.87231,0.87187,0.87194
2026-02-26 10:30:00+00:00,0.87195,0.87202,0.87171,0.87174
2026-02-26 10:45:00+00:00,0.87175,0.87175,0.87155,0.87166
2026-02-26 11:00:00+00:00,0.87163,0.87184,0.87158,0.87176
2026-02-26 11:15:00+00:00,0.87174,0.87176,0.87147,0.8716
2026-02-26 11:30:00+00:00,0.87161,0.87181,0.8716,0.87179
2026-02-26 11:45:00+00:00,0.87179,0.87218,0.87169,0.87218
2026-02-26 12:00:00+00:00,0.87215,0.87232,0.87215,0.87221
2026-02-26 12:15:00+00:00,0.8722,0.87229,0.87184,0.87193
2026-02-26 12:30:00+00:00,0.87193,0.87202,0.87174,0.87199
2026-02-26 12:45:00+00:00,0.87199,0.87201,0.87152,0.8716
2026-02-26 13:00:00+00:00,0.87159,0.87192,0.87155,0.87177
2026-02-26 13:15:00+00:00,0.87175,0.8718,0.87166,0.87166
2026-02-26 13:30:00+00:00,0.87167,0.87195,0.87166,0.87182
2026-02-26 13:45:00+00:00,0.87182,0.87224,0.87176,0.87223
2026-02-26 14:00:00+00:00,0.87222,0.87225,0.87189,0.87193
2026-02-26 14:15:00+00:00,0.87192,0.87195,0.87165,0.87181
2026-02-26 14:30:00+00:00,0.87181,0.87186,0.87161,0.87168
2026-02-26 14:45:00+00:00,0.87169,0.87194,0.87167,0.87188
2026-02-26 15:00:00+00:00,0.87186,0.87229,0.87185,0.87208
2026-02-26 15:15:00+00:00,0.87204,0.87274,0.87201,0.87268
2026-02-26 15:30:00+00:00,0.87267,0.87287,0.87216,0.87227
2026-02-26 15:45:00+00:00,0.87227,0.87319,0.87219,0.87311
2026-02-26 16:00:00+00:00,0.87311,0.87319,0.873,0.87309
2026-02-26 16:15:00+00:00,0.87308,0.87311,0.8728,0.87286
2026-02-26 16:30:00+00:00,0.87284,0.87314,0.87279,0.87304
2026-02-26 16:45:00+00:00,0.87306,0.87348,0.87302,0.87342
2026-02-26 17:00:00+00:00,0.87343,0.8736,0.87322,0.87356
2026-02-26 17:15:00+00:00,0.87354,0.8742,0.87354,0.8742
2026-02-26 17:30:00+00:00,0.87418,0.8746,0.87418,0.87459
2026-02-26 17:45:00+00:00,0.87459,0.87543,0.87457,0.87542
2026-02-26 18:00:00+00:00,0.87543,0.8758,0.87533,0.87534
2026-02-26 18:15:00+00:00,0.8753,0.87556,0.8753,0.87537
2026-02-26 18:30:00+00:00,0.87535,0.87561,0.87515,0.87524
2026-02-26 18:45:00+00:00,0.87525,0.87546,0.87516,0.87518
2026-02-26 19:00:00+00:00,0.87518,0.87521,0.87484,0.87487
2026-02-26 19:15:00+00:00,0.87486,0.87492,0.87469,0.8748
2026-02-26 19:30:00+00:00,0.87478,0.87486,0.87466,0.87477
2026-02-26 19:45:00+00:00,0.87476,0.87478,0.87457,0.87466
2026-02-26 20:00:00+00:00,0.87467,0.87474,0.87447,0.87472
2026-02-26 20:15:00+00:00,0.8747,0.87486,0.87468,0.8748
2026-02-26 20:30:00+00:00,0.87479,0.87482,0.87469,0.87476
2026-02-26 20:45:00+00:00,0.87475,0.87491,0.87475,0.87479
2026-02-26 21:00:00+00:00,0.87478,0.87485,0.87464,0.87478
2026-02-26 21:15:00+00:00,0.87477,0.87495,0.87477,0.87489
2026-02-26 21:30:00+00:00,0.87487,0.87519,0.87486,0.87518
2026-02-26 21:45:00+00:00,0.87517,0.87521,0.87499,0.875
2026-02-26 22:00:00+00:00,0.87498,0.87501,0.87437,0.87496
2026-02-26 22:15:00+00:00,0.87496,0.87512,0.87475,0.87508
2026-02-26 22:30:00+00:00,0.87505,0.87527,0.87493,0.87525
2026-02-26 22:45:00+00:00,0.87524,0.87526,0.87509,0.87515
2026-02-26 23:00:00+00:00,0.87513,0.87515,0.87498,0.875
2026-02-26 23:15:00+00:00,0.87501,0.87506,0.87494,0.875
2026-02-26 23:30:00+00:00,0.87498,0.87502,0.87488,0.8749
2026-02-26 23:45:00+00:00,0.87488,0.87494,0.87481,0.87487
2026-02-27 00:00:00+00:00,0.87487,0.875,0.87482,0.87483
2026-02-27 00:15:00+00:00,0.87484,0.87495,0.8748,0.87488
2026-02-27 00:30:00+00:00,0.87487,0.87495,0.87481,0.87483
2026-02-27 00:45:00+00:00,0.87481,0.87496,0.87469,0.87472
2026-02-27 01:00:00+00:00,0.87472,0.87485,0.87466,0.87468
2026-02-27 01:15:00+00:00,0.87469,0.87477,0.87462,0.87476
2026-02-27 01:30:00+00:00,0.87475,0.87488,0.87471,0.87483
2026-02-27 01:45:00+00:00,0.87481,0.87485,0.87464,0.87478
2026-02-27 02:00:00+00:00,0.87479,0.87496,0.8747,0.87487
2026-02-27 02:15:00+00:00,0.87488,0.87492,0.87481,0.87488
2026-02-27 02:30:00+00:00,0.87487,0.87498,0.87481,0.87495
2026-02-27 02:45:00+00:00,0.87493,0.87498,0.87488,0.87494
2026-02-27 03:00:00+00:00,0.87493,0.87494,0.87474,0.87487
2026-02-27 03:15:00+00:00,0.87488,0.87491,0.87476,0.87476
2026-02-27 03:30:00+00:00,0.87476,0.87488,0.87474,0.87488
2026-02-27 03:45:00+00:00,0.87486,0.8749,0.87482,0.8749
2026-02-27 04:00:00+00:00,0.87489,0.87493,0.87479,0.87489
2026-02-27 04:15:00+00:00,0.87489,0.87499,0.87487,0.87495
2026-02-27 04:30:00+00:00,0.87495,0.87511,0.87494,0.87507
2026-02-27 04:45:00+00:00,0.87505,0.87518,0.87499,0.87518
2026-02-27 05:00:00+00:00,0.87516,0.87554,0.87513,0.8754
2026-02-27 05:15:00+00:00,0.8754,0.87542,0.87533,0.87534
2026-02-27 05:30:00+00:00,0.87534,0.87539,0.87529,0.87529
2026-02-27 05:45:00+00:00,0.87527,0.87537,0.87517,0.87535
2026-02-27 06:00:00+00:00,0.87533,0.87574,0.87532,0.87574
2026-02-27 06:15:00+00:00,0.87575,0.87642,0.87564,0.87632
2026-02-27 06:30:00+00:00,0.87632,0.8764,0.8761,0.87618
2026-02-27 06:45:00+00:00,0.87618,0.87646,0.87606,0.87637
2026-02-27 07:00:00+00:00,0.87635,0.87647,0.87626,0.87644
2026-02-27 07:15:00+00:00,0.87643,0.87645,0.87558,0.87573
2026-02-27 07:30:00+00:00,0.87574,0.87624,0.87573,0.87616
2026-02-27 07:45:00+00:00,0.87612,0.87635,0.87584,0.87598
2026-02-27 08:00:00+00:00,0.87595,0.87599,0.87503,0.87531
2026-02-27 08:15:00+00:00,0.87532,0.87568,0.87517,0.87555
2026-02-27 08:30:00+00:00,0.87557,0.87586,0.87544,0.8755
2026-02-27 08:45:00+00:00,0.8755,0.87551,0.8749,0.87506
2026-02-27 09:00:00+00:00,0.87505,0.8751,0.87476,0.87497
2026-02-27 09:15:00+00:00,0.87495,0.87511,0.87483,0.8751
2026-02-27 09:30:00+00:00,0.87512,0.87527,0.87504,0.87527
2026-02-27 09:45:00+00:00,0.87527,0.87528,0.87456,0.87475
2026-02-27 10:00:00+00:00,0.87473,0.87529,0.8747,0.87525
2026-02-27 10:15:00+00:00,0.87523,0.87564,0.87523,0.87562
2026-02-27 10:30:00+00:00,0.87561,0.87564,0.87542,0.87563
2026-02-27 10:45:00+00:00,0.87563,0.8757,0.87558,0.87566
2026-02-27 11:00:00+00:00,0.87565,0.87597,0.87549,0.87581
2026-02-27 11:15:00+00:00,0.87579,0.87607,0.87567,0.8757
2026-02-27 11:30:00+00:00,0.87569,0.87573,0.87546,0.87549
2026-02-27 11:45:00+00:00,0.87549,0.87637,0.87549,0.87629
2026-02-27 12:00:00+00:00,0.87628,0.87631,0.8757,0.87614
2026-02-27 12:15:00+00:00,0.87613,0.87621,0.87606,0.87614
2026-02-27 12:30:00+00:00,0.87614,0.87632,0.87601,0.87625
2026-02-27 12:45:00+00:00,0.87625,0.8764,0.87604,0.87621
2026-02-27 13:00:00+00:00,0.8762,0.8765,0.87609,0.87627
2026-02-27 13:15:00+00:00,0.87626,0.87703,0.87619,0.87703
2026-02-27 13:30:00+00:00,0.87702,0.87729,0.87679,0.87715
2026-02-27 13:45:00+00:00,0.87713,0.87732,0.87697,0.87717
2026-02-27 14:00:00+00:00,0.87716,0.8772,0.87689,0.877
2026-02-27 14:15:00+00:00,0.87699,0.87702,0.87656,0.87658
2026-02-27 14:30:00+00:00,0.87658,0.87702,0.87657,0.87699
2026-02-27 14:45:00+00:00,0.87699,0.87713,0.87684,0.87712
2026-02-27 15:00:00+00:00,0.87712,0.87752,0.87702,0.8771
2026-02-27 15:15:00+00:00,0.87708,0.87737,0.87704,0.87731
2026-02-27 15:30:00+00:00,0.8773,0.87744,0.87695,0.87703
2026-02-27 15:45:00+00:00,0.87702,0.87824,0.87691,0.87818
2026-02-27 16:00:00+00:00,0.87817,0.87862,0.87816,0.87837
2026-02-27 16:15:00+00:00,0.87838,0.87844,0.8779,0.87797
2026-02-27 16:30:00+00:00,0.87796,0.87827,0.87794,0.87826
2026-02-27 16:45:00+00:00,0.87828,0.87873,0.87823,0.87857
2026-02-27 17:00:00+00:00,0.87857,0.87894,0.87857,0.87873
2026-02-27 17:15:00+00:00,0.87872,0.87875,0.87818,0.87818
2026-02-27 17:30:00+00:00,0.87817,0.87826,0.87779,0.87801
2026-02-27 17:45:00+00:00,0.87801,0.87815,0.8778,0.87786
2026-02-27 18:00:00+00:00,0.87786,0.87796,0.87752,0.87757
2026-02-27 18:15:00+00:00,0.87756,0.87759,0.87727,0.87727
2026-02-27 18:30:00+00:00,0.87725,0.87728,0.87706,0.87713
2026-02-27 18:45:00+00:00,0.87713,0.87739,0.8771,0.87719
2026-02-27 19:00:00+00:00,0.8772,0.87728,0.87713,0.87723
2026-02-27 19:15:00+00:00,0.87721,0.87729,0.87699,0.87699
2026-02-27 19:30:00+00:00,0.87698,0.87701,0.87681,0.87682
2026-02-27 19:45:00+00:00,0.87683,0.87699,0.87677,0.87678
2026-02-27 20:00:00+00:00,0.87678,0.8768,0.87672,0.87674
2026-02-27 20:15:00+00:00,0.87673,0.8768,0.87651,0.87655
2026-02-27 20:30:00+00:00,0.87653,0.87688,0.87653,0.87672
2026-02-27 20:45:00+00:00,0.87671,0.87673,0.8766,0.8767
2026-02-27 21:00:00+00:00,0.87672,0.87681,0.87663,0.87678
2026-02-27 21:15:00+00:00,0.87677,0.87691,0.87673,0.87681
2026-02-27 21:30:00+00:00,0.87679,0.87683,0.87658,0.8767
2026-02-27 21:45:00+00:00,0.87669,0.87686,0.87603,0.87617
2026-02-27 22:00:00+00:00,0.87617,0.8766,0.87613,0.87636
2026-02-27 22:15:00+00:00,0.87636,0.87645,0.87634,0.87643
2026-02-27 22:30:00+00:00,0.87642,0.87647,0.87614,0.87638
2026-02-27 22:45:00+00:00,0.87637,0.87649,0.87632,0.87641
2026-02-27 23:00:00+00:00,0.87642,0.8768,0.87589,0.87614
2026-02-27 23:15:00+00:00,0.87615,0.87646,0.8761,0.87643
2026-02-27 23:30:00+00:00,0.87647,0.87657,0.87587,0.8762
2026-02-27 23:45:00+00:00,0.87617,0.8766,0.87596,0.87636
2026-02-28 00:00:00+00:00,0.87633,0.87635,0.87534,0.87569
2026-02-28 00:15:00+00:00,0.87568,0.8759,0.87524,0.87567
2026-02-28 00:30:00+00:00,0.8757,0.87593,0.87524,0.87565
2026-02-28 00:45:00+00:00,0.87565,0.87575,0.87524,0.87563
2026-02-28 01:00:00+00:00,0.8756,0.87562,0.87524,0.87524
2026-02-28 01:15:00+00:00,0.87529,0.87586,0.87524,0.87527
2026-02-28 01:30:00+00:00,0.87522,0.87575,0.87522,0.87545
2026-02-28 01:45:00+00:00,0.87539,0.87572,0.87525,0.87526
2026-02-28 02:00:00+00:00,0.87529,0.87572,0.87525,0.87527
2026-02-28 02:15:00+00:00,0.87527,0.87531,0.87523,0.87524
2026-02-28 02:30:00+00:00,0.87524,0.87566,0.87524,0.87527
2026-02-28 02:45:00+00:00,0.87518,0.8756,0.87518,0.87537
2026-02-28 03:00:00+00:00,0.87536,0.87537,0.87523,0.87523
2026-02-28 03:15:00+00:00,0.87524,0.87564,0.87523,0.8753
2026-02-28 03:30:00+00:00,0.8753,0.87531,0.87523,0.87526
2026-02-28 03:45:00+00:00,0.87524,0.8756,0.87523,0.87526
2026-02-28 04:00:00+00:00,0.87525,0.87557,0.87523,0.87532
2026-02-28 04:15:00+00:00,0.87533,0.87536,0.87523,0.87524
2026-02-28 04:30:00+00:00,0.87524,0.87546,0.8752,0.87528
2026-02-28 04:45:00+00:00,0.87527,0.8753,0.87523,0.87526
2026-02-28 05:00:00+00:00,0.87524,0.87575,0.87524,0.87525
2026-02-28 05:15:00+00:00,0.87525,0.87563,0.87522,0.87535
2026-02-28 05:30:00+00:00,0.87535,0.87535,0.87521,0.87525
2026-02-28 05:45:00+00:00,0.87524,0.87548,0.87523,0.87529
2026-02-28 06:00:00+00:00,0.87527,0.8753,0.87523,0.87524
2026-02-28 06:15:00+00:00,0.87524,0.87573,0.87522,0.87525
2026-02-28 06:30:00+00:00,0.87525,0.87576,0.87523,0.87544
2026-02-28 06:45:00+00:00,0.87542,0.87546,0.87523,0.87526
2026-02-28 07:00:00+00:00,0.87525,0.87547,0.87519,0.87528
2026-02-28 07:15:00+00:00,0.87527,0.8753,0.87523,0.87523
2026-02-28 07:30:00+00:00,0.87524,0.87546,0.87523,0.87526
2026-02-28 07:45:00+00:00,0.87525,0.87572,0.87523,0.8754
2026-02-28 08:00:00+00:00,0.87538,0.87542,0.87524,0.87525
2026-02-28 08:15:00+00:00,0.87524,0.87565,0.87523,0.87533
2026-02-28 08:30:00+00:00,0.87533,0.87533,0.87524,0.87525
2026-02-28 08:45:00+00:00,0.87524,0.87547,0.8752,0.87527
2026-02-28 09:00:00+00:00,0.87525,0.87586,0.87523,0.87586
2026-02-28 09:15:00+00:00,0.87585,0.87589,0.87528,0.87549
2026-02-28 09:30:00+00:00,0.87549,0.87578,0.87541,0.87543
2026-02-28 09:45:00+00:00,0.87543,0.87544,0.87539,0.87541
2026-02-28 10:00:00+00:00,0.87539,0.87577,0.87538,0.87543
2026-02-28 10:15:00+00:00,0.87541,0.8756,0.87537,0.87551
2026-02-28 10:30:00+00:00,0.87551,0.87552,0.87539,0.8754
2026-02-28 10:45:00+00:00,0.8754,0.87571,0.87538,0.87545
2026-02-28 11:00:00+00:00,0.87544,0.87547,0.87538,0.87541
2026-02-28 11:15:00+00:00,0.87539,0.87568,0.87539,0.8754
2026-02-28 11:30:00+00:00,0.8754,0.87602,0.87538,0.87561
2026-02-28 11:45:00+00:00,0.87562,0.87567,0.8754,0.87541
2026-02-28 12:00:00+00:00,0.8754,0.87564,0.87539,0.87545
2026-02-28 12:15:00+00:00,0.87543,0.87546,0.87539,0.8754
2026-02-28 12:30:00+00:00,0.87539,0.87563,0.87536,0.87559
2026-02-28 12:45:00+00:00,0.8756,0.87577,0.87559,0.87577
2026-02-28 13:00:00+00:00,0.87575,0.87589,0.87575,0.87587
2026-02-28 13:15:00+00:00,0.87585,0.87614,0.87584,0.87605
2026-02-28 13:30:00+00:00,0.87605,0.87608,0.87603,0.87604
2026-02-28 13:45:00+00:00,0.87605,0.87616,0.87604,0.87613
2026-02-28 14:00:00+00:00,0.87612,0.8762,0.87611,0.8762
2026-02-28 14:15:00+00:00,0.87618,0.87622,0.87617,0.87619
2026-02-28 14:30:00+00:00,0.87618,0.87625,0.87592,0.87592
2026-02-28 14:45:00+00:00,0.87592,0.87596,0.87591,0.87593
2026-02-28 15:00:00+00:00,0.87592,0.87616,0.87592,0.8761
2026-02-28 15:15:00+00:00,0.87608,0.87613,0.87595,0.87595
2026-02-28 15:30:00+00:00,0.87594,0.87596,0.87588,0.87588
2026-02-28 15:45:00+00:00,0.87589,0.87601,0.87587,0.87597
2026-02-28 16:00:00+00:00,0.87597,0.87601,0.87596,0.87599
2026-02-28 16:15:00+00:00,0.87597,0.87609,0.87596,0.87606
2026-02-28 16:30:00+00:00,0.87604,0.87621,0.87603,0.87614
2026-02-28 16:45:00+00:00,0.87614,0.87618,0.87613,0.87614
2026-02-28 17:00:00+00:00,0.87614,0.8762,0.87613,0.87619
2026-02-28 17:15:00+00:00,0.87618,0.87622,0.87617,0.8762
2026-02-28 17:30:00+00:00,0.87618,0.87624,0.87618,0.87621
2026-02-28 17:45:00+00:00,0.87621,0.87624,0.87619,0.87622
2026-02-28 18:00:00+00:00,0.87623,0.87627,0.87622,0.87624
2026-02-28 18:15:00+00:00,0.87623,0.87628,0.87622,0.87626
2026-02-28 18:30:00+00:00,0.87624,0.87628,0.87623,0.87624
2026-02-28 18:45:00+00:00,0.87624,0.87629,0.87623,0.87625
2026-02-28 19:00:00+00:00,0.87626,0.87683,0.87621,0.87669
2026-02-28 19:15:00+00:00,0.87668,0.87679,0.87667,0.8767
2026-02-28 19:30:00+00:00,0.87668,0.87672,0.87653,0.87662
2026-02-28 19:45:00+00:00,0.87661,0.87665,0.8766,0.8766
2026-02-28 20:00:00+00:00,0.87661,0.87701,0.87656,0.87671
2026-02-28 20:15:00+00:00,0.8767,0.87674,0.87649,0.87655
2026-02-28 20:30:00+00:00,0.87653,0.87659,0.87652,0.87654
2026-02-28 20:45:00+00:00,0.87653,0.87657,0.87648,0.87648
2026-02-28 21:00:00+00:00,0.87649,0.87701,0.87641,0.87697
2026-02-28 21:15:00+00:00,0.87697,0.87701,0.87669,0.87686
2026-02-28 21:30:00+00:00,0.87684,0.87688,0.87657,0.87657
2026-02-28 21:45:00+00:00,0.87655,0.87674,0.87654,0.87655
2026-02-28 22:00:00+00:00,0.87655,0.87705,0.87647,0.87688
2026-02-28 22:15:00+00:00,0.87688,0.87692,0.87687,0.8769
2026-02-28 22:30:00+00:00,0.87688,0.87692,0.87676,0.87678
2026-02-28 22:45:00+00:00,0.87677,0.87679,0.87668,0.87668
2026-02-28 23:00:00+00:00,0.87675,0.87738,0.87666,0.87702
2026-02-28 23:15:00+00:00,0.87702,0.87706,0.87656,0.87666
2026-02-28 23:30:00+00:00,0.87664,0.87668,0.87663,0.87666
2026-02-28 23:45:00+00:00,0.87664,0.87668,0.87651,0.87658
2026-03-01 00:00:00+00:00,0.87658,0.87662,0.87657,0.87657
2026-03-01 00:15:00+00:00,0.87657,0.87658,0.87651,0.87654
2026-03-01 00:30:00+00:00,0.87653,0.87656,0.87643,0.87646
2026-03-01 00:45:00+00:00,0.87644,0.87647,0.87642,0.87644
2026-03-01 01:00:00+00:00,0.87644,0.87647,0.87629,0.87634
2026-03-01 01:15:00+00:00,0.87635,0.87638,0.87633,0.87635
2026-03-01 01:30:00+00:00,0.87635,0.87638,0.87633,0.87636
2026-03-01 01:45:00+00:00,0.87634,0.87638,0.87633,0.87634
2026-03-01 02:00:00+00:00,0.87633,0.87637,0.87632,0.87633
2026-03-01 02:15:00+00:00,0.87633,0.87637,0.87632,0.87634
2026-03-01 02:30:00+00:00,0.87633,0.87638,0.87632,0.87637
2026-03-01 02:45:00+00:00,0.87636,0.87639,0.87623,0.8763
2026-03-01 03:00:00+00:00,0.87629,0.87633,0.87628,0.87629
2026-03-01 03:15:00+00:00,0.8763,0.87634,0.87629,0.8763
2026-03-01 03:30:00+00:00,0.8763,0.87636,0.87629,0.87635
2026-03-01 03:45:00+00:00,0.87633,0.87637,0.87632,0.87634
2026-03-01 04:00:00+00:00,0.87633,0.87636,0.87632,0.87632
2026-03-01 04:15:00+00:00,0.87633,0.87639,0.87628,0.87629
2026-03-01 04:30:00+00:00,0.87629,0.87631,0.87587,0.87592
2026-03-01 04:45:00+00:00,0.8759,0.87602,0.87589,0.876
2026-03-01 05:00:00+00:00,0.87599,0.87602,0.87597,0.87598
2026-03-01 05:15:00+00:00,0.87599,0.87609,0.87597,0.87605
2026-03-01 05:30:00+00:00,0.87605,0.87612,0.87604,0.87612
2026-03-01 05:45:00+00:00,0.8761,0.87614,0.87609,0.87612
2026-03-01 06:00:00+00:00,0.8761,0.87621,0.8761,0.87618
2026-03-01 06:15:00+00:00,0.87618,0.87621,0.87616,0.87617
2026-03-01 06:30:00+00:00,0.87618,0.87624,0.87617,0.87621
2026-03-01 06:45:00+00:00,0.8762,0.87626,0.87619,0.87625
2026-03-01 07:00:00+00:00,0.87623,0.87626,0.87621,0.87623
2026-03-01 07:15:00+00:00,0.87623,0.87628,0.87621,0.87624
2026-03-01 07:30:00+00:00,0.87624,0.87631,0.87623,0.87629
2026-03-01 07:45:00+00:00,0.87628,0.87632,0.87624,0.8763
2026-03-01 08:00:00+00:00,0.87628,0.87632,0.87627,0.8763
2026-03-01 08:15:00+00:00,0.87629,0.87633,0.87628,0.87628
2026-03-01 08:30:00+00:00,0.87629,0.87636,0.87628,0.87633
2026-03-01 08:45:00+00:00,0.87633,0.87636,0.87631,0.87634
2026-03-01 09:00:00+00:00,0.87633,0.87636,0.87631,0.87633
2026-03-01 09:15:00+00:00,0.87632,0.87638,0.87631,0.87633
2026-03-01 09:30:00+00:00,0.87634,0.87638,0.87633,0.87634
2026-03-01 09:45:00+00:00,0.87634,0.87638,0.87633,0.87635
2026-03-01 10:00:00+00:00,0.87633,0.87637,0.87632,0.87635
2026-03-01 10:15:00+00:00,0.87633,0.87637,0.87632,0.87633
2026-03-01 10:30:00+00:00,0.87633,0.87637,0.87632,0.87633
2026-03-01 10:45:00+00:00,0.87633,0.87637,0.87632,0.87635
2026-03-01 11:00:00+00:00,0.87633,0.87637,0.87632,0.87635
2026-03-01 11:15:00+00:00,0.87633,0.87637,0.87632,0.87633
2026-03-01 11:30:00+00:00,0.87633,0.87679,0.87631,0.87655
2026-03-01 11:45:00+00:00,0.87655,0.87659,0.87654,0.87656
2026-03-01 12:00:00+00:00,0.87655,0.87659,0.87654,0.87657
2026-03-01 12:15:00+00:00,0.87655,0.87659,0.87654,0.87655
2026-03-01 12:30:00+00:00,0.87655,0.87659,0.87654,0.87655
2026-03-01 12:45:00+00:00,0.87655,0.87659,0.87654,0.87656
2026-03-01 13:00:00+00:00,0.87655,0.87659,0.87654,0.87657
2026-03-01 13:15:00+00:00,0.87655,0.87689,0.87653,0.87673
2026-03-01 13:30:00+00:00,0.87673,0.87676,0.87671,0.87672
2026-03-01 13:45:00+00:00,0.87673,0.87676,0.87671,0.87673
2026-03-01 14:00:00+00:00,0.87673,0.87676,0.87671,0.87675
2026-03-01 14:15:00+00:00,0.87673,0.87676,0.87671,0.87673
2026-03-01 14:30:00+00:00,0.87673,0.87676,0.87671,0.87672
2026-03-01 14:45:00+00:00,0.87673,0.87676,0.87671,0.87673
2026-03-01 15:00:00+00:00,0.87673,0.87695,0.87673,0.87688
2026-03-01 15:15:00+00:00,0.87686,0.8769,0.87685,0.87688
2026-03-01 15:30:00+00:00,0.87686,0.8769,0.87654,0.87668
2026-03-01 15:45:00+00:00,0.87669,0.87673,0.87628,0.87629
2026-03-01 16:00:00+00:00,0.87629,0.87633,0.87628,0.87631
2026-03-01 16:15:00+00:00,0.87629,0.87633,0.8762,0.87625
2026-03-01 16:30:00+00:00,0.87623,0.87662,0.8762,0.87647
2026-03-01 16:45:00+00:00,0.87647,0.87651,0.87571,0.87582
2026-03-01 17:00:00+00:00,0.87582,0.8766,0.87579,0.8758
2026-03-01 17:15:00+00:00,0.87579,0.87582,0.87575,0.87577
2026-03-01 17:30:00+00:00,0.87575,0.87581,0.87574,0.87575
2026-03-01 17:45:00+00:00,0.87575,0.87629,0.87574,0.87616
2026-03-01 18:00:00+00:00,0.87608,0.87618,0.8741,0.87505
2026-03-01 18:15:00+00:00,0.87493,0.87601,0.87403,0.8749
2026-03-01 18:30:00+00:00,0.87479,0.87713,0.87418,0.87512
2026-03-01 18:45:00+00:00,0.8751,0.87613,0.87368,0.87428
2026-03-01 19:00:00+00:00,0.87438,0.87662,0.87359,0.87534
2026-03-01 19:15:00+00:00,0.87518,0.87651,0.87487,0.8754
2026-03-01 19:30:00+00:00,0.87544,0.87718,0.87433,0.87492
2026-03-01 19:45:00+00:00,0.87494,0.87744,0.8745,0.87661
2026-03-01 20:00:00+00:00,0.87673,0.87792,0.87344,0.87625
2026-03-01 20:15:00+00:00,0.87626,0.87807,0.87479,0.87711
2026-03-01 20:30:00+00:00,0.87717,0.8789,0.87536,0.87709
2026-03-01 20:45:00+00:00,0.8771,0.87892,0.87541,0.87693
2026-03-01 21:00:00+00:00,0.87667,0.87796,0.87516,0.87655
2026-03-01 21:15:00+00:00,0.87653,0.87799,0.87572,0.87724
2026-03-01 21:30:00+00:00,0.87731,0.87778,0.87602,0.87707
2026-03-01 21:45:00+00:00,0.87706,0.87946,0.87353,0.87737
2026-03-01 22:00:00+00:00,0.87733,0.87778,0.87636,0.87694
2026-03-01 22:15:00+00:00,0.87695,0.87732,0.87656,0.87699
2026-03-01 22:30:00+00:00,0.87697,0.8774,0.87696,0.8774
2026-03-01 22:45:00+00:00,0.87739,0.87791,0.87739,0.87783
2026-03-01 23:00:00+00:00,0.87776,0.87793,0.87718,0.87724
2026-03-01 23:15:00+00:00,0.87724,0.87735,0.87694,0.87716
2026-03-01 23:30:00+00:00,0.87712,0.87757,0.87712,0.87734
2026-03-01 23:45:00+00:00,0.87735,0.87758,0.87689,0.87718
2026-03-02 00:00:00+00:00,0.87718,0.87758,0.87717,0.87747
2026-03-02 00:15:00+00:00,0.87748,0.87755,0.87721,0.87725
2026-03-02 00:30:00+00:00,0.87724,0.87727,0.87691,0.87699
2026-03-02 00:45:00+00:00,0.87698,0.877,0.87662,0.87665
2026-03-02 01:00:00+00:00,0.87667,0.87689,0.87629,0.87642
2026-03-02 01:15:00+00:00,0.87645,0.87735,0.87642,0.87693
2026-03-02 01:30:00+00:00,0.87693,0.87699,0.87666,0.87672
2026-03-02 01:45:00+00:00,0.8767,0.8768,0.87662,0.87664
2026-03-02 02:00:00+00:00,0.87664,0.87685,0.87663,0.8768
2026-03-02 02:15:00+00:00,0.8768,0.87682,0.87653,0.87658
2026-03-02 02:30:00+00:00,0.87658,0.87681,0.87656,0.87668
2026-03-02 02:45:00+00:00,0.87666,0.87684,0.87659,0.87684
2026-03-02 03:00:00+00:00,0.87683,0.87697,0.87668,0.87694
2026-03-02 03:15:00+00:00,0.87694,0.87695,0.87657,0.87663
2026-03-02 03:30:00+00:00,0.87663,0.87695,0.87662,0.87674
2026-03-02 03:45:00+00:00,0.87672,0.87684,0.87662,0.87666
2026-03-02 04:00:00+00:00,0.87665,0.87668,0.87652,0.87657
2026-03-02 04:15:00+00:00,0.87658,0.87685,0.87656,0.87677
2026-03-02 04:30:00+00:00,0.87677,0.87685,0.87666,0.87684
2026-03-02 04:45:00+00:00,0.87682,0.87709,0.87679,0.87709
2026-03-02 05:00:00+00:00,0.87707,0.87715,0.87701,0.87702
2026-03-02 05:15:00+00:00,0.87702,0.87749,0.87688,0.87732
2026-03-02 05:30:00+00:00,0.87731,0.87733,0.87706,0.8771
2026-03-02 05:45:00+00:00,0.87708,0.87727,0.87708,0.87715
2026-03-02 06:00:00+00:00,0.87713,0.87717,0.87691,0.87693
2026-03-02 06:15:00+00:00,0.87695,0.87728,0.87689,0.87701
2026-03-02 06:30:00+00:00,0.87701,0.87714,0.87687,0.87698
2026-03-02 06:45:00+00:00,0.87697,0.87713,0.87668,0.87682
2026-03-02 07:00:00+00:00,0.8768,0.87719,0.87672,0.87719
2026-03-02 07:15:00+00:00,0.87721,0.87772,0.87718,0.87744
2026-03-02 07:30:00+00:00,0.87745,0.87749,0.87634,0.87634
2026-03-02 07:45:00+00:00,0.87633,0.87725,0.87633,0.87699
2026-03-02 08:00:00+00:00,0.87699,0.87739,0.87655,0.8773
2026-03-02 08:15:00+00:00,0.8773,0.87799,0.87729,0.87799
2026-03-02 08:30:00+00:00,0.87799,0.87869,0.87787,0.87822
2026-03-02 08:45:00+00:00,0.87823,0.87823,0.87782,0.87809
2026-03-02 09:00:00+00:00,0.87806,0.87861,0.87795,0.87836
2026-03-02 09:15:00+00:00,0.87834,0.87838,0.87776,0.87799
2026-03-02 09:30:00+00:00,0.87802,0.87831,0.87755,0.87787
2026-03-02 09:45:00+00:00,0.87788,0.87814,0.87748,0.87753
2026-03-02 10:00:00+00:00,0.87752,0.87755,0.87682,0.87704
2026-03-02 10:15:00+00:00,0.87703,0.87719,0.87679,0.87689
2026-03-02 10:30:00+00:00,0.87689,0.87692,0.87636,0.8764
2026-03-02 10:45:00+00:00,0.87639,0.87645,0.87541,0.87568
2026-03-02 11:00:00+00:00,0.87566,0.87579,0.8754,0.87548
2026-03-02 11:15:00+00:00,0.87546,0.8755,0.87469,0.87496
2026-03-02 11:30:00+00:00,0.87497,0.87502,0.87456,0.87474
2026-03-02 11:45:00+00:00,0.87475,0.87493,0.87452,0.87484
2026-03-02 12:00:00+00:00,0.87483,0.87486,0.87432,0.87478
2026-03-02 12:15:00+00:00,0.87477,0.87479,0.87421,0.87427
2026-03-02 12:30:00+00:00,0.87425,0.87426,0.87368,0.87369
2026-03-02 12:45:00+00:00,0.87371,0.8742,0.87358,0.87368
2026-03-02 13:00:00+00:00,0.87366,0.87433,0.87362,0.87404
2026-03-02 13:15:00+00:00,0.87401,0.87443,0.87399,0.87431
2026-03-02 13:30:00+00:00,0.8743,0.87431,0.87382,0.87403
2026-03-02 13:45:00+00:00,0.87403,0.87424,0.87378,0.87411
2026-03-02 14:00:00+00:00,0.87409,0.87455,0.87345,0.87348
2026-03-02 14:15:00+00:00,0.87346,0.87429,0.87339,0.87429
2026-03-02 14:30:00+00:00,0.87427,0.87429,0.87351,0.87366
2026-03-02 14:45:00+00:00,0.87367,0.87383,0.87327,0.87357
2026-03-02 15:00:00+00:00,0.87357,0.87369,0.87323,0.87333
2026-03-02 15:15:00+00:00,0.87332,0.87398,0.87322,0.87394
2026-03-02 15:30:00+00:00,0.87393,0.8742,0.87374,0.87407
2026-03-02 15:45:00+00:00,0.87406,0.87434,0.87351,0.87355
2026-03-02 16:00:00+00:00,0.87355,0.87377,0.87336,0.87369
2026-03-02 16:15:00+00:00,0.87368,0.87383,0.87356,0.87383
2026-03-02 16:30:00+00:00,0.87382,0.87384,0.8733,0.87336
2026-03-02 16:45:00+00:00,0.87335,0.87335,0.87297,0.873
2026-03-02 17:00:00+00:00,0.87301,0.87305,0.87257,0.87264
2026-03-02 17:15:00+00:00,0.87263,0.87272,0.8725,0.87254
2026-03-02 17:30:00+00:00,0.87252,0.87283,0.87237,0.87269
2026-03-02 17:45:00+00:00,0.87268,0.87283,0.87246,0.87252
2026-03-02 18:00:00+00:00,0.87254,0.87282,0.87251,0.87259
2026-03-02 18:15:00+00:00,0.87257,0.87284,0.8725,0.87261
2026-03-02 18:30:00+00:00,0.8726,0.8727,0.87238,0.87243
2026-03-02 18:45:00+00:00,0.87244,0.87254,0.87222,0.87237
2026-03-02 19:00:00+00:00,0.87238,0.87247,0.87211,0.87211
2026-03-02 19:15:00+00:00,0.8721,0.87238,0.87207,0.87234
2026-03-02 19:30:00+00:00,0.87233,0.87248,0.8722,0.87228
2026-03-02 19:45:00+00:00,0.87226,0.87228,0.8721,0.87212
2026-03-02 20:00:00+00:00,0.87213,0.87256,0.87209,0.87253
2026-03-02 20:15:00+00:00,0.87254,0.87254,0.87217,0.87225
2026-03-02 20:30:00+00:00,0.87224,0.87249,0.87209,0.87241
2026-03-02 20:45:00+00:00,0.8724,0.8725,0.87221,0.87224
2026-03-02 21:00:00+00:00,0.87225,0.87248,0.87204,0.87205
2026-03-02 21:15:00+00:00,0.87205,0.87231,0.87196,0.87227
2026-03-02 21:30:00+00:00,0.87226,0.87231,0.87216,0.8723
2026-03-02 21:45:00+00:00,0.87229,0.87234,0.87193,0.872
2026-03-02 22:00:00+00:00,0.87198,0.87209,0.87135,0.87175
2026-03-02 22:15:00+00:00,0.87175,0.87223,0.87175,0.8722
2026-03-02 22:30:00+00:00,0.87218,0.87235,0.87206,0.87222
2026-03-02 22:45:00+00:00,0.8722,0.87223,0.87194,0.87202
2026-03-02 23:00:00+00:00,0.87203,0.87227,0.87199,0.87224
2026-03-02 23:15:00+00:00,0.87225,0.87236,0.87217,0.87228
2026-03-02 23:30:00+00:00,0.87227,0.87231,0.8722,0.87223
2026-03-02 23:45:00+00:00,0.87221,0.87234,0.87219,0.8722
2026-03-03 00:00:00+00:00,0.87219,0.87233,0.87212,0.87233
2026-03-03 00:15:00+00:00,0.87233,0.87239,0.87224,0.8723
2026-03-03 00:30:00+00:00,0.87229,0.87235,0.87223,0.87228
2026-03-03 00:45:00+00:00,0.87226,0.8723,0.872,0.87204
2026-03-03 01:00:00+00:00,0.87203,0.87247,0.87203,0.87225
2026-03-03 01:15:00+00:00,0.87225,0.87228,0.87202,0.87211
2026-03-03 01:30:00+00:00,0.8721,0.87227,0.8721,0.87227
2026-03-03 01:45:00+00:00,0.87225,0.87234,0.87219,0.87231
2026-03-03 02:00:00+00:00,0.8723,0.87262,0.8723,0.87256
2026-03-03 02:15:00+00:00,0.87256,0.87264,0.87242,0.87245
2026-03-03 02:30:00+00:00,0.87244,0.87257,0.87227,0.87234
2026-03-03 02:45:00+00:00,0.87232,0.87242,0.87229,0.87238
2026-03-03 03:00:00+00:00,0.87237,0.87242,0.87226,0.87235
2026-03-03 03:15:00+00:00,0.87234,0.87246,0.87229,0.87242
2026-03-03 03:30:00+00:00,0.87242,0.87248,0.8724,0.8724
2026-03-03 03:45:00+00:00,0.87239,0.8725,0.87227,0.8725
2026-03-03 04:00:00+00:00,0.87248,0.87265,0.87245,0.87261
2026-03-03 04:15:00+00:00,0.87261,0.87267,0.87254,0.87256
2026-03-03 04:30:00+00:00,0.87256,0.87274,0.87256,0.87274
2026-03-03 04:45:00+00:00,0.87273,0.87278,0.87265,0.87278
2026-03-03 05:00:00+00:00,0.87276,0.87284,0.87269,0.87281
2026-03-03 05:15:00+00:00,0.8728,0.87282,0.87254,0.87274
2026-03-03 05:30:00+00:00,0.87274,0.87298,0.87253,0.87292
2026-03-03 05:45:00+00:00,0.87291,0.8731,0.87287,0.87309
2026-03-03 06:00:00+00:00,0.87307,0.87344,0.87307,0.8734
2026-03-03 06:15:00+00:00,0.87341,0.87355,0.87312,0.87314
2026-03-03 06:30:00+00:00,0.87315,0.87323,0.87309,0.87313
2026-03-03 06:45:00+00:00,0.87311,0.87352,0.8731,0.87337
2026-03-03 07:00:00+00:00,0.87334,0.87342,0.87307,0.87338
2026-03-03 07:15:00+00:00,0.87337,0.87383,0.87336,0.87354
2026-03-03 07:30:00+00:00,0.87355,0.87359,0.87325,0.87346
2026-03-03 07:45:00+00:00,0.87346,0.87347,0.87314,0.87319
2026-03-03 08:00:00+00:00,0.87316,0.8737,0.87311,0.8737
2026-03-03 08:15:00+00:00,0.87369,0.87381,0.87326,0.87346
2026-03-03 08:30:00+00:00,0.87349,0.87393,0.87325,0.87335
2026-03-03 08:45:00+00:00,0.87335,0.87373,0.87329,0.87373
2026-03-03 09:00:00+00:00,0.87372,0.87374,0.87316,0.87338
2026-03-03 09:15:00+00:00,0.87337,0.87375,0.87334,0.87361
2026-03-03 09:30:00+00:00,0.87362,0.87378,0.87352,0.87356
2026-03-03 09:45:00+00:00,0.87356,0.87362,0.87282,0.87302
2026-03-03 10:00:00+00:00,0.87303,0.87304,0.87212,0.87232
2026-03-03 10:15:00+00:00,0.87231,0.87265,0.87209,0.87225
2026-03-03 10:30:00+00:00,0.87225,0.87252,0.87202,0.8722
2026-03-03 10:45:00+00:00,0.87221,0.87262,0.8722,0.87259
2026-03-03 11:00:00+00:00,0.87258,0.87284,0.87218,0.87274
2026-03-03 11:15:00+00:00,0.8727,0.87328,0.87261,0.87286
2026-03-03 11:30:00+00:00,0.87286,0.87288,0.87252,0.87275
2026-03-03 11:45:00+00:00,0.87276,0.87285,0.87227,0.87238
2026-03-03 12:00:00+00:00,0.87236,0.87244,0.87151,0.87158
2026-03-03 12:15:00+00:00,0.87155,0.87166,0.87128,0.87139
2026-03-03 12:30:00+00:00,0.8714,0.87174,0.87133,0.87154
2026-03-03 12:45:00+00:00,0.87154,0.87185,0.87146,0.8716
2026-03-03 13:00:00+00:00,0.87158,0.87187,0.87153,0.87169
2026-03-03 13:15:00+00:00,0.87166,0.87171,0.87133,0.87161
2026-03-03 13:30:00+00:00,0.87161,0.87206,0.87156,0.87194
2026-03-03 13:45:00+00:00,0.87194,0.87202,0.8715,0.8715
2026-03-03 14:00:00+00:00,0.8715,0.87154,0.87098,0.87111
2026-03-03 14:15:00+00:00,0.8711,0.87127,0.87004,0.87024
2026-03-03 14:30:00+00:00,0.87023,0.87067,0.87004,0.87067
2026-03-03 14:45:00+00:00,0.87071,0.87105,0.87052,0.87066
2026-03-03 15:00:00+00:00,0.87066,0.87072,0.87036,0.87036
2026-03-03 15:15:00+00:00,0.87036,0.87065,0.87001,0.87037
2026-03-03 15:30:00+00:00,0.87035,0.87082,0.87033,0.87058
2026-03-03 15:45:00+00:00,0.87058,0.87087,0.87048,0.87057
2026-03-03 16:00:00+00:00,0.87057,0.87058,0.87003,0.87045
2026-03-03 16:15:00+00:00,0.87043,0.87084,0.87032,0.8706
2026-03-03 16:30:00+00:00,0.87058,0.8707,0.87019,0.87033
2026-03-03 16:45:00+00:00,0.87032,0.87075,0.87024,0.8706
2026-03-03 17:00:00+00:00,0.87061,0.87083,0.87057,0.87066
2026-03-03 17:15:00+00:00,0.87066,0.8707,0.87021,0.87062
2026-03-03 17:30:00+00:00,0.8706,0.87078,0.87034,0.87039
2026-03-03 17:45:00+00:00,0.87035,0.87047,0.86985,0.86992
2026-03-03 18:00:00+00:00,0.86992,0.87024,0.86986,0.87014
2026-03-03 18:15:00+00:00,0.87014,0.87026,0.86981,0.86984
2026-03-03 18:30:00+00:00,0.86982,0.87016,0.86968,0.86995
2026-03-03 18:45:00+00:00,0.86992,0.86998,0.86976,0.86992
2026-03-03 19:00:00+00:00,0.86992,0.87001,0.86966,0.8697
2026-03-03 19:15:00+00:00,0.86969,0.8698,0.86967,0.86977
2026-03-03 19:30:00+00:00,0.86974,0.87,0.86965,0.86978
2026-03-03 19:45:00+00:00,0.86977,0.86991,0.86937,0.86945
2026-03-03 20:00:00+00:00,0.86945,0.86955,0.86939,0.86949
2026-03-03 20:15:00+00:00,0.86948,0.8696,0.86934,0.86941
2026-03-03 20:30:00+00:00,0.86939,0.86952,0.86938,0.86943
2026-03-03 20:45:00+00:00,0.86942,0.86968,0.86933,0.86948
2026-03-03 21:00:00+00:00,0.86948,0.86955,0.8693,0.86934
2026-03-03 21:15:00+00:00,0.86934,0.86939,0.8692,0.86928
2026-03-03 21:30:00+00:00,0.86927,0.86936,0.86916,0.86931
2026-03-03 21:45:00+00:00,0.8693,0.86939,0.86918,0.86939
2026-03-03 22:00:00+00:00,0.86941,0.8702,0.86904,0.86931
2026-03-03 22:15:00+00:00,0.86932,0.87014,0.86931,0.86971
2026-03-03 22:30:00+00:00,0.8697,0.86973,0.86939,0.86956
2026-03-03 22:45:00+00:00,0.86954,0.86968,0.86942,0.86963
2026-03-03 23:00:00+00:00,0.86962,0.86971,0.86927,0.86956
2026-03-03 23:15:00+00:00,0.86956,0.86968,0.86951,0.86965
2026-03-03 23:30:00+00:00,0.86964,0.86967,0.86951,0.86954
2026-03-03 23:45:00+00:00,0.86953,0.86991,0.86944,0.86964
2026-03-04 00:00:00+00:00,0.86964,0.86994,0.8696,0.86986
2026-03-04 00:15:00+00:00,0.86987,0.87005,0.86981,0.86998
2026-03-04 00:30:00+00:00,0.86996,0.87005,0.86991,0.86996
2026-03-04 00:45:00+00:00,0.86994,0.86998,0.86957,0.86973
2026-03-04 01:00:00+00:00,0.86972,0.87006,0.86971,0.87006
2026-03-04 01:15:00+00:00,0.87007,0.87022,0.87002,0.87019
2026-03-04 01:30:00+00:00,0.87018,0.8703,0.87004,0.87009
2026-03-04 01:45:00+00:00,0.87006,0.87027,0.87001,0.87007
2026-03-04 02:00:00+00:00,0.87006,0.87013,0.86989,0.87001
2026-03-04 02:15:00+00:00,0.87001,0.87008,0.86985,0.86989
2026-03-04 02:30:00+00:00,0.86989,0.87004,0.86977,0.8698
2026-03-04 02:45:00+00:00,0.86977,0.87025,0.86977,0.87015
2026-03-04 03:00:00+00:00,0.87014,0.87031,0.87012,0.8702
2026-03-04 03:15:00+00:00,0.8702,0.87037,0.87018,0.87035
2026-03-04 03:30:00+00:00,0.87035,0.87067,0.87034,0.87062
2026-03-04 03:45:00+00:00,0.8706,0.87064,0.8703,0.8703
2026-03-04 04:00:00+00:00,0.87029,0.87041,0.87023,0.87026
2026-03-04 04:15:00+00:00,0.87026,0.87049,0.87024,0.87045
2026-03-04 04:30:00+00:00,0.87046,0.87064,0.87043,0.87062
2026-03-04 04:45:00+00:00,0.87062,0.87085,0.87054,0.87084
2026-03-04 05:00:00+00:00,0.87082,0.87085,0.87055,0.87058
2026-03-04 05:15:00+00:00,0.87057,0.8706,0.8705,0.87054
2026-03-04 05:30:00+00:00,0.87055,0.87072,0.8704,0.87041
2026-03-04 05:45:00+00:00,0.87039,0.87069,0.87039,0.87064
2026-03-04 06:00:00+00:00,0.87062,0.87111,0.87061,0.87092
2026-03-04 06:15:00+00:00,0.87092,0.87118,0.87089,0.87118
2026-03-04 06:30:00+00:00,0.87119,0.87124,0.87085,0.87087
2026-03-04 06:45:00+00:00,0.87086,0.87096,0.87083,0.87086
2026-03-04 07:00:00+00:00,0.87084,0.8711,0.87073,0.8711
2026-03-04 07:15:00+00:00,0.87109,0.87111,0.86986,0.87007
2026-03-04 07:30:00+00:00,0.87008,0.87029,0.86924,0.86944
2026-03-04 07:45:00+00:00,0.86944,0.86968,0.86932,0.86948
2026-03-04 08:00:00+00:00,0.86946,0.8695,0.8691,0.86918
2026-03-04 08:15:00+00:00,0.86917,0.86922,0.86897,0.86922
2026-03-04 08:30:00+00:00,0.86924,0.86975,0.86913,0.86936
2026-03-04 08:45:00+00:00,0.86936,0.86959,0.86924,0.86958
2026-03-04 09:00:00+00:00,0.86956,0.8696,0.86912,0.86919
2026-03-04 09:15:00+00:00,0.86918,0.86938,0.86901,0.86913
2026-03-04 09:30:00+00:00,0.86913,0.86929,0.86908,0.86915
2026-03-04 09:45:00+00:00,0.86915,0.86921,0.8687,0.86896
2026-03-04 10:00:00+00:00,0.86896,0.86945,0.86861,0.86918
2026-03-04 10:15:00+00:00,0.86915,0.86952,0.86914,0.86947
2026-03-04 10:30:00+00:00,0.86947,0.86966,0.86934,0.86945
2026-03-04 10:45:00+00:00,0.86946,0.86996,0.86944,0.8697
2026-03-04 11:00:00+00:00,0.86969,0.87001,0.86956,0.86995
2026-03-04 11:15:00+00:00,0.86995,0.86996,0.86918,0.86919
2026-03-04 11:30:00+00:00,0.8692,0.86977,0.86918,0.86968
2026-03-04 11:45:00+00:00,0.86968,0.86986,0.86957,0.86978
2026-03-04 12:00:00+00:00,0.86976,0.87014,0.86975,0.87
2026-03-04 12:15:00+00:00,0.86998,0.87057,0.86998,0.87033
2026-03-04 12:30:00+00:00,0.87033,0.87046,0.87022,0.87046
2026-03-04 12:45:00+00:00,0.87048,0.87107,0.87043,0.87098
2026-03-04 13:00:00+00:00,0.87096,0.87122,0.87046,0.87055
2026-03-04 13:15:00+00:00,0.87052,0.87094,0.87052,0.87085
2026-03-04 13:30:00+00:00,0.87085,0.87099,0.87063,0.87066
2026-03-04 13:45:00+00:00,0.87067,0.87071,0.87028,0.87041
2026-03-04 14:00:00+00:00,0.87041,0.87043,0.87007,0.87016
2026-03-04 14:15:00+00:00,0.87017,0.87018,0.86964,0.87001
2026-03-04 14:30:00+00:00,0.87,0.87003,0.86967,0.86968
2026-03-04 14:45:00+00:00,0.86966,0.87017,0.86957,0.86995
2026-03-04 15:00:00+00:00,0.86995,0.87004,0.86963,0.87002
2026-03-04 15:15:00+00:00,0.87,0.87018,0.86983,0.86984
2026-03-04 15:30:00+00:00,0.86982,0.87014,0.86979,0.86995
2026-03-04 15:45:00+00:00,0.86995,0.87096,0.86983,0.87084
2026-03-04 16:00:00+00:00,0.87084,0.87092,0.87055,0.8706
2026-03-04 16:15:00+00:00,0.87059,0.87075,0.87043,0.87075
2026-03-04 16:30:00+00:00,0.87074,0.87076,0.87033,0.87048
2026-03-04 16:45:00+00:00,0.87048,0.87065,0.87041,0.87057
2026-03-04 17:00:00+00:00,0.87058,0.87103,0.87054,0.87095
2026-03-04 17:15:00+00:00,0.87091,0.87118,0.87081,0.87116
2026-03-04 17:30:00+00:00,0.87114,0.87117,0.87056,0.8706
2026-03-04 17:45:00+00:00,0.87058,0.87077,0.87051,0.87066
2026-03-04 18:00:00+00:00,0.87067,0.87081,0.87051,0.87073
2026-03-04 18:15:00+00:00,0.87072,0.8708,0.87061,0.87077
2026-03-04 18:30:00+00:00,0.87076,0.8708,0.87068,0.87078
2026-03-04 18:45:00+00:00,0.87077,0.871,0.87074,0.87079
2026-03-04 19:00:00+00:00,0.87078,0.87082,0.87064,0.87064
2026-03-04 19:15:00+00:00,0.87064,0.87072,0.87051,0.87069
2026-03-04 19:30:00+00:00,0.87068,0.87071,0.87047,0.87051
2026-03-04 19:45:00+00:00,0.8705,0.87055,0.87017,0.87025
2026-03-04 20:00:00+00:00,0.87027,0.87042,0.87025,0.87035
2026-03-04 20:15:00+00:00,0.87035,0.87043,0.87027,0.8703
2026-03-04 20:30:00+00:00,0.87028,0.87032,0.87017,0.87022
2026-03-04 20:45:00+00:00,0.87021,0.87033,0.87012,0.87013
2026-03-04 21:00:00+00:00,0.87016,0.87037,0.87012,0.8703
2026-03-04 21:15:00+00:00,0.8703,0.87031,0.87008,0.87009
2026-03-04 21:30:00+00:00,0.87005,0.87033,0.87005,0.87019
2026-03-04 21:45:00+00:00,0.87017,0.87021,0.86991,0.87004
2026-03-04 22:00:00+00:00,0.87003,0.87017,0.86967,0.86985
2026-03-04 22:15:00+00:00,0.86986,0.86995,0.86983,0.86989
2026-03-04 22:30:00+00:00,0.86987,0.86995,0.86982,0.86992
2026-03-04 22:45:00+00:00,0.8699,0.87002,0.86969,0.87002
2026-03-04 23:00:00+00:00,0.87004,0.87045,0.86991,0.8704
2026-03-04 23:15:00+00:00,0.8704,0.87045,0.87031,0.87045
2026-03-04 23:30:00+00:00,0.87045,0.87047,0.87032,0.87036
2026-03-04 23:45:00+00:00,0.87036,0.87038,0.87016,0.8703
2026-03-05 00:00:00+00:00,0.8703,0.87048,0.87028,0.8704
2026-03-05 00:15:00+00:00,0.87039,0.87042,0.87024,0.87031
2026-03-05 00:30:00+00:00,0.8703,0.87034,0.87014,0.87027
2026-03-05 00:45:00+00:00,0.87025,0.87032,0.86999,0.87005
2026-03-05 01:00:00+00:00,0.87005,0.87013,0.86991,0.87005
2026-03-05 01:15:00+00:00,0.87006,0.87015,0.86996,0.87006
2026-03-05 01:30:00+00:00,0.87005,0.87012,0.86991,0.87003
2026-03-05 01:45:00+00:00,0.86999,0.87015,0.86982,0.86987
2026-03-05 02:00:00+00:00,0.86986,0.86994,0.86983,0.86987
2026-03-05 02:15:00+00:00,0.86987,0.87008,0.86981,0.86999
2026-03-05 02:30:00+00:00,0.86999,0.87009,0.86996,0.87005
2026-03-05 02:45:00+00:00,0.87003,0.8701,0.86989,0.86996
2026-03-05 03:00:00+00:00,0.86995,0.87042,0.86995,0.87041
2026-03-05 03:15:00+00:00,0.87041,0.87044,0.87018,0.87044
2026-03-05 03:30:00+00:00,0.87044,0.87056,0.87036,0.87048
2026-03-05 03:45:00+00:00,0.87047,0.87059,0.87041,0.87052
2026-03-05 04:00:00+00:00,0.87051,0.87063,0.87046,0.87054
2026-03-05 04:15:00+00:00,0.87054,0.87072,0.87048,0.87067
2026-03-05 04:30:00+00:00,0.87067,0.8708,0.87067,0.87076
2026-03-05 04:45:00+00:00,0.87075,0.87078,0.87051,0.87051
2026-03-05 05:00:00+00:00,0.8705,0.87063,0.87048,0.87062
2026-03-05 05:15:00+00:00,0.87062,0.87078,0.87061,0.87066
2026-03-05 05:30:00+00:00,0.87067,0.8707,0.87057,0.87057
2026-03-05 05:45:00+00:00,0.87056,0.87103,0.87048,0.8708
2026-03-05 06:00:00+00:00,0.87077,0.87093,0.87077,0.87089
2026-03-05 06:15:00+00:00,0.87088,0.8709,0.87045,0.87049
2026-03-05 06:30:00+00:00,0.87049,0.87081,0.87047,0.87064
2026-03-05 06:45:00+00:00,0.87064,0.87114,0.87051,0.87058
2026-03-05 07:00:00+00:00,0.87056,0.8706,0.87026,0.87031
2026-03-05 07:15:00+00:00,0.8703,0.87031,0.87002,0.87004
2026-03-05 07:30:00+00:00,0.87004,0.87009,0.86964,0.86966
2026-03-05 07:45:00+00:00,0.86965,0.87002,0.86964,0.86997
2026-03-05 08:00:00+00:00,0.86997,0.87031,0.86973,0.87006
2026-03-05 08:15:00+00:00,0.87005,0.87006,0.86969,0.86982
2026-03-05 08:30:00+00:00,0.86982,0.87028,0.86981,0.87025
2026-03-05 08:45:00+00:00,0.87025,0.87062,0.87022,0.87042
2026-03-05 09:00:00+00:00,0.8704,0.87073,0.87028,0.87044
2026-03-05 09:15:00+00:00,0.87042,0.87062,0.87021,0.87029
2026-03-05 09:30:00+00:00,0.87029,0.87044,0.87001,0.87044
2026-03-05 09:45:00+00:00,0.87044,0.87056,0.8702,0.87044
2026-03-05 10:00:00+00:00,0.87044,0.87056,0.8703,0.87056
2026-03-05 10:15:00+00:00,0.87054,0.87061,0.87029,0.87033
2026-03-05 10:30:00+00:00,0.87032,0.8706,0.87024,0.87052
2026-03-05 10:45:00+00:00,0.87052,0.87053,0.86975,0.86983
2026-03-05 11:00:00+00:00,0.86984,0.86985,0.86941,0.86945
2026-03-05 11:15:00+00:00,0.86944,0.86952,0.86928,0.86949
2026-03-05 11:30:00+00:00,0.86949,0.86971,0.86937,0.86939
2026-03-05 11:45:00+00:00,0.8694,0.86943,0.86865,0.86914
2026-03-05 12:00:00+00:00,0.86912,0.86952,0.86902,0.86922
2026-03-05 12:15:00+00:00,0.86918,0.86948,0.86909,0.8693
2026-03-05 12:30:00+00:00,0.86929,0.86941,0.86922,0.86934
2026-03-05 12:45:00+00:00,0.86935,0.86956,0.86924,0.86938
2026-03-05 13:00:00+00:00,0.86938,0.86961,0.8693,0.86959
2026-03-05 13:15:00+00:00,0.86958,0.8697,0.86944,0.86963
2026-03-05 13:30:00+00:00,0.86961,0.86971,0.869,0.869
2026-03-05 13:45:00+00:00,0.869,0.86926,0.86881,0.86902
2026-03-05 14:00:00+00:00,0.86902,0.86913,0.8687,0.86911
2026-03-05 14:15:00+00:00,0.86909,0.86933,0.86909,0.86918
2026-03-05 14:30:00+00:00,0.86917,0.8696,0.86895,0.86948
2026-03-05 14:45:00+00:00,0.86949,0.8697,0.86942,0.86951
2026-03-05 15:00:00+00:00,0.86951,0.86967,0.86937,0.86943
2026-03-05 15:15:00+00:00,0.86942,0.86947,0.86878,0.86895
2026-03-05 15:30:00+00:00,0.86893,0.8691,0.86873,0.8691
2026-03-05 15:45:00+00:00,0.86913,0.8695,0.86895,0.86946
2026-03-05 16:00:00+00:00,0.86946,0.86974,0.86936,0.86963
2026-03-05 16:15:00+00:00,0.86963,0.86966,0.86917,0.86932
2026-03-05 16:30:00+00:00,0.86931,0.86948,0.86905,0.86948
2026-03-05 16:45:00+00:00,0.86948,0.86982,0.86944,0.86971
2026-03-05 17:00:00+00:00,0.86972,0.86977,0.86935,0.86936
2026-03-05 17:15:00+00:00,0.86936,0.8694,0.8692,0.8692
2026-03-05 17:30:00+00:00,0.86919,0.86942,0.86894,0.86915
2026-03-05 17:45:00+00:00,0.86915,0.86929,0.86912,0.86927
2026-03-05 18:00:00+00:00,0.86928,0.86934,0.86907,0.86911
2026-03-05 18:15:00+00:00,0.8691,0.86923,0.8688,0.86913
2026-03-05 18:30:00+00:00,0.86911,0.86921,0.86884,0.86898
2026-03-05 18:45:00+00:00,0.86897,0.86911,0.86888,0.86905
2026-03-05 19:00:00+00:00,0.86906,0.86922,0.86905,0.86912
2026-03-05 19:15:00+00:00,0.86912,0.86913,0.86893,0.86897
2026-03-05 19:30:00+00:00,0.86899,0.86899,0.86857,0.86886
2026-03-05 19:45:00+00:00,0.86885,0.8689,0.86866,0.86882
2026-03-05 20:00:00+00:00,0.86882,0.86886,0.86854,0.86856
2026-03-05 20:15:00+00:00,0.86855,0.8689,0.86855,0.8689
2026-03-05 20:30:00+00:00,0.86889,0.86892,0.86873,0.86887
2026-03-05 20:45:00+00:00,0.86886,0.86888,0.86873,0.86881
2026-03-05 21:00:00+00:00,0.86881,0.86888,0.8687,0.86877
2026-03-05 21:15:00+00:00,0.86878,0.86891,0.86878,0.86889
2026-03-05 21:30:00+00:00,0.86887,0.86897,0.86871,0.86881
2026-03-05 21:45:00+00:00,0.86879,0.86902,0.86878,0.86901
2026-03-05 22:00:00+00:00,0.86905,0.87021,0.86901,0.86987
2026-03-05 22:15:00+00:00,0.86986,0.87007,0.86905,0.8691
2026-03-05 22:30:00+00:00,0.86908,0.86957,0.86908,0.86954
2026-03-05 22:45:00+00:00,0.86952,0.86956,0.86937,0.86941
2026-03-05 23:00:00+00:00,0.86939,0.86948,0.86922,0.86926
2026-03-05 23:15:00+00:00,0.86927,0.86933,0.86914,0.86914
2026-03-05 23:30:00+00:00,0.86913,0.86917,0.86908,0.8691
2026-03-05 23:45:00+00:00,0.86907,0.86911,0.86902,0.86904
2026-03-06 00:00:00+00:00,0.86903,0.86906,0.86894,0.86898
2026-03-06 00:15:00+00:00,0.86899,0.86916,0.86897,0.86916
2026-03-06 00:30:00+00:00,0.86915,0.86919,0.86884,0.86891
2026-03-06 00:45:00+00:00,0.86889,0.86915,0.86888,0.86908
2026-03-06 01:00:00+00:00,0.86907,0.8691,0.86896,0.86908
2026-03-06 01:15:00+00:00,0.8691,0.86917,0.86903,0.86913
2026-03-06 01:30:00+00:00,0.86913,0.86914,0.86894,0.86904
2026-03-06 01:45:00+00:00,0.86902,0.86913,0.86898,0.86904
2026-03-06 02:00:00+00:00,0.86903,0.86912,0.86893,0.8691
2026-03-06 02:15:00+00:00,0.8691,0.86916,0.86902,0.86914
2026-03-06 02:30:00+00:00,0.86914,0.86918,0.86911,0.86918
2026-03-06 02:45:00+00:00,0.86915,0.86923,0.8691,0.86913
2026-03-06 03:00:00+00:00,0.86912,0.86922,0.86909,0.86918
2026-03-06 03:15:00+00:00,0.86919,0.86929,0.86907,0.86913
2026-03-06 03:30:00+00:00,0.86913,0.86919,0.86906,0.86907
2026-03-06 03:45:00+00:00,0.86905,0.86913,0.86897,0.86905
2026-03-06 04:00:00+00:00,0.86903,0.86908,0.86898,0.86908
2026-03-06 04:15:00+00:00,0.86907,0.86916,0.86903,0.86909
2026-03-06 04:30:00+00:00,0.86909,0.86914,0.86902,0.86904
2026-03-06 04:45:00+00:00,0.86903,0.86913,0.86897,0.86912
2026-03-06 05:00:00+00:00,0.86911,0.86914,0.86891,0.86898
2026-03-06 05:15:00+00:00,0.86898,0.86909,0.86897,0.86901
2026-03-06 05:30:00+00:00,0.86902,0.8691,0.86898,0.8691
2026-03-06 05:45:00+00:00,0.86909,0.86913,0.86885,0.86899
2026-03-06 06:00:00+00:00,0.86896,0.86904,0.86891,0.86898
2026-03-06 06:15:00+00:00,0.86897,0.86901,0.86883,0.86884
2026-03-06 06:30:00+00:00,0.86884,0.86885,0.8686,0.8686
2026-03-06 06:45:00+00:00,0.8686,0.86866,0.8685,0.86864
2026-03-06 07:00:00+00:00,0.86863,0.86879,0.86853,0.86867
2026-03-06 07:15:00+00:00,0.86867,0.86904,0.86866,0.86869
2026-03-06 07:30:00+00:00,0.86869,0.86894,0.86868,0.86881
2026-03-06 07:45:00+00:00,0.86881,0.86898,0.86872,0.86879
2026-03-06 08:00:00+00:00,0.86878,0.8688,0.86826,0.8684
2026-03-06 08:15:00+00:00,0.86838,0.86866,0.86821,0.86826
2026-03-06 08:30:00+00:00,0.86827,0.86837,0.86801,0.86811
2026-03-06 08:45:00+00:00,0.86811,0.86822,0.86802,0.86816
2026-03-06 09:00:00+00:00,0.86814,0.86849,0.86811,0.86848
2026-03-06 09:15:00+00:00,0.86847,0.86849,0.86811,0.86838
2026-03-06 09:30:00+00:00,0.86838,0.86875,0.86825,0.86865
2026-03-06 09:45:00+00:00,0.86865,0.86888,0.8686,0.86875
2026-03-06 10:00:00+00:00,0.86874,0.86884,0.86837,0.86848
2026-03-06 10:15:00+00:00,0.86847,0.86864,0.86837,0.86862
2026-03-06 10:30:00+00:00,0.86859,0.86864,0.86834,0.86855
2026-03-06 10:45:00+00:00,0.86857,0.86869,0.86796,0.86796
2026-03-06 11:00:00+00:00,0.86795,0.86852,0.86772,0.86795
2026-03-06 11:15:00+00:00,0.86792,0.8682,0.86787,0.86788
2026-03-06 11:30:00+00:00,0.86788,0.86814,0.86788,0.8681
2026-03-06 11:45:00+00:00,0.8681,0.86815,0.8679,0.86812
2026-03-06 12:00:00+00:00,0.86812,0.86817,0.86771,0.86783
2026-03-06 12:15:00+00:00,0.86781,0.86816,0.86781,0.86799
2026-03-06 12:30:00+00:00,0.86798,0.86802,0.86729,0.8673
2026-03-06 12:45:00+00:00,0.8673,0.86731,0.86664,0.86707
2026-03-06 13:00:00+00:00,0.86707,0.86713,0.86664,0.86666
2026-03-06 13:15:00+00:00,0.86665,0.86668,0.86595,0.86595
2026-03-06 13:30:00+00:00,0.86595,0.86668,0.86595,0.86665
2026-03-06 13:45:00+00:00,0.86668,0.86692,0.86587,0.86608
2026-03-06 14:00:00+00:00,0.86608,0.86653,0.86607,0.86649
2026-03-06 14:15:00+00:00,0.86648,0.86651,0.86632,0.8665
2026-03-06 14:30:00+00:00,0.86649,0.86701,0.86642,0.86684
2026-03-06 14:45:00+00:00,0.86683,0.86772,0.86673,0.86751
2026-03-06 15:00:00+00:00,0.86751,0.86755,0.8669,0.86713
2026-03-06 15:15:00+00:00,0.86715,0.86716,0.86642,0.86674
2026-03-06 15:30:00+00:00,0.86673,0.86698,0.8665,0.86678
2026-03-06 15:45:00+00:00,0.86679,0.86685,0.86636,0.86668
2026-03-06 16:00:00+00:00,0.86669,0.86677,0.86593,0.86613
2026-03-06 16:15:00+00:00,0.86611,0.86644,0.866,0.86615
2026-03-06 16:30:00+00:00,0.86614,0.86635,0.86605,0.86611
2026-03-06 16:45:00+00:00,0.8661,0.86631,0.86595,0.86622
2026-03-06 17:00:00+00:00,0.86622,0.86628,0.86579,0.86585
2026-03-06 17:15:00+00:00,0.86583,0.86613,0.86583,0.86596
2026-03-06 17:30:00+00:00,0.86594,0.86621,0.86594,0.86616
2026-03-06 17:45:00+00:00,0.86616,0.86641,0.86613,0.86623
2026-03-06 18:00:00+00:00,0.86624,0.86664,0.86604,0.86663
2026-03-06 18:15:00+00:00,0.8666,0.86713,0.8666,0.867
2026-03-06 18:30:00+00:00,0.86699,0.86701,0.86638,0.86642
2026-03-06 18:45:00+00:00,0.86641,0.86655,0.86633,0.86639
2026-03-06 19:00:00+00:00,0.8664,0.86666,0.86638,0.86661
2026-03-06 19:15:00+00:00,0.86661,0.86671,0.86651,0.86669
2026-03-06 19:30:00+00:00,0.86667,0.86686,0.86659,0.86662
2026-03-06 19:45:00+00:00,0.86661,0.86669,0.86654,0.86661
2026-03-06 20:00:00+00:00,0.86661,0.86661,0.86647,0.86655
2026-03-06 20:15:00+00:00,0.86655,0.86684,0.86654,0.86678
2026-03-06 20:30:00+00:00,0.86676,0.86686,0.86667,0.86681
2026-03-06 20:45:00+00:00,0.86679,0.86696,0.86667,0.86667
2026-03-06 21:00:00+00:00,0.86667,0.86701,0.86666,0.86684
2026-03-06 21:15:00+00:00,0.86684,0.86698,0.8668,0.86696
2026-03-06 21:30:00+00:00,0.86695,0.8671,0.86683,0.86702
2026-03-06 21:45:00+00:00,0.86701,0.86705,0.8662,0.86629
2026-03-06 22:00:00+00:00,0.86628,0.86696,0.86615,0.86659
2026-03-06 22:15:00+00:00,0.86661,0.86692,0.86655,0.8668
2026-03-06 22:30:00+00:00,0.86682,0.86697,0.86645,0.8666
2026-03-06 22:45:00+00:00,0.86656,0.86688,0.86648,0.86686
2026-03-06 23:00:00+00:00,0.86702,0.86886,0.86635,0.86655
2026-03-06 23:15:00+00:00,0.86657,0.8668,0.86651,0.8667
2026-03-06 23:30:00+00:00,0.86671,0.86683,0.86641,0.8666
2026-03-06 23:45:00+00:00,0.86654,0.86689,0.86648,0.86674
2026-03-07 00:00:00+00:00,0.86671,0.86673,0.86586,0.86595
2026-03-07 00:15:00+00:00,0.86596,0.86597,0.86583,0.86589
2026-03-07 00:30:00+00:00,0.86588,0.8659,0.86583,0.86586
2026-03-07 00:45:00+00:00,0.86584,0.86597,0.86583,0.86586
2026-03-07 01:00:00+00:00,0.86585,0.86588,0.86583,0.86583
2026-03-07 01:15:00+00:00,0.86584,0.86598,0.86582,0.86585
2026-03-07 01:30:00+00:00,0.86584,0.86621,0.86583,0.86598
2026-03-07 01:45:00+00:00,0.86597,0.86603,0.86583,0.86586
2026-03-07 02:00:00+00:00,0.86584,0.86607,0.86583,0.86585
2026-03-07 02:15:00+00:00,0.86585,0.86589,0.86583,0.86584
2026-03-07 02:30:00+00:00,0.86584,0.86602,0.86584,0.86586
2026-03-07 02:45:00+00:00,0.86584,0.86599,0.86582,0.86592
2026-03-07 03:00:00+00:00,0.8659,0.86593,0.86584,0.86584
2026-03-07 03:15:00+00:00,0.86584,0.86625,0.86583,0.86589
2026-03-07 03:30:00+00:00,0.8659,0.8659,0.86583,0.86585
2026-03-07 03:45:00+00:00,0.86584,0.86608,0.86583,0.86586
2026-03-07 04:00:00+00:00,0.86584,0.866,0.86583,0.8659
2026-03-07 04:15:00+00:00,0.8659,0.86594,0.86583,0.86584
2026-03-07 04:30:00+00:00,0.86584,0.86599,0.86582,0.86586
2026-03-07 04:45:00+00:00,0.86585,0.86588,0.86583,0.86586
2026-03-07 05:00:00+00:00,0.86583,0.86637,0.86583,0.86585
2026-03-07 05:15:00+00:00,0.86585,0.86606,0.86583,0.8659
2026-03-07 05:30:00+00:00,0.8659,0.86601,0.86583,0.8659
2026-03-07 05:45:00+00:00,0.8659,0.86599,0.86583,0.86587
2026-03-07 06:00:00+00:00,0.86586,0.86589,0.86583,0.86585
2026-03-07 06:15:00+00:00,0.86584,0.86599,0.86582,0.86584
2026-03-07 06:30:00+00:00,0.86584,0.86615,0.86582,0.866
2026-03-07 06:45:00+00:00,0.866,0.86611,0.86583,0.86586
2026-03-07 07:00:00+00:00,0.86584,0.86597,0.86582,0.86591
2026-03-07 07:15:00+00:00,0.8659,0.86592,0.86584,0.86584
2026-03-07 07:30:00+00:00,0.86584,0.86605,0.86583,0.86584
2026-03-07 07:45:00+00:00,0.86584,0.8661,0.86584,0.86594
2026-03-07 08:00:00+00:00,0.86593,0.86596,0.86583,0.86586
2026-03-07 08:15:00+00:00,0.86584,0.86616,0.86582,0.86589
2026-03-07 08:30:00+00:00,0.86588,0.86591,0.86583,0.86584
2026-03-07 08:45:00+00:00,0.86584,0.86599,0.86583,0.86586
2026-03-07 09:00:00+00:00,0.86585,0.86601,0.86583,0.86591
2026-03-07 09:15:00+00:00,0.86589,0.86592,0.86584,0.86584
2026-03-07 09:30:00+00:00,0.86584,0.86598,0.86583,0.86585
2026-03-07 09:45:00+00:00,0.86586,0.86603,0.86584,0.86585
2026-03-07 10:00:00+00:00,0.86583,0.86614,0.86583,0.86587
2026-03-07 10:15:00+00:00,0.86585,0.86596,0.86583,0.86591
2026-03-07 10:30:00+00:00,0.8659,0.86592,0.86583,0.86583
2026-03-07 10:45:00+00:00,0.86584,0.86602,0.86583,0.86587
2026-03-07 11:00:00+00:00,0.86586,0.86589,0.86583,0.86586
2026-03-07 11:15:00+00:00,0.86584,0.86596,0.86583,0.86585
2026-03-07 11:30:00+00:00,0.86584,0.86631,0.86582,0.86598
2026-03-07 11:45:00+00:00,0.86599,0.86614,0.86584,0.86585
2026-03-07 12:00:00+00:00,0.86584,0.86594,0.86583,0.86588
2026-03-07 12:15:00+00:00,0.86586,0.86589,0.86583,0.86585
2026-03-07 12:30:00+00:00,0.86584,0.86599,0.86582,0.86594
2026-03-07 12:45:00+00:00,0.86595,0.86607,0.86594,0.86604
2026-03-07 13:00:00+00:00,0.86604,0.86608,0.86603,0.86606
2026-03-07 13:15:00+00:00,0.86604,0.86639,0.86602,0.86632
2026-03-07 13:30:00+00:00,0.86631,0.86635,0.8663,0.8663
2026-03-07 13:45:00+00:00,0.86631,0.86636,0.8663,0.86632
2026-03-07 14:00:00+00:00,0.86632,0.86636,0.86631,0.86635
2026-03-07 14:15:00+00:00,0.86634,0.86638,0.86633,0.86635
2026-03-07 14:30:00+00:00,0.86634,0.86638,0.86633,0.86635
2026-03-07 14:45:00+00:00,0.86635,0.86639,0.86634,0.86635
2026-03-07 15:00:00+00:00,0.86635,0.86654,0.86635,0.86648
2026-03-07 15:15:00+00:00,0.86647,0.8665,0.86644,0.86647
2026-03-07 15:30:00+00:00,0.86645,0.86649,0.86644,0.86645
2026-03-07 15:45:00+00:00,0.86645,0.86649,0.86643,0.86643
2026-03-07 16:00:00+00:00,0.86644,0.86648,0.86643,0.86645
2026-03-07 16:15:00+00:00,0.86644,0.86648,0.86642,0.86645
2026-03-07 16:30:00+00:00,0.86643,0.86661,0.86642,0.86651
2026-03-07 16:45:00+00:00,0.86651,0.86655,0.8665,0.8665
2026-03-07 17:00:00+00:00,0.8666,0.86762,0.86648,0.867
2026-03-07 17:15:00+00:00,0.86699,0.86703,0.86698,0.86701
2026-03-07 17:30:00+00:00,0.86699,0.86703,0.86686,0.86688
2026-03-07 17:45:00+00:00,0.86687,0.86691,0.86667,0.86677
2026-03-07 18:00:00+00:00,0.86677,0.86741,0.8667,0.86737
2026-03-07 18:15:00+00:00,0.86737,0.86741,0.86694,0.86701
2026-03-07 18:30:00+00:00,0.86699,0.86703,0.86682,0.86684
2026-03-07 18:45:00+00:00,0.86683,0.86686,0.86673,0.86674
2026-03-07 19:00:00+00:00,0.86686,0.86796,0.86671,0.86715
2026-03-07 19:15:00+00:00,0.86714,0.86735,0.86681,0.86683
2026-03-07 19:30:00+00:00,0.86682,0.86685,0.86664,0.86674
2026-03-07 19:45:00+00:00,0.86673,0.86677,0.86672,0.86673
2026-03-07 20:00:00+00:00,0.86673,0.86739,0.86661,0.867
2026-03-07 20:15:00+00:00,0.867,0.86704,0.8669,0.8669
2026-03-07 20:30:00+00:00,0.86688,0.867,0.86687,0.8669
2026-03-07 20:45:00+00:00,0.86688,0.86692,0.86673,0.86678
2026-03-07 21:00:00+00:00,0.8669,0.868,0.86673,0.86737
2026-03-07 21:15:00+00:00,0.86737,0.8674,0.86716,0.86719
2026-03-07 21:30:00+00:00,0.86717,0.86722,0.86691,0.86691
2026-03-07 21:45:00+00:00,0.86689,0.86713,0.86688,0.86689
2026-03-07 22:00:00+00:00,0.86689,0.86748,0.86678,0.86702
2026-03-07 22:15:00+00:00,0.86703,0.86706,0.86701,0.86704
2026-03-07 22:30:00+00:00,0.86703,0.86706,0.86689,0.86692
2026-03-07 22:45:00+00:00,0.8669,0.86693,0.86689,0.8669
2026-03-07 23:00:00+00:00,0.86688,0.86742,0.86669,0.86738
2026-03-07 23:15:00+00:00,0.86738,0.86742,0.86669,0.867
2026-03-07 23:30:00+00:00,0.867,0.86703,0.86679,0.86682
2026-03-07 23:45:00+00:00,0.8668,0.86684,0.86667,0.86673
2026-03-08 00:00:00+00:00,0.86672,0.86685,0.86671,0.86681
2026-03-08 00:15:00+00:00,0.8668,0.86682,0.86672,0.86674
2026-03-08 00:30:00+00:00,0.86673,0.86676,0.86652,0.86655
2026-03-08 00:45:00+00:00,0.86653,0.86657,0.86633,0.8664
2026-03-08 01:00:00+00:00,0.86639,0.8666,0.86637,0.86648
2026-03-08 01:15:00+00:00,0.86649,0.86652,0.86647,0.86649
2026-03-08 01:30:00+00:00,0.86649,0.8665,0.86638,0.86641
2026-03-08 01:45:00+00:00,0.86639,0.86643,0.86638,0.8664
2026-03-08 02:00:00+00:00,0.86639,0.86643,0.86638,0.86639
2026-03-08 02:15:00+00:00,0.86639,0.86643,0.86628,0.86633
2026-03-08 02:30:00+00:00,0.86633,0.86654,0.86632,0.86653
2026-03-08 02:45:00+00:00,0.86653,0.86655,0.8664,0.86648
2026-03-08 03:00:00+00:00,0.86646,0.8665,0.86635,0.86635
2026-03-08 03:15:00+00:00,0.86635,0.86638,0.86634,0.86634
2026-03-08 03:30:00+00:00,0.86635,0.86639,0.86634,0.86637
2026-03-08 03:45:00+00:00,0.86636,0.86639,0.86634,0.86637
2026-03-08 04:00:00+00:00,0.86636,0.8664,0.86635,0.86637
2026-03-08 04:15:00+00:00,0.86636,0.8666,0.86635,0.86647
2026-03-08 04:30:00+00:00,0.86647,0.86651,0.86646,0.86648
2026-03-08 04:45:00+00:00,0.86647,0.86651,0.86645,0.86648
2026-03-08 05:00:00+00:00,0.86646,0.8665,0.86645,0.86646
2026-03-08 05:15:00+00:00,0.86646,0.86649,0.86643,0.86644
2026-03-08 05:30:00+00:00,0.86644,0.86648,0.86643,0.86644
2026-03-08 05:45:00+00:00,0.86643,0.86647,0.86642,0.86645
2026-03-08 06:00:00+00:00,0.86643,0.86672,0.86642,0.86652
2026-03-08 06:15:00+00:00,0.86651,0.86655,0.8665,0.8665
2026-03-08 06:30:00+00:00,0.86651,0.86655,0.86647,0.86649
2026-03-08 06:45:00+00:00,0.86649,0.86652,0.86646,0.86649
2026-03-08 07:00:00+00:00,0.86647,0.86651,0.86646,0.86648
2026-03-08 07:15:00+00:00,0.86647,0.8665,0.86645,0.86645
2026-03-08 07:30:00+00:00,0.86645,0.86677,0.86644,0.86661
2026-03-08 07:45:00+00:00,0.86661,0.86662,0.86651,0.86654
2026-03-08 08:00:00+00:00,0.86652,0.86656,0.86641,0.86643
2026-03-08 08:15:00+00:00,0.86642,0.86645,0.86641,0.86641
2026-03-08 08:30:00+00:00,0.86642,0.86645,0.8664,0.86641
2026-03-08 08:45:00+00:00,0.86641,0.86645,0.8664,0.86643
2026-03-08 09:00:00+00:00,0.86641,0.86646,0.8664,0.86644
2026-03-08 09:15:00+00:00,0.86643,0.8668,0.86641,0.86656
2026-03-08 09:30:00+00:00,0.86656,0.8666,0.86655,0.86656
2026-03-08 09:45:00+00:00,0.86656,0.8666,0.86652,0.86654
2026-03-08 10:00:00+00:00,0.86653,0.86657,0.86645,0.86648
2026-03-08 10:15:00+00:00,0.86646,0.8665,0.86645,0.86646
2026-03-08 10:30:00+00:00,0.86646,0.8665,0.86645,0.86646
2026-03-08 10:45:00+00:00,0.86646,0.8665,0.86637,0.86642
2026-03-08 11:00:00+00:00,0.86641,0.86645,0.8664,0.86643
2026-03-08 11:15:00+00:00,0.86641,0.86645,0.8664,0.86641
2026-03-08 11:30:00+00:00,0.86641,0.86644,0.86618,0.86619
2026-03-08 11:45:00+00:00,0.86619,0.86623,0.86618,0.8662
2026-03-08 12:00:00+00:00,0.86619,0.86623,0.86618,0.86621
2026-03-08 12:15:00+00:00,0.86619,0.86623,0.86614,0.86615
2026-03-08 12:30:00+00:00,0.86614,0.86618,0.86613,0.86614
2026-03-08 12:45:00+00:00,0.86614,0.86618,0.86613,0.86614
2026-03-08 13:00:00+00:00,0.86614,0.86618,0.86611,0.86614
2026-03-08 13:15:00+00:00,0.86612,0.86616,0.86599,0.86601
2026-03-08 13:30:00+00:00,0.866,0.86604,0.86599,0.86599
2026-03-08 13:45:00+00:00,0.866,0.86604,0.86599,0.866
2026-03-08 14:00:00+00:00,0.866,0.86619,0.86599,0.86618
2026-03-08 14:15:00+00:00,0.86616,0.8662,0.86615,0.86618
2026-03-08 14:30:00+00:00,0.86616,0.8662,0.86615,0.86616
2026-03-08 14:45:00+00:00,0.86616,0.8662,0.86615,0.86616
2026-03-08 15:00:00+00:00,0.86616,0.86625,0.86596,0.86616
2026-03-08 15:15:00+00:00,0.86615,0.86619,0.86614,0.86617
2026-03-08 15:30:00+00:00,0.86615,0.86619,0.86614,0.86615
2026-03-08 15:45:00+00:00,0.86615,0.86619,0.86614,0.86614
2026-03-08 16:00:00+00:00,0.86615,0.8662,0.86612,0.86615
2026-03-08 16:15:00+00:00,0.86614,0.86618,0.86613,0.86616
2026-03-08 16:30:00+00:00,0.86614,0.86623,0.86601,0.86601
2026-03-08 16:45:00+00:00,0.86601,0.86605,0.866,0.866
2026-03-08 17:00:00+00:00,0.86601,0.86688,0.86596,0.86623
2026-03-08 17:15:00+00:00,0.86622,0.86625,0.8661,0.86613
2026-03-08 17:30:00+00:00,0.86611,0.86616,0.8661,0.86613
2026-03-08 17:45:00+00:00,0.86612,0.86626,0.86611,0.86622
2026-03-08 18:00:00+00:00,0.86623,0.86711,0.86514,0.86638
2026-03-08 18:15:00+00:00,0.86637,0.86725,0.86532,0.86643
2026-03-08 18:30:00+00:00,0.86631,0.86698,0.8648,0.86603
2026-03-08 18:45:00+00:00,0.866,0.86703,0.86545,0.86697
2026-03-08 19:00:00+00:00,0.86685,0.86784,0.86513,0.86629
2026-03-08 19:15:00+00:00,0.8663,0.86722,0.86568,0.86617
2026-03-08 19:30:00+00:00,0.86612,0.86864,0.86565,0.86689
2026-03-08 19:45:00+00:00,0.86687,0.86783,0.86604,0.86633
2026-03-08 20:00:00+00:00,0.86638,0.86744,0.86561,0.86629
2026-03-08 20:15:00+00:00,0.8663,0.86745,0.86562,0.8667
2026-03-08 20:30:00+00:00,0.86682,0.86839,0.86486,0.86601
2026-03-08 20:45:00+00:00,0.866,0.86797,0.86494,0.86586
2026-03-08 21:00:00+00:00,0.86604,0.86777,0.86532,0.86573
2026-03-08 21:15:00+00:00,0.86573,0.86577,0.86562,0.86566
2026-03-08 21:30:00+00:00,0.86564,0.86578,0.86536,0.8656
2026-03-08 21:45:00+00:00,0.86557,0.86587,0.8654,0.86564
2026-03-08 22:00:00+00:00,0.86563,0.86585,0.86549,0.86557
2026-03-08 22:15:00+00:00,0.86558,0.86612,0.86556,0.86587
2026-03-08 22:30:00+00:00,0.86586,0.86607,0.86579,0.86587
2026-03-08 22:45:00+00:00,0.86585,0.86631,0.86585,0.8662
2026-03-08 23:00:00+00:00,0.86619,0.86634,0.86611,0.86622
2026-03-08 23:15:00+00:00,0.86623,0.86636,0.86599,0.86619
2026-03-08 23:30:00+00:00,0.86619,0.86629,0.86587,0.86609
2026-03-08 23:45:00+00:00,0.86607,0.8662,0.86584,0.86619
2026-03-09 00:00:00+00:00,0.86618,0.86622,0.86598,0.86608
2026-03-09 00:15:00+00:00,0.86611,0.86637,0.86604,0.86606
2026-03-09 00:30:00+00:00,0.86606,0.86607,0.86587,0.86604
2026-03-09 00:45:00+00:00,0.86601,0.86607,0.86598,0.86599
2026-03-09 01:00:00+00:00,0.86598,0.86642,0.86597,0.86622
2026-03-09 01:15:00+00:00,0.86622,0.86655,0.86621,0.8665
2026-03-09 01:30:00+00:00,0.8665,0.86655,0.86639,0.86642
2026-03-09 01:45:00+00:00,0.8664,0.86662,0.86627,0.86628
2026-03-09 02:00:00+00:00,0.86626,0.8663,0.86609,0.86621
2026-03-09 02:15:00+00:00,0.8662,0.86647,0.86613,0.86638
2026-03-09 02:30:00+00:00,0.86639,0.86649,0.86621,0.86628
2026-03-09 02:45:00+00:00,0.86628,0.86637,0.86614,0.86625
2026-03-09 03:00:00+00:00,0.86624,0.86627,0.86614,0.86616
2026-03-09 03:15:00+00:00,0.86617,0.86633,0.86615,0.86631
2026-03-09 03:30:00+00:00,0.86632,0.86635,0.86624,0.86626
2026-03-09 03:45:00+00:00,0.86626,0.86631,0.86619,0.86623
2026-03-09 04:00:00+00:00,0.86621,0.86627,0.86614,0.86623
2026-03-09 04:15:00+00:00,0.86623,0.86639,0.8662,0.86628
2026-03-09 04:30:00+00:00,0.86629,0.86642,0.86623,0.86639
2026-03-09 04:45:00+00:00,0.86638,0.86681,0.86637,0.86681
2026-03-09 05:00:00+00:00,0.86679,0.86689,0.86657,0.86682
2026-03-09 05:15:00+00:00,0.86681,0.8673,0.86668,0.86708
2026-03-09 05:30:00+00:00,0.86709,0.86717,0.86696,0.86702
2026-03-09 05:45:00+00:00,0.86701,0.86763,0.86696,0.86757
2026-03-09 06:00:00+00:00,0.86754,0.86766,0.867,0.8672
2026-03-09 06:15:00+00:00,0.86719,0.86735,0.86708,0.86729
2026-03-09 06:30:00+00:00,0.8673,0.86745,0.86728,0.86728
2026-03-09 06:45:00+00:00,0.86728,0.86739,0.86712,0.86734
2026-03-09 07:00:00+00:00,0.86733,0.86761,0.86686,0.86741
2026-03-09 07:15:00+00:00,0.8674,0.86742,0.86663,0.86664
2026-03-09 07:30:00+00:00,0.86666,0.86682,0.86621,0.86652
2026-03-09 07:45:00+00:00,0.86652,0.8667,0.86645,0.86646
2026-03-09 08:00:00+00:00,0.86644,0.86649,0.8662,0.86627
2026-03-09 08:15:00+00:00,0.86625,0.86628,0.86553,0.8656
2026-03-09 08:30:00+00:00,0.86561,0.86579,0.86544,0.86579
2026-03-09 08:45:00+00:00,0.86579,0.86614,0.86556,0.86611
2026-03-09 09:00:00+00:00,0.8661,0.86622,0.86583,0.86606
2026-03-09 09:15:00+00:00,0.86605,0.86621,0.8659,0.86594
2026-03-09 09:30:00+00:00,0.86593,0.86618,0.8657,0.86607
2026-03-09 09:45:00+00:00,0.86608,0.8665,0.86607,0.8662
2026-03-09 10:00:00+00:00,0.8662,0.86629,0.86597,0.86605
2026-03-09 10:15:00+00:00,0.86602,0.86651,0.86602,0.86636
2026-03-09 10:30:00+00:00,0.86636,0.86675,0.86636,0.86663
2026-03-09 10:45:00+00:00,0.86665,0.86687,0.86639,0.86639
2026-03-09 11:00:00+00:00,0.8664,0.8665,0.86594,0.86608
2026-03-09 11:15:00+00:00,0.86606,0.86621,0.86604,0.86613
2026-03-09 11:30:00+00:00,0.86613,0.8663,0.86606,0.86608
2026-03-09 11:45:00+00:00,0.86611,0.86639,0.86597,0.86609
2026-03-09 12:00:00+00:00,0.86608,0.86626,0.86597,0.86597
2026-03-09 12:15:00+00:00,0.86594,0.86601,0.86573,0.86574
2026-03-09 12:30:00+00:00,0.86573,0.86592,0.86563,0.86588
2026-03-09 12:45:00+00:00,0.86588,0.86594,0.86515,0.86531
2026-03-09 13:00:00+00:00,0.86531,0.86547,0.86519,0.86537
2026-03-09 13:15:00+00:00,0.86536,0.86553,0.86506,0.86546
2026-03-09 13:30:00+00:00,0.86544,0.86602,0.86539,0.86582
2026-03-09 13:45:00+00:00,0.86581,0.86589,0.86554,0.86573
2026-03-09 14:00:00+00:00,0.86573,0.86582,0.86523,0.86526
2026-03-09 14:15:00+00:00,0.86525,0.86563,0.86508,0.86562
2026-03-09 14:30:00+00:00,0.86561,0.86564,0.86531,0.86542
2026-03-09 14:45:00+00:00,0.86542,0.86551,0.8651,0.86531
2026-03-09 15:00:00+00:00,0.86531,0.86532,0.86461,0.86474
2026-03-09 15:15:00+00:00,0.86471,0.86524,0.86447,0.86521
2026-03-09 15:30:00+00:00,0.86518,0.86546,0.86512,0.86541
2026-03-09 15:45:00+00:00,0.86541,0.8656,0.86533,0.86537
2026-03-09 16:00:00+00:00,0.86539,0.86559,0.86536,0.86551
2026-03-09 16:15:00+00:00,0.86551,0.86571,0.86506,0.8652
2026-03-09 16:30:00+00:00,0.86517,0.86538,0.86512,0.86528
2026-03-09 16:45:00+00:00,0.86526,0.86536,0.86504,0.86536
2026-03-09 17:00:00+00:00,0.86536,0.8655,0.86524,0.86542
2026-03-09 17:15:00+00:00,0.86542,0.86551,0.86532,0.8655
2026-03-09 17:30:00+00:00,0.86548,0.86551,0.86533,0.86543
2026-03-09 17:45:00+00:00,0.86542,0.86549,0.86501,0.86504
2026-03-09 18:00:00+00:00,0.86505,0.86517,0.86473,0.86476
2026-03-09 18:15:00+00:00,0.86476,0.86484,0.86464,0.86482
2026-03-09 18:30:00+00:00,0.86478,0.86497,0.86476,0.86489
2026-03-09 18:45:00+00:00,0.86488,0.86496,0.86482,0.8649
2026-03-09 19:00:00+00:00,0.8649,0.86508,0.86474,0.86479
2026-03-09 19:15:00+00:00,0.86479,0.86495,0.86466,0.86491
2026-03-09 19:30:00+00:00,0.86491,0.86518,0.86463,0.86503
2026-03-09 19:45:00+00:00,0.86501,0.86527,0.86443,0.86447
2026-03-09 20:00:00+00:00,0.86449,0.865,0.86447,0.86487
2026-03-09 20:15:00+00:00,0.86487,0.8649,0.86456,0.8647
2026-03-09 20:30:00+00:00,0.86469,0.86522,0.86466,0.86518
2026-03-09 20:45:00+00:00,0.86516,0.86566,0.86516,0.86566
2026-03-09 21:00:00+00:00,0.86573,0.86664,0.86539,0.86571
2026-03-09 21:15:00+00:00,0.86572,0.86589,0.86566,0.86566
2026-03-09 21:30:00+00:00,0.86565,0.86575,0.86552,0.8656
2026-03-09 21:45:00+00:00,0.86556,0.86587,0.86555,0.86578
2026-03-09 22:00:00+00:00,0.86577,0.8659,0.86554,0.8659
2026-03-09 22:15:00+00:00,0.86593,0.86613,0.8658,0.86591
2026-03-09 22:30:00+00:00,0.86591,0.86593,0.86559,0.86572
2026-03-09 22:45:00+00:00,0.8657,0.8658,0.86564,0.86578
2026-03-09 23:00:00+00:00,0.86576,0.86592,0.8656,0.86562
2026-03-09 23:15:00+00:00,0.86562,0.86564,0.86544,0.8655
2026-03-09 23:30:00+00:00,0.86549,0.86561,0.86544,0.8655
2026-03-09 23:45:00+00:00,0.86549,0.86552,0.86536,0.86537
2026-03-10 00:00:00+00:00,0.86536,0.86546,0.86518,0.8654
2026-03-10 00:15:00+00:00,0.86541,0.86544,0.86532,0.86533
2026-03-10 00:30:00+00:00,0.86533,0.86551,0.86533,0.86544
2026-03-10 00:45:00+00:00,0.86544,0.86546,0.86519,0.86533
2026-03-10 01:00:00+00:00,0.86531,0.86543,0.86526,0.86543
2026-03-10 01:15:00+00:00,0.86542,0.86546,0.86517,0.8652
2026-03-10 01:30:00+00:00,0.8652,0.8653,0.86514,0.86514
2026-03-10 01:45:00+00:00,0.86512,0.86521,0.86508,0.86518
2026-03-10 02:00:00+00:00,0.86516,0.86521,0.86504,0.86514
2026-03-10 02:15:00+00:00,0.86514,0.86531,0.86507,0.86526
2026-03-10 02:30:00+00:00,0.86526,0.86539,0.86523,0.86529
2026-03-10 02:45:00+00:00,0.86528,0.86535,0.86524,0.86532
2026-03-10 03:00:00+00:00,0.8653,0.86533,0.86514,0.86522
2026-03-10 03:15:00+00:00,0.86522,0.86529,0.86512,0.86514
2026-03-10 03:30:00+00:00,0.86515,0.86525,0.86514,0.86525
2026-03-10 03:45:00+00:00,0.86524,0.8654,0.86524,0.86537
2026-03-10 04:00:00+00:00,0.86535,0.86538,0.86519,0.86538
2026-03-10 04:15:00+00:00,0.86537,0.86538,0.86524,0.86529
2026-03-10 04:30:00+00:00,0.8653,0.86534,0.86519,0.8652
2026-03-10 04:45:00+00:00,0.8652,0.86524,0.86487,0.86498
2026-03-10 05:00:00+00:00,0.86496,0.86499,0.86479,0.86494
2026-03-10 05:15:00+00:00,0.86493,0.86507,0.86491,0.86505
2026-03-10 05:30:00+00:00,0.86504,0.86513,0.86496,0.86507
2026-03-10 05:45:00+00:00,0.86507,0.86511,0.86489,0.86493
2026-03-10 06:00:00+00:00,0.86491,0.86509,0.86483,0.86509
2026-03-10 06:15:00+00:00,0.86509,0.86517,0.86482,0.86488
2026-03-10 06:30:00+00:00,0.86489,0.86501,0.86461,0.86462
2026-03-10 06:45:00+00:00,0.86462,0.86493,0.86462,0.86486
2026-03-10 07:00:00+00:00,0.86485,0.86497,0.86446,0.86446
2026-03-10 07:15:00+00:00,0.86445,0.86469,0.86424,0.86426
2026-03-10 07:30:00+00:00,0.86427,0.86518,0.86425,0.865
2026-03-10 07:45:00+00:00,0.86501,0.86532,0.865,0.86518
2026-03-10 08:00:00+00:00,0.86516,0.8652,0.86484,0.86501
2026-03-10 08:15:00+00:00,0.865,0.86519,0.86493,0.86502
2026-03-10 08:30:00+00:00,0.86503,0.86538,0.86481,0.86537
2026-03-10 08:45:00+00:00,0.86538,0.86566,0.86529,0.86549
2026-03-10 09:00:00+00:00,0.86551,0.86556,0.86509,0.86556
2026-03-10 09:15:00+00:00,0.86553,0.86574,0.86552,0.86568
2026-03-10 09:30:00+00:00,0.86568,0.86586,0.86566,0.86567
2026-03-10 09:45:00+00:00,0.86567,0.86573,0.86559,0.86572
2026-03-10 10:00:00+00:00,0.8657,0.86606,0.8657,0.86605
2026-03-10 10:15:00+00:00,0.86604,0.86607,0.86542,0.86552
2026-03-10 10:30:00+00:00,0.8655,0.86551,0.86473,0.86508
2026-03-10 10:45:00+00:00,0.86509,0.86529,0.86507,0.86527
2026-03-10 11:00:00+00:00,0.86525,0.86564,0.86524,0.86564
2026-03-10 11:15:00+00:00,0.86562,0.86581,0.8655,0.8657
2026-03-10 11:30:00+00:00,0.86571,0.86585,0.86559,0.86561
2026-03-10 11:45:00+00:00,0.8656,0.8657,0.86538,0.8657
2026-03-10 12:00:00+00:00,0.8657,0.86571,0.86506,0.86531
2026-03-10 12:15:00+00:00,0.8653,0.86551,0.86523,0.86551
2026-03-10 12:30:00+00:00,0.8655,0.86566,0.86536,0.86545
2026-03-10 12:45:00+00:00,0.86546,0.86567,0.86544,0.86561
2026-03-10 13:00:00+00:00,0.86561,0.86561,0.86534,0.86539
2026-03-10 13:15:00+00:00,0.86537,0.86541,0.86504,0.86506
2026-03-10 13:30:00+00:00,0.86504,0.86507,0.86468,0.86478
2026-03-10 13:45:00+00:00,0.8648,0.86508,0.86471,0.86488
2026-03-10 14:00:00+00:00,0.86489,0.8652,0.86484,0.86511
2026-03-10 14:15:00+00:00,0.86509,0.8652,0.86501,0.86507
2026-03-10 14:30:00+00:00,0.86506,0.86533,0.86504,0.86533
2026-03-10 14:45:00+00:00,0.86533,0.86536,0.86483,0.86499
2026-03-10 15:00:00+00:00,0.86499,0.86501,0.86481,0.86499
2026-03-10 15:15:00+00:00,0.86498,0.86524,0.86494,0.86521
2026-03-10 15:30:00+00:00,0.8652,0.86523,0.86497,0.86509
2026-03-10 15:45:00+00:00,0.8651,0.86563,0.86509,0.86548
2026-03-10 16:00:00+00:00,0.86548,0.86556,0.86537,0.8655
2026-03-10 16:15:00+00:00,0.86549,0.86556,0.86538,0.86547
2026-03-10 16:30:00+00:00,0.86545,0.86557,0.86541,0.86547
2026-03-10 16:45:00+00:00,0.86547,0.86559,0.86542,0.8655
2026-03-10 17:00:00+00:00,0.86551,0.86556,0.86532,0.86548
2026-03-10 17:15:00+00:00,0.86548,0.86569,0.86536,0.86543
2026-03-10 17:30:00+00:00,0.86541,0.86561,0.8652,0.86534
2026-03-10 17:45:00+00:00,0.86532,0.86534,0.86505,0.86509
2026-03-10 18:00:00+00:00,0.8651,0.86527,0.865,0.86515
2026-03-10 18:15:00+00:00,0.86515,0.86544,0.86494,0.86541
2026-03-10 18:30:00+00:00,0.86539,0.86579,0.86538,0.86579
2026-03-10 18:45:00+00:00,0.86578,0.86579,0.86558,0.86561
2026-03-10 19:00:00+00:00,0.8656,0.86565,0.86554,0.86558
2026-03-10 19:15:00+00:00,0.86558,0.86558,0.86544,0.86544
2026-03-10 19:30:00+00:00,0.86543,0.86551,0.86539,0.86548
2026-03-10 19:45:00+00:00,0.86546,0.86561,0.86546,0.86559
2026-03-10 20:00:00+00:00,0.86554,0.8656,0.8653,0.86541
2026-03-10 20:15:00+00:00,0.86542,0.86558,0.86532,0.86551
2026-03-10 20:30:00+00:00,0.8655,0.86554,0.8653,0.86531
2026-03-10 20:45:00+00:00,0.86529,0.86535,0.8652,0.86525
2026-03-10 21:00:00+00:00,0.86525,0.86531,0.86484,0.86518
2026-03-10 21:15:00+00:00,0.86519,0.86534,0.86516,0.8653
2026-03-10 21:30:00+00:00,0.8653,0.86531,0.86497,0.86514
2026-03-10 21:45:00+00:00,0.86512,0.86545,0.86507,0.86539
2026-03-10 22:00:00+00:00,0.86538,0.86559,0.86508,0.86548
2026-03-10 22:15:00+00:00,0.86549,0.86554,0.86531,0.86535
2026-03-10 22:30:00+00:00,0.86534,0.86539,0.86517,0.86517
2026-03-10 22:45:00+00:00,0.86515,0.86528,0.86515,0.86523
2026-03-10 23:00:00+00:00,0.86522,0.86541,0.865,0.86531
2026-03-10 23:15:00+00:00,0.86531,0.86537,0.86528,0.86533
2026-03-10 23:30:00+00:00,0.86533,0.86539,0.86528,0.86528
2026-03-10 23:45:00+00:00,0.86527,0.86532,0.86519,0.86531
2026-03-11 00:00:00+00:00,0.8653,0.86533,0.86509,0.8653
2026-03-11 00:15:00+00:00,0.8653,0.86534,0.86508,0.86508
2026-03-11 00:30:00+00:00,0.86508,0.86516,0.86507,0.86512
2026-03-11 00:45:00+00:00,0.8651,0.86523,0.8651,0.86512
2026-03-11 01:00:00+00:00,0.86511,0.86513,0.86475,0.86475
2026-03-11 01:15:00+00:00,0.86476,0.86486,0.86465,0.8648
2026-03-11 01:30:00+00:00,0.8648,0.86483,0.86464,0.86468
2026-03-11 01:45:00+00:00,0.86468,0.86478,0.86449,0.86475
2026-03-11 02:00:00+00:00,0.86473,0.8648,0.86468,0.86475
2026-03-11 02:15:00+00:00,0.86476,0.86481,0.86464,0.86469
2026-03-11 02:30:00+00:00,0.86469,0.86473,0.86461,0.86473
2026-03-11 02:45:00+00:00,0.86472,0.86477,0.86459,0.86464
2026-03-11 03:00:00+00:00,0.86462,0.86485,0.8646,0.86478
2026-03-11 03:15:00+00:00,0.86478,0.86483,0.86472,0.86477
2026-03-11 03:30:00+00:00,0.86477,0.86479,0.86467,0.86468
2026-03-11 03:45:00+00:00,0.86467,0.86471,0.86454,0.86459
2026-03-11 04:00:00+00:00,0.86457,0.86477,0.86454,0.86473
2026-03-11 04:15:00+00:00,0.86473,0.86483,0.86462,0.86463
2026-03-11 04:30:00+00:00,0.86464,0.86483,0.86463,0.86482
2026-03-11 04:45:00+00:00,0.86481,0.86483,0.86458,0.86467
2026-03-11 05:00:00+00:00,0.86464,0.86476,0.8646,0.86465
2026-03-11 05:15:00+00:00,0.86464,0.86481,0.86456,0.86479
2026-03-11 05:30:00+00:00,0.8648,0.8649,0.86476,0.8648
2026-03-11 05:45:00+00:00,0.8648,0.86508,0.86476,0.865
2026-03-11 06:00:00+00:00,0.86497,0.8653,0.86497,0.86526
2026-03-11 06:15:00+00:00,0.86525,0.86527,0.86502,0.86505
2026-03-11 06:30:00+00:00,0.86504,0.86512,0.86495,0.86509
2026-03-11 06:45:00+00:00,0.86509,0.86517,0.86501,0.86503
2026-03-11 07:00:00+00:00,0.86501,0.86515,0.8649,0.86497
2026-03-11 07:15:00+00:00,0.86495,0.86577,0.86495,0.86556
2026-03-11 07:30:00+00:00,0.86556,0.86559,0.86477,0.86488
2026-03-11 07:45:00+00:00,0.86488,0.865,0.86467,0.86474
2026-03-11 08:00:00+00:00,0.86473,0.86515,0.86467,0.86505
2026-03-11 08:15:00+00:00,0.86503,0.86506,0.86471,0.86495
2026-03-11 08:30:00+00:00,0.86495,0.86528,0.86494,0.86527
2026-03-11 08:45:00+00:00,0.86527,0.86547,0.86506,0.86508
2026-03-11 09:00:00+00:00,0.86508,0.86514,0.86434,0.86442
2026-03-11 09:15:00+00:00,0.86441,0.86443,0.86397,0.86415
2026-03-11 09:30:00+00:00,0.86415,0.86423,0.86401,0.86414
2026-03-11 09:45:00+00:00,0.86414,0.86431,0.86404,0.86405
2026-03-11 10:00:00+00:00,0.86403,0.8643,0.86403,0.86425
2026-03-11 10:15:00+00:00,0.86423,0.86427,0.8635,0.86364
2026-03-11 10:30:00+00:00,0.86363,0.86372,0.86352,0.86361
2026-03-11 10:45:00+00:00,0.86362,0.86378,0.86322,0.86331
2026-03-11 11:00:00+00:00,0.86331,0.86339,0.86313,0.86337
2026-03-11 11:15:00+00:00,0.86336,0.86349,0.86325,0.86349
2026-03-11 11:30:00+00:00,0.86347,0.86379,0.86344,0.86379
2026-03-11 11:45:00+00:00,0.86379,0.8639,0.86343,0.86347
2026-03-11 12:00:00+00:00,0.86347,0.86358,0.8633,0.8635
2026-03-11 12:15:00+00:00,0.86345,0.86404,0.86338,0.86395
2026-03-11 12:30:00+00:00,0.86394,0.86422,0.8638,0.86415
2026-03-11 12:45:00+00:00,0.86415,0.86443,0.86407,0.86433
2026-03-11 13:00:00+00:00,0.86433,0.86445,0.86349,0.86366
2026-03-11 13:15:00+00:00,0.86364,0.86391,0.86352,0.86367
2026-03-11 13:30:00+00:00,0.86366,0.8641,0.86361,0.8641
2026-03-11 13:45:00+00:00,0.8641,0.86415,0.86386,0.86398
2026-03-11 14:00:00+00:00,0.86398,0.864,0.86337,0.86349
2026-03-11 14:15:00+00:00,0.86348,0.86351,0.86307,0.86328
2026-03-11 14:30:00+00:00,0.86325,0.86339,0.86304,0.8631
2026-03-11 14:45:00+00:00,0.86309,0.86325,0.86271,0.86296
2026-03-11 15:00:00+00:00,0.86297,0.86303,0.8627,0.86284
2026-03-11 15:15:00+00:00,0.86284,0.86319,0.86274,0.86303
2026-03-11 15:30:00+00:00,0.86301,0.86332,0.86295,0.86323
2026-03-11 15:45:00+00:00,0.86323,0.86365,0.86322,0.8633
2026-03-11 16:00:00+00:00,0.86332,0.86359,0.86304,0.86304
2026-03-11 16:15:00+00:00,0.86303,0.86337,0.86298,0.8633
2026-03-11 16:30:00+00:00,0.86328,0.86331,0.86285,0.86288
2026-03-11 16:45:00+00:00,0.86288,0.86304,0.86279,0.86284
2026-03-11 17:00:00+00:00,0.86285,0.86313,0.86283,0.86311
2026-03-11 17:15:00+00:00,0.8631,0.86325,0.86274,0.86282
2026-03-11 17:30:00+00:00,0.8628,0.86295,0.86258,0.86283
2026-03-11 17:45:00+00:00,0.86282,0.86296,0.86273,0.86291
2026-03-11 18:00:00+00:00,0.86291,0.86297,0.86286,0.86297
2026-03-11 18:15:00+00:00,0.86297,0.86298,0.86258,0.86259
2026-03-11 18:30:00+00:00,0.86257,0.86279,0.86248,0.86276
2026-03-11 18:45:00+00:00,0.86275,0.86277,0.86256,0.86256
2026-03-11 19:00:00+00:00,0.86257,0.86267,0.86256,0.86261
2026-03-11 19:15:00+00:00,0.86261,0.86265,0.86249,0.86254
2026-03-11 19:30:00+00:00,0.86253,0.86256,0.86237,0.86244
2026-03-11 19:45:00+00:00,0.86242,0.86261,0.86239,0.86255
2026-03-11 20:00:00+00:00,0.86253,0.86255,0.8624,0.86247
2026-03-11 20:15:00+00:00,0.86247,0.86252,0.86241,0.86248
2026-03-11 20:30:00+00:00,0.86247,0.8625,0.86219,0.86234
2026-03-11 20:45:00+00:00,0.86232,0.86247,0.86226,0.8624
2026-03-11 21:00:00+00:00,0.86239,0.86269,0.86232,0.86257
2026-03-11 21:15:00+00:00,0.86258,0.86263,0.86238,0.86242
2026-03-11 21:30:00+00:00,0.86241,0.86255,0.8624,0.8625
2026-03-11 21:45:00+00:00,0.86248,0.86284,0.86236,0.86282
2026-03-11 22:00:00+00:00,0.86282,0.863,0.86262,0.8629
2026-03-11 22:15:00+00:00,0.86291,0.86295,0.86272,0.86281
2026-03-11 22:30:00+00:00,0.8628,0.86286,0.86254,0.86261
2026-03-11 22:45:00+00:00,0.86259,0.86281,0.86255,0.86272
2026-03-11 23:00:00+00:00,0.8627,0.86272,0.86246,0.86251
2026-03-11 23:15:00+00:00,0.86251,0.86268,0.8625,0.86264
2026-03-11 23:30:00+00:00,0.86264,0.86273,0.86255,0.86268
2026-03-11 23:45:00+00:00,0.86266,0.8627,0.86255,0.8626
2026-03-12 00:00:00+00:00,0.86259,0.8627,0.86249,0.86257
2026-03-12 00:15:00+00:00,0.8626,0.86275,0.86257,0.86262
2026-03-12 00:30:00+00:00,0.86262,0.86268,0.86245,0.86252
2026-03-12 00:45:00+00:00,0.86251,0.86269,0.86239,0.86269
2026-03-12 01:00:00+00:00,0.86267,0.8629,0.86263,0.86278
2026-03-12 01:15:00+00:00,0.86277,0.8628,0.8626,0.86263
2026-03-12 01:30:00+00:00,0.86263,0.86264,0.86259,0.86264
2026-03-12 01:45:00+00:00,0.86262,0.8628,0.86261,0.86279
2026-03-12 02:00:00+00:00,0.86277,0.8628,0.86264,0.86273
2026-03-12 02:15:00+00:00,0.86273,0.86278,0.86265,0.86266
2026-03-12 02:30:00+00:00,0.86266,0.86288,0.86265,0.86285
2026-03-12 02:45:00+00:00,0.86283,0.86302,0.86283,0.86302
2026-03-12 03:00:00+00:00,0.863,0.86303,0.86279,0.86284
2026-03-12 03:15:00+00:00,0.86284,0.86297,0.86282,0.86293
2026-03-12 03:30:00+00:00,0.86294,0.863,0.86292,0.86294
2026-03-12 03:45:00+00:00,0.86293,0.86302,0.86289,0.86294
2026-03-12 04:00:00+00:00,0.86292,0.863,0.8629,0.86295
2026-03-12 04:15:00+00:00,0.86295,0.86304,0.86294,0.86299
2026-03-12 04:30:00+00:00,0.863,0.86307,0.86288,0.86292
2026-03-12 04:45:00+00:00,0.86291,0.86314,0.86291,0.86314
2026-03-12 05:00:00+00:00,0.86313,0.86326,0.86307,0.86322
2026-03-12 05:15:00+00:00,0.86321,0.86322,0.86298,0.86298
2026-03-12 05:30:00+00:00,0.86299,0.86316,0.86298,0.86316
2026-03-12 05:45:00+00:00,0.86315,0.86332,0.86312,0.86326
2026-03-12 06:00:00+00:00,0.86324,0.86361,0.8632,0.86346
2026-03-12 06:15:00+00:00,0.86345,0.86373,0.86341,0.86344
2026-03-12 06:30:00+00:00,0.86343,0.86345,0.86318,0.86319
2026-03-12 06:45:00+00:00,0.86319,0.86325,0.86304,0.86304
2026-03-12 07:00:00+00:00,0.86304,0.86306,0.86282,0.863
2026-03-12 07:15:00+00:00,0.86299,0.86313,0.86293,0.86294
2026-03-12 07:30:00+00:00,0.86294,0.863,0.8626,0.8626
2026-03-12 07:45:00+00:00,0.86261,0.86293,0.8626,0.86263
2026-03-12 08:00:00+00:00,0.86264,0.86283,0.86242,0.86283
2026-03-12 08:15:00+00:00,0.8628,0.86314,0.86277,0.86294
2026-03-12 08:30:00+00:00,0.86294,0.86313,0.86278,0.86294
2026-03-12 08:45:00+00:00,0.86295,0.86333,0.86271,0.86323
2026-03-12 09:00:00+00:00,0.86323,0.86325,0.8629,0.86321
2026-03-12 09:15:00+00:00,0.86319,0.86358,0.86313,0.86331
2026-03-12 09:30:00+00:00,0.8633,0.86346,0.86301,0.86304
2026-03-12 09:45:00+00:00,0.86305,0.8632,0.863,0.8631
2026-03-12 10:00:00+00:00,0.86309,0.86345,0.86305,0.86329
2026-03-12 10:15:00+00:00,0.86329,0.86331,0.86293,0.86295
2026-03-12 10:30:00+00:00,0.86294,0.86309,0.8629,0.86297
2026-03-12 10:45:00+00:00,0.86299,0.86311,0.86292,0.86295
2026-03-12 11:00:00+00:00,0.86294,0.86305,0.86289,0.863
2026-03-12 11:15:00+00:00,0.86298,0.86306,0.86279,0.86289
2026-03-12 11:30:00+00:00,0.86288,0.8629,0.8624,0.86243
2026-03-12 11:45:00+00:00,0.86244,0.86266,0.86227,0.86259
2026-03-12 12:00:00+00:00,0.86259,0.86265,0.86245,0.86259
2026-03-12 12:15:00+00:00,0.86256,0.86296,0.86251,0.86282
2026-03-12 12:30:00+00:00,0.8628,0.86284,0.8625,0.86253
2026-03-12 12:45:00+00:00,0.86252,0.86262,0.86233,0.86254
2026-03-12 13:00:00+00:00,0.86254,0.86265,0.86222,0.86224
2026-03-12 13:15:00+00:00,0.86223,0.86226,0.86186,0.86224
2026-03-12 13:30:00+00:00,0.86223,0.86225,0.86207,0.86216
2026-03-12 13:45:00+00:00,0.86217,0.86232,0.86182,0.86219
2026-03-12 14:00:00+00:00,0.86219,0.86237,0.86209,0.86234
2026-03-12 14:15:00+00:00,0.86232,0.86243,0.86223,0.86243
2026-03-12 14:30:00+00:00,0.86242,0.8626,0.86238,0.86255
2026-03-12 14:45:00+00:00,0.86255,0.86263,0.86237,0.86254
2026-03-12 15:00:00+00:00,0.86255,0.8628,0.86251,0.86277
2026-03-12 15:15:00+00:00,0.86275,0.86301,0.86274,0.86287
2026-03-12 15:30:00+00:00,0.86286,0.86316,0.86277,0.86299
2026-03-12 15:45:00+00:00,0.86297,0.86319,0.86275,0.86294
2026-03-12 16:00:00+00:00,0.86296,0.86335,0.86294,0.86332
2026-03-12 16:15:00+00:00,0.86332,0.86333,0.86288,0.86295
2026-03-12 16:30:00+00:00,0.86294,0.86305,0.86278,0.863
2026-03-12 16:45:00+00:00,0.86299,0.86336,0.86297,0.86322
2026-03-12 17:00:00+00:00,0.86322,0.86327,0.86288,0.86295
2026-03-12 17:15:00+00:00,0.86295,0.86323,0.86288,0.86312
2026-03-12 17:30:00+00:00,0.8631,0.86314,0.86279,0.86294
2026-03-12 17:45:00+00:00,0.86293,0.86296,0.86262,0.86266
2026-03-12 18:00:00+00:00,0.86267,0.86276,0.86263,0.86263
2026-03-12 18:15:00+00:00,0.86263,0.86288,0.86255,0.86279
2026-03-12 18:30:00+00:00,0.86279,0.86281,0.86247,0.86265
2026-03-12 18:45:00+00:00,0.86263,0.86287,0.86262,0.86284
2026-03-12 19:00:00+00:00,0.86283,0.86297,0.86276,0.86291
2026-03-12 19:15:00+00:00,0.86291,0.863,0.86289,0.86299
2026-03-12 19:30:00+00:00,0.86298,0.86301,0.86282,0.8629
2026-03-12 19:45:00+00:00,0.86288,0.86293,0.86269,0.86273
2026-03-12 20:00:00+00:00,0.86273,0.86284,0.86255,0.8627
2026-03-12 20:15:00+00:00,0.8627,0.86275,0.86261,0.86269
2026-03-12 20:30:00+00:00,0.86267,0.86284,0.86259,0.86262
2026-03-12 20:45:00+00:00,0.8626,0.86268,0.8624,0.86268
2026-03-12 21:00:00+00:00,0.86267,0.86329,0.86256,0.86271
2026-03-12 21:15:00+00:00,0.86272,0.86275,0.86248,0.86254
2026-03-12 21:30:00+00:00,0.86253,0.86269,0.86239,0.86248
2026-03-12 21:45:00+00:00,0.86245,0.86277,0.86244,0.86255
2026-03-12 22:00:00+00:00,0.86257,0.86296,0.86255,0.86291
2026-03-12 22:15:00+00:00,0.86292,0.86306,0.86286,0.86296
2026-03-12 22:30:00+00:00,0.86295,0.86306,0.86287,0.86292
2026-03-12 22:45:00+00:00,0.86291,0.86294,0.86279,0.86286
2026-03-12 23:00:00+00:00,0.86285,0.86301,0.86276,0.86296
2026-03-12 23:15:00+00:00,0.86295,0.86297,0.86273,0.86281
2026-03-12 23:30:00+00:00,0.86281,0.86283,0.86271,0.86277
2026-03-12 23:45:00+00:00,0.86274,0.86292,0.86274,0.86291
2026-03-13 00:00:00+00:00,0.8629,0.86292,0.86263,0.86264
2026-03-13 00:15:00+00:00,0.86264,0.86269,0.86259,0.8626
2026-03-13 00:30:00+00:00,0.8626,0.86262,0.86242,0.86252
2026-03-13 00:45:00+00:00,0.86249,0.86257,0.86231,0.86242
2026-03-13 01:00:00+00:00,0.86241,0.86243,0.86227,0.86238
2026-03-13 01:15:00+00:00,0.86237,0.8624,0.86222,0.86222
2026-03-13 01:30:00+00:00,0.86223,0.86229,0.86221,0.86228
2026-03-13 01:45:00+00:00,0.86227,0.8623,0.86206,0.86226
2026-03-13 02:00:00+00:00,0.86224,0.86238,0.86218,0.86238
2026-03-13 02:15:00+00:00,0.86238,0.86243,0.86227,0.86231
2026-03-13 02:30:00+00:00,0.86231,0.86243,0.8623,0.86242
2026-03-13 02:45:00+00:00,0.86242,0.86247,0.86233,0.86239
2026-03-13 03:00:00+00:00,0.86238,0.86251,0.86233,0.8625
2026-03-13 03:15:00+00:00,0.86249,0.86252,0.86242,0.86242
2026-03-13 03:30:00+00:00,0.86243,0.86246,0.86238,0.86238
2026-03-13 03:45:00+00:00,0.86237,0.8624,0.86229,0.86237
2026-03-13 04:00:00+00:00,0.86235,0.8624,0.86233,0.86235
2026-03-13 04:15:00+00:00,0.86234,0.86254,0.86234,0.86249
2026-03-13 04:30:00+00:00,0.86251,0.86277,0.86248,0.86273
2026-03-13 04:45:00+00:00,0.86273,0.8629,0.86268,0.86288
2026-03-13 05:00:00+00:00,0.86286,0.86296,0.86282,0.86289
2026-03-13 05:15:00+00:00,0.86288,0.86293,0.86279,0.86281
2026-03-13 05:30:00+00:00,0.86281,0.86285,0.86269,0.86276
2026-03-13 05:45:00+00:00,0.86276,0.86279,0.86265,0.86265
2026-03-13 06:00:00+00:00,0.86262,0.86289,0.86262,0.86287
2026-03-13 06:15:00+00:00,0.86286,0.86307,0.86282,0.86296
2026-03-13 06:30:00+00:00,0.86296,0.86301,0.8628,0.86294
2026-03-13 06:45:00+00:00,0.86294,0.86296,0.86244,0.86244
2026-03-13 07:00:00+00:00,0.86241,0.86316,0.86241,0.86298
2026-03-13 07:15:00+00:00,0.86296,0.86335,0.86291,0.86306
2026-03-13 07:30:00+00:00,0.86306,0.86316,0.86292,0.863
2026-03-13 07:45:00+00:00,0.86301,0.86308,0.86252,0.86284
2026-03-13 08:00:00+00:00,0.86283,0.86308,0.8618,0.86233
2026-03-13 08:15:00+00:00,0.86231,0.86278,0.86217,0.86275
2026-03-13 08:30:00+00:00,0.86276,0.8629,0.86264,0.86276
2026-03-13 08:45:00+00:00,0.86277,0.86308,0.86266,0.863
2026-03-13 09:00:00+00:00,0.86296,0.86332,0.86286,0.86312
2026-03-13 09:15:00+00:00,0.86311,0.86329,0.863,0.8631
2026-03-13 09:30:00+00:00,0.86308,0.86345,0.86285,0.8634
2026-03-13 09:45:00+00:00,0.86343,0.86374,0.86329,0.86357
2026-03-13 10:00:00+00:00,0.86356,0.86381,0.86351,0.86376
2026-03-13 10:15:00+00:00,0.86373,0.86417,0.86373,0.86404
2026-03-13 10:30:00+00:00,0.86403,0.86425,0.86391,0.86421
2026-03-13 10:45:00+00:00,0.86422,0.86429,0.86412,0.86413
2026-03-13 11:00:00+00:00,0.86412,0.86472,0.86412,0.86469
2026-03-13 11:15:00+00:00,0.86466,0.86507,0.86466,0.86485
2026-03-13 11:30:00+00:00,0.86483,0.86485,0.8644,0.86469
2026-03-13 11:45:00+00:00,0.8647,0.86517,0.86464,0.86515
2026-03-13 12:00:00+00:00,0.86515,0.86521,0.86497,0.86497
2026-03-13 12:15:00+00:00,0.86497,0.86503,0.86468,0.8647
2026-03-13 12:30:00+00:00,0.86469,0.86476,0.86443,0.86474
2026-03-13 12:45:00+00:00,0.86473,0.86505,0.86469,0.86492
2026-03-13 13:00:00+00:00,0.86492,0.86531,0.86475,0.86527
2026-03-13 13:15:00+00:00,0.86528,0.86532,0.86469,0.86494
2026-03-13 13:30:00+00:00,0.86492,0.86516,0.86476,0.8648
2026-03-13 13:45:00+00:00,0.86481,0.86486,0.86416,0.8644
2026-03-13 14:00:00+00:00,0.8644,0.86472,0.86421,0.8647
2026-03-13 14:15:00+00:00,0.86468,0.86503,0.86453,0.86481
2026-03-13 14:30:00+00:00,0.8648,0.86487,0.86423,0.86433
2026-03-13 14:45:00+00:00,0.86433,0.86445,0.86408,0.86427
2026-03-13 15:00:00+00:00,0.86429,0.86449,0.86402,0.86427
2026-03-13 15:15:00+00:00,0.86426,0.8647,0.86411,0.86445
2026-03-13 15:30:00+00:00,0.86443,0.8646,0.86406,0.86422
2026-03-13 15:45:00+00:00,0.86421,0.86475,0.86375,0.86442
2026-03-13 16:00:00+00:00,0.86442,0.86458,0.86423,0.86439
2026-03-13 16:15:00+00:00,0.86439,0.86452,0.86419,0.86424
2026-03-13 16:30:00+00:00,0.86423,0.8644,0.86406,0.86428
2026-03-13 16:45:00+00:00,0.86427,0.86444,0.86393,0.86402
2026-03-13 17:00:00+00:00,0.86402,0.86416,0.8637,0.86375
2026-03-13 17:15:00+00:00,0.86375,0.86393,0.86353,0.8637
2026-03-13 17:30:00+00:00,0.86367,0.86386,0.86354,0.86377
2026-03-13 17:45:00+00:00,0.86376,0.86402,0.86366,0.86383
2026-03-13 18:00:00+00:00,0.86383,0.86388,0.86355,0.86379
2026-03-13 18:15:00+00:00,0.86379,0.86394,0.86368,0.86375
2026-03-13 18:30:00+00:00,0.86373,0.86383,0.86355,0.86355
2026-03-13 18:45:00+00:00,0.86353,0.86371,0.86342,0.86354
2026-03-13 19:00:00+00:00,0.86354,0.86362,0.86323,0.86346
2026-03-13 19:15:00+00:00,0.86347,0.86361,0.86338,0.86352
2026-03-13 19:30:00+00:00,0.86351,0.86366,0.86343,0.8636
2026-03-13 19:45:00+00:00,0.86358,0.86372,0.86344,0.86353
2026-03-13 20:00:00+00:00,0.86352,0.86363,0.86346,0.8635
2026-03-13 20:15:00+00:00,0.8635,0.86351,0.86324,0.86335
2026-03-13 20:30:00+00:00,0.86334,0.86341,0.86303,0.86326
2026-03-13 20:45:00+00:00,0.86323,0.86339,0.8631,0.86334
2026-03-13 21:00:00+00:00,0.86333,0.86412,0.86184,0.86395
2026-03-13 21:15:00+00:00,0.86395,0.86521,0.86366,0.86375
2026-03-13 21:30:00+00:00,0.86359,0.86692,0.86347,0.86648
2026-03-13 21:45:00+00:00,0.86646,0.86676,0.8654,0.8663
2026-03-13 22:00:00+00:00,0.86632,0.86809,0.86609,0.86738
2026-03-13 22:15:00+00:00,0.86745,0.86805,0.86637,0.86773
2026-03-13 22:30:00+00:00,0.86775,0.86809,0.86695,0.86741
2026-03-13 22:45:00+00:00,0.86733,0.86808,0.86693,0.86789
2026-03-13 23:00:00+00:00,0.86788,0.86811,0.86477,0.86737
2026-03-13 23:15:00+00:00,0.86744,0.86809,0.86621,0.86772
2026-03-13 23:30:00+00:00,0.86773,0.86819,0.86666,0.86738
2026-03-13 23:45:00+00:00,0.86729,0.86807,0.8669,0.86771
2026-03-14 00:00:00+00:00,0.8677,0.86772,0.86525,0.86631
2026-03-14 00:15:00+00:00,0.86631,0.86635,0.86547,0.8663
2026-03-14 00:30:00+00:00,0.86631,0.86639,0.86534,0.86632
2026-03-14 00:45:00+00:00,0.86631,0.8664,0.86534,0.86633
2026-03-14 01:00:00+00:00,0.86631,0.86635,0.86546,0.86632
2026-03-14 01:15:00+00:00,0.86632,0.86636,0.86544,0.86628
2026-03-14 01:30:00+00:00,0.86629,0.86636,0.86534,0.86635
2026-03-14 01:45:00+00:00,0.86633,0.86649,0.86506,0.86631
2026-03-14 02:00:00+00:00,0.86629,0.86634,0.86519,0.86633
2026-03-14 02:15:00+00:00,0.86632,0.86636,0.86488,0.8663
2026-03-14 02:30:00+00:00,0.8663,0.86636,0.86536,0.86632
2026-03-14 02:45:00+00:00,0.86631,0.86642,0.8663,0.8664
2026-03-14 03:00:00+00:00,0.86638,0.86642,0.86533,0.86632
2026-03-14 03:15:00+00:00,0.86631,0.86643,0.86543,0.86635
2026-03-14 03:30:00+00:00,0.86636,0.86642,0.86635,0.8664
2026-03-14 03:45:00+00:00,0.86639,0.86643,0.86637,0.86641
2026-03-14 04:00:00+00:00,0.86639,0.86643,0.86638,0.8664
2026-03-14 04:15:00+00:00,0.86639,0.86643,0.86638,0.86638
2026-03-14 04:30:00+00:00,0.86639,0.86643,0.86638,0.86639
2026-03-14 04:45:00+00:00,0.86639,0.86642,0.86592,0.86635
2026-03-14 05:00:00+00:00,0.86633,0.86644,0.86633,0.8664
2026-03-14 05:15:00+00:00,0.86639,0.86643,0.86638,0.86639
2026-03-14 05:30:00+00:00,0.86639,0.86643,0.86638,0.86639
2026-03-14 05:45:00+00:00,0.86639,0.86666,0.86242,0.86391
2026-03-14 06:00:00+00:00,0.86392,0.86393,0.86338,0.86339
2026-03-14 06:15:00+00:00,0.86337,0.86433,0.86336,0.8634
2026-03-14 06:30:00+00:00,0.8634,0.8647,0.86291,0.86422
2026-03-14 06:45:00+00:00,0.86422,0.86424,0.86337,0.86341
2026-03-14 07:00:00+00:00,0.86339,0.86397,0.86331,0.86349
2026-03-14 07:15:00+00:00,0.86347,0.8635,0.86335,0.86335
2026-03-14 07:30:00+00:00,0.86335,0.8644,0.86332,0.86339
2026-03-14 07:45:00+00:00,0.86339,0.86405,0.86335,0.86377
2026-03-14 08:00:00+00:00,0.86379,0.86379,0.86336,0.86338
2026-03-14 08:15:00+00:00,0.86336,0.86473,0.86287,0.86373
2026-03-14 08:30:00+00:00,0.86371,0.86373,0.86335,0.86335
2026-03-14 08:45:00+00:00,0.86336,0.86403,0.86335,0.86341
2026-03-14 09:00:00+00:00,0.8634,0.86441,0.86331,0.86371
2026-03-14 09:15:00+00:00,0.86369,0.86373,0.86337,0.86337
2026-03-14 09:30:00+00:00,0.86337,0.86392,0.86332,0.86346
2026-03-14 09:45:00+00:00,0.86346,0.8635,0.86335,0.86336
2026-03-14 10:00:00+00:00,0.86335,0.86466,0.86291,0.86347
2026-03-14 10:15:00+00:00,0.86345,0.86423,0.86336,0.86375
2026-03-14 10:30:00+00:00,0.86373,0.86375,0.86335,0.86336
2026-03-14 10:45:00+00:00,0.86336,0.86423,0.86335,0.8635
2026-03-14 11:00:00+00:00,0.8635,0.86351,0.86333,0.86337
2026-03-14 11:15:00+00:00,0.86336,0.86404,0.86334,0.86342
2026-03-14 11:30:00+00:00,0.86341,0.86654,0.86304,0.86441
2026-03-14 11:45:00+00:00,0.86441,0.86448,0.8634,0.8634
2026-03-14 12:00:00+00:00,0.8634,0.86385,0.8633,0.86351
2026-03-14 12:15:00+00:00,0.86349,0.86353,0.86335,0.86337
2026-03-14 12:30:00+00:00,0.86336,0.86395,0.86327,0.86386
2026-03-14 12:45:00+00:00,0.86386,0.86471,0.86385,0.86431
2026-03-14 13:00:00+00:00,0.86432,0.86435,0.86431,0.86433
2026-03-14 13:15:00+00:00,0.86432,0.86607,0.86401,0.86466
2026-03-14 13:30:00+00:00,0.86465,0.86468,0.86464,0.86465
2026-03-14 13:45:00+00:00,0.86465,0.86498,0.86459,0.86494
2026-03-14 14:00:00+00:00,0.86495,0.86499,0.86492,0.86494
2026-03-14 14:15:00+00:00,0.86493,0.86497,0.86492,0.86495
2026-03-14 14:30:00+00:00,0.86493,0.86544,0.86491,0.86518
2026-03-14 14:45:00+00:00,0.86518,0.86547,0.86507,0.86507
2026-03-14 15:00:00+00:00,0.86508,0.86544,0.86378,0.86439
2026-03-14 15:15:00+00:00,0.86438,0.86446,0.85876,0.86049
2026-03-14 15:30:00+00:00,0.86047,0.86056,0.85719,0.85725
2026-03-14 15:45:00+00:00,0.85724,0.86456,0.85723,0.86166
2026-03-14 16:00:00+00:00,0.86167,0.86177,0.86166,0.86174
2026-03-14 16:15:00+00:00,0.86173,0.86357,0.86166,0.86263
2026-03-14 16:30:00+00:00,0.86262,0.86447,0.86253,0.86447
2026-03-14 16:45:00+00:00,0.86446,0.8645,0.86445,0.86445
2026-03-14 17:00:00+00:00,0.86446,0.86537,0.86233,0.86375
2026-03-14 17:15:00+00:00,0.86375,0.86379,0.86374,0.86377
2026-03-14 17:30:00+00:00,0.86375,0.86425,0.86322,0.86339
2026-03-14 17:45:00+00:00,0.86337,0.86339,0.86196,0.86292
2026-03-14 18:00:00+00:00,0.86298,0.86353,0.86256,0.86321
2026-03-14 18:15:00+00:00,0.86321,0.86543,0.86318,0.8643
2026-03-14 18:30:00+00:00,0.86428,0.86432,0.86427,0.8643
2026-03-14 18:45:00+00:00,0.86428,0.86501,0.86426,0.86466
2026-03-14 19:00:00+00:00,0.86466,0.86497,0.86464,0.86497
2026-03-14 19:15:00+00:00,0.86497,0.86501,0.86464,0.86498
2026-03-14 19:30:00+00:00,0.86497,0.86524,0.86494,0.86522
2026-03-14 19:45:00+00:00,0.86521,0.86524,0.8652,0.86521
2026-03-14 20:00:00+00:00,0.86521,0.86635,0.86509,0.86579
2026-03-14 20:15:00+00:00,0.8658,0.86591,0.86579,0.86588
2026-03-14 20:30:00+00:00,0.86587,0.86591,0.86579,0.86589
2026-03-14 20:45:00+00:00,0.86587,0.86596,0.86586,0.86593
2026-03-14 21:00:00+00:00,0.86593,0.86598,0.86592,0.86594
2026-03-14 21:15:00+00:00,0.86594,0.86602,0.86593,0.86599
2026-03-14 21:30:00+00:00,0.86599,0.86648,0.86584,0.8662
2026-03-14 21:45:00+00:00,0.86618,0.86622,0.86593,0.86619
2026-03-14 22:00:00+00:00,0.86618,0.86624,0.86618,0.86618
2026-03-14 22:15:00+00:00,0.86619,0.86623,0.86618,0.86619
2026-03-14 22:30:00+00:00,0.86619,0.86645,0.86614,0.86645
2026-03-14 22:45:00+00:00,0.86644,0.86647,0.86642,0.86645
2026-03-14 23:00:00+00:00,0.86643,0.86645,0.86637,0.86637
2026-03-14 23:15:00+00:00,0.86638,0.86675,0.8662,0.86662
2026-03-14 23:30:00+00:00,0.86662,0.86666,0.86661,0.86664
2026-03-14 23:45:00+00:00,0.86662,0.86666,0.86652,0.86654
2026-03-15 00:00:00+00:00,0.86653,0.86656,0.86651,0.86652
2026-03-15 00:15:00+00:00,0.86651,0.86653,0.86644,0.86645
2026-03-15 00:30:00+00:00,0.86645,0.8667,0.8652,0.86552
2026-03-15 00:45:00+00:00,0.8655,0.86554,0.86549,0.86552
2026-03-15 01:00:00+00:00,0.8655,0.86597,0.86523,0.86594
2026-03-15 01:15:00+00:00,0.86594,0.86597,0.86592,0.86593
2026-03-15 01:30:00+00:00,0.86594,0.86602,0.8659,0.86599
2026-03-15 01:45:00+00:00,0.86598,0.86605,0.86595,0.86603
2026-03-15 02:00:00+00:00,0.86601,0.86605,0.866,0.86602
2026-03-15 02:15:00+00:00,0.86601,0.86608,0.86599,0.86604
2026-03-15 02:30:00+00:00,0.86604,0.86608,0.86594,0.86595
2026-03-15 02:45:00+00:00,0.86591,0.86648,0.86591,0.86648
2026-03-15 03:00:00+00:00,0.86646,0.86649,0.86639,0.8664
2026-03-15 03:15:00+00:00,0.8664,0.86643,0.86638,0.86639
2026-03-15 03:30:00+00:00,0.8664,0.86658,0.86633,0.86657
2026-03-15 03:45:00+00:00,0.86656,0.8666,0.86655,0.86658
2026-03-15 04:00:00+00:00,0.86656,0.8666,0.86647,0.86649
2026-03-15 04:15:00+00:00,0.86648,0.86672,0.86572,0.86597
2026-03-15 04:30:00+00:00,0.86598,0.86602,0.86597,0.86598
2026-03-15 04:45:00+00:00,0.86598,0.8661,0.86588,0.86603
2026-03-15 05:00:00+00:00,0.86601,0.86605,0.866,0.86603
2026-03-15 05:15:00+00:00,0.86601,0.86609,0.86593,0.86604
2026-03-15 05:30:00+00:00,0.86604,0.86612,0.86598,0.86606
2026-03-15 05:45:00+00:00,0.86606,0.8661,0.86605,0.86608
2026-03-15 06:00:00+00:00,0.86606,0.8663,0.86591,0.86624
2026-03-15 06:15:00+00:00,0.86622,0.86626,0.86621,0.86622
2026-03-15 06:30:00+00:00,0.86622,0.86626,0.8662,0.86621
2026-03-15 06:45:00+00:00,0.86621,0.86625,0.86619,0.86621
2026-03-15 07:00:00+00:00,0.8662,0.86624,0.86619,0.86622
2026-03-15 07:15:00+00:00,0.8662,0.86623,0.86618,0.86619
2026-03-15 07:30:00+00:00,0.86619,0.86623,0.86609,0.8661
2026-03-15 07:45:00+00:00,0.8661,0.86633,0.86609,0.8663
2026-03-15 08:00:00+00:00,0.86629,0.86633,0.86623,0.86628
2026-03-15 08:15:00+00:00,0.86626,0.8663,0.86625,0.86627
2026-03-15 08:30:00+00:00,0.86626,0.86676,0.86622,0.86649
2026-03-15 08:45:00+00:00,0.86649,0.86653,0.86648,0.8665
2026-03-15 09:00:00+00:00,0.86649,0.86651,0.86641,0.86644
2026-03-15 09:15:00+00:00,0.86642,0.86646,0.86618,0.86642
2026-03-15 09:30:00+00:00,0.86641,0.86645,0.8664,0.8664
2026-03-15 09:45:00+00:00,0.86641,0.86644,0.86635,0.86636
2026-03-15 10:00:00+00:00,0.86636,0.8664,0.86635,0.86638
2026-03-15 10:15:00+00:00,0.86636,0.8664,0.86635,0.86637
2026-03-15 10:30:00+00:00,0.86636,0.8664,0.86635,0.86635
2026-03-15 10:45:00+00:00,0.86636,0.8664,0.86635,0.86636
2026-03-15 11:00:00+00:00,0.86636,0.8664,0.86635,0.86638
2026-03-15 11:15:00+00:00,0.86636,0.8664,0.86635,0.86637
2026-03-15 11:30:00+00:00,0.86636,0.86654,0.8645,0.8645
2026-03-15 11:45:00+00:00,0.86451,0.86454,0.86449,0.8645
2026-03-15 12:00:00+00:00,0.86451,0.86454,0.86449,0.86452
2026-03-15 12:15:00+00:00,0.86451,0.86454,0.86449,0.86452
2026-03-15 12:30:00+00:00,0.86451,0.86454,0.86449,0.8645
2026-03-15 12:45:00+00:00,0.86451,0.86454,0.86449,0.8645
2026-03-15 13:00:00+00:00,0.86451,0.86454,0.86449,0.86452
2026-03-15 13:15:00+00:00,0.86451,0.86461,0.86282,0.86305
2026-03-15 13:30:00+00:00,0.86303,0.86307,0.86302,0.86303
2026-03-15 13:45:00+00:00,0.86303,0.86307,0.86302,0.86302
2026-03-15 14:00:00+00:00,0.86303,0.86307,0.86302,0.86304
2026-03-15 14:15:00+00:00,0.86303,0.86307,0.86302,0.86305
2026-03-15 14:30:00+00:00,0.86303,0.86307,0.86302,0.86303
2026-03-15 14:45:00+00:00,0.86303,0.86332,0.85997,0.86046
2026-03-15 15:00:00+00:00,0.86047,0.8616,0.85951,0.86157
2026-03-15 15:15:00+00:00,0.86157,0.8616,0.86156,0.86159
2026-03-15 15:30:00+00:00,0.86157,0.8616,0.86156,0.86158
2026-03-15 15:45:00+00:00,0.86157,0.8616,0.86156,0.86156
2026-03-15 16:00:00+00:00,0.86157,0.862,0.86154,0.86191
2026-03-15 16:15:00+00:00,0.8619,0.86194,0.86189,0.86192
2026-03-15 16:30:00+00:00,0.8619,0.862,0.86095,0.86096
2026-03-15 16:45:00+00:00,0.86095,0.86152,0.86086,0.86148
2026-03-15 17:00:00+00:00,0.86152,0.86252,0.86146,0.8625
2026-03-15 17:15:00+00:00,0.8625,0.86254,0.86249,0.86252
2026-03-15 17:30:00+00:00,0.8625,0.86299,0.86249,0.86299
2026-03-15 17:45:00+00:00,0.86297,0.86342,0.86294,0.86334
2026-03-15 18:00:00+00:00,0.86335,0.86535,0.85838,0.86078
2026-03-15 18:15:00+00:00,0.86084,0.86369,0.86062,0.86334
2026-03-15 18:30:00+00:00,0.86335,0.86337,0.86236,0.86289
2026-03-15 18:45:00+00:00,0.86287,0.8632,0.86223,0.86249
2026-03-15 19:00:00+00:00,0.86251,0.86341,0.86201,0.86326
2026-03-15 19:15:00+00:00,0.86326,0.86384,0.86187,0.86274
2026-03-15 19:30:00+00:00,0.86275,0.86378,0.86248,0.86337
2026-03-15 19:45:00+00:00,0.86339,0.8634,0.86251,0.86281
2026-03-15 20:00:00+00:00,0.86279,0.86318,0.86259,0.86304
2026-03-15 20:15:00+00:00,0.86305,0.86325,0.86277,0.863
2026-03-15 20:30:00+00:00,0.86298,0.86354,0.86263,0.86328
2026-03-15 20:45:00+00:00,0.86322,0.86372,0.86287,0.86295
2026-03-15 21:00:00+00:00,0.86289,0.8631,0.86248,0.86303
2026-03-15 21:15:00+00:00,0.86301,0.86339,0.86274,0.86333
2026-03-15 21:30:00+00:00,0.86333,0.86357,0.86301,0.86341
2026-03-15 21:45:00+00:00,0.86338,0.864,0.86291,0.86309
2026-03-15 22:00:00+00:00,0.86311,0.86372,0.86303,0.86344
2026-03-15 22:15:00+00:00,0.86346,0.86365,0.86323,0.86325
2026-03-15 22:30:00+00:00,0.86325,0.86357,0.86324,0.86334
2026-03-15 22:45:00+00:00,0.86332,0.86342,0.86313,0.8633
2026-03-15 23:00:00+00:00,0.86329,0.86351,0.86318,0.8633
2026-03-15 23:15:00+00:00,0.86331,0.86338,0.86316,0.86326
2026-03-15 23:30:00+00:00,0.86326,0.86334,0.86309,0.86313
2026-03-15 23:45:00+00:00,0.8631,0.86335,0.8631,0.86324
2026-03-16 00:00:00+00:00,0.86322,0.86353,0.86316,0.86344
2026-03-16 00:15:00+00:00,0.86345,0.8637,0.86332,0.8636
2026-03-16 00:30:00+00:00,0.86361,0.86375,0.86352,0.86367
2026-03-16 00:45:00+00:00,0.86365,0.86378,0.86357,0.86367
2026-03-16 01:00:00+00:00,0.86365,0.86368,0.86327,0.86336
2026-03-16 01:15:00+00:00,0.86336,0.86356,0.86329,0.86352
2026-03-16 01:30:00+00:00,0.86352,0.86377,0.86345,0.86363
2026-03-16 01:45:00+00:00,0.86362,0.86369,0.86339,0.86354
2026-03-16 02:00:00+00:00,0.86352,0.86366,0.86335,0.86363
2026-03-16 02:15:00+00:00,0.86362,0.86375,0.86357,0.86369
2026-03-16 02:30:00+00:00,0.86369,0.86376,0.86359,0.8637
2026-03-16 02:45:00+00:00,0.86369,0.86379,0.86364,0.86377
2026-03-16 03:00:00+00:00,0.86375,0.86382,0.86358,0.86366
2026-03-16 03:15:00+00:00,0.86365,0.8637,0.86356,0.86356
2026-03-16 03:30:00+00:00,0.86357,0.86361,0.86343,0.86349
2026-03-16 03:45:00+00:00,0.86349,0.86354,0.86333,0.86349
2026-03-16 04:00:00+00:00,0.86348,0.86357,0.86342,0.86344
2026-03-16 04:15:00+00:00,0.86342,0.86356,0.86335,0.86352
2026-03-16 04:30:00+00:00,0.86352,0.86359,0.86346,0.86351
2026-03-16 04:45:00+00:00,0.86351,0.86355,0.86338,0.86347
2026-03-16 05:00:00+00:00,0.86346,0.86349,0.86326,0.86331
2026-03-16 05:15:00+00:00,0.86329,0.86337,0.86323,0.86326
2026-03-16 05:30:00+00:00,0.86326,0.86331,0.86304,0.86317
2026-03-16 05:45:00+00:00,0.86318,0.86328,0.86287,0.86296
2026-03-16 06:00:00+00:00,0.86294,0.86298,0.86266,0.86273
2026-03-16 06:15:00+00:00,0.86271,0.86291,0.86263,0.86288
2026-03-16 06:30:00+00:00,0.86289,0.86304,0.86272,0.86281
2026-03-16 06:45:00+00:00,0.86282,0.86285,0.86266,0.86275
2026-03-16 07:00:00+00:00,0.86274,0.86292,0.86262,0.86291
2026-03-16 07:15:00+00:00,0.86288,0.86307,0.86259,0.86285
2026-03-16 07:30:00+00:00,0.86286,0.86329,0.86248,0.86256
2026-03-16 07:45:00+00:00,0.86257,0.86294,0.8625,0.86274
2026-03-16 08:00:00+00:00,0.86271,0.86335,0.86261,0.86329
2026-03-16 08:15:00+00:00,0.86327,0.86383,0.86304,0.86354
2026-03-16 08:30:00+00:00,0.86353,0.86377,0.8634,0.86377
2026-03-16 08:45:00+00:00,0.86378,0.86393,0.86359,0.86365
2026-03-16 09:00:00+00:00,0.86364,0.86393,0.86357,0.86387
2026-03-16 09:15:00+00:00,0.86384,0.86407,0.86375,0.86397
2026-03-16 09:30:00+00:00,0.86397,0.86427,0.86389,0.86405
2026-03-16 09:45:00+00:00,0.86405,0.86433,0.86381,0.86429
2026-03-16 10:00:00+00:00,0.86429,0.86446,0.864,0.86443
2026-03-16 10:15:00+00:00,0.8644,0.86507,0.86435,0.86488
2026-03-16 10:30:00+00:00,0.86487,0.86499,0.86445,0.86459
2026-03-16 10:45:00+00:00,0.86459,0.86468,0.86444,0.86461
2026-03-16 11:00:00+00:00,0.86462,0.86477,0.8645,0.86474
2026-03-16 11:15:00+00:00,0.86472,0.86487,0.86461,0.86477
2026-03-16 11:30:00+00:00,0.86476,0.86483,0.86455,0.86466
2026-03-16 11:45:00+00:00,0.86466,0.8649,0.86442,0.86444
2026-03-16 12:00:00+00:00,0.86444,0.86461,0.86408,0.86429
2026-03-16 12:15:00+00:00,0.86427,0.86446,0.86418,0.86436
2026-03-16 12:30:00+00:00,0.86434,0.86466,0.86406,0.86409
2026-03-16 12:45:00+00:00,0.86408,0.86432,0.86383,0.86408
2026-03-16 13:00:00+00:00,0.86409,0.86427,0.86398,0.8641
2026-03-16 13:15:00+00:00,0.86409,0.86429,0.86391,0.86417
2026-03-16 13:30:00+00:00,0.86415,0.86423,0.86386,0.86388
2026-03-16 13:45:00+00:00,0.86387,0.86423,0.86373,0.86416
2026-03-16 14:00:00+00:00,0.86416,0.86425,0.86386,0.86422
2026-03-16 14:15:00+00:00,0.86421,0.86427,0.86384,0.86398
2026-03-16 14:30:00+00:00,0.86396,0.86412,0.86369,0.86384
2026-03-16 14:45:00+00:00,0.86383,0.86402,0.86355,0.86397
2026-03-16 15:00:00+00:00,0.86397,0.86411,0.86384,0.86403
2026-03-16 15:15:00+00:00,0.86403,0.86414,0.86372,0.86384
2026-03-16 15:30:00+00:00,0.86383,0.86385,0.86352,0.86364
2026-03-16 15:45:00+00:00,0.86364,0.86379,0.8632,0.86351
2026-03-16 16:00:00+00:00,0.86352,0.86379,0.86337,0.86373
2026-03-16 16:15:00+00:00,0.86372,0.86394,0.86348,0.8637
2026-03-16 16:30:00+00:00,0.86368,0.86402,0.86365,0.864
2026-03-16 16:45:00+00:00,0.86399,0.86424,0.86389,0.86396
2026-03-16 17:00:00+00:00,0.86397,0.86419,0.86362,0.86387
2026-03-16 17:15:00+00:00,0.86387,0.864,0.86364,0.864
2026-03-16 17:30:00+00:00,0.86399,0.86406,0.86384,0.86395
2026-03-16 17:45:00+00:00,0.86393,0.86405,0.8638,0.86395
2026-03-16 18:00:00+00:00,0.86395,0.86413,0.86379,0.86392
2026-03-16 18:15:00+00:00,0.86392,0.86433,0.8638,0.86411
2026-03-16 18:30:00+00:00,0.86411,0.86418,0.86396,0.86409
2026-03-16 18:45:00+00:00,0.86407,0.86416,0.86388,0.86392
2026-03-16 19:00:00+00:00,0.86393,0.8642,0.8638,0.86397
2026-03-16 19:15:00+00:00,0.86398,0.86406,0.86378,0.86394
2026-03-16 19:30:00+00:00,0.86393,0.864,0.86368,0.86378
2026-03-16 19:45:00+00:00,0.86376,0.86389,0.86346,0.86354
2026-03-16 20:00:00+00:00,0.86354,0.86381,0.86347,0.86378
2026-03-16 20:15:00+00:00,0.86379,0.86381,0.86361,0.86362
2026-03-16 20:30:00+00:00,0.86361,0.86372,0.86353,0.86368
2026-03-16 20:45:00+00:00,0.86367,0.86384,0.86356,0.86384
2026-03-16 21:00:00+00:00,0.86383,0.86451,0.86347,0.8639
2026-03-16 21:15:00+00:00,0.86391,0.86402,0.86386,0.86401
2026-03-16 21:30:00+00:00,0.86401,0.86407,0.86396,0.86404
2026-03-16 21:45:00+00:00,0.86403,0.86409,0.86393,0.86402
2026-03-16 22:00:00+00:00,0.86399,0.86402,0.86369,0.86389
2026-03-16 22:15:00+00:00,0.8639,0.86394,0.86378,0.86381
2026-03-16 22:30:00+00:00,0.86381,0.86385,0.86375,0.8638
2026-03-16 22:45:00+00:00,0.86379,0.86382,0.86366,0.86374
2026-03-16 23:00:00+00:00,0.86373,0.86384,0.8636,0.8637
2026-03-16 23:15:00+00:00,0.86372,0.8638,0.86368,0.86377
2026-03-16 23:30:00+00:00,0.86377,0.86379,0.86363,0.86367
2026-03-16 23:45:00+00:00,0.86364,0.86378,0.86362,0.86373
2026-03-17 00:00:00+00:00,0.86371,0.86378,0.86358,0.86365
2026-03-17 00:15:00+00:00,0.86365,0.86371,0.86357,0.86364
2026-03-17 00:30:00+00:00,0.86365,0.86374,0.86354,0.86373
2026-03-17 00:45:00+00:00,0.86372,0.86413,0.86362,0.86394
2026-03-17 01:00:00+00:00,0.86392,0.86408,0.86384,0.86404
2026-03-17 01:15:00+00:00,0.86405,0.86414,0.86392,0.86401
2026-03-17 01:30:00+00:00,0.86401,0.86405,0.86378,0.86382
2026-03-17 01:45:00+00:00,0.86381,0.86384,0.86364,0.86373
2026-03-17 02:00:00+00:00,0.86371,0.86376,0.86364,0.8637
2026-03-17 02:15:00+00:00,0.8637,0.86384,0.86359,0.86378
2026-03-17 02:30:00+00:00,0.86379,0.86389,0.86372,0.86388
2026-03-17 02:45:00+00:00,0.86387,0.86396,0.86383,0.86389
2026-03-17 03:00:00+00:00,0.86387,0.86393,0.8638,0.86384
2026-03-17 03:15:00+00:00,0.86384,0.86396,0.86375,0.86391
2026-03-17 03:30:00+00:00,0.86392,0.86405,0.86386,0.86398
2026-03-17 03:45:00+00:00,0.86398,0.86404,0.86386,0.86395
2026-03-17 04:00:00+00:00,0.86394,0.86397,0.86382,0.86387
2026-03-17 04:15:00+00:00,0.86386,0.86396,0.86385,0.86389
2026-03-17 04:30:00+00:00,0.8639,0.86395,0.86382,0.86383
2026-03-17 04:45:00+00:00,0.86383,0.86389,0.86365,0.86372
2026-03-17 05:00:00+00:00,0.8637,0.86375,0.8636,0.86369
2026-03-17 05:15:00+00:00,0.86367,0.8638,0.86358,0.86368
2026-03-17 05:30:00+00:00,0.86369,0.86379,0.86361,0.86367
2026-03-17 05:45:00+00:00,0.86368,0.86398,0.86354,0.86398
2026-03-17 06:00:00+00:00,0.86396,0.86422,0.86385,0.86386
2026-03-17 06:15:00+00:00,0.86384,0.86394,0.86362,0.86369
2026-03-17 06:30:00+00:00,0.86371,0.8639,0.86363,0.86377
2026-03-17 06:45:00+00:00,0.86377,0.86398,0.86372,0.86391
2026-03-17 07:00:00+00:00,0.86389,0.8642,0.86383,0.86408
2026-03-17 07:15:00+00:00,0.86405,0.86428,0.86371,0.86376
2026-03-17 07:30:00+00:00,0.86374,0.86383,0.86349,0.86377
2026-03-17 07:45:00+00:00,0.86377,0.86403,0.86373,0.8639
2026-03-17 08:00:00+00:00,0.86389,0.86416,0.86374,0.8639
2026-03-17 08:15:00+00:00,0.86389,0.86397,0.86364,0.86366
2026-03-17 08:30:00+00:00,0.86365,0.86394,0.86341,0.86375
2026-03-17 08:45:00+00:00,0.86376,0.86414,0.8636,0.8636
2026-03-17 09:00:00+00:00,0.86359,0.86385,0.86343,0.86376
2026-03-17 09:15:00+00:00,0.86375,0.86413,0.86355,0.86407
2026-03-17 09:30:00+00:00,0.86406,0.86407,0.86325,0.86339
2026-03-17 09:45:00+00:00,0.86339,0.8638,0.86331,0.86358
2026-03-17 10:00:00+00:00,0.86358,0.86368,0.86327,0.86338
2026-03-17 10:15:00+00:00,0.86337,0.86354,0.86323,0.86351
2026-03-17 10:30:00+00:00,0.8635,0.86372,0.86339,0.86363
2026-03-17 10:45:00+00:00,0.86364,0.8637,0.86335,0.86359
2026-03-17 11:00:00+00:00,0.86359,0.86374,0.86341,0.86347
2026-03-17 11:15:00+00:00,0.86343,0.86377,0.86339,0.86358
2026-03-17 11:30:00+00:00,0.86357,0.86364,0.86337,0.86338
2026-03-17 11:45:00+00:00,0.86338,0.86425,0.86334,0.86408
2026-03-17 12:00:00+00:00,0.86408,0.86451,0.86396,0.86411
2026-03-17 12:15:00+00:00,0.86409,0.86416,0.86391,0.86403
2026-03-17 12:30:00+00:00,0.86402,0.86413,0.8638,0.86404
2026-03-17 12:45:00+00:00,0.86405,0.8644,0.86401,0.86439
2026-03-17 13:00:00+00:00,0.86439,0.86473,0.86412,0.86412
2026-03-17 13:15:00+00:00,0.86411,0.86452,0.86403,0.86419
2026-03-17 13:30:00+00:00,0.86417,0.86422,0.86384,0.8641
2026-03-17 13:45:00+00:00,0.86409,0.86421,0.86385,0.86404
2026-03-17 14:00:00+00:00,0.86403,0.86421,0.86386,0.86396
2026-03-17 14:15:00+00:00,0.86396,0.86406,0.86342,0.8636
2026-03-17 14:30:00+00:00,0.86358,0.86373,0.8634,0.86369
2026-03-17 14:45:00+00:00,0.86368,0.86408,0.8635,0.86403
2026-03-17 15:00:00+00:00,0.86403,0.8642,0.86381,0.86395
2026-03-17 15:15:00+00:00,0.86395,0.86403,0.86368,0.86398
2026-03-17 15:30:00+00:00,0.86397,0.86402,0.86379,0.86387
2026-03-17 15:45:00+00:00,0.86386,0.86397,0.8637,0.86375
2026-03-17 16:00:00+00:00,0.86376,0.86399,0.86367,0.86382
2026-03-17 16:15:00+00:00,0.86382,0.86395,0.86357,0.8639
2026-03-17 16:30:00+00:00,0.86388,0.8641,0.86381,0.86402
2026-03-17 16:45:00+00:00,0.86401,0.86408,0.8637,0.86373
2026-03-17 17:00:00+00:00,0.86372,0.86383,0.86358,0.86369
2026-03-17 17:15:00+00:00,0.8637,0.86395,0.86362,0.86387
2026-03-17 17:30:00+00:00,0.86384,0.86417,0.86376,0.86395
2026-03-17 17:45:00+00:00,0.86393,0.86407,0.86375,0.86378
2026-03-17 18:00:00+00:00,0.86379,0.86408,0.86372,0.86395
2026-03-17 18:15:00+00:00,0.86395,0.86416,0.86391,0.86412
2026-03-17 18:30:00+00:00,0.86411,0.86413,0.86387,0.86397
2026-03-17 18:45:00+00:00,0.86395,0.86402,0.86388,0.8639
2026-03-17 19:00:00+00:00,0.8639,0.86402,0.86376,0.86381
2026-03-17 19:15:00+00:00,0.86382,0.86389,0.86358,0.86376
2026-03-17 19:30:00+00:00,0.86375,0.8638,0.86363,0.86376
2026-03-17 19:45:00+00:00,0.86375,0.86387,0.86366,0.86387
2026-03-17 20:00:00+00:00,0.86388,0.864,0.86375,0.86393
2026-03-17 20:15:00+00:00,0.86394,0.86404,0.86391,0.86403
2026-03-17 20:30:00+00:00,0.86403,0.86408,0.86396,0.86405
2026-03-17 20:45:00+00:00,0.86403,0.86416,0.86398,0.86406
2026-03-17 21:00:00+00:00,0.86405,0.86416,0.86366,0.86368
2026-03-17 21:15:00+00:00,0.86368,0.86377,0.86366,0.86374
2026-03-17 21:30:00+00:00,0.86374,0.86381,0.86367,0.86369
2026-03-17 21:45:00+00:00,0.86367,0.86373,0.86354,0.86359
2026-03-17 22:00:00+00:00,0.86358,0.86397,0.86356,0.86396
2026-03-17 22:15:00+00:00,0.86397,0.86404,0.86388,0.86396
2026-03-17 22:30:00+00:00,0.86396,0.86397,0.86375,0.86381
2026-03-17 22:45:00+00:00,0.8638,0.86385,0.86375,0.86383
2026-03-17 23:00:00+00:00,0.86381,0.8639,0.86374,0.86379
2026-03-17 23:15:00+00:00,0.8638,0.86393,0.86374,0.86385
2026-03-17 23:30:00+00:00,0.86386,0.86396,0.8638,0.86393
2026-03-17 23:45:00+00:00,0.86392,0.86395,0.8638,0.86386
2026-03-18 00:00:00+00:00,0.86385,0.8639,0.86369,0.86384
2026-03-18 00:15:00+00:00,0.86384,0.86402,0.86376,0.86388
2026-03-18 00:30:00+00:00,0.86388,0.86391,0.86371,0.86385
2026-03-18 00:45:00+00:00,0.86384,0.86388,0.86369,0.86378
2026-03-18 01:00:00+00:00,0.86377,0.86389,0.86357,0.86371
2026-03-18 01:15:00+00:00,0.86371,0.86379,0.86363,0.86373
2026-03-18 01:30:00+00:00,0.86374,0.86382,0.8637,0.86376
2026-03-18 01:45:00+00:00,0.86375,0.86387,0.86373,0.86378
2026-03-18 02:00:00+00:00,0.86376,0.86388,0.86366,0.86387
2026-03-18 02:15:00+00:00,0.86386,0.8639,0.86379,0.86385
2026-03-18 02:30:00+00:00,0.86385,0.86386,0.86366,0.86372
2026-03-18 02:45:00+00:00,0.86372,0.86378,0.86362,0.86372
2026-03-18 03:00:00+00:00,0.8637,0.8638,0.86368,0.86377
2026-03-18 03:15:00+00:00,0.86377,0.8638,0.86367,0.8637
2026-03-18 03:30:00+00:00,0.86371,0.86376,0.86368,0.86372
2026-03-18 03:45:00+00:00,0.86371,0.86376,0.86357,0.86364
2026-03-18 04:00:00+00:00,0.86363,0.86369,0.8635,0.86367
2026-03-18 04:15:00+00:00,0.86366,0.8637,0.86356,0.86357
2026-03-18 04:30:00+00:00,0.86358,0.86367,0.86356,0.86364
2026-03-18 04:45:00+00:00,0.86364,0.86371,0.86357,0.8637
2026-03-18 05:00:00+00:00,0.86368,0.86374,0.86345,0.8635
2026-03-18 05:15:00+00:00,0.86348,0.86356,0.86344,0.86352
2026-03-18 05:30:00+00:00,0.86352,0.86362,0.8635,0.86353
2026-03-18 05:45:00+00:00,0.86353,0.86367,0.86339,0.8634
2026-03-18 06:00:00+00:00,0.86338,0.86362,0.86338,0.86358
2026-03-18 06:15:00+00:00,0.86356,0.86363,0.86345,0.86348
2026-03-18 06:30:00+00:00,0.86348,0.86354,0.86327,0.86347
2026-03-18 06:45:00+00:00,0.86348,0.86367,0.86344,0.86365
2026-03-18 07:00:00+00:00,0.86364,0.86375,0.8635,0.86355
2026-03-18 07:15:00+00:00,0.86353,0.86367,0.8634,0.86348
2026-03-18 07:30:00+00:00,0.86347,0.86361,0.86317,0.86328
2026-03-18 07:45:00+00:00,0.86328,0.86351,0.86314,0.86314
2026-03-18 08:00:00+00:00,0.86313,0.86318,0.86285,0.86304
2026-03-18 08:15:00+00:00,0.86303,0.86338,0.86289,0.86333
2026-03-18 08:30:00+00:00,0.86333,0.86363,0.86328,0.86362
2026-03-18 08:45:00+00:00,0.86363,0.86393,0.86357,0.86384
2026-03-18 09:00:00+00:00,0.86384,0.86407,0.86378,0.86392
2026-03-18 09:15:00+00:00,0.86391,0.86401,0.86373,0.86382
2026-03-18 09:30:00+00:00,0.86381,0.86387,0.86367,0.86372
2026-03-18 09:45:00+00:00,0.86372,0.86383,0.86361,0.86375
2026-03-18 10:00:00+00:00,0.86375,0.86403,0.8637,0.86403
2026-03-18 10:15:00+00:00,0.86401,0.86405,0.86395,0.86403
2026-03-18 10:30:00+00:00,0.86402,0.86415,0.86394,0.86411
2026-03-18 10:45:00+00:00,0.86411,0.86424,0.86405,0.8641
2026-03-18 11:00:00+00:00,0.8641,0.86415,0.86379,0.86408
2026-03-18 11:15:00+00:00,0.86406,0.86456,0.86374,0.86399
2026-03-18 11:30:00+00:00,0.86398,0.8643,0.86382,0.86414
2026-03-18 11:45:00+00:00,0.86415,0.86437,0.86399,0.8643
2026-03-18 12:00:00+00:00,0.8643,0.86439,0.86388,0.86419
2026-03-18 12:15:00+00:00,0.86418,0.86458,0.86405,0.86435
2026-03-18 12:30:00+00:00,0.86434,0.86468,0.86405,0.86448
2026-03-18 12:45:00+00:00,0.86447,0.86484,0.86398,0.86424
2026-03-18 13:00:00+00:00,0.86425,0.86443,0.86379,0.86386
2026-03-18 13:15:00+00:00,0.86384,0.86398,0.8635,0.86375
2026-03-18 13:30:00+00:00,0.86372,0.86406,0.86369,0.86403
2026-03-18 13:45:00+00:00,0.86403,0.86419,0.86375,0.86397
2026-03-18 14:00:00+00:00,0.86397,0.86446,0.86379,0.86425
2026-03-18 14:15:00+00:00,0.86426,0.86506,0.86397,0.8649
2026-03-18 14:30:00+00:00,0.86489,0.86496,0.86466,0.86482
2026-03-18 14:45:00+00:00,0.86481,0.86486,0.86431,0.86434
2026-03-18 15:00:00+00:00,0.86434,0.86445,0.86399,0.86439
2026-03-18 15:15:00+00:00,0.86439,0.86465,0.86422,0.8646
2026-03-18 15:30:00+00:00,0.86457,0.8648,0.86447,0.86478
2026-03-18 15:45:00+00:00,0.86477,0.86483,0.8644,0.8644
2026-03-18 16:00:00+00:00,0.86438,0.86449,0.86386,0.86388
2026-03-18 16:15:00+00:00,0.86388,0.86409,0.86366,0.86389
2026-03-18 16:30:00+00:00,0.86388,0.86397,0.86362,0.86375
2026-03-18 16:45:00+00:00,0.86374,0.86377,0.86317,0.86323
2026-03-18 17:00:00+00:00,0.86323,0.86343,0.86316,0.86328
2026-03-18 17:15:00+00:00,0.86328,0.86346,0.86317,0.86321
2026-03-18 17:30:00+00:00,0.86322,0.8633,0.86286,0.86309
2026-03-18 17:45:00+00:00,0.86307,0.8633,0.86288,0.86313
2026-03-18 18:00:00+00:00,0.86314,0.86344,0.86298,0.86321
2026-03-18 18:15:00+00:00,0.86322,0.86352,0.86296,0.86345
2026-03-18 18:30:00+00:00,0.86344,0.8636,0.86302,0.86317
2026-03-18 18:45:00+00:00,0.86314,0.86366,0.86302,0.86355
2026-03-18 19:00:00+00:00,0.86356,0.86393,0.86341,0.86378
2026-03-18 19:15:00+00:00,0.86378,0.86394,0.86348,0.86367
2026-03-18 19:30:00+00:00,0.86366,0.86386,0.86356,0.86382
2026-03-18 19:45:00+00:00,0.8638,0.86405,0.86366,0.8639
2026-03-18 20:00:00+00:00,0.86389,0.86419,0.86355,0.86409
2026-03-18 20:15:00+00:00,0.8641,0.86418,0.86383,0.86398
2026-03-18 20:30:00+00:00,0.86397,0.86411,0.86387,0.86404
2026-03-18 20:45:00+00:00,0.86401,0.86413,0.86377,0.86378
2026-03-18 21:00:00+00:00,0.86378,0.8641,0.86292,0.86396
2026-03-18 21:15:00+00:00,0.86398,0.86433,0.8639,0.86418
2026-03-18 21:30:00+00:00,0.86418,0.86462,0.86409,0.86444
2026-03-18 21:45:00+00:00,0.86442,0.86446,0.86401,0.8642
2026-03-18 22:00:00+00:00,0.86419,0.86452,0.86391,0.86432
2026-03-18 22:15:00+00:00,0.86431,0.8644,0.86409,0.86413
2026-03-18 22:30:00+00:00,0.86413,0.86421,0.86407,0.8642
2026-03-18 22:45:00+00:00,0.86419,0.86424,0.86405,0.8641
2026-03-18 23:00:00+00:00,0.86408,0.86423,0.8639,0.86414
2026-03-18 23:15:00+00:00,0.86415,0.86427,0.8641,0.86422
2026-03-18 23:30:00+00:00,0.86423,0.86431,0.86418,0.86426
2026-03-18 23:45:00+00:00,0.86425,0.86441,0.86405,0.86426
2026-03-19 00:00:00+00:00,0.86424,0.86437,0.86392,0.86396
2026-03-19 00:15:00+00:00,0.86396,0.86421,0.86389,0.8641
2026-03-19 00:30:00+00:00,0.8641,0.86429,0.86402,0.86415
2026-03-19 00:45:00+00:00,0.86414,0.86424,0.86374,0.86379
2026-03-19 01:00:00+00:00,0.86377,0.86393,0.86359,0.86386
2026-03-19 01:15:00+00:00,0.86386,0.86394,0.86375,0.86379
2026-03-19 01:30:00+00:00,0.8638,0.86402,0.86376,0.8639
2026-03-19 01:45:00+00:00,0.86389,0.86401,0.86383,0.86392
2026-03-19 02:00:00+00:00,0.8639,0.86453,0.86359,0.86419
2026-03-19 02:15:00+00:00,0.86419,0.86431,0.86408,0.86416
2026-03-19 02:30:00+00:00,0.86417,0.86423,0.86405,0.86423
2026-03-19 02:45:00+00:00,0.86423,0.86431,0.86409,0.86418
2026-03-19 03:00:00+00:00,0.86416,0.86424,0.86396,0.86399
2026-03-19 03:15:00+00:00,0.86398,0.86406,0.86381,0.86383
2026-03-19 03:30:00+00:00,0.86384,0.86392,0.86375,0.86382
2026-03-19 03:45:00+00:00,0.86382,0.86397,0.86376,0.86395
2026-03-19 04:00:00+00:00,0.86393,0.86417,0.86387,0.86413
2026-03-19 04:15:00+00:00,0.86411,0.86433,0.86409,0.86424
2026-03-19 04:30:00+00:00,0.86424,0.86433,0.86419,0.8642
2026-03-19 04:45:00+00:00,0.8642,0.86427,0.86409,0.86414
2026-03-19 05:00:00+00:00,0.86412,0.86428,0.86409,0.86424
2026-03-19 05:15:00+00:00,0.86423,0.86426,0.86413,0.86426
2026-03-19 05:30:00+00:00,0.86426,0.86443,0.86417,0.86432
2026-03-19 05:45:00+00:00,0.86432,0.86448,0.86419,0.8644
2026-03-19 06:00:00+00:00,0.86438,0.86457,0.8643,0.86441
2026-03-19 06:15:00+00:00,0.8644,0.86455,0.86425,0.86431
2026-03-19 06:30:00+00:00,0.8643,0.86441,0.86406,0.86416
2026-03-19 06:45:00+00:00,0.86417,0.86431,0.86407,0.86424
2026-03-19 07:00:00+00:00,0.86423,0.86496,0.86389,0.86457
2026-03-19 07:15:00+00:00,0.86455,0.86484,0.86423,0.86436
2026-03-19 07:30:00+00:00,0.86435,0.86438,0.86362,0.86372
2026-03-19 07:45:00+00:00,0.86373,0.86402,0.86351,0.86351
2026-03-19 08:00:00+00:00,0.8635,0.86383,0.86334,0.86343
2026-03-19 08:15:00+00:00,0.86342,0.86388,0.86315,0.86384
2026-03-19 08:30:00+00:00,0.86383,0.86418,0.86374,0.86397
2026-03-19 08:45:00+00:00,0.86398,0.86425,0.86385,0.86407
2026-03-19 09:00:00+00:00,0.86407,0.86435,0.86385,0.86431
2026-03-19 09:15:00+00:00,0.86429,0.8646,0.86381,0.86413
2026-03-19 09:30:00+00:00,0.86412,0.86432,0.86394,0.86403
2026-03-19 09:45:00+00:00,0.86404,0.86441,0.86374,0.86398
2026-03-19 10:00:00+00:00,0.86398,0.86424,0.86367,0.86375
2026-03-19 10:15:00+00:00,0.86374,0.86415,0.86364,0.86411
2026-03-19 10:30:00+00:00,0.86409,0.86427,0.86387,0.86421
2026-03-19 10:45:00+00:00,0.86423,0.86437,0.86391,0.86405
2026-03-19 11:00:00+00:00,0.86405,0.86427,0.86393,0.86422
2026-03-19 11:15:00+00:00,0.8642,0.86431,0.86388,0.86401
2026-03-19 11:30:00+00:00,0.86399,0.86411,0.86367,0.86375
2026-03-19 11:45:00+00:00,0.86376,0.86408,0.86344,0.86362
2026-03-19 12:00:00+00:00,0.86357,0.8637,0.86261,0.86274
2026-03-19 12:15:00+00:00,0.8627,0.86327,0.8627,0.86306
2026-03-19 12:30:00+00:00,0.86305,0.86406,0.86285,0.86403
2026-03-19 12:45:00+00:00,0.86401,0.86415,0.86339,0.86361
2026-03-19 13:00:00+00:00,0.86362,0.86427,0.86333,0.86386
2026-03-19 13:15:00+00:00,0.86385,0.86408,0.86273,0.8633
2026-03-19 13:30:00+00:00,0.86328,0.86389,0.86283,0.86326
2026-03-19 13:45:00+00:00,0.86326,0.86356,0.86281,0.86296
2026-03-19 14:00:00+00:00,0.86297,0.86336,0.86178,0.86212
2026-03-19 14:15:00+00:00,0.86211,0.86263,0.86183,0.86218
2026-03-19 14:30:00+00:00,0.86218,0.86248,0.86164,0.86233
2026-03-19 14:45:00+00:00,0.86232,0.86255,0.86196,0.8623
2026-03-19 15:00:00+00:00,0.8623,0.8625,0.86164,0.86168
2026-03-19 15:15:00+00:00,0.86168,0.86204,0.86116,0.86135
2026-03-19 15:30:00+00:00,0.86132,0.86171,0.86121,0.86138
2026-03-19 15:45:00+00:00,0.86137,0.86198,0.8613,0.86179
2026-03-19 16:00:00+00:00,0.86178,0.86199,0.86158,0.8619
2026-03-19 16:15:00+00:00,0.8619,0.86227,0.86153,0.86218
2026-03-19 16:30:00+00:00,0.8621,0.86268,0.86206,0.86246
2026-03-19 16:45:00+00:00,0.86245,0.86302,0.86229,0.86263
2026-03-19 17:00:00+00:00,0.86263,0.86311,0.86251,0.86296
2026-03-19 17:15:00+00:00,0.86297,0.86323,0.86245,0.86275
2026-03-19 17:30:00+00:00,0.86274,0.8629,0.86248,0.86269
2026-03-19 17:45:00+00:00,0.86267,0.86277,0.86243,0.86254
2026-03-19 18:00:00+00:00,0.86255,0.86273,0.86228,0.86249
2026-03-19 18:15:00+00:00,0.86249,0.8628,0.86205,0.86213
2026-03-19 18:30:00+00:00,0.86213,0.86253,0.86197,0.8625
2026-03-19 18:45:00+00:00,0.86248,0.86266,0.8624,0.86258
2026-03-19 19:00:00+00:00,0.86258,0.86337,0.86238,0.8626
2026-03-19 19:15:00+00:00,0.86262,0.86308,0.86209,0.86228
2026-03-19 19:30:00+00:00,0.86228,0.86245,0.862,0.86243
2026-03-19 19:45:00+00:00,0.86241,0.86266,0.8621,0.86235
2026-03-19 20:00:00+00:00,0.86235,0.86268,0.86228,0.86243
2026-03-19 20:15:00+00:00,0.86243,0.86279,0.86236,0.86268
2026-03-19 20:30:00+00:00,0.86268,0.86293,0.86264,0.86277
2026-03-19 20:45:00+00:00,0.86275,0.86287,0.8624,0.86284
2026-03-19 21:00:00+00:00,0.86283,0.86414,0.862,0.86265
2026-03-19 21:15:00+00:00,0.86267,0.86284,0.86245,0.86272
2026-03-19 21:30:00+00:00,0.86272,0.86273,0.86223,0.86246
2026-03-19 21:45:00+00:00,0.86242,0.86292,0.8623,0.86267
2026-03-19 22:00:00+00:00,0.86266,0.86396,0.86236,0.86247
2026-03-19 22:15:00+00:00,0.86247,0.86254,0.86237,0.86242
2026-03-19 22:30:00+00:00,0.86242,0.8625,0.86227,0.86236
2026-03-19 22:45:00+00:00,0.86233,0.86249,0.86227,0.8624
2026-03-19 23:00:00+00:00,0.86238,0.86299,0.86219,0.86236
2026-03-19 23:15:00+00:00,0.86237,0.86242,0.8623,0.86233
2026-03-19 23:30:00+00:00,0.86233,0.86242,0.86223,0.8624
2026-03-19 23:45:00+00:00,0.86238,0.86251,0.86229,0.86237
2026-03-20 00:00:00+00:00,0.86236,0.86247,0.86211,0.86231
2026-03-20 00:15:00+00:00,0.86232,0.86246,0.86225,0.86236
2026-03-20 00:30:00+00:00,0.86237,0.86244,0.86221,0.86229
2026-03-20 00:45:00+00:00,0.86229,0.86233,0.86208,0.8622
2026-03-20 01:00:00+00:00,0.86218,0.86228,0.86198,0.86205
2026-03-20 01:15:00+00:00,0.86205,0.86215,0.86195,0.86203
2026-03-20 01:30:00+00:00,0.86203,0.86212,0.86197,0.86204
2026-03-20 01:45:00+00:00,0.86203,0.86215,0.862,0.86209
2026-03-20 02:00:00+00:00,0.86207,0.86219,0.862,0.86212
2026-03-20 02:15:00+00:00,0.86211,0.86227,0.86211,0.86215
2026-03-20 02:30:00+00:00,0.86217,0.86237,0.86212,0.86216
2026-03-20 02:45:00+00:00,0.86216,0.86227,0.8621,0.86226
2026-03-20 03:00:00+00:00,0.86224,0.86229,0.86216,0.86222
2026-03-20 03:15:00+00:00,0.86221,0.86226,0.86214,0.86219
2026-03-20 03:30:00+00:00,0.86219,0.86223,0.8621,0.86218
2026-03-20 03:45:00+00:00,0.86218,0.86222,0.86211,0.8622
2026-03-20 04:00:00+00:00,0.86218,0.86227,0.86217,0.86222
2026-03-20 04:15:00+00:00,0.8622,0.86227,0.86217,0.86224
2026-03-20 04:30:00+00:00,0.86226,0.86234,0.8622,0.86226
2026-03-20 04:45:00+00:00,0.86226,0.8623,0.86212,0.8622
2026-03-20 05:00:00+00:00,0.86219,0.86227,0.86211,0.86218
2026-03-20 05:15:00+00:00,0.86216,0.86223,0.86207,0.86216
2026-03-20 05:30:00+00:00,0.86216,0.86223,0.86208,0.86218
2026-03-20 05:45:00+00:00,0.86219,0.86229,0.86213,0.86217
2026-03-20 06:00:00+00:00,0.86216,0.86223,0.86201,0.86211
2026-03-20 06:15:00+00:00,0.86209,0.86223,0.86204,0.8622
2026-03-20 06:30:00+00:00,0.8622,0.86255,0.86211,0.86252
2026-03-20 06:45:00+00:00,0.86253,0.86264,0.86247,0.86247
2026-03-20 07:00:00+00:00,0.86246,0.86275,0.86223,0.86245
2026-03-20 07:15:00+00:00,0.86243,0.86246,0.86202,0.86212
2026-03-20 07:30:00+00:00,0.8621,0.86221,0.86182,0.86188
2026-03-20 07:45:00+00:00,0.86188,0.86201,0.8616,0.86195
2026-03-20 08:00:00+00:00,0.86195,0.86197,0.86147,0.86159
2026-03-20 08:15:00+00:00,0.86157,0.86203,0.86148,0.86197
2026-03-20 08:30:00+00:00,0.86196,0.86215,0.86162,0.86207
2026-03-20 08:45:00+00:00,0.86208,0.8623,0.86187,0.86218
2026-03-20 09:00:00+00:00,0.86218,0.86266,0.86205,0.8626
2026-03-20 09:15:00+00:00,0.86258,0.86288,0.86248,0.86286
2026-03-20 09:30:00+00:00,0.86285,0.86289,0.86257,0.86259
2026-03-20 09:45:00+00:00,0.86261,0.86302,0.86247,0.86291
2026-03-20 10:00:00+00:00,0.86291,0.86341,0.8628,0.86332
2026-03-20 10:15:00+00:00,0.8633,0.86349,0.86325,0.86333
2026-03-20 10:30:00+00:00,0.86332,0.86387,0.8633,0.8638
2026-03-20 10:45:00+00:00,0.86382,0.86417,0.86378,0.86405
2026-03-20 11:00:00+00:00,0.86405,0.86423,0.86383,0.86393
2026-03-20 11:15:00+00:00,0.8639,0.86417,0.86387,0.86395
2026-03-20 11:30:00+00:00,0.86394,0.86434,0.8638,0.8642
2026-03-20 11:45:00+00:00,0.8642,0.86433,0.86381,0.86386
2026-03-20 12:00:00+00:00,0.86387,0.86397,0.86333,0.86349
2026-03-20 12:15:00+00:00,0.86347,0.86409,0.86339,0.86404
2026-03-20 12:30:00+00:00,0.86402,0.86441,0.86393,0.86427
2026-03-20 12:45:00+00:00,0.86426,0.8645,0.86398,0.86431
2026-03-20 13:00:00+00:00,0.86431,0.86465,0.86414,0.86464
2026-03-20 13:15:00+00:00,0.86463,0.8648,0.86439,0.86456
2026-03-20 13:30:00+00:00,0.86455,0.86483,0.86432,0.86462
2026-03-20 13:45:00+00:00,0.8646,0.86475,0.86382,0.86443
2026-03-20 14:00:00+00:00,0.86443,0.86572,0.86418,0.86567
2026-03-20 14:15:00+00:00,0.86566,0.86622,0.86536,0.8661
2026-03-20 14:30:00+00:00,0.86607,0.86635,0.86593,0.86627
2026-03-20 14:45:00+00:00,0.86626,0.86677,0.86615,0.86663
2026-03-20 15:00:00+00:00,0.86665,0.8669,0.86629,0.86636
2026-03-20 15:15:00+00:00,0.86637,0.86663,0.86575,0.86648
2026-03-20 15:30:00+00:00,0.86646,0.86677,0.8663,0.86668
2026-03-20 15:45:00+00:00,0.86667,0.86772,0.86659,0.86771
2026-03-20 16:00:00+00:00,0.86771,0.86801,0.86745,0.86759
2026-03-20 16:15:00+00:00,0.86759,0.86775,0.86742,0.86766
2026-03-20 16:30:00+00:00,0.86767,0.86786,0.86736,0.86764
2026-03-20 16:45:00+00:00,0.86763,0.86789,0.86748,0.86763
2026-03-20 17:00:00+00:00,0.86763,0.86771,0.86714,0.86743
2026-03-20 17:15:00+00:00,0.86743,0.86762,0.86731,0.86735
2026-03-20 17:30:00+00:00,0.86735,0.86746,0.86663,0.86671
2026-03-20 17:45:00+00:00,0.8667,0.86684,0.86656,0.86658
2026-03-20 18:00:00+00:00,0.86658,0.86669,0.86619,0.86629
2026-03-20 18:15:00+00:00,0.86629,0.86671,0.86585,0.86667
2026-03-20 18:30:00+00:00,0.86666,0.86704,0.8665,0.86679
2026-03-20 18:45:00+00:00,0.86676,0.86689,0.86637,0.86669
2026-03-20 19:00:00+00:00,0.8667,0.867,0.8666,0.86665
2026-03-20 19:15:00+00:00,0.86665,0.86678,0.86646,0.86666
2026-03-20 19:30:00+00:00,0.86664,0.86701,0.86661,0.86681
2026-03-20 19:45:00+00:00,0.8668,0.86694,0.8664,0.86681
2026-03-20 20:00:00+00:00,0.86681,0.86696,0.86663,0.86691
2026-03-20 20:15:00+00:00,0.86692,0.86713,0.86689,0.86708
2026-03-20 20:30:00+00:00,0.86708,0.8672,0.8669,0.86699
2026-03-20 20:45:00+00:00,0.86698,0.86733,0.86689,0.8673
2026-03-20 21:00:00+00:00,0.86729,0.86781,0.86679,0.86755
2026-03-20 21:15:00+00:00,0.86754,0.86847,0.86741,0.86836
2026-03-20 21:30:00+00:00,0.86837,0.86967,0.86713,0.8686
2026-03-20 21:45:00+00:00,0.86847,0.87058,0.86798,0.86952
2026-03-20 22:00:00+00:00,0.86951,0.87024,0.86853,0.86978
2026-03-20 22:15:00+00:00,0.86984,0.87039,0.86968,0.86999
2026-03-20 22:30:00+00:00,0.86999,0.87057,0.86949,0.86981
2026-03-20 22:45:00+00:00,0.86975,0.87043,0.86958,0.87008
2026-03-20 23:00:00+00:00,0.87007,0.87049,0.86868,0.86984
2026-03-20 23:15:00+00:00,0.86987,0.87012,0.86956,0.86998
2026-03-20 23:30:00+00:00,0.86997,0.87015,0.86925,0.86978
2026-03-20 23:45:00+00:00,0.86965,0.87106,0.86908,0.87
2026-03-21 00:00:00+00:00,0.86996,0.87019,0.86863,0.8687
2026-03-21 00:15:00+00:00,0.8687,0.86873,0.86865,0.86867
2026-03-21 00:30:00+00:00,0.86868,0.8687,0.86865,0.86867
2026-03-21 00:45:00+00:00,0.86866,0.86873,0.86865,0.86869
2026-03-21 01:00:00+00:00,0.86867,0.8687,0.86865,0.86867
2026-03-21 01:15:00+00:00,0.86866,0.86875,0.86865,0.86866
2026-03-21 01:30:00+00:00,0.86866,0.86881,0.86865,0.86873
2026-03-21 01:45:00+00:00,0.86873,0.86874,0.86865,0.86868
2026-03-21 02:00:00+00:00,0.86866,0.86875,0.86865,0.86868
2026-03-21 02:15:00+00:00,0.86867,0.8687,0.86865,0.86866
2026-03-21 02:30:00+00:00,0.86866,0.86873,0.86865,0.86867
2026-03-21 02:45:00+00:00,0.86866,0.86873,0.86865,0.8687
2026-03-21 03:00:00+00:00,0.86868,0.86872,0.86865,0.86867
2026-03-21 03:15:00+00:00,0.86866,0.86883,0.86865,0.86866
2026-03-21 03:30:00+00:00,0.86867,0.8687,0.86865,0.86866
2026-03-21 03:45:00+00:00,0.86866,0.86873,0.86866,0.86868
2026-03-21 04:00:00+00:00,0.86866,0.86873,0.86865,0.86869
2026-03-21 04:15:00+00:00,0.86868,0.8687,0.86865,0.86866
2026-03-21 04:30:00+00:00,0.86866,0.86873,0.86865,0.86866
2026-03-21 04:45:00+00:00,0.86867,0.8687,0.86865,0.86868
2026-03-21 05:00:00+00:00,0.86865,0.86885,0.86865,0.86868
2026-03-21 05:15:00+00:00,0.86866,0.86877,0.86753,0.8686
2026-03-21 05:30:00+00:00,0.8686,0.86874,0.86766,0.86836
2026-03-21 05:45:00+00:00,0.86836,0.86871,0.86818,0.86867
2026-03-21 06:00:00+00:00,0.86866,0.8687,0.86865,0.86868
2026-03-21 06:15:00+00:00,0.86866,0.86875,0.86866,0.86867
2026-03-21 06:30:00+00:00,0.86866,0.86879,0.86865,0.8687
2026-03-21 06:45:00+00:00,0.86871,0.86876,0.86865,0.86867
2026-03-21 07:00:00+00:00,0.86866,0.86876,0.86865,0.86869
2026-03-21 07:15:00+00:00,0.86867,0.8687,0.86865,0.86867
2026-03-21 07:30:00+00:00,0.86866,0.86878,0.86865,0.86866
2026-03-21 07:45:00+00:00,0.86866,0.86874,0.86865,0.86871
2026-03-21 08:00:00+00:00,0.8687,0.86872,0.86865,0.86868
2026-03-21 08:15:00+00:00,0.86866,0.86875,0.86814,0.86854
2026-03-21 08:30:00+00:00,0.86853,0.86869,0.86853,0.86865
2026-03-21 08:45:00+00:00,0.86866,0.86879,0.86865,0.86867
2026-03-21 09:00:00+00:00,0.86866,0.86876,0.86818,0.86868
2026-03-21 09:15:00+00:00,0.86866,0.8687,0.86864,0.86867
2026-03-21 09:30:00+00:00,0.86866,0.86875,0.86865,0.86866
2026-03-21 09:45:00+00:00,0.86867,0.8687,0.86865,0.86866
2026-03-21 10:00:00+00:00,0.86866,0.86879,0.86866,0.86868
2026-03-21 10:15:00+00:00,0.86866,0.86882,0.86865,0.86872
2026-03-21 10:30:00+00:00,0.8687,0.86873,0.86865,0.86866
2026-03-21 10:45:00+00:00,0.86866,0.86874,0.86865,0.86867
2026-03-21 11:00:00+00:00,0.86867,0.8687,0.86865,0.86868
2026-03-21 11:15:00+00:00,0.86866,0.86873,0.86865,0.86868
2026-03-21 11:30:00+00:00,0.86866,0.86894,0.8686,0.86876
2026-03-21 11:45:00+00:00,0.86876,0.86884,0.86865,0.86866
2026-03-21 12:00:00+00:00,0.86866,0.86875,0.86865,0.86868
2026-03-21 12:15:00+00:00,0.86867,0.8687,0.86865,0.86868
2026-03-21 12:30:00+00:00,0.86866,0.86878,0.86866,0.86875
2026-03-21 12:45:00+00:00,0.86874,0.86887,0.86873,0.8688
2026-03-21 13:00:00+00:00,0.86881,0.86884,0.86879,0.86881
2026-03-21 13:15:00+00:00,0.86881,0.86899,0.86868,0.86892
2026-03-21 13:30:00+00:00,0.8689,0.86894,0.86889,0.86891
2026-03-21 13:45:00+00:00,0.8689,0.86897,0.86888,0.86893
2026-03-21 14:00:00+00:00,0.86893,0.86898,0.86892,0.86896
2026-03-21 14:15:00+00:00,0.86896,0.869,0.86895,0.86898
2026-03-21 14:30:00+00:00,0.86896,0.86902,0.86894,0.86899
2026-03-21 14:45:00+00:00,0.86898,0.86902,0.86897,0.86897
2026-03-21 15:00:00+00:00,0.86898,0.86903,0.86877,0.86899
2026-03-21 15:15:00+00:00,0.86899,0.86903,0.86898,0.86902
2026-03-21 15:30:00+00:00,0.869,0.86904,0.86899,0.86902
2026-03-21 15:45:00+00:00,0.869,0.86904,0.86864,0.86864
2026-03-21 16:00:00+00:00,0.86864,0.86868,0.86863,0.86864
2026-03-21 16:15:00+00:00,0.86864,0.86879,0.86864,0.86874
2026-03-21 16:30:00+00:00,0.86873,0.869,0.86851,0.86888
2026-03-21 16:45:00+00:00,0.86886,0.8689,0.86863,0.86886
2026-03-21 17:00:00+00:00,0.86895,0.86985,0.86884,0.86928
2026-03-21 17:15:00+00:00,0.86929,0.86934,0.86794,0.8682
2026-03-21 17:30:00+00:00,0.86819,0.8684,0.86816,0.86838
2026-03-21 17:45:00+00:00,0.86836,0.8684,0.86808,0.86832
2026-03-21 18:00:00+00:00,0.86832,0.86884,0.86815,0.8688
2026-03-21 18:15:00+00:00,0.8688,0.86917,0.86819,0.8682
2026-03-21 18:30:00+00:00,0.86819,0.86823,0.86818,0.86821
2026-03-21 18:45:00+00:00,0.86819,0.86845,0.86818,0.86837
2026-03-21 19:00:00+00:00,0.86836,0.86935,0.86833,0.86888
2026-03-21 19:15:00+00:00,0.86888,0.86892,0.86878,0.86889
2026-03-21 19:30:00+00:00,0.86888,0.86896,0.86883,0.86894
2026-03-21 19:45:00+00:00,0.86892,0.86896,0.86891,0.86893
2026-03-21 20:00:00+00:00,0.86892,0.86931,0.86889,0.8692
2026-03-21 20:15:00+00:00,0.86921,0.86924,0.86918,0.86918
2026-03-21 20:30:00+00:00,0.86918,0.86923,0.86916,0.8692
2026-03-21 20:45:00+00:00,0.86918,0.86921,0.86849,0.86851
2026-03-21 21:00:00+00:00,0.86849,0.86898,0.86845,0.86894
2026-03-21 21:15:00+00:00,0.86894,0.86902,0.86887,0.86896
2026-03-21 21:30:00+00:00,0.86896,0.86919,0.8686,0.86894
2026-03-21 21:45:00+00:00,0.86892,0.86896,0.86863,0.86894
2026-03-21 22:00:00+00:00,0.86892,0.8694,0.86888,0.8693
2026-03-21 22:15:00+00:00,0.86931,0.86934,0.86929,0.8693
2026-03-21 22:30:00+00:00,0.86931,0.86933,0.86924,0.86927
2026-03-21 22:45:00+00:00,0.86926,0.86929,0.86867,0.8687
2026-03-21 23:00:00+00:00,0.86868,0.86924,0.86867,0.8692
2026-03-21 23:15:00+00:00,0.86921,0.86924,0.86889,0.8691
2026-03-21 23:30:00+00:00,0.86911,0.86914,0.8691,0.86912
2026-03-21 23:45:00+00:00,0.86911,0.86914,0.86908,0.86912
2026-03-22 00:00:00+00:00,0.8691,0.86913,0.86909,0.8691
2026-03-22 00:15:00+00:00,0.8691,0.86913,0.86898,0.86902
2026-03-22 00:30:00+00:00,0.86903,0.86906,0.86826,0.86845
2026-03-22 00:45:00+00:00,0.86844,0.86847,0.86843,0.86846
2026-03-22 01:00:00+00:00,0.86844,0.86875,0.86829,0.86872
2026-03-22 01:15:00+00:00,0.86871,0.86875,0.8687,0.86871
2026-03-22 01:30:00+00:00,0.86873,0.86885,0.8687,0.86879
2026-03-22 01:45:00+00:00,0.86878,0.86887,0.86877,0.86886
2026-03-22 02:00:00+00:00,0.86884,0.86888,0.8688,0.86883
2026-03-22 02:15:00+00:00,0.86882,0.8689,0.8688,0.86886
2026-03-22 02:30:00+00:00,0.86886,0.8689,0.86875,0.86876
2026-03-22 02:45:00+00:00,0.86875,0.86896,0.86858,0.86861
2026-03-22 03:00:00+00:00,0.86859,0.86879,0.86858,0.8687
2026-03-22 03:15:00+00:00,0.86868,0.86872,0.86867,0.86868
2026-03-22 03:30:00+00:00,0.86868,0.8688,0.86867,0.86876
2026-03-22 03:45:00+00:00,0.86876,0.8688,0.86875,0.86878
2026-03-22 04:00:00+00:00,0.86876,0.86888,0.86875,0.86883
2026-03-22 04:15:00+00:00,0.86882,0.86903,0.8687,0.869
2026-03-22 04:30:00+00:00,0.869,0.86904,0.86899,0.869
2026-03-22 04:45:00+00:00,0.869,0.86905,0.86899,0.86903
2026-03-22 05:00:00+00:00,0.86901,0.86905,0.869,0.86903
2026-03-22 05:15:00+00:00,0.86901,0.86906,0.86901,0.86902
2026-03-22 05:30:00+00:00,0.86902,0.86907,0.86901,0.86902
2026-03-22 05:45:00+00:00,0.86903,0.86907,0.86902,0.86904
2026-03-22 06:00:00+00:00,0.86903,0.86906,0.8689,0.86903
2026-03-22 06:15:00+00:00,0.86901,0.86905,0.869,0.86901
2026-03-22 06:30:00+00:00,0.86901,0.86906,0.869,0.86901
2026-03-22 06:45:00+00:00,0.86902,0.86906,0.86901,0.86903
2026-03-22 07:00:00+00:00,0.86903,0.86907,0.86902,0.86905
2026-03-22 07:15:00+00:00,0.86903,0.86907,0.869,0.86901
2026-03-22 07:30:00+00:00,0.869,0.86904,0.86888,0.86889
2026-03-22 07:45:00+00:00,0.86889,0.86903,0.86888,0.86899
2026-03-22 08:00:00+00:00,0.86899,0.86904,0.86897,0.86902
2026-03-22 08:15:00+00:00,0.869,0.86904,0.86899,0.86902
2026-03-22 08:30:00+00:00,0.869,0.86905,0.86898,0.86901
2026-03-22 08:45:00+00:00,0.86902,0.86905,0.869,0.86902
2026-03-22 09:00:00+00:00,0.86902,0.86906,0.869,0.86904
2026-03-22 09:15:00+00:00,0.86902,0.86906,0.8689,0.86896
2026-03-22 09:30:00+00:00,0.86894,0.86898,0.86893,0.86894
2026-03-22 09:45:00+00:00,0.86894,0.869,0.86893,0.86896
2026-03-22 10:00:00+00:00,0.86897,0.869,0.86895,0.86898
2026-03-22 10:15:00+00:00,0.86897,0.869,0.86895,0.86898
2026-03-22 10:30:00+00:00,0.86897,0.869,0.86895,0.86896
2026-03-22 10:45:00+00:00,0.86897,0.869,0.86895,0.86896
2026-03-22 11:00:00+00:00,0.86897,0.869,0.86895,0.86898
2026-03-22 11:15:00+00:00,0.86897,0.869,0.86859,0.8688
2026-03-22 11:30:00+00:00,0.86878,0.86898,0.8684,0.86883
2026-03-22 11:45:00+00:00,0.86882,0.86886,0.86881,0.86882
2026-03-22 12:00:00+00:00,0.86882,0.86886,0.86881,0.86883
2026-03-22 12:15:00+00:00,0.86882,0.86886,0.86881,0.86884
2026-03-22 12:30:00+00:00,0.86882,0.86886,0.86881,0.86882
2026-03-22 12:45:00+00:00,0.86882,0.86886,0.86868,0.86875
2026-03-22 13:00:00+00:00,0.86875,0.86879,0.86874,0.86876
2026-03-22 13:15:00+00:00,0.86875,0.86881,0.86819,0.86844
2026-03-22 13:30:00+00:00,0.86842,0.86846,0.86841,0.86843
2026-03-22 13:45:00+00:00,0.86842,0.86846,0.86841,0.86841
2026-03-22 14:00:00+00:00,0.86842,0.86846,0.86841,0.86842
2026-03-22 14:15:00+00:00,0.86842,0.86846,0.86841,0.86844
2026-03-22 14:30:00+00:00,0.86842,0.86846,0.86841,0.86843
2026-03-22 14:45:00+00:00,0.86842,0.86844,0.86836,0.86836
2026-03-22 15:00:00+00:00,0.86837,0.86845,0.86745,0.86765
2026-03-22 15:15:00+00:00,0.86765,0.86769,0.86764,0.86767
2026-03-22 15:30:00+00:00,0.86765,0.86769,0.86764,0.86767
2026-03-22 15:45:00+00:00,0.86765,0.86769,0.86764,0.86766
2026-03-22 16:00:00+00:00,0.86766,0.8677,0.86765,0.86766
2026-03-22 16:15:00+00:00,0.86766,0.8677,0.86765,0.86768
2026-03-22 16:30:00+00:00,0.86766,0.8677,0.86737,0.86751
2026-03-22 16:45:00+00:00,0.86749,0.86753,0.86748,0.86749
2026-03-22 17:00:00+00:00,0.86749,0.86782,0.86743,0.86771
2026-03-22 17:15:00+00:00,0.86772,0.86775,0.86747,0.86748
2026-03-22 17:30:00+00:00,0.86747,0.8675,0.86745,0.86748
2026-03-22 17:45:00+00:00,0.86747,0.8675,0.86745,0.86747
2026-03-22 18:00:00+00:00,0.8675,0.86783,0.86599,0.86638
2026-03-22 18:15:00+00:00,0.86638,0.86831,0.86623,0.86808
2026-03-22 18:30:00+00:00,0.86812,0.86812,0.8658,0.86627
2026-03-22 18:45:00+00:00,0.86625,0.86711,0.86559,0.86664
2026-03-22 19:00:00+00:00,0.86664,0.86812,0.86591,0.86637
2026-03-22 19:15:00+00:00,0.86642,0.86742,0.86585,0.86679
2026-03-22 19:30:00+00:00,0.86682,0.86757,0.86623,0.86683
2026-03-22 19:45:00+00:00,0.86685,0.86695,0.86635,0.86695
2026-03-22 20:00:00+00:00,0.86694,0.86796,0.86658,0.86695
2026-03-22 20:15:00+00:00,0.86693,0.86748,0.86657,0.86692
2026-03-22 20:30:00+00:00,0.86693,0.86805,0.86652,0.86712
2026-03-22 20:45:00+00:00,0.86712,0.86776,0.86633,0.86676
2026-03-22 21:00:00+00:00,0.86674,0.86716,0.86614,0.8664
2026-03-22 21:15:00+00:00,0.8664,0.86687,0.86619,0.86687
2026-03-22 21:30:00+00:00,0.86687,0.86731,0.86649,0.86687
2026-03-22 21:45:00+00:00,0.86688,0.86748,0.86651,0.86726
2026-03-22 22:00:00+00:00,0.86724,0.86805,0.86681,0.86788
2026-03-22 22:15:00+00:00,0.86787,0.86804,0.86751,0.8676
2026-03-22 22:30:00+00:00,0.86761,0.86774,0.86737,0.86763
2026-03-22 22:45:00+00:00,0.86761,0.86775,0.86741,0.86749
2026-03-22 23:00:00+00:00,0.86747,0.86757,0.86722,0.86727
2026-03-22 23:15:00+00:00,0.86727,0.86738,0.86715,0.86725
2026-03-22 23:30:00+00:00,0.86725,0.86741,0.86721,0.86726
2026-03-22 23:45:00+00:00,0.86725,0.86731,0.86709,0.86714
2026-03-23 00:00:00+00:00,0.86712,0.86731,0.86691,0.86698
2026-03-23 00:15:00+00:00,0.86698,0.86713,0.86679,0.86703
2026-03-23 00:30:00+00:00,0.86704,0.86737,0.86684,0.86698
2026-03-23 00:45:00+00:00,0.86698,0.8671,0.86669,0.86682
2026-03-23 01:00:00+00:00,0.86681,0.86692,0.86648,0.8668
2026-03-23 01:15:00+00:00,0.86679,0.86686,0.8665,0.86667
2026-03-23 01:30:00+00:00,0.86667,0.86676,0.86632,0.86645
2026-03-23 01:45:00+00:00,0.86645,0.86668,0.86636,0.86661
2026-03-23 02:00:00+00:00,0.86659,0.86664,0.86627,0.8665
2026-03-23 02:15:00+00:00,0.86649,0.86664,0.86635,0.86655
2026-03-23 02:30:00+00:00,0.86656,0.86695,0.86648,0.86681
2026-03-23 02:45:00+00:00,0.86681,0.86718,0.86676,0.86692
2026-03-23 03:00:00+00:00,0.8669,0.867,0.86676,0.86692
2026-03-23 03:15:00+00:00,0.86691,0.86705,0.86684,0.86699
2026-03-23 03:30:00+00:00,0.86699,0.86704,0.86683,0.86695
2026-03-23 03:45:00+00:00,0.86695,0.86729,0.86689,0.86727
2026-03-23 04:00:00+00:00,0.86726,0.86737,0.86692,0.86705
2026-03-23 04:15:00+00:00,0.86703,0.86706,0.86687,0.86703
2026-03-23 04:30:00+00:00,0.86703,0.86715,0.86692,0.86696
2026-03-23 04:45:00+00:00,0.86696,0.86707,0.86684,0.86691
2026-03-23 05:00:00+00:00,0.86689,0.86703,0.8668,0.86691
2026-03-23 05:15:00+00:00,0.86689,0.86698,0.8667,0.86695
2026-03-23 05:30:00+00:00,0.86695,0.86717,0.86683,0.86707
2026-03-23 05:45:00+00:00,0.86708,0.86723,0.86699,0.86714
2026-03-23 06:00:00+00:00,0.86712,0.86733,0.86704,0.86719
2026-03-23 06:15:00+00:00,0.86717,0.86732,0.86685,0.86715
2026-03-23 06:30:00+00:00,0.86714,0.86741,0.86698,0.86741
2026-03-23 06:45:00+00:00,0.86742,0.86776,0.86726,0.86763
2026-03-23 07:00:00+00:00,0.86763,0.86792,0.86742,0.86763
2026-03-23 07:15:00+00:00,0.86761,0.86794,0.86748,0.86761
2026-03-23 07:30:00+00:00,0.86759,0.86769,0.86698,0.86719
2026-03-23 07:45:00+00:00,0.86719,0.8677,0.86713,0.86748
2026-03-23 08:00:00+00:00,0.86748,0.86758,0.86642,0.86646
2026-03-23 08:15:00+00:00,0.86645,0.86665,0.86576,0.8661
2026-03-23 08:30:00+00:00,0.86609,0.86647,0.86586,0.86624
2026-03-23 08:45:00+00:00,0.86624,0.86658,0.86598,0.86638
2026-03-23 09:00:00+00:00,0.86638,0.86654,0.86606,0.86634
2026-03-23 09:15:00+00:00,0.86634,0.86636,0.86587,0.86619
2026-03-23 09:30:00+00:00,0.86617,0.86667,0.86611,0.86644
2026-03-23 09:45:00+00:00,0.86642,0.86663,0.86601,0.86636
2026-03-23 10:00:00+00:00,0.86636,0.86648,0.86564,0.86594
2026-03-23 10:15:00+00:00,0.86591,0.86644,0.86581,0.86617
2026-03-23 10:30:00+00:00,0.86615,0.86639,0.86592,0.86617
2026-03-23 10:45:00+00:00,0.8662,0.86648,0.86579,0.86598
2026-03-23 11:00:00+00:00,0.86599,0.87068,0.86084,0.86531
2026-03-23 11:15:00+00:00,0.86529,0.86734,0.86459,0.86545
2026-03-23 11:30:00+00:00,0.86546,0.86604,0.86459,0.86556
2026-03-23 11:45:00+00:00,0.86556,0.86641,0.86474,0.86541
2026-03-23 12:00:00+00:00,0.86541,0.86566,0.86463,0.86498
2026-03-23 12:15:00+00:00,0.86498,0.86539,0.86451,0.86496
2026-03-23 12:30:00+00:00,0.86493,0.86579,0.86451,0.86472
2026-03-23 12:45:00+00:00,0.86471,0.865,0.86434,0.86468
2026-03-23 13:00:00+00:00,0.86468,0.86527,0.86405,0.86432
2026-03-23 13:15:00+00:00,0.86431,0.86497,0.86417,0.86492
2026-03-23 13:30:00+00:00,0.86489,0.86545,0.86468,0.86477
2026-03-23 13:45:00+00:00,0.86476,0.86509,0.86419,0.86471
2026-03-23 14:00:00+00:00,0.86469,0.86515,0.86413,0.86466
2026-03-23 14:15:00+00:00,0.86466,0.86489,0.8633,0.86341
2026-03-23 14:30:00+00:00,0.86339,0.86393,0.86301,0.86381
2026-03-23 14:45:00+00:00,0.8638,0.86438,0.86359,0.8641
2026-03-23 15:00:00+00:00,0.86411,0.8646,0.86373,0.8642
2026-03-23 15:15:00+00:00,0.8642,0.8649,0.864,0.86471
2026-03-23 15:30:00+00:00,0.8647,0.86491,0.86443,0.86479
2026-03-23 15:45:00+00:00,0.86477,0.86571,0.86421,0.86552
2026-03-23 16:00:00+00:00,0.86552,0.86585,0.86511,0.86547
2026-03-23 16:15:00+00:00,0.86546,0.86563,0.86484,0.86486
2026-03-23 16:30:00+00:00,0.86485,0.86518,0.86463,0.86501
2026-03-23 16:45:00+00:00,0.865,0.86524,0.86457,0.86501
2026-03-23 17:00:00+00:00,0.86499,0.86525,0.86471,0.86494
2026-03-23 17:15:00+00:00,0.86495,0.86527,0.86478,0.8651
2026-03-23 17:30:00+00:00,0.86508,0.86522,0.86433,0.86455
2026-03-23 17:45:00+00:00,0.86454,0.86463,0.86408,0.8643
2026-03-23 18:00:00+00:00,0.8643,0.86476,0.86409,0.86432
2026-03-23 18:15:00+00:00,0.86433,0.86483,0.86424,0.86473
2026-03-23 18:30:00+00:00,0.86472,0.86489,0.86414,0.86475
2026-03-23 18:45:00+00:00,0.86472,0.86484,0.86454,0.86477
2026-03-23 19:00:00+00:00,0.86476,0.865,0.86444,0.86459
2026-03-23 19:15:00+00:00,0.86459,0.86473,0.86433,0.86444
2026-03-23 19:30:00+00:00,0.86444,0.8646,0.86432,0.8645
2026-03-23 19:45:00+00:00,0.86449,0.86467,0.86437,0.86467
2026-03-23 20:00:00+00:00,0.86467,0.86487,0.86455,0.86474
2026-03-23 20:15:00+00:00,0.86475,0.86482,0.86467,0.86471
2026-03-23 20:30:00+00:00,0.86471,0.86485,0.86458,0.86468
2026-03-23 20:45:00+00:00,0.86467,0.86487,0.86455,0.86487
2026-03-23 21:00:00+00:00,0.86486,0.86517,0.86423,0.86508
2026-03-23 21:15:00+00:00,0.86507,0.86513,0.8643,0.86447
2026-03-23 21:30:00+00:00,0.86447,0.86469,0.86437,0.86464
2026-03-23 21:45:00+00:00,0.86461,0.8648,0.8644,0.8647
2026-03-23 22:00:00+00:00,0.86467,0.86494,0.86447,0.8646
2026-03-23 22:15:00+00:00,0.8646,0.86476,0.86453,0.86467
2026-03-23 22:30:00+00:00,0.86467,0.8647,0.86453,0.86458
2026-03-23 22:45:00+00:00,0.86457,0.86469,0.86447,0.86465
2026-03-23 23:00:00+00:00,0.86463,0.86491,0.86453,0.86466
2026-03-23 23:15:00+00:00,0.86465,0.86469,0.86451,0.86459
2026-03-23 23:30:00+00:00,0.8646,0.86466,0.86455,0.86466
2026-03-23 23:45:00+00:00,0.86465,0.86474,0.86447,0.86466
2026-03-24 00:00:00+00:00,0.86464,0.86477,0.86425,0.86446
2026-03-24 00:15:00+00:00,0.86446,0.86476,0.86425,0.86451
2026-03-24 00:30:00+00:00,0.86451,0.86522,0.86423,0.86467
2026-03-24 00:45:00+00:00,0.86468,0.8649,0.86453,0.86476
2026-03-24 01:00:00+00:00,0.86473,0.86533,0.86468,0.86517
2026-03-24 01:15:00+00:00,0.86516,0.86533,0.86499,0.86517
2026-03-24 01:30:00+00:00,0.86517,0.86525,0.86491,0.86498
2026-03-24 01:45:00+00:00,0.86498,0.86508,0.8648,0.8649
2026-03-24 02:00:00+00:00,0.86488,0.86512,0.86482,0.86499
2026-03-24 02:15:00+00:00,0.86498,0.86504,0.86464,0.86466
2026-03-24 02:30:00+00:00,0.86467,0.86476,0.86445,0.86446
2026-03-24 02:45:00+00:00,0.86446,0.86469,0.86426,0.86459
2026-03-24 03:00:00+00:00,0.86458,0.86464,0.86427,0.86439
2026-03-24 03:15:00+00:00,0.86437,0.86466,0.86432,0.86461
2026-03-24 03:30:00+00:00,0.86462,0.86477,0.86437,0.86443
2026-03-24 03:45:00+00:00,0.86444,0.86467,0.86439,0.86457
2026-03-24 04:00:00+00:00,0.86456,0.86459,0.86438,0.86457
2026-03-24 04:15:00+00:00,0.86455,0.86479,0.86448,0.86474
2026-03-24 04:30:00+00:00,0.86474,0.86481,0.86467,0.86478
2026-03-24 04:45:00+00:00,0.86479,0.86487,0.86463,0.86467
2026-03-24 05:00:00+00:00,0.86467,0.86489,0.86448,0.86473
2026-03-24 05:15:00+00:00,0.86472,0.86499,0.86459,0.86496
2026-03-24 05:30:00+00:00,0.86496,0.86506,0.86471,0.8648
2026-03-24 05:45:00+00:00,0.86481,0.8649,0.86463,0.86464
2026-03-24 06:00:00+00:00,0.86466,0.86471,0.86378,0.8643
2026-03-24 06:15:00+00:00,0.86428,0.86453,0.86404,0.86419
2026-03-24 06:30:00+00:00,0.86418,0.86426,0.86404,0.86411
2026-03-24 06:45:00+00:00,0.86413,0.86442,0.86402,0.86424
2026-03-24 07:00:00+00:00,0.86424,0.86449,0.86356,0.86413
2026-03-24 07:15:00+00:00,0.86409,0.86449,0.864,0.86428
2026-03-24 07:30:00+00:00,0.86428,0.86467,0.86391,0.86415
2026-03-24 07:45:00+00:00,0.86416,0.86438,0.86399,0.86426
2026-03-24 08:00:00+00:00,0.86426,0.86497,0.86406,0.86468
2026-03-24 08:15:00+00:00,0.86467,0.86489,0.86435,0.86475
2026-03-24 08:30:00+00:00,0.86473,0.86508,0.86463,0.86494
2026-03-24 08:45:00+00:00,0.86494,0.86545,0.86461,0.86538
2026-03-24 09:00:00+00:00,0.86538,0.86568,0.86508,0.86525
2026-03-24 09:15:00+00:00,0.86525,0.86539,0.86488,0.86531
2026-03-24 09:30:00+00:00,0.86529,0.86587,0.86519,0.86561
2026-03-24 09:45:00+00:00,0.8656,0.86572,0.86505,0.86512
2026-03-24 10:00:00+00:00,0.86512,0.86526,0.86491,0.86506
2026-03-24 10:15:00+00:00,0.86506,0.86512,0.86469,0.86498
2026-03-24 10:30:00+00:00,0.86497,0.86511,0.86469,0.86472
2026-03-24 10:45:00+00:00,0.86472,0.86505,0.86448,0.86472
2026-03-24 11:00:00+00:00,0.86472,0.86499,0.86455,0.86477
2026-03-24 11:15:00+00:00,0.86476,0.86495,0.86459,0.86465
2026-03-24 11:30:00+00:00,0.86463,0.86479,0.86434,0.86467
2026-03-24 11:45:00+00:00,0.86466,0.86517,0.86442,0.8651
2026-03-24 12:00:00+00:00,0.8651,0.86546,0.86501,0.86521
2026-03-24 12:15:00+00:00,0.8652,0.86547,0.86491,0.86501
2026-03-24 12:30:00+00:00,0.86499,0.86524,0.86473,0.8648
2026-03-24 12:45:00+00:00,0.86478,0.86567,0.86451,0.86508
2026-03-24 13:00:00+00:00,0.86508,0.86585,0.86492,0.86542
2026-03-24 13:15:00+00:00,0.86541,0.86568,0.86527,0.86549
2026-03-24 13:30:00+00:00,0.86547,0.86563,0.86512,0.86542
2026-03-24 13:45:00+00:00,0.8654,0.86548,0.86519,0.86519
2026-03-24 14:00:00+00:00,0.86522,0.86569,0.86511,0.8652
2026-03-24 14:15:00+00:00,0.8652,0.86534,0.86497,0.86508
2026-03-24 14:30:00+00:00,0.86508,0.86516,0.86481,0.8651
2026-03-24 14:45:00+00:00,0.86509,0.86593,0.86408,0.86496
2026-03-24 15:00:00+00:00,0.86498,0.86533,0.86456,0.86508
2026-03-24 15:15:00+00:00,0.86508,0.86522,0.86498,0.86513
2026-03-24 15:30:00+00:00,0.86512,0.86542,0.86492,0.8652
2026-03-24 15:45:00+00:00,0.86519,0.86547,0.86501,0.86544
2026-03-24 16:00:00+00:00,0.86544,0.86564,0.86503,0.86553
2026-03-24 16:15:00+00:00,0.86553,0.86571,0.86541,0.86547
2026-03-24 16:30:00+00:00,0.86545,0.8658,0.86542,0.86565
2026-03-24 16:45:00+00:00,0.86563,0.86575,0.86536,0.86547
2026-03-24 17:00:00+00:00,0.86546,0.86609,0.86455,0.8657
2026-03-24 17:15:00+00:00,0.8657,0.86587,0.8653,0.86536
2026-03-24 17:30:00+00:00,0.86535,0.86565,0.86515,0.86561
2026-03-24 17:45:00+00:00,0.8656,0.86608,0.86516,0.86543
2026-03-24 18:00:00+00:00,0.86542,0.86572,0.86516,0.86561
2026-03-24 18:15:00+00:00,0.86561,0.86588,0.86554,0.86565
2026-03-24 18:30:00+00:00,0.86565,0.86586,0.86517,0.86551
2026-03-24 18:45:00+00:00,0.86549,0.86558,0.86526,0.86539
2026-03-24 19:00:00+00:00,0.86539,0.86581,0.86525,0.86566
2026-03-24 19:15:00+00:00,0.86567,0.86575,0.86556,0.86574
2026-03-24 19:30:00+00:00,0.86574,0.86583,0.86566,0.86575
2026-03-24 19:45:00+00:00,0.86573,0.86582,0.86568,0.86574
2026-03-24 20:00:00+00:00,0.86573,0.86574,0.86556,0.86566
2026-03-24 20:15:00+00:00,0.86566,0.8661,0.8649,0.86565
2026-03-24 20:30:00+00:00,0.86565,0.86627,0.86506,0.86557
2026-03-24 20:45:00+00:00,0.86556,0.86576,0.86515,0.86549
2026-03-24 21:00:00+00:00,0.86547,0.86599,0.86539,0.86557
2026-03-24 21:15:00+00:00,0.86557,0.86585,0.86543,0.8657
2026-03-24 21:30:00+00:00,0.8657,0.86575,0.86519,0.86543
2026-03-24 21:45:00+00:00,0.86542,0.86551,0.86526,0.86547
2026-03-24 22:00:00+00:00,0.86545,0.86602,0.86537,0.8658
2026-03-24 22:15:00+00:00,0.8658,0.86592,0.86551,0.86566
2026-03-24 22:30:00+00:00,0.86567,0.86586,0.8655,0.86561
2026-03-24 22:45:00+00:00,0.86559,0.86572,0.86555,0.86562
2026-03-24 23:00:00+00:00,0.86561,0.86574,0.86537,0.86554
2026-03-24 23:15:00+00:00,0.86554,0.86565,0.86539,0.8656
2026-03-24 23:30:00+00:00,0.8656,0.86578,0.86552,0.86567
2026-03-24 23:45:00+00:00,0.86566,0.86582,0.86561,0.86573
2026-03-25 00:00:00+00:00,0.86571,0.86592,0.86556,0.86574
2026-03-25 00:15:00+00:00,0.86573,0.8658,0.86558,0.86571
2026-03-25 00:30:00+00:00,0.86572,0.86591,0.86552,0.86569
2026-03-25 00:45:00+00:00,0.86569,0.86575,0.86547,0.86557
2026-03-25 01:00:00+00:00,0.86554,0.86579,0.86527,0.86543
2026-03-25 01:15:00+00:00,0.86543,0.86563,0.86532,0.86543
2026-03-25 01:30:00+00:00,0.86544,0.86558,0.86527,0.86536
2026-03-25 01:45:00+00:00,0.86535,0.86563,0.86525,0.86558
2026-03-25 02:00:00+00:00,0.86556,0.86584,0.86552,0.86567
2026-03-25 02:15:00+00:00,0.86565,0.86573,0.86551,0.86572
2026-03-25 02:30:00+00:00,0.86573,0.86597,0.86567,0.86585
2026-03-25 02:45:00+00:00,0.86585,0.8659,0.86559,0.86576
2026-03-25 03:00:00+00:00,0.86574,0.86598,0.86552,0.86577
2026-03-25 03:15:00+00:00,0.86575,0.86583,0.86566,0.86575
2026-03-25 03:30:00+00:00,0.86575,0.86597,0.86564,0.86589
2026-03-25 03:45:00+00:00,0.8659,0.86604,0.86587,0.86604
2026-03-25 04:00:00+00:00,0.86602,0.86609,0.86585,0.86595
2026-03-25 04:15:00+00:00,0.86593,0.86607,0.86591,0.86601
2026-03-25 04:30:00+00:00,0.86601,0.86605,0.86587,0.86592
2026-03-25 04:45:00+00:00,0.86592,0.86607,0.86586,0.86603
2026-03-25 05:00:00+00:00,0.86602,0.8661,0.86592,0.86606
2026-03-25 05:15:00+00:00,0.86604,0.86635,0.86603,0.86635
2026-03-25 05:30:00+00:00,0.86635,0.86646,0.86626,0.86629
2026-03-25 05:45:00+00:00,0.8663,0.86667,0.86625,0.86664
2026-03-25 06:00:00+00:00,0.86662,0.86675,0.8662,0.86644
2026-03-25 06:15:00+00:00,0.86642,0.86648,0.86587,0.86627
2026-03-25 06:30:00+00:00,0.86627,0.86641,0.86616,0.86634
2026-03-25 06:45:00+00:00,0.86634,0.8666,0.86626,0.8664
2026-03-25 07:00:00+00:00,0.86639,0.86659,0.86602,0.86634
2026-03-25 07:15:00+00:00,0.86631,0.86671,0.86624,0.86671
2026-03-25 07:30:00+00:00,0.8667,0.86697,0.86634,0.86639
2026-03-25 07:45:00+00:00,0.8664,0.86648,0.86584,0.86613
2026-03-25 08:00:00+00:00,0.86614,0.86614,0.86515,0.86541
2026-03-25 08:15:00+00:00,0.86539,0.8656,0.86506,0.86538
2026-03-25 08:30:00+00:00,0.86536,0.86571,0.86524,0.8654
2026-03-25 08:45:00+00:00,0.86542,0.86558,0.86516,0.86532
2026-03-25 09:00:00+00:00,0.86532,0.86565,0.8653,0.86549
2026-03-25 09:15:00+00:00,0.86546,0.86591,0.86541,0.86578
2026-03-25 09:30:00+00:00,0.86576,0.86583,0.86539,0.86558
2026-03-25 09:45:00+00:00,0.86559,0.86592,0.86553,0.86586
2026-03-25 10:00:00+00:00,0.86586,0.86603,0.86563,0.86583
2026-03-25 10:15:00+00:00,0.86582,0.86592,0.86541,0.86556
2026-03-25 10:30:00+00:00,0.86554,0.86557,0.86528,0.86537
2026-03-25 10:45:00+00:00,0.86537,0.86558,0.86525,0.86537
2026-03-25 11:00:00+00:00,0.86537,0.8655,0.86505,0.86519
2026-03-25 11:15:00+00:00,0.86518,0.86525,0.86496,0.86524
2026-03-25 11:30:00+00:00,0.86523,0.86525,0.86492,0.86494
2026-03-25 11:45:00+00:00,0.86494,0.86532,0.86473,0.86512
2026-03-25 12:00:00+00:00,0.86512,0.8653,0.86477,0.86523
2026-03-25 12:15:00+00:00,0.86522,0.86575,0.86504,0.86529
2026-03-25 12:30:00+00:00,0.86526,0.86554,0.86516,0.8653
2026-03-25 12:45:00+00:00,0.8653,0.86547,0.86509,0.86539
2026-03-25 13:00:00+00:00,0.8654,0.86572,0.8652,0.86527
2026-03-25 13:15:00+00:00,0.86526,0.86539,0.865,0.86534
2026-03-25 13:30:00+00:00,0.86532,0.86537,0.86499,0.86509
2026-03-25 13:45:00+00:00,0.86508,0.86558,0.86497,0.86554
2026-03-25 14:00:00+00:00,0.86553,0.86594,0.86534,0.8658
2026-03-25 14:15:00+00:00,0.8658,0.86638,0.86559,0.86604
2026-03-25 14:30:00+00:00,0.86601,0.86631,0.86578,0.86597
2026-03-25 14:45:00+00:00,0.86595,0.86607,0.86541,0.86551
2026-03-25 15:00:00+00:00,0.86553,0.8656,0.86504,0.86532
2026-03-25 15:15:00+00:00,0.86532,0.86589,0.86509,0.8653
2026-03-25 15:30:00+00:00,0.86528,0.86562,0.86512,0.8654
2026-03-25 15:45:00+00:00,0.86539,0.86544,0.86488,0.86516
2026-03-25 16:00:00+00:00,0.86518,0.86544,0.8647,0.86484
2026-03-25 16:15:00+00:00,0.86485,0.86553,0.86461,0.86495
2026-03-25 16:30:00+00:00,0.86495,0.86498,0.86471,0.86478
2026-03-25 16:45:00+00:00,0.86477,0.86491,0.86458,0.86467
2026-03-25 17:00:00+00:00,0.86466,0.86508,0.86457,0.86496
2026-03-25 17:15:00+00:00,0.86496,0.86512,0.86485,0.86502
2026-03-25 17:30:00+00:00,0.86501,0.86512,0.86479,0.86492
2026-03-25 17:45:00+00:00,0.8649,0.86517,0.86484,0.86509
2026-03-25 18:00:00+00:00,0.86508,0.86532,0.86499,0.86521
2026-03-25 18:15:00+00:00,0.86522,0.86533,0.86509,0.8653
2026-03-25 18:30:00+00:00,0.8653,0.86556,0.86521,0.86549
2026-03-25 18:45:00+00:00,0.86548,0.86567,0.86506,0.86536
2026-03-25 19:00:00+00:00,0.86535,0.86542,0.86518,0.86521
2026-03-25 19:15:00+00:00,0.86522,0.86537,0.86513,0.86522
2026-03-25 19:30:00+00:00,0.86521,0.86535,0.86516,0.86534
2026-03-25 19:45:00+00:00,0.86532,0.86537,0.86505,0.86509
2026-03-25 20:00:00+00:00,0.86508,0.86522,0.86485,0.86516
2026-03-25 20:15:00+00:00,0.86516,0.86521,0.86507,0.86516
2026-03-25 20:30:00+00:00,0.86516,0.86519,0.86502,0.86511
2026-03-25 20:45:00+00:00,0.8651,0.86516,0.86487,0.86489
2026-03-25 21:00:00+00:00,0.86488,0.86506,0.86472,0.86503
2026-03-25 21:15:00+00:00,0.86503,0.86507,0.86476,0.86486
2026-03-25 21:30:00+00:00,0.86486,0.86488,0.86475,0.86479
2026-03-25 21:45:00+00:00,0.86475,0.86514,0.86475,0.86498
2026-03-25 22:00:00+00:00,0.86497,0.86518,0.86489,0.86503
2026-03-25 22:15:00+00:00,0.86503,0.86509,0.86492,0.86506
2026-03-25 22:30:00+00:00,0.86507,0.8652,0.86503,0.86516
2026-03-25 22:45:00+00:00,0.86516,0.86522,0.86506,0.86521
2026-03-25 23:00:00+00:00,0.86519,0.86529,0.86503,0.86523
2026-03-25 23:15:00+00:00,0.86522,0.86528,0.86512,0.86523
2026-03-25 23:30:00+00:00,0.86523,0.86527,0.86512,0.86523
2026-03-25 23:45:00+00:00,0.86522,0.8653,0.86513,0.86521
2026-03-26 00:00:00+00:00,0.86519,0.86546,0.86508,0.86533
2026-03-26 00:15:00+00:00,0.86531,0.86538,0.86513,0.86526
2026-03-26 00:30:00+00:00,0.86527,0.86531,0.86507,0.86521
2026-03-26 00:45:00+00:00,0.8652,0.8653,0.86513,0.86522
2026-03-26 01:00:00+00:00,0.8652,0.86556,0.86506,0.86552
2026-03-26 01:15:00+00:00,0.86551,0.86568,0.86548,0.86554
2026-03-26 01:30:00+00:00,0.86554,0.86561,0.86538,0.86544
2026-03-26 01:45:00+00:00,0.86544,0.86552,0.86535,0.8655
2026-03-26 02:00:00+00:00,0.86548,0.86561,0.8654,0.86551
2026-03-26 02:15:00+00:00,0.8655,0.86563,0.86542,0.86556
2026-03-26 02:30:00+00:00,0.86556,0.86575,0.86547,0.86561
2026-03-26 02:45:00+00:00,0.86561,0.8658,0.86556,0.86578
2026-03-26 03:00:00+00:00,0.86577,0.86584,0.86566,0.86579
2026-03-26 03:15:00+00:00,0.86578,0.86587,0.86566,0.86577
2026-03-26 03:30:00+00:00,0.86576,0.86581,0.86545,0.86561
2026-03-26 03:45:00+00:00,0.86562,0.86566,0.86552,0.86561
2026-03-26 04:00:00+00:00,0.86559,0.86568,0.86556,0.8656
2026-03-26 04:15:00+00:00,0.86558,0.86569,0.86558,0.86568
2026-03-26 04:30:00+00:00,0.86568,0.86576,0.86563,0.86571
2026-03-26 04:45:00+00:00,0.86571,0.86574,0.86555,0.86562
2026-03-26 05:00:00+00:00,0.86561,0.86567,0.86559,0.86562
2026-03-26 05:15:00+00:00,0.8656,0.86567,0.86544,0.8656
2026-03-26 05:30:00+00:00,0.86559,0.86568,0.86548,0.86554
2026-03-26 05:45:00+00:00,0.86556,0.86572,0.86543,0.86544
2026-03-26 06:00:00+00:00,0.86543,0.86553,0.86528,0.86532
2026-03-26 06:15:00+00:00,0.8653,0.86537,0.86508,0.86511
2026-03-26 06:30:00+00:00,0.8651,0.86529,0.8649,0.8651
2026-03-26 06:45:00+00:00,0.8651,0.86538,0.86505,0.86536
2026-03-26 07:00:00+00:00,0.86536,0.86556,0.86511,0.86546
2026-03-26 07:15:00+00:00,0.86546,0.86579,0.8653,0.8655
2026-03-26 07:30:00+00:00,0.86549,0.8656,0.86515,0.86531
2026-03-26 07:45:00+00:00,0.86531,0.86542,0.86515,0.86542
2026-03-26 08:00:00+00:00,0.86542,0.86594,0.8653,0.86585
2026-03-26 08:15:00+00:00,0.86583,0.86621,0.86569,0.86618
2026-03-26 08:30:00+00:00,0.86616,0.8663,0.86577,0.86607
2026-03-26 08:45:00+00:00,0.86608,0.86617,0.86574,0.86575
2026-03-26 09:00:00+00:00,0.86575,0.86584,0.86542,0.86567
2026-03-26 09:15:00+00:00,0.86568,0.86594,0.86533,0.8659
2026-03-26 09:30:00+00:00,0.86587,0.86612,0.86551,0.86571
2026-03-26 09:45:00+00:00,0.86572,0.86596,0.86555,0.86565
2026-03-26 10:00:00+00:00,0.86565,0.86581,0.86533,0.86559
2026-03-26 10:15:00+00:00,0.86558,0.86571,0.86551,0.86556
2026-03-26 10:30:00+00:00,0.86555,0.86575,0.86537,0.8656
2026-03-26 10:45:00+00:00,0.86559,0.86562,0.86537,0.86543
2026-03-26 11:00:00+00:00,0.86544,0.86556,0.86523,0.86531
2026-03-26 11:15:00+00:00,0.8653,0.86539,0.86487,0.86495
2026-03-26 11:30:00+00:00,0.86494,0.86508,0.86476,0.86491
2026-03-26 11:45:00+00:00,0.86491,0.86497,0.86444,0.86471
2026-03-26 12:00:00+00:00,0.86473,0.86509,0.86461,0.86497
2026-03-26 12:15:00+00:00,0.86497,0.86516,0.86486,0.86493
2026-03-26 12:30:00+00:00,0.8649,0.86535,0.86477,0.86528
2026-03-26 12:45:00+00:00,0.86527,0.86543,0.86514,0.86526
2026-03-26 13:00:00+00:00,0.86527,0.86538,0.86484,0.86485
2026-03-26 13:15:00+00:00,0.86485,0.86515,0.86457,0.86468
2026-03-26 13:30:00+00:00,0.86466,0.86475,0.86415,0.8643
2026-03-26 13:45:00+00:00,0.86429,0.86459,0.86389,0.8642
2026-03-26 14:00:00+00:00,0.86421,0.86442,0.86403,0.86406
2026-03-26 14:15:00+00:00,0.86406,0.8642,0.86381,0.8639
2026-03-26 14:30:00+00:00,0.86387,0.86417,0.86354,0.864
2026-03-26 14:45:00+00:00,0.86398,0.86445,0.86382,0.8643
2026-03-26 15:00:00+00:00,0.8643,0.86438,0.86411,0.86416
2026-03-26 15:15:00+00:00,0.86417,0.86455,0.86408,0.86443
2026-03-26 15:30:00+00:00,0.86441,0.86473,0.86435,0.8646
2026-03-26 15:45:00+00:00,0.86458,0.86479,0.86428,0.86447
2026-03-26 16:00:00+00:00,0.86447,0.86481,0.86439,0.8648
2026-03-26 16:15:00+00:00,0.86481,0.86507,0.86465,0.8647
2026-03-26 16:30:00+00:00,0.8647,0.86494,0.8646,0.8649
2026-03-26 16:45:00+00:00,0.86487,0.86497,0.86464,0.86489
2026-03-26 17:00:00+00:00,0.86489,0.86494,0.86447,0.86455
2026-03-26 17:15:00+00:00,0.86456,0.86483,0.86449,0.86471
2026-03-26 17:30:00+00:00,0.8647,0.86489,0.86435,0.86481
2026-03-26 17:45:00+00:00,0.86479,0.86534,0.86474,0.86534
2026-03-26 18:00:00+00:00,0.86534,0.86546,0.86523,0.8653
2026-03-26 18:15:00+00:00,0.86531,0.86546,0.86521,0.86544
2026-03-26 18:30:00+00:00,0.86544,0.86551,0.86531,0.86537
2026-03-26 18:45:00+00:00,0.86535,0.86547,0.86526,0.86538
2026-03-26 19:00:00+00:00,0.86537,0.86539,0.86507,0.86525
2026-03-26 19:15:00+00:00,0.86525,0.86531,0.86508,0.86515
2026-03-26 19:30:00+00:00,0.86515,0.86534,0.86509,0.8653
2026-03-26 19:45:00+00:00,0.86529,0.86553,0.86521,0.86545
2026-03-26 20:00:00+00:00,0.86544,0.86708,0.864,0.86514
2026-03-26 20:15:00+00:00,0.86516,0.8654,0.86486,0.86504
2026-03-26 20:30:00+00:00,0.86505,0.8652,0.86482,0.86482
2026-03-26 20:45:00+00:00,0.86481,0.86511,0.86469,0.86488
2026-03-26 21:00:00+00:00,0.86487,0.86526,0.86461,0.86476
2026-03-26 21:15:00+00:00,0.86478,0.86504,0.86473,0.86476
2026-03-26 21:30:00+00:00,0.86477,0.86514,0.86476,0.86506
2026-03-26 21:45:00+00:00,0.86505,0.86518,0.86497,0.86509
2026-03-26 22:00:00+00:00,0.86508,0.8652,0.86488,0.86513
2026-03-26 22:15:00+00:00,0.86512,0.86526,0.86506,0.8652
2026-03-26 22:30:00+00:00,0.8652,0.86532,0.86514,0.86523
2026-03-26 22:45:00+00:00,0.86521,0.86531,0.86511,0.86518
2026-03-26 23:00:00+00:00,0.86516,0.86519,0.86509,0.86513
2026-03-26 23:15:00+00:00,0.86512,0.86519,0.86507,0.86515
2026-03-26 23:30:00+00:00,0.86515,0.86517,0.86503,0.86511
2026-03-26 23:45:00+00:00,0.86511,0.86517,0.86492,0.86502
2026-03-27 00:00:00+00:00,0.865,0.86511,0.8649,0.86502
2026-03-27 00:15:00+00:00,0.86501,0.86521,0.86484,0.86508
2026-03-27 00:30:00+00:00,0.86508,0.86512,0.86494,0.86502
2026-03-27 00:45:00+00:00,0.86501,0.86508,0.86479,0.86486
2026-03-27 01:00:00+00:00,0.86485,0.86489,0.86473,0.86486
2026-03-27 01:15:00+00:00,0.86485,0.86496,0.86475,0.86484
2026-03-27 01:30:00+00:00,0.86484,0.86496,0.86477,0.8649
2026-03-27 01:45:00+00:00,0.8649,0.86498,0.86477,0.86491
2026-03-27 02:00:00+00:00,0.86489,0.86496,0.86479,0.86487
2026-03-27 02:15:00+00:00,0.86485,0.86499,0.86483,0.86494
2026-03-27 02:30:00+00:00,0.86495,0.86499,0.86487,0.86497
2026-03-27 02:45:00+00:00,0.86497,0.86498,0.86481,0.86485
2026-03-27 03:00:00+00:00,0.86483,0.86502,0.86479,0.86494
2026-03-27 03:15:00+00:00,0.86493,0.86499,0.86487,0.86491
2026-03-27 03:30:00+00:00,0.86492,0.865,0.86473,0.86485
2026-03-27 03:45:00+00:00,0.86486,0.86499,0.86483,0.86496
2026-03-27 04:00:00+00:00,0.86495,0.86499,0.86488,0.86497
2026-03-27 04:15:00+00:00,0.86496,0.86504,0.86493,0.86504
2026-03-27 04:30:00+00:00,0.86504,0.86508,0.86494,0.86506
2026-03-27 04:45:00+00:00,0.86507,0.86515,0.865,0.86507
2026-03-27 05:00:00+00:00,0.86507,0.86515,0.86497,0.86506
2026-03-27 05:15:00+00:00,0.86504,0.86515,0.86498,0.86512
2026-03-27 05:30:00+00:00,0.86511,0.86516,0.86495,0.865
2026-03-27 05:45:00+00:00,0.86501,0.86521,0.86496,0.86514
2026-03-27 06:00:00+00:00,0.86514,0.86522,0.86489,0.86502
2026-03-27 06:15:00+00:00,0.865,0.8651,0.86487,0.86495
2026-03-27 06:30:00+00:00,0.86494,0.86507,0.86482,0.86504
2026-03-27 06:45:00+00:00,0.86504,0.86519,0.865,0.86501
2026-03-27 07:00:00+00:00,0.86501,0.86513,0.86492,0.86504
2026-03-27 07:15:00+00:00,0.86503,0.86514,0.86495,0.86504
2026-03-27 07:30:00+00:00,0.86503,0.86545,0.86491,0.86535
2026-03-27 07:45:00+00:00,0.86536,0.86558,0.86512,0.86519
2026-03-27 08:00:00+00:00,0.8652,0.86529,0.865,0.86511
2026-03-27 08:15:00+00:00,0.86509,0.86521,0.86501,0.86516
2026-03-27 08:30:00+00:00,0.86514,0.86565,0.86505,0.86542
2026-03-27 08:45:00+00:00,0.86542,0.86549,0.86527,0.86528
2026-03-27 09:00:00+00:00,0.86529,0.86555,0.86516,0.86538
2026-03-27 09:15:00+00:00,0.86537,0.86551,0.86531,0.86551
2026-03-27 09:30:00+00:00,0.86548,0.86586,0.86544,0.86572
2026-03-27 09:45:00+00:00,0.86573,0.86594,0.86547,0.86566
2026-03-27 10:00:00+00:00,0.86566,0.86577,0.86524,0.86571
2026-03-27 10:15:00+00:00,0.8657,0.8658,0.86551,0.86576
2026-03-27 10:30:00+00:00,0.86574,0.8658,0.86547,0.86552
2026-03-27 10:45:00+00:00,0.86552,0.8657,0.86532,0.8654
2026-03-27 11:00:00+00:00,0.86541,0.86553,0.86533,0.86541
2026-03-27 11:15:00+00:00,0.86541,0.8655,0.86531,0.86542
2026-03-27 11:30:00+00:00,0.8654,0.86575,0.86533,0.86575
2026-03-27 11:45:00+00:00,0.86575,0.86644,0.86571,0.86627
2026-03-27 12:00:00+00:00,0.86629,0.86646,0.86622,0.86633
2026-03-27 12:15:00+00:00,0.86633,0.86674,0.86625,0.86661
2026-03-27 12:30:00+00:00,0.86659,0.86697,0.86653,0.86696
2026-03-27 12:45:00+00:00,0.86695,0.86717,0.86682,0.86704
2026-03-27 13:00:00+00:00,0.86704,0.86736,0.86696,0.86732
2026-03-27 13:15:00+00:00,0.86732,0.86753,0.86723,0.86726
2026-03-27 13:30:00+00:00,0.86726,0.86732,0.8668,0.86705
2026-03-27 13:45:00+00:00,0.86704,0.86716,0.8666,0.86673
2026-03-27 14:00:00+00:00,0.86672,0.86682,0.86604,0.86609
2026-03-27 14:15:00+00:00,0.86609,0.86635,0.86594,0.86598
2026-03-27 14:30:00+00:00,0.86597,0.86622,0.86584,0.86619
2026-03-27 14:45:00+00:00,0.86618,0.86627,0.86599,0.86608
2026-03-27 15:00:00+00:00,0.86607,0.86618,0.86586,0.86615
2026-03-27 15:15:00+00:00,0.86615,0.86651,0.8657,0.86601
2026-03-27 15:30:00+00:00,0.866,0.86643,0.86585,0.86604
2026-03-27 15:45:00+00:00,0.86602,0.86696,0.8659,0.86675
2026-03-27 16:00:00+00:00,0.86676,0.86709,0.86667,0.86681
2026-03-27 16:15:00+00:00,0.86681,0.86706,0.8667,0.86704
2026-03-27 16:30:00+00:00,0.86704,0.86772,0.86687,0.86746
2026-03-27 16:45:00+00:00,0.86745,0.86772,0.86724,0.86765
2026-03-27 17:00:00+00:00,0.86764,0.86791,0.86723,0.86751
2026-03-27 17:15:00+00:00,0.86752,0.86773,0.86738,0.86772
2026-03-27 17:30:00+00:00,0.86771,0.86787,0.86762,0.86779
2026-03-27 17:45:00+00:00,0.86777,0.86799,0.86771,0.86776
2026-03-27 18:00:00+00:00,0.86774,0.86779,0.86747,0.86749
2026-03-27 18:15:00+00:00,0.86749,0.86768,0.86735,0.86759
2026-03-27 18:30:00+00:00,0.86758,0.86779,0.86755,0.86771
2026-03-27 18:45:00+00:00,0.86769,0.86773,0.86756,0.86764
2026-03-27 19:00:00+00:00,0.86763,0.86781,0.86749,0.86771
2026-03-27 19:15:00+00:00,0.86772,0.86783,0.86766,0.8677
2026-03-27 19:30:00+00:00,0.8677,0.86784,0.86766,0.86781
2026-03-27 19:45:00+00:00,0.86779,0.86791,0.8677,0.86783
2026-03-27 20:00:00+00:00,0.86782,0.86787,0.86762,0.86773
2026-03-27 20:15:00+00:00,0.86773,0.86778,0.86756,0.86778
2026-03-27 20:30:00+00:00,0.86779,0.86787,0.86751,0.8676
2026-03-27 20:45:00+00:00,0.86759,0.86791,0.86753,0.86789
2026-03-27 21:00:00+00:00,0.86788,0.86973,0.86742,0.86973
2026-03-27 21:15:00+00:00,0.86975,0.87056,0.86907,0.87018
2026-03-27 21:30:00+00:00,0.87018,0.87059,0.86946,0.8705
2026-03-27 21:45:00+00:00,0.87049,0.87062,0.8698,0.86995
2026-03-27 22:00:00+00:00,0.86995,0.87035,0.86931,0.87027
2026-03-27 22:15:00+00:00,0.87026,0.87035,0.87022,0.87027
2026-03-27 22:30:00+00:00,0.87027,0.87034,0.87021,0.87027
2026-03-27 22:45:00+00:00,0.87025,0.87034,0.87021,0.87033
2026-03-27 23:00:00+00:00,0.87035,0.87035,0.86937,0.87026
2026-03-27 23:15:00+00:00,0.87026,0.87035,0.86994,0.87028
2026-03-27 23:30:00+00:00,0.87029,0.87035,0.8698,0.87026
2026-03-27 23:45:00+00:00,0.87026,0.87035,0.87021,0.87033
2026-03-28 00:00:00+00:00,0.87032,0.87035,0.87015,0.87035
2026-03-28 00:15:00+00:00,0.87034,0.87039,0.87033,0.87035
2026-03-28 00:30:00+00:00,0.87036,0.8704,0.87034,0.87036
2026-03-28 00:45:00+00:00,0.87036,0.87039,0.87033,0.87038
2026-03-28 01:00:00+00:00,0.87036,0.8704,0.87035,0.87037
2026-03-28 01:15:00+00:00,0.87036,0.87039,0.87033,0.87035
2026-03-28 01:30:00+00:00,0.87036,0.8704,0.86931,0.87009
2026-03-28 01:45:00+00:00,0.8701,0.87037,0.86993,0.87036
2026-03-28 02:00:00+00:00,0.87035,0.87039,0.87033,0.87037
2026-03-28 02:15:00+00:00,0.87036,0.8704,0.87035,0.87036
2026-03-28 02:30:00+00:00,0.87036,0.8704,0.87033,0.87035
2026-03-28 02:45:00+00:00,0.87036,0.87039,0.87033,0.87037
2026-03-28 03:00:00+00:00,0.87035,0.87039,0.87035,0.87038
2026-03-28 03:15:00+00:00,0.87036,0.87039,0.86984,0.87028
2026-03-28 03:30:00+00:00,0.87029,0.87039,0.87028,0.87035
2026-03-28 03:45:00+00:00,0.87036,0.87039,0.87033,0.87037
2026-03-28 04:00:00+00:00,0.87036,0.87039,0.87033,0.87037
2026-03-28 04:15:00+00:00,0.87035,0.87039,0.87035,0.87036
2026-03-28 04:30:00+00:00,0.87036,0.8704,0.87033,0.87035
2026-03-28 04:45:00+00:00,0.87036,0.8704,0.87035,0.87037
2026-03-28 05:00:00+00:00,0.87036,0.87038,0.86973,0.87034
2026-03-28 05:15:00+00:00,0.87032,0.87039,0.87032,0.87036
2026-03-28 05:30:00+00:00,0.87035,0.8706,0.86832,0.86877
2026-03-28 05:45:00+00:00,0.86878,0.8693,0.86809,0.8681
2026-03-28 06:00:00+00:00,0.8681,0.86811,0.86796,0.868
2026-03-28 06:15:00+00:00,0.86798,0.86868,0.86793,0.86802
2026-03-28 06:30:00+00:00,0.86801,0.86851,0.8678,0.86831
2026-03-28 06:45:00+00:00,0.86832,0.86852,0.86795,0.86798
2026-03-28 07:00:00+00:00,0.86798,0.86879,0.86792,0.86808
2026-03-28 07:15:00+00:00,0.86806,0.86812,0.86797,0.868
2026-03-28 07:30:00+00:00,0.86798,0.86862,0.86791,0.868
2026-03-28 07:45:00+00:00,0.86801,0.86852,0.8679,0.86828
2026-03-28 08:00:00+00:00,0.86828,0.8683,0.86799,0.868
2026-03-28 08:15:00+00:00,0.86799,0.86856,0.86782,0.86814
2026-03-28 08:30:00+00:00,0.86813,0.86815,0.86796,0.86797
2026-03-28 08:45:00+00:00,0.86797,0.86891,0.86785,0.86801
2026-03-28 09:00:00+00:00,0.86801,0.86846,0.8679,0.86824
2026-03-28 09:15:00+00:00,0.86823,0.86984,0.86784,0.86807
2026-03-28 09:30:00+00:00,0.86807,0.86845,0.86766,0.86796
2026-03-28 09:45:00+00:00,0.86795,0.86811,0.86771,0.86771
2026-03-28 10:00:00+00:00,0.86771,0.86832,0.86768,0.86776
2026-03-28 10:15:00+00:00,0.86775,0.86878,0.86766,0.86806
2026-03-28 10:30:00+00:00,0.86805,0.86807,0.86771,0.86771
2026-03-28 10:45:00+00:00,0.86771,0.86814,0.86766,0.86781
2026-03-28 11:00:00+00:00,0.86781,0.86781,0.8677,0.86771
2026-03-28 11:15:00+00:00,0.8677,0.86858,0.86766,0.86777
2026-03-28 11:30:00+00:00,0.86775,0.86857,0.86765,0.8681
2026-03-28 11:45:00+00:00,0.86809,0.86832,0.86771,0.86771
2026-03-28 12:00:00+00:00,0.86772,0.86816,0.86762,0.86782
2026-03-28 12:15:00+00:00,0.86781,0.86788,0.8677,0.86773
2026-03-28 12:30:00+00:00,0.86771,0.86841,0.86769,0.86823
2026-03-28 12:45:00+00:00,0.86822,0.8693,0.86816,0.86897
2026-03-28 13:00:00+00:00,0.86897,0.86901,0.86896,0.86897
2026-03-28 13:15:00+00:00,0.86897,0.86911,0.86894,0.86908
2026-03-28 13:30:00+00:00,0.86906,0.86911,0.86856,0.86858
2026-03-28 13:45:00+00:00,0.86857,0.8688,0.86286,0.86327
2026-03-28 14:00:00+00:00,0.86328,0.86576,0.86327,0.86467
2026-03-28 14:15:00+00:00,0.86468,0.86471,0.86466,0.86469
2026-03-28 14:30:00+00:00,0.86468,0.86657,0.86467,0.86581
2026-03-28 14:45:00+00:00,0.8658,0.86583,0.86579,0.8658
2026-03-28 15:00:00+00:00,0.8658,0.86747,0.86565,0.86743
2026-03-28 15:15:00+00:00,0.86743,0.86801,0.86738,0.86801
2026-03-28 15:30:00+00:00,0.868,0.86804,0.86799,0.86802
2026-03-28 15:45:00+00:00,0.868,0.86893,0.86799,0.86846
2026-03-28 16:00:00+00:00,0.86846,0.86849,0.86845,0.86845
2026-03-28 16:15:00+00:00,0.86846,0.86892,0.86844,0.86883
2026-03-28 16:30:00+00:00,0.86882,0.86924,0.86876,0.869
2026-03-28 16:45:00+00:00,0.86898,0.86902,0.86897,0.86899
2026-03-28 17:00:00+00:00,0.86898,0.86911,0.86876,0.86907
2026-03-28 17:15:00+00:00,0.86908,0.86936,0.86835,0.86862
2026-03-28 17:30:00+00:00,0.86861,0.86898,0.86855,0.86896
2026-03-28 17:45:00+00:00,0.86894,0.86922,0.86893,0.86922
2026-03-28 18:00:00+00:00,0.86921,0.86924,0.86892,0.86892
2026-03-28 18:15:00+00:00,0.86893,0.86909,0.86892,0.86904
2026-03-28 18:30:00+00:00,0.86904,0.86907,0.86903,0.86906
2026-03-28 18:45:00+00:00,0.86904,0.86932,0.86902,0.8693
2026-03-28 19:00:00+00:00,0.86929,0.86931,0.86888,0.86926
2026-03-28 19:15:00+00:00,0.86927,0.86931,0.86901,0.86927
2026-03-28 19:30:00+00:00,0.86927,0.86959,0.86926,0.86952
2026-03-28 19:45:00+00:00,0.8695,0.86954,0.86949,0.86952
2026-03-28 20:00:00+00:00,0.86951,0.86953,0.86884,0.86892
2026-03-28 20:15:00+00:00,0.86893,0.86923,0.86889,0.86923
2026-03-28 20:30:00+00:00,0.86923,0.86927,0.86893,0.86924
2026-03-28 20:45:00+00:00,0.86923,0.86951,0.86919,0.86949
2026-03-28 21:00:00+00:00,0.86947,0.8695,0.86916,0.86917
2026-03-28 21:15:00+00:00,0.86917,0.86962,0.86916,0.86942
2026-03-28 21:30:00+00:00,0.86942,0.86949,0.86933,0.86933
2026-03-28 21:45:00+00:00,0.86932,0.86954,0.8693,0.86934
2026-03-28 22:00:00+00:00,0.86932,0.86935,0.86899,0.86932
2026-03-28 22:15:00+00:00,0.86932,0.86936,0.86931,0.86931
2026-03-28 22:30:00+00:00,0.86932,0.86958,0.8693,0.86955
2026-03-28 22:45:00+00:00,0.86954,0.86958,0.86953,0.86956
2026-03-28 23:00:00+00:00,0.86972,0.86976,0.86935,0.86945
2026-03-28 23:15:00+00:00,0.86944,0.8696,0.86922,0.86932
2026-03-28 23:30:00+00:00,0.86933,0.86937,0.86932,0.86933
2026-03-28 23:45:00+00:00,0.86933,0.86977,0.86932,0.86957
2026-03-29 00:00:00+00:00,0.86955,0.86959,0.86954,0.86956
2026-03-29 00:15:00+00:00,0.86956,0.86979,0.86955,0.86973
2026-03-29 00:30:00+00:00,0.86973,0.86986,0.86884,0.86937
2026-03-29 00:45:00+00:00,0.86937,0.86941,0.86936,0.86939
2026-03-29 01:00:00+00:00,0.86937,0.86941,0.86928,0.86937
2026-03-29 01:15:00+00:00,0.86936,0.86939,0.86935,0.86935
2026-03-29 01:30:00+00:00,0.8694,0.86981,0.86934,0.86957
2026-03-29 01:45:00+00:00,0.86957,0.86988,0.86956,0.86987
2026-03-29 02:00:00+00:00,0.86986,0.86989,0.86984,0.86987
2026-03-29 02:15:00+00:00,0.86986,0.87001,0.86983,0.86997
2026-03-29 02:30:00+00:00,0.86997,0.87001,0.86992,0.86996
2026-03-29 02:45:00+00:00,0.86995,0.86997,0.86962,0.86964
2026-03-29 03:00:00+00:00,0.86963,0.86995,0.86962,0.86981
2026-03-29 03:15:00+00:00,0.86979,0.86983,0.86978,0.86979
2026-03-29 03:30:00+00:00,0.86979,0.86996,0.86978,0.86992
2026-03-29 03:45:00+00:00,0.86992,0.86996,0.86991,0.86993
2026-03-29 04:00:00+00:00,0.86991,0.87017,0.86991,0.87015
2026-03-29 04:15:00+00:00,0.87013,0.87023,0.86848,0.86931
2026-03-29 04:30:00+00:00,0.8693,0.86934,0.86929,0.8693
2026-03-29 04:45:00+00:00,0.8693,0.86957,0.86926,0.86954
2026-03-29 05:00:00+00:00,0.86953,0.86957,0.86952,0.86955
2026-03-29 05:15:00+00:00,0.86953,0.87004,0.86473,0.86656
2026-03-29 05:30:00+00:00,0.86655,0.86793,0.86653,0.86732
2026-03-29 05:45:00+00:00,0.86733,0.86737,0.86732,0.86733
2026-03-29 06:00:00+00:00,0.86733,0.86839,0.8673,0.86827
2026-03-29 06:15:00+00:00,0.86825,0.86829,0.86824,0.86826
2026-03-29 06:30:00+00:00,0.86825,0.86873,0.8682,0.86868
2026-03-29 06:45:00+00:00,0.86869,0.86939,0.86868,0.86904
2026-03-29 07:00:00+00:00,0.86904,0.86908,0.86903,0.86906
2026-03-29 07:15:00+00:00,0.86904,0.86942,0.86902,0.86933
2026-03-29 07:30:00+00:00,0.86932,0.86945,0.86931,0.86942
2026-03-29 07:45:00+00:00,0.86942,0.86952,0.8691,0.86927
2026-03-29 08:00:00+00:00,0.86927,0.86953,0.86926,0.86952
2026-03-29 08:15:00+00:00,0.8695,0.86954,0.86949,0.86952
2026-03-29 08:30:00+00:00,0.8695,0.8699,0.86948,0.86969
2026-03-29 08:45:00+00:00,0.86969,0.86973,0.86968,0.86969
2026-03-29 09:00:00+00:00,0.86969,0.86988,0.86968,0.86985
2026-03-29 09:15:00+00:00,0.86984,0.86991,0.8692,0.86955
2026-03-29 09:30:00+00:00,0.86954,0.86957,0.86952,0.86954
2026-03-29 09:45:00+00:00,0.86954,0.86975,0.86952,0.86971
2026-03-29 10:00:00+00:00,0.86972,0.86975,0.86971,0.86973
2026-03-29 10:15:00+00:00,0.86972,0.86975,0.86971,0.86974
2026-03-29 10:30:00+00:00,0.86972,0.86975,0.86971,0.86972
2026-03-29 10:45:00+00:00,0.86972,0.86975,0.86971,0.86971
2026-03-29 11:00:00+00:00,0.86972,0.86975,0.86971,0.86972
2026-03-29 11:15:00+00:00,0.86972,0.86975,0.86971,0.86974
2026-03-29 11:30:00+00:00,0.86972,0.8699,0.86742,0.86845
2026-03-29 11:45:00+00:00,0.86844,0.86883,0.86843,0.86866
2026-03-29 12:00:00+00:00,0.86867,0.86871,0.86866,0.86867
2026-03-29 12:15:00+00:00,0.86867,0.86871,0.86866,0.86869
2026-03-29 12:30:00+00:00,0.86867,0.86871,0.86866,0.86868
2026-03-29 12:45:00+00:00,0.86867,0.86871,0.86866,0.86866
2026-03-29 13:00:00+00:00,0.86867,0.86871,0.86866,0.86867
2026-03-29 13:15:00+00:00,0.86867,0.86869,0.86614,0.86715
2026-03-29 13:30:00+00:00,0.86713,0.86717,0.86712,0.86715
2026-03-29 13:45:00+00:00,0.86713,0.86717,0.86712,0.86713
2026-03-29 14:00:00+00:00,0.86713,0.86717,0.86276,0.86335
2026-03-29 14:15:00+00:00,0.86336,0.86496,0.86305,0.86337
2026-03-29 14:30:00+00:00,0.86336,0.86339,0.86335,0.86337
2026-03-29 14:45:00+00:00,0.86336,0.86355,0.86128,0.86191
2026-03-29 15:00:00+00:00,0.86191,0.86223,0.86186,0.86219
2026-03-29 15:15:00+00:00,0.8622,0.86223,0.86219,0.86221
2026-03-29 15:30:00+00:00,0.8622,0.86223,0.86219,0.86222
2026-03-29 15:45:00+00:00,0.8622,0.86223,0.86219,0.8622
2026-03-29 16:00:00+00:00,0.8622,0.86339,0.86181,0.86252
2026-03-29 16:15:00+00:00,0.86253,0.86361,0.86228,0.86253
2026-03-29 16:30:00+00:00,0.86253,0.86274,0.86249,0.86271
2026-03-29 16:45:00+00:00,0.86269,0.86273,0.86268,0.8627
2026-03-29 17:00:00+00:00,0.86269,0.86745,0.86215,0.86738
2026-03-29 17:15:00+00:00,0.86741,0.86798,0.86722,0.86798
2026-03-29 17:30:00+00:00,0.86798,0.86804,0.86796,0.86803
2026-03-29 17:45:00+00:00,0.86801,0.86806,0.86801,0.86804
2026-03-29 18:00:00+00:00,0.868,0.86806,0.86323,0.86641
2026-03-29 18:15:00+00:00,0.86665,0.86899,0.86634,0.86836
2026-03-29 18:30:00+00:00,0.86838,0.86848,0.86614,0.86725
2026-03-29 18:45:00+00:00,0.86717,0.86827,0.86691,0.8681
2026-03-29 19:00:00+00:00,0.86809,0.8682,0.86636,0.86668
2026-03-29 19:15:00+00:00,0.86669,0.86766,0.8665,0.86732
2026-03-29 19:30:00+00:00,0.86732,0.8681,0.86693,0.86771
2026-03-29 19:45:00+00:00,0.8677,0.86779,0.8659,0.86706
2026-03-29 20:00:00+00:00,0.86712,0.86766,0.86484,0.86752
2026-03-29 20:15:00+00:00,0.8675,0.86774,0.86734,0.8675
2026-03-29 20:30:00+00:00,0.8675,0.86788,0.86742,0.86762
2026-03-29 20:45:00+00:00,0.86761,0.86798,0.86709,0.86745
2026-03-29 21:00:00+00:00,0.86743,0.86774,0.86717,0.86735
2026-03-29 21:15:00+00:00,0.86734,0.86752,0.86713,0.86729
2026-03-29 21:30:00+00:00,0.86729,0.86751,0.86713,0.86742
2026-03-29 21:45:00+00:00,0.86743,0.86746,0.86683,0.86691
2026-03-29 22:00:00+00:00,0.86685,0.86847,0.86685,0.86819
2026-03-29 22:15:00+00:00,0.86818,0.86822,0.86768,0.86779
2026-03-29 22:30:00+00:00,0.86781,0.86802,0.86776,0.86793
2026-03-29 22:45:00+00:00,0.86792,0.86799,0.86781,0.86788
2026-03-29 23:00:00+00:00,0.86785,0.86807,0.86776,0.86786
2026-03-29 23:15:00+00:00,0.86785,0.86793,0.8677,0.86774
2026-03-29 23:30:00+00:00,0.86776,0.868,0.86772,0.86799
2026-03-29 23:45:00+00:00,0.86799,0.86819,0.86786,0.86812
2026-03-30 00:00:00+00:00,0.86811,0.86851,0.868,0.86834
2026-03-30 00:15:00+00:00,0.86832,0.86854,0.86786,0.86822
2026-03-30 00:30:00+00:00,0.86824,0.86841,0.8681,0.86833
2026-03-30 00:45:00+00:00,0.86834,0.86849,0.86825,0.86831
2026-03-30 01:00:00+00:00,0.86829,0.86842,0.86817,0.86828
2026-03-30 01:15:00+00:00,0.86827,0.86839,0.86822,0.86833
2026-03-30 01:30:00+00:00,0.86833,0.86844,0.86824,0.86832
2026-03-30 01:45:00+00:00,0.86832,0.86837,0.86826,0.86833
2026-03-30 02:00:00+00:00,0.86831,0.86851,0.86825,0.86846
2026-03-30 02:15:00+00:00,0.86844,0.86851,0.86833,0.86841
2026-03-30 02:30:00+00:00,0.86841,0.86851,0.86825,0.86829
2026-03-30 02:45:00+00:00,0.8683,0.86837,0.86811,0.86827
2026-03-30 03:00:00+00:00,0.86826,0.86829,0.86798,0.86812
2026-03-30 03:15:00+00:00,0.8681,0.86816,0.86796,0.86798
2026-03-30 03:30:00+00:00,0.86798,0.86803,0.86786,0.86788
2026-03-30 03:45:00+00:00,0.86789,0.86797,0.86769,0.86771
2026-03-30 04:00:00+00:00,0.8677,0.86788,0.86767,0.86778
2026-03-30 04:15:00+00:00,0.86777,0.86783,0.86763,0.86772
2026-03-30 04:30:00+00:00,0.86771,0.86786,0.86766,0.86785
2026-03-30 04:45:00+00:00,0.86786,0.8679,0.86767,0.86773
2026-03-30 05:00:00+00:00,0.86773,0.86777,0.86743,0.86748
2026-03-30 05:15:00+00:00,0.86745,0.86752,0.86729,0.8674
2026-03-30 05:30:00+00:00,0.86739,0.86744,0.86724,0.86735
2026-03-30 05:45:00+00:00,0.86735,0.86762,0.8673,0.86759
2026-03-30 06:00:00+00:00,0.86759,0.86766,0.86725,0.86754
2026-03-30 06:15:00+00:00,0.86752,0.86756,0.8672,0.86754
2026-03-30 06:30:00+00:00,0.86753,0.86768,0.86745,0.86753
2026-03-30 06:45:00+00:00,0.86755,0.86781,0.86748,0.86781
2026-03-30 07:00:00+00:00,0.86781,0.86817,0.8676,0.86807
2026-03-30 07:15:00+00:00,0.86804,0.86819,0.86786,0.86817
2026-03-30 07:30:00+00:00,0.86816,0.86824,0.8679,0.86806
2026-03-30 07:45:00+00:00,0.86806,0.8681,0.86773,0.868
2026-03-30 08:00:00+00:00,0.868,0.86818,0.8678,0.86805
2026-03-30 08:15:00+00:00,0.86803,0.8685,0.86798,0.86848
2026-03-30 08:30:00+00:00,0.86846,0.86861,0.86806,0.86829
2026-03-30 08:45:00+00:00,0.8683,0.86874,0.8682,0.86867
2026-03-30 09:00:00+00:00,0.86867,0.86871,0.86841,0.86842
2026-03-30 09:15:00+00:00,0.86841,0.86853,0.86811,0.86831
2026-03-30 09:30:00+00:00,0.86829,0.86838,0.86793,0.86823
2026-03-30 09:45:00+00:00,0.86822,0.86844,0.86812,0.86829
2026-03-30 10:00:00+00:00,0.86832,0.86851,0.86796,0.8681
2026-03-30 10:15:00+00:00,0.8681,0.8683,0.86802,0.8682
2026-03-30 10:30:00+00:00,0.86818,0.86853,0.86807,0.86853
2026-03-30 10:45:00+00:00,0.86852,0.8686,0.86836,0.86847
2026-03-30 11:00:00+00:00,0.86848,0.86853,0.868,0.86814
2026-03-30 11:15:00+00:00,0.86813,0.86819,0.86761,0.86781
2026-03-30 11:30:00+00:00,0.86779,0.86802,0.86763,0.86801
2026-03-30 11:45:00+00:00,0.868,0.86822,0.86789,0.86804
2026-03-30 12:00:00+00:00,0.86804,0.86816,0.86774,0.86779
2026-03-30 12:15:00+00:00,0.86779,0.86802,0.86763,0.86781
2026-03-30 12:30:00+00:00,0.8678,0.86796,0.86757,0.86795
2026-03-30 12:45:00+00:00,0.86794,0.86811,0.8676,0.86802
2026-03-30 13:00:00+00:00,0.86803,0.86832,0.8679,0.8682
2026-03-30 13:15:00+00:00,0.8682,0.86839,0.86789,0.86813
2026-03-30 13:30:00+00:00,0.86809,0.86966,0.86807,0.86958
2026-03-30 13:45:00+00:00,0.86957,0.86963,0.86941,0.86956
2026-03-30 14:00:00+00:00,0.86956,0.86967,0.86913,0.86929
2026-03-30 14:15:00+00:00,0.8693,0.86974,0.8692,0.86938
2026-03-30 14:30:00+00:00,0.86937,0.86956,0.86911,0.86955
2026-03-30 14:45:00+00:00,0.86953,0.86956,0.86861,0.86875
2026-03-30 15:00:00+00:00,0.86874,0.86885,0.86836,0.86854
2026-03-30 15:15:00+00:00,0.86855,0.86882,0.86818,0.86819
2026-03-30 15:30:00+00:00,0.86818,0.86838,0.86794,0.86838
2026-03-30 15:45:00+00:00,0.86837,0.86849,0.86812,0.86828
2026-03-30 16:00:00+00:00,0.86829,0.86858,0.86817,0.86828
2026-03-30 16:15:00+00:00,0.86829,0.86854,0.86812,0.86852
2026-03-30 16:30:00+00:00,0.86852,0.86897,0.86828,0.86894
2026-03-30 16:45:00+00:00,0.86892,0.86897,0.8687,0.86885
2026-03-30 17:00:00+00:00,0.86884,0.8692,0.86869,0.86901
2026-03-30 17:15:00+00:00,0.86901,0.86915,0.86885,0.86896
2026-03-30 17:30:00+00:00,0.86896,0.86905,0.86869,0.86877
2026-03-30 17:45:00+00:00,0.86875,0.86897,0.86865,0.86897
2026-03-30 18:00:00+00:00,0.86896,0.86913,0.86882,0.86907
2026-03-30 18:15:00+00:00,0.86907,0.86912,0.86889,0.86902
2026-03-30 18:30:00+00:00,0.86902,0.86917,0.86898,0.86916
2026-03-30 18:45:00+00:00,0.86915,0.86933,0.86904,0.86932
2026-03-30 19:00:00+00:00,0.86931,0.86941,0.86916,0.86927
2026-03-30 19:15:00+00:00,0.86928,0.86947,0.86924,0.86938
2026-03-30 19:30:00+00:00,0.86938,0.86941,0.86919,0.86926
2026-03-30 19:45:00+00:00,0.86923,0.8694,0.86913,0.86917
2026-03-30 20:00:00+00:00,0.86915,0.86942,0.86907,0.86936
2026-03-30 20:15:00+00:00,0.86936,0.86945,0.8693,0.86937
2026-03-30 20:30:00+00:00,0.86937,0.86949,0.86911,0.86942
2026-03-30 20:45:00+00:00,0.86941,0.86945,0.86918,0.86942
2026-03-30 21:00:00+00:00,0.8694,0.86986,0.86912,0.86929
2026-03-30 21:15:00+00:00,0.86929,0.86954,0.86928,0.8694
2026-03-30 21:30:00+00:00,0.86941,0.86986,0.86925,0.86955
2026-03-30 21:45:00+00:00,0.86955,0.86961,0.86932,0.86944
2026-03-30 22:00:00+00:00,0.86942,0.86968,0.86934,0.86962
2026-03-30 22:15:00+00:00,0.86961,0.86966,0.86953,0.86959
2026-03-30 22:30:00+00:00,0.86959,0.86962,0.86953,0.86954
2026-03-30 22:45:00+00:00,0.86954,0.8696,0.86944,0.86955
2026-03-30 23:00:00+00:00,0.86954,0.86966,0.86927,0.86964
2026-03-30 23:15:00+00:00,0.86962,0.86965,0.86952,0.86961
2026-03-30 23:30:00+00:00,0.86962,0.86981,0.8696,0.86975
2026-03-30 23:45:00+00:00,0.86975,0.86987,0.86973,0.8698
2026-03-31 00:00:00+00:00,0.86978,0.86994,0.86971,0.86992
2026-03-31 00:15:00+00:00,0.86991,0.87005,0.86984,0.86988
2026-03-31 00:30:00+00:00,0.86988,0.87024,0.86928,0.8694
2026-03-31 00:45:00+00:00,0.8694,0.86963,0.86886,0.86935
2026-03-31 01:00:00+00:00,0.86935,0.86961,0.86913,0.86947
2026-03-31 01:15:00+00:00,0.86946,0.86953,0.86908,0.86928
2026-03-31 01:30:00+00:00,0.86927,0.86932,0.86865,0.86897
2026-03-31 01:45:00+00:00,0.86897,0.86908,0.86876,0.86884
2026-03-31 02:00:00+00:00,0.86884,0.86895,0.86864,0.86879
2026-03-31 02:15:00+00:00,0.86877,0.86883,0.86863,0.86878
2026-03-31 02:30:00+00:00,0.86878,0.86887,0.86869,0.86878
2026-03-31 02:45:00+00:00,0.86878,0.86891,0.86873,0.86885
2026-03-31 03:00:00+00:00,0.86885,0.86887,0.86855,0.86862
2026-03-31 03:15:00+00:00,0.8686,0.86874,0.86855,0.8687
2026-03-31 03:30:00+00:00,0.8687,0.869,0.86864,0.86897
2026-03-31 03:45:00+00:00,0.86897,0.86899,0.86871,0.86892
2026-03-31 04:00:00+00:00,0.86891,0.86899,0.86889,0.86897
2026-03-31 04:15:00+00:00,0.86895,0.86899,0.86882,0.86895
2026-03-31 04:30:00+00:00,0.86894,0.86902,0.86884,0.86896
2026-03-31 04:45:00+00:00,0.86896,0.86916,0.86891,0.86909
2026-03-31 05:00:00+00:00,0.86908,0.86918,0.86875,0.86888
2026-03-31 05:15:00+00:00,0.86887,0.86911,0.86868,0.86873
2026-03-31 05:30:00+00:00,0.86872,0.86874,0.86849,0.86855
2026-03-31 05:45:00+00:00,0.86856,0.86864,0.86809,0.86832
2026-03-31 06:00:00+00:00,0.86832,0.86865,0.86818,0.86865
2026-03-31 06:15:00+00:00,0.86863,0.86885,0.86841,0.86859
2026-03-31 06:30:00+00:00,0.86857,0.86893,0.86838,0.86885
2026-03-31 06:45:00+00:00,0.86887,0.86905,0.86865,0.86881
2026-03-31 07:00:00+00:00,0.86881,0.86912,0.86852,0.86899
2026-03-31 07:15:00+00:00,0.86898,0.86911,0.86877,0.86893
2026-03-31 07:30:00+00:00,0.86892,0.86897,0.86856,0.86867
2026-03-31 07:45:00+00:00,0.86868,0.86891,0.86838,0.86857
2026-03-31 08:00:00+00:00,0.86859,0.86903,0.8683,0.8686
2026-03-31 08:15:00+00:00,0.86858,0.86872,0.86823,0.86831
2026-03-31 08:30:00+00:00,0.86829,0.86847,0.86804,0.86813
2026-03-31 08:45:00+00:00,0.86813,0.86831,0.86795,0.86798
2026-03-31 09:00:00+00:00,0.86798,0.86822,0.86771,0.86817
2026-03-31 09:15:00+00:00,0.86817,0.8684,0.86799,0.86835
2026-03-31 09:30:00+00:00,0.86834,0.8684,0.86768,0.86784
2026-03-31 09:45:00+00:00,0.86784,0.86805,0.86775,0.86783
2026-03-31 10:00:00+00:00,0.86784,0.86805,0.86776,0.86799
2026-03-31 10:15:00+00:00,0.86799,0.86811,0.86788,0.86811
2026-03-31 10:30:00+00:00,0.86808,0.86849,0.86805,0.86841
2026-03-31 10:45:00+00:00,0.8684,0.86848,0.86782,0.86819
2026-03-31 11:00:00+00:00,0.86819,0.86887,0.86809,0.86844
2026-03-31 11:15:00+00:00,0.86843,0.86871,0.86792,0.8685
2026-03-31 11:30:00+00:00,0.86846,0.86874,0.86815,0.86825
2026-03-31 11:45:00+00:00,0.86824,0.86849,0.86812,0.86826
2026-03-31 12:00:00+00:00,0.86827,0.86865,0.86807,0.86829
2026-03-31 12:15:00+00:00,0.86829,0.86894,0.86816,0.86876
2026-03-31 12:30:00+00:00,0.86872,0.86899,0.86859,0.86881
2026-03-31 12:45:00+00:00,0.8688,0.86909,0.86866,0.86902
2026-03-31 13:00:00+00:00,0.86903,0.8694,0.86894,0.86911
2026-03-31 13:15:00+00:00,0.86911,0.86934,0.86888,0.86924
2026-03-31 13:30:00+00:00,0.86921,0.86948,0.86908,0.8693
2026-03-31 13:45:00+00:00,0.86928,0.86977,0.86919,0.86968
2026-03-31 14:00:00+00:00,0.86967,0.86993,0.8694,0.86991
2026-03-31 14:15:00+00:00,0.86991,0.87032,0.86965,0.8702
2026-03-31 14:30:00+00:00,0.87018,0.87072,0.86963,0.8705
2026-03-31 14:45:00+00:00,0.87048,0.87405,0.87041,0.87365
2026-03-31 15:00:00+00:00,0.87364,0.87391,0.87246,0.87262
2026-03-31 15:15:00+00:00,0.87261,0.87296,0.87241,0.87277
2026-03-31 15:30:00+00:00,0.87276,0.87299,0.87237,0.87261
2026-03-31 15:45:00+00:00,0.87262,0.87356,0.87221,0.87349
2026-03-31 16:00:00+00:00,0.87349,0.87374,0.8731,0.87337
2026-03-31 16:15:00+00:00,0.87338,0.87401,0.87323,0.87374
2026-03-31 16:30:00+00:00,0.87372,0.87453,0.87282,0.87358
2026-03-31 16:45:00+00:00,0.87354,0.87396,0.87309,0.87332
2026-03-31 17:00:00+00:00,0.87331,0.87345,0.87265,0.87301
2026-03-31 17:15:00+00:00,0.87301,0.87315,0.87236,0.87245
2026-03-31 17:30:00+00:00,0.87245,0.8726,0.87215,0.87236
2026-03-31 17:45:00+00:00,0.87235,0.8726,0.87213,0.87229
2026-03-31 18:00:00+00:00,0.87227,0.87236,0.87186,0.87196
2026-03-31 18:15:00+00:00,0.87197,0.87218,0.87187,0.87208
2026-03-31 18:30:00+00:00,0.87208,0.87224,0.87186,0.87221
2026-03-31 18:45:00+00:00,0.87221,0.87284,0.87202,0.87279
2026-03-31 19:00:00+00:00,0.87278,0.87284,0.87255,0.87265
2026-03-31 19:15:00+00:00,0.87265,0.8728,0.87258,0.87274
2026-03-31 19:30:00+00:00,0.87275,0.87317,0.87264,0.87285
2026-03-31 19:45:00+00:00,0.87283,0.87335,0.87276,0.87333
2026-03-31 20:00:00+00:00,0.87331,0.8736,0.87323,0.8734
2026-03-31 20:15:00+00:00,0.8734,0.87373,0.87334,0.8736
2026-03-31 20:30:00+00:00,0.87361,0.87377,0.87349,0.87356
2026-03-31 20:45:00+00:00,0.87355,0.87363,0.87342,0.87345
2026-03-31 21:00:00+00:00,0.87343,0.87381,0.87333,0.8737
2026-03-31 21:15:00+00:00,0.87371,0.87396,0.87322,0.87341
2026-03-31 21:30:00+00:00,0.87342,0.87354,0.87338,0.87345
2026-03-31 21:45:00+00:00,0.87344,0.87392,0.87342,0.87389
2026-03-31 22:00:00+00:00,0.87387,0.87402,0.87344,0.87367
2026-03-31 22:15:00+00:00,0.87366,0.87371,0.87354,0.87362
2026-03-31 22:30:00+00:00,0.87363,0.87372,0.87347,0.87359
2026-03-31 22:45:00+00:00,0.87359,0.87365,0.87351,0.87364
2026-03-31 23:00:00+00:00,0.87363,0.87374,0.87356,0.8737
2026-03-31 23:15:00+00:00,0.87369,0.87387,0.87361,0.87378
2026-03-31 23:30:00+00:00,0.87378,0.87381,0.87357,0.87369
2026-03-31 23:45:00+00:00,0.87369,0.87399,0.87364,0.87396
2026-04-01 00:00:00+00:00,0.87395,0.874,0.87374,0.87378
2026-04-01 00:15:00+00:00,0.87377,0.87391,0.87344,0.87352
2026-04-01 00:30:00+00:00,0.87353,0.8737,0.87345,0.87358
2026-04-01 00:45:00+00:00,0.87358,0.87382,0.87349,0.8738
2026-04-01 01:00:00+00:00,0.87378,0.87429,0.87358,0.87378
2026-04-01 01:15:00+00:00,0.87376,0.87393,0.87357,0.87373
2026-04-01 01:30:00+00:00,0.87373,0.87405,0.87366,0.87381
2026-04-01 01:45:00+00:00,0.87381,0.87393,0.87362,0.87379
2026-04-01 02:00:00+00:00,0.87376,0.87393,0.87358,0.87377
2026-04-01 02:15:00+00:00,0.87375,0.8738,0.87367,0.87374
2026-04-01 02:30:00+00:00,0.87375,0.87396,0.87372,0.87381
2026-04-01 02:45:00+00:00,0.87381,0.87389,0.8737,0.87378
2026-04-01 03:00:00+00:00,0.87377,0.87387,0.87362,0.87383
2026-04-01 03:15:00+00:00,0.87381,0.87388,0.87372,0.87381
2026-04-01 03:30:00+00:00,0.87381,0.87383,0.87354,0.87359
2026-04-01 03:45:00+00:00,0.87359,0.87364,0.87349,0.8736
2026-04-01 04:00:00+00:00,0.8736,0.87363,0.87333,0.87338
2026-04-01 04:15:00+00:00,0.87336,0.87356,0.87334,0.8735
2026-04-01 04:30:00+00:00,0.87349,0.87358,0.87329,0.87338
2026-04-01 04:45:00+00:00,0.87338,0.87353,0.87331,0.87334
2026-04-01 05:00:00+00:00,0.87333,0.87346,0.87295,0.87302
2026-04-01 05:15:00+00:00,0.873,0.87311,0.87284,0.87308
2026-04-01 05:30:00+00:00,0.87307,0.87319,0.87291,0.87292
2026-04-01 05:45:00+00:00,0.87293,0.87299,0.8726,0.87269
2026-04-01 06:00:00+00:00,0.8727,0.87279,0.87201,0.87203
2026-04-01 06:15:00+00:00,0.87203,0.87239,0.87182,0.87217
2026-04-01 06:30:00+00:00,0.87215,0.8725,0.87195,0.87214
2026-04-01 06:45:00+00:00,0.87215,0.87238,0.8717,0.87229
2026-04-01 07:00:00+00:00,0.87229,0.87249,0.8721,0.87234
2026-04-01 07:15:00+00:00,0.87231,0.87286,0.87216,0.87285
2026-04-01 07:30:00+00:00,0.87283,0.87294,0.87238,0.87263
2026-04-01 07:45:00+00:00,0.87265,0.87334,0.87234,0.87307
2026-04-01 08:00:00+00:00,0.87308,0.8733,0.87261,0.87296
2026-04-01 08:15:00+00:00,0.87294,0.87326,0.87279,0.87312
2026-04-01 08:30:00+00:00,0.8731,0.8733,0.87273,0.87294
2026-04-01 08:45:00+00:00,0.87295,0.87305,0.87255,0.87264
2026-04-01 09:00:00+00:00,0.87264,0.8728,0.8724,0.87265
2026-04-01 09:15:00+00:00,0.87266,0.87275,0.87214,0.87214
2026-04-01 09:30:00+00:00,0.87211,0.87226,0.8719,0.87203
2026-04-01 09:45:00+00:00,0.87203,0.87244,0.87187,0.87225
2026-04-01 10:00:00+00:00,0.87226,0.87232,0.87167,0.87171
2026-04-01 10:15:00+00:00,0.8717,0.8718,0.87127,0.87137
2026-04-01 10:30:00+00:00,0.87136,0.87151,0.87118,0.87128
2026-04-01 10:45:00+00:00,0.87128,0.87204,0.87121,0.87201
2026-04-01 11:00:00+00:00,0.87203,0.87212,0.87157,0.87165
2026-04-01 11:15:00+00:00,0.87164,0.87173,0.87133,0.87133
2026-04-01 11:30:00+00:00,0.87131,0.8714,0.87115,0.87121
2026-04-01 11:45:00+00:00,0.87119,0.8716,0.87114,0.87133
2026-04-01 12:00:00+00:00,0.87134,0.87145,0.87093,0.87107
2026-04-01 12:15:00+00:00,0.87107,0.87206,0.87092,0.872
2026-04-01 12:30:00+00:00,0.872,0.87227,0.87176,0.87212
2026-04-01 12:45:00+00:00,0.8721,0.87272,0.87146,0.87216
2026-04-01 13:00:00+00:00,0.87217,0.87267,0.87201,0.87229
2026-04-01 13:15:00+00:00,0.87229,0.87256,0.87215,0.87241
2026-04-01 13:30:00+00:00,0.87239,0.87286,0.87183,0.87234
2026-04-01 13:45:00+00:00,0.87232,0.87259,0.87205,0.87211
2026-04-01 14:00:00+00:00,0.87211,0.87236,0.87165,0.8719
2026-04-01 14:15:00+00:00,0.87191,0.8726,0.87182,0.8725
2026-04-01 14:30:00+00:00,0.8725,0.87278,0.87224,0.87237
2026-04-01 14:45:00+00:00,0.87235,0.87272,0.87158,0.87174
2026-04-01 15:00:00+00:00,0.87174,0.87194,0.87155,0.87159
2026-04-01 15:15:00+00:00,0.87158,0.8717,0.87136,0.87145
2026-04-01 15:30:00+00:00,0.87144,0.87155,0.87126,0.87128
2026-04-01 15:45:00+00:00,0.87126,0.87145,0.87116,0.87127
2026-04-01 16:00:00+00:00,0.87127,0.87156,0.87102,0.87152
2026-04-01 16:15:00+00:00,0.87154,0.87163,0.87139,0.87147
2026-04-01 16:30:00+00:00,0.87147,0.87159,0.871,0.87113
2026-04-01 16:45:00+00:00,0.8711,0.87125,0.87088,0.87109
2026-04-01 17:00:00+00:00,0.87108,0.87116,0.87068,0.87086
2026-04-01 17:15:00+00:00,0.87087,0.87095,0.87057,0.87066
2026-04-01 17:30:00+00:00,0.87066,0.87105,0.87052,0.87105
2026-04-01 17:45:00+00:00,0.87105,0.87108,0.87068,0.87073
2026-04-01 18:00:00+00:00,0.87071,0.871,0.87043,0.87093
2026-04-01 18:15:00+00:00,0.87094,0.87104,0.87078,0.871
2026-04-01 18:30:00+00:00,0.871,0.87109,0.87063,0.87088
2026-04-01 18:45:00+00:00,0.87086,0.87099,0.87059,0.87059
2026-04-01 19:00:00+00:00,0.87058,0.8712,0.8704,0.87102
2026-04-01 19:15:00+00:00,0.87103,0.87116,0.87093,0.87098
2026-04-01 19:30:00+00:00,0.87098,0.87104,0.87074,0.87087
2026-04-01 19:45:00+00:00,0.87085,0.87105,0.87073,0.87099
2026-04-01 20:00:00+00:00,0.87097,0.87106,0.87086,0.87093
2026-04-01 20:15:00+00:00,0.87094,0.87112,0.87087,0.8711
2026-04-01 20:30:00+00:00,0.87111,0.87121,0.87107,0.87113
2026-04-01 20:45:00+00:00,0.87112,0.87124,0.87096,0.87104
2026-04-01 21:00:00+00:00,0.87102,0.87114,0.87089,0.87108
2026-04-01 21:15:00+00:00,0.87107,0.87146,0.87059,0.87065
2026-04-01 21:30:00+00:00,0.87066,0.87114,0.87051,0.87114
2026-04-01 21:45:00+00:00,0.87114,0.8712,0.87088,0.87105
2026-04-01 22:00:00+00:00,0.87104,0.87109,0.8709,0.87104
2026-04-01 22:15:00+00:00,0.87103,0.87114,0.87101,0.8711
2026-04-01 22:30:00+00:00,0.8711,0.87116,0.87101,0.87108
2026-04-01 22:45:00+00:00,0.87107,0.87115,0.87101,0.87114
2026-04-01 23:00:00+00:00,0.87112,0.87119,0.87106,0.87109
2026-04-01 23:15:00+00:00,0.87108,0.87122,0.87104,0.87121
2026-04-01 23:30:00+00:00,0.87122,0.87127,0.87112,0.8712
2026-04-01 23:45:00+00:00,0.8712,0.87136,0.87114,0.8713
2026-04-02 00:00:00+00:00,0.87128,0.87135,0.87096,0.87122
2026-04-02 00:15:00+00:00,0.87121,0.87138,0.87108,0.87132
2026-04-02 00:30:00+00:00,0.87133,0.87148,0.87118,0.87119
2026-04-02 00:45:00+00:00,0.8712,0.8713,0.87089,0.87112
2026-04-02 01:00:00+00:00,0.8711,0.87183,0.87068,0.87131
2026-04-02 01:15:00+00:00,0.87129,0.8723,0.87072,0.87156
2026-04-02 01:30:00+00:00,0.87156,0.87185,0.87123,0.8717
2026-04-02 01:45:00+00:00,0.87171,0.87183,0.87123,0.87158
2026-04-02 02:00:00+00:00,0.87156,0.8719,0.87138,0.87178
2026-04-02 02:15:00+00:00,0.87176,0.87186,0.87132,0.87145
2026-04-02 02:30:00+00:00,0.87145,0.87181,0.87139,0.87179
2026-04-02 02:45:00+00:00,0.87179,0.87189,0.87167,0.87172
2026-04-02 03:00:00+00:00,0.87171,0.87197,0.87161,0.87195
2026-04-02 03:15:00+00:00,0.87192,0.87201,0.87167,0.87176
2026-04-02 03:30:00+00:00,0.87176,0.87193,0.87168,0.8719
2026-04-02 03:45:00+00:00,0.87191,0.87214,0.87182,0.87196
2026-04-02 04:00:00+00:00,0.87196,0.87201,0.87178,0.87183
2026-04-02 04:15:00+00:00,0.87183,0.87187,0.87157,0.87162
2026-04-02 04:30:00+00:00,0.87161,0.8718,0.87159,0.87166
2026-04-02 04:45:00+00:00,0.87166,0.87176,0.87154,0.87166
2026-04-02 05:00:00+00:00,0.87165,0.87191,0.87159,0.87188
2026-04-02 05:15:00+00:00,0.87186,0.87195,0.87177,0.87181
2026-04-02 05:30:00+00:00,0.8718,0.87205,0.87173,0.872
2026-04-02 05:45:00+00:00,0.87202,0.87233,0.87179,0.87215
2026-04-02 06:00:00+00:00,0.87215,0.87262,0.87204,0.87233
2026-04-02 06:15:00+00:00,0.87231,0.87285,0.87191,0.87273
2026-04-02 06:30:00+00:00,0.87271,0.87277,0.8724,0.87265
2026-04-02 06:45:00+00:00,0.87266,0.87273,0.87218,0.87234
2026-04-02 07:00:00+00:00,0.87235,0.87268,0.87225,0.87242
2026-04-02 07:15:00+00:00,0.87242,0.87257,0.87216,0.8724
2026-04-02 07:30:00+00:00,0.87238,0.87272,0.87207,0.87268
2026-04-02 07:45:00+00:00,0.87268,0.87284,0.8724,0.87254
2026-04-02 08:00:00+00:00,0.87255,0.87284,0.87247,0.87279
2026-04-02 08:15:00+00:00,0.87277,0.87311,0.87263,0.8729
2026-04-02 08:30:00+00:00,0.87287,0.87338,0.87283,0.87327
2026-04-02 08:45:00+00:00,0.87327,0.87334,0.87302,0.87307
2026-04-02 09:00:00+00:00,0.87307,0.87328,0.87293,0.87327
2026-04-02 09:15:00+00:00,0.87326,0.87335,0.87305,0.87316
2026-04-02 09:30:00+00:00,0.87315,0.87321,0.87292,0.87314
2026-04-02 09:45:00+00:00,0.87314,0.87323,0.87296,0.87309
2026-04-02 10:00:00+00:00,0.8731,0.87314,0.87281,0.87281
2026-04-02 10:15:00+00:00,0.8728,0.8734,0.8727,0.87325
2026-04-02 10:30:00+00:00,0.87321,0.87343,0.87294,0.87296
2026-04-02 10:45:00+00:00,0.87295,0.8731,0.87277,0.87304
2026-04-02 11:00:00+00:00,0.87304,0.87308,0.87283,0.87295
2026-04-02 11:15:00+00:00,0.87295,0.87313,0.87266,0.87281
2026-04-02 11:30:00+00:00,0.87279,0.87314,0.87263,0.87293
2026-04-02 11:45:00+00:00,0.87292,0.87303,0.87238,0.87244
2026-04-02 12:00:00+00:00,0.87245,0.8728,0.87241,0.87253
2026-04-02 12:15:00+00:00,0.87253,0.87272,0.87207,0.87216
2026-04-02 12:30:00+00:00,0.87214,0.87248,0.87203,0.87246
2026-04-02 12:45:00+00:00,0.87245,0.8726,0.87202,0.87204
2026-04-02 13:00:00+00:00,0.87207,0.87261,0.87203,0.8726
2026-04-02 13:15:00+00:00,0.8726,0.87274,0.87236,0.87247
2026-04-02 13:30:00+00:00,0.87245,0.87257,0.87222,0.87231
2026-04-02 13:45:00+00:00,0.87228,0.8726,0.87217,0.87234
2026-04-02 14:00:00+00:00,0.87232,0.87283,0.87217,0.87274
2026-04-02 14:15:00+00:00,0.87274,0.87284,0.87257,0.87278
2026-04-02 14:30:00+00:00,0.87278,0.87338,0.87147,0.87283
2026-04-02 14:45:00+00:00,0.87282,0.87313,0.8722,0.87221
2026-04-02 15:00:00+00:00,0.87221,0.87244,0.87205,0.87233
2026-04-02 15:15:00+00:00,0.87234,0.87284,0.87222,0.8725
2026-04-02 15:30:00+00:00,0.87251,0.87252,0.87216,0.87236
2026-04-02 15:45:00+00:00,0.87235,0.87246,0.87207,0.87212
2026-04-02 16:00:00+00:00,0.87211,0.87242,0.87199,0.87225
2026-04-02 16:15:00+00:00,0.87225,0.87255,0.87205,0.87216
2026-04-02 16:30:00+00:00,0.87216,0.87233,0.87194,0.8722
2026-04-02 16:45:00+00:00,0.87218,0.87239,0.87207,0.87215
2026-04-02 17:00:00+00:00,0.87214,0.87247,0.87195,0.87239
2026-04-02 17:15:00+00:00,0.87241,0.87262,0.87217,0.87235
2026-04-02 17:30:00+00:00,0.87235,0.87264,0.87231,0.87263
2026-04-02 17:45:00+00:00,0.87261,0.87274,0.8724,0.87243
2026-04-02 18:00:00+00:00,0.87242,0.87248,0.87224,0.87227
2026-04-02 18:15:00+00:00,0.87227,0.87235,0.8722,0.87228
2026-04-02 18:30:00+00:00,0.87228,0.87246,0.87223,0.8723
2026-04-02 18:45:00+00:00,0.87228,0.87254,0.87221,0.87242
2026-04-02 19:00:00+00:00,0.8724,0.87245,0.87227,0.8724
2026-04-02 19:15:00+00:00,0.8724,0.87263,0.87226,0.87246
2026-04-02 19:30:00+00:00,0.87246,0.87252,0.87239,0.8725
2026-04-02 19:45:00+00:00,0.87249,0.87255,0.87224,0.8723
2026-04-02 20:00:00+00:00,0.87228,0.87237,0.87219,0.87222
2026-04-02 20:15:00+00:00,0.87222,0.87234,0.87219,0.87229
2026-04-02 20:30:00+00:00,0.87229,0.87236,0.87218,0.87227
2026-04-02 20:45:00+00:00,0.87226,0.87252,0.87222,0.87243
2026-04-02 21:00:00+00:00,0.87241,0.87273,0.87238,0.87273
2026-04-02 21:15:00+00:00,0.87272,0.87299,0.87256,0.87263
2026-04-02 21:30:00+00:00,0.87264,0.87275,0.87262,0.8727
2026-04-02 21:45:00+00:00,0.87269,0.87288,0.87249,0.87273
2026-04-02 22:00:00+00:00,0.87272,0.87275,0.87247,0.87255
2026-04-02 22:15:00+00:00,0.87255,0.87264,0.87253,0.87255
2026-04-02 22:30:00+00:00,0.87256,0.87261,0.87247,0.8725
2026-04-02 22:45:00+00:00,0.8725,0.87259,0.87248,0.87255
2026-04-02 23:00:00+00:00,0.87253,0.87261,0.87249,0.87253
2026-04-02 23:15:00+00:00,0.87252,0.87257,0.87249,0.87252
2026-04-02 23:30:00+00:00,0.87253,0.87257,0.87245,0.87248
2026-04-02 23:45:00+00:00,0.87248,0.87251,0.8723,0.87239
2026-04-03 00:00:00+00:00,0.87237,0.87253,0.87218,0.87237
2026-04-03 00:15:00+00:00,0.87235,0.8724,0.87219,0.87222
2026-04-03 00:30:00+00:00,0.87222,0.87225,0.87199,0.87205
2026-04-03 00:45:00+00:00,0.87206,0.87208,0.87187,0.87192
2026-04-03 01:00:00+00:00,0.87191,0.87207,0.87185,0.87206
2026-04-03 01:15:00+00:00,0.87204,0.87212,0.87198,0.87208
2026-04-03 01:30:00+00:00,0.87208,0.87225,0.87205,0.87211
2026-04-03 01:45:00+00:00,0.87211,0.87213,0.87201,0.87207
2026-04-03 02:00:00+00:00,0.87206,0.87217,0.87201,0.87209
2026-04-03 02:15:00+00:00,0.87207,0.87227,0.87202,0.87216
2026-04-03 02:30:00+00:00,0.87216,0.87226,0.87209,0.87223
2026-04-03 02:45:00+00:00,0.87223,0.87226,0.87216,0.8722
2026-04-03 03:00:00+00:00,0.8722,0.87222,0.87205,0.87208
2026-04-03 03:15:00+00:00,0.87206,0.87215,0.87204,0.87213
2026-04-03 03:30:00+00:00,0.87213,0.87219,0.87208,0.87208
2026-04-03 03:45:00+00:00,0.87209,0.87216,0.87204,0.87207
2026-04-03 04:00:00+00:00,0.87207,0.87213,0.8719,0.87194
2026-04-03 04:15:00+00:00,0.87192,0.87204,0.87191,0.87201
2026-04-03 04:30:00+00:00,0.872,0.87213,0.87198,0.87207
2026-04-03 04:45:00+00:00,0.87208,0.87212,0.87192,0.87201
2026-04-03 05:00:00+00:00,0.87201,0.87206,0.87198,0.87206
2026-04-03 05:15:00+00:00,0.87204,0.87208,0.87191,0.87199
2026-04-03 05:30:00+00:00,0.87198,0.87211,0.87193,0.87199
2026-04-03 05:45:00+00:00,0.87199,0.87209,0.87175,0.87191
2026-04-03 06:00:00+00:00,0.87191,0.87197,0.87184,0.87191
2026-04-03 06:15:00+00:00,0.8719,0.87193,0.87179,0.87186
2026-04-03 06:30:00+00:00,0.87185,0.87201,0.87181,0.87188
2026-04-03 06:45:00+00:00,0.87188,0.87204,0.87184,0.872
2026-04-03 07:00:00+00:00,0.872,0.87204,0.87193,0.87204
2026-04-03 07:15:00+00:00,0.87202,0.87209,0.8719,0.87199
2026-04-03 07:30:00+00:00,0.87197,0.872,0.87181,0.87189
2026-04-03 07:45:00+00:00,0.87189,0.87199,0.87183,0.87189
2026-04-03 08:00:00+00:00,0.87189,0.87213,0.87185,0.87212
2026-04-03 08:15:00+00:00,0.87211,0.8722,0.872,0.8721
2026-04-03 08:30:00+00:00,0.87208,0.87212,0.87203,0.87206
2026-04-03 08:45:00+00:00,0.87205,0.87209,0.87189,0.87197
2026-04-03 09:00:00+00:00,0.87198,0.87223,0.87192,0.87222
2026-04-03 09:15:00+00:00,0.87221,0.87224,0.87199,0.87208
2026-04-03 09:30:00+00:00,0.87206,0.87216,0.87203,0.87211
2026-04-03 09:45:00+00:00,0.87211,0.87221,0.87205,0.87216
2026-04-03 10:00:00+00:00,0.87217,0.8723,0.87211,0.87229
2026-04-03 10:15:00+00:00,0.87228,0.87244,0.87225,0.87242
2026-04-03 10:30:00+00:00,0.87239,0.87251,0.87238,0.87245
2026-04-03 10:45:00+00:00,0.87244,0.87254,0.87233,0.87239
2026-04-03 11:00:00+00:00,0.8724,0.87248,0.87234,0.87235
2026-04-03 11:15:00+00:00,0.87235,0.87239,0.87206,0.87223
2026-04-03 11:30:00+00:00,0.87221,0.87226,0.87205,0.87212
2026-04-03 11:45:00+00:00,0.8721,0.87221,0.87206,0.87216
2026-04-03 12:00:00+00:00,0.87217,0.8723,0.87212,0.87224
2026-04-03 12:15:00+00:00,0.87224,0.87238,0.87218,0.87235
2026-04-03 12:30:00+00:00,0.87234,0.87295,0.87189,0.87242
2026-04-03 12:45:00+00:00,0.8724,0.87279,0.87229,0.87274
2026-04-03 13:00:00+00:00,0.87273,0.87289,0.87247,0.87277
2026-04-03 13:15:00+00:00,0.87278,0.873,0.87272,0.87281
2026-04-03 13:30:00+00:00,0.8728,0.8729,0.87269,0.8728
2026-04-03 13:45:00+00:00,0.87278,0.87292,0.87245,0.87274
2026-04-03 14:00:00+00:00,0.87274,0.87283,0.87255,0.87265
2026-04-03 14:15:00+00:00,0.87266,0.87274,0.87262,0.8727
2026-04-03 14:30:00+00:00,0.8727,0.87281,0.87259,0.87274
2026-04-03 14:45:00+00:00,0.87272,0.87277,0.87253,0.87257
2026-04-03 15:00:00+00:00,0.87257,0.87295,0.8725,0.87294
2026-04-03 15:15:00+00:00,0.87295,0.87308,0.8724,0.87296
2026-04-03 15:30:00+00:00,0.87296,0.87298,0.87273,0.87289
2026-04-03 15:45:00+00:00,0.87287,0.87326,0.87284,0.87292
2026-04-03 16:00:00+00:00,0.87291,0.87304,0.87278,0.87302
2026-04-03 16:15:00+00:00,0.87302,0.87304,0.87287,0.87301
2026-04-03 16:30:00+00:00,0.87301,0.87304,0.87277,0.8729
2026-04-03 16:45:00+00:00,0.87288,0.87294,0.87271,0.87276
2026-04-03 17:00:00+00:00,0.87275,0.87292,0.87269,0.87283
2026-04-03 17:15:00+00:00,0.87283,0.87289,0.87276,0.87284
2026-04-03 17:30:00+00:00,0.87284,0.87301,0.87271,0.87297
2026-04-03 17:45:00+00:00,0.87294,0.87299,0.87283,0.87289
2026-04-03 18:00:00+00:00,0.87288,0.87293,0.87279,0.87287
2026-04-03 18:15:00+00:00,0.87287,0.87297,0.87285,0.87297
2026-04-03 18:30:00+00:00,0.87298,0.87308,0.87268,0.87289
2026-04-03 18:45:00+00:00,0.87288,0.87302,0.87277,0.87285
2026-04-03 19:00:00+00:00,0.87283,0.87297,0.87278,0.87286
2026-04-03 19:15:00+00:00,0.87286,0.87293,0.8727,0.87276
2026-04-03 19:30:00+00:00,0.87277,0.87286,0.87275,0.87275
2026-04-03 19:45:00+00:00,0.87274,0.87281,0.87269,0.87276
2026-04-03 20:00:00+00:00,0.87274,0.87337,0.87247,0.87307
2026-04-03 20:15:00+00:00,0.87307,0.87315,0.87275,0.87299
2026-04-03 20:30:00+00:00,0.87302,0.87338,0.87274,0.87285
2026-04-03 20:45:00+00:00,0.87283,0.87302,0.8724,0.87247
2026-04-03 21:00:00+00:00,0.87243,0.87311,0.87241,0.87276
2026-04-03 21:15:00+00:00,0.87276,0.8731,0.87263,0.87292
2026-04-03 21:30:00+00:00,0.87289,0.87301,0.87271,0.87285
2026-04-03 21:45:00+00:00,0.87284,0.87297,0.87266,0.87284
2026-04-03 22:00:00+00:00,0.8728,0.87309,0.87265,0.87283
2026-04-03 22:15:00+00:00,0.87284,0.87306,0.87264,0.87291
2026-04-03 22:30:00+00:00,0.8729,0.873,0.87273,0.87287
2026-04-03 22:45:00+00:00,0.87286,0.87303,0.87277,0.87295
2026-04-03 23:00:00+00:00,0.87294,0.87302,0.87261,0.87299
2026-04-03 23:15:00+00:00,0.87298,0.87305,0.87277,0.87288
2026-04-03 23:30:00+00:00,0.87288,0.87305,0.87275,0.87286
2026-04-03 23:45:00+00:00,0.87286,0.87297,0.87274,0.87286
2026-04-04 00:00:00+00:00,0.87284,0.873,0.87275,0.87287
2026-04-04 00:15:00+00:00,0.87286,0.87319,0.87264,0.87293
2026-04-04 00:30:00+00:00,0.87293,0.87325,0.87272,0.87296
2026-04-04 00:45:00+00:00,0.87297,0.87325,0.87273,0.87308
2026-04-04 01:00:00+00:00,0.87309,0.87311,0.87274,0.87289
2026-04-04 01:15:00+00:00,0.87288,0.87318,0.87265,0.87287
2026-04-04 01:30:00+00:00,0.87286,0.87307,0.87254,0.87281
2026-04-04 01:45:00+00:00,0.87281,0.8731,0.87267,0.8729
2026-04-04 02:00:00+00:00,0.8729,0.87302,0.8726,0.87284
2026-04-04 02:15:00+00:00,0.87282,0.87295,0.87268,0.87274
2026-04-04 02:30:00+00:00,0.87274,0.87305,0.87254,0.87278
2026-04-04 02:45:00+00:00,0.87278,0.87302,0.87258,0.87285
2026-04-04 03:00:00+00:00,0.87284,0.873,0.87267,0.87281
2026-04-04 03:15:00+00:00,0.87279,0.87298,0.87241,0.87285
2026-04-04 03:30:00+00:00,0.87284,0.87291,0.87277,0.87277
2026-04-04 03:45:00+00:00,0.87277,0.87302,0.87255,0.87283
2026-04-04 04:00:00+00:00,0.87283,0.87307,0.87247,0.87287
2026-04-04 04:15:00+00:00,0.87285,0.87318,0.87271,0.87318
2026-04-04 04:30:00+00:00,0.87316,0.87318,0.87275,0.87283
2026-04-04 04:45:00+00:00,0.87287,0.87317,0.87273,0.87316
2026-04-04 05:00:00+00:00,0.87317,0.87317,0.87272,0.87298
2026-04-04 05:15:00+00:00,0.87294,0.87314,0.8727,0.87301
2026-04-04 05:30:00+00:00,0.87299,0.87318,0.87283,0.87296
2026-04-04 05:45:00+00:00,0.87299,0.87321,0.87283,0.87296
2026-04-04 06:00:00+00:00,0.87296,0.87323,0.87271,0.87309
2026-04-04 06:15:00+00:00,0.87306,0.87314,0.87268,0.87288
2026-04-04 06:30:00+00:00,0.87286,0.87306,0.87265,0.87283
2026-04-04 06:45:00+00:00,0.87283,0.87319,0.87262,0.87295
2026-04-04 07:00:00+00:00,0.87295,0.87323,0.87277,0.87318
2026-04-04 07:15:00+00:00,0.87317,0.87323,0.87302,0.87321
2026-04-04 07:30:00+00:00,0.8732,0.87323,0.87272,0.87302
2026-04-04 07:45:00+00:00,0.87302,0.87319,0.87269,0.87289
2026-04-04 08:00:00+00:00,0.87289,0.87317,0.87278,0.87289
2026-04-04 08:15:00+00:00,0.87288,0.87295,0.87247,0.87283
2026-04-04 08:30:00+00:00,0.87281,0.87284,0.87277,0.87278
2026-04-04 08:45:00+00:00,0.87277,0.87302,0.87249,0.8728
2026-04-04 09:00:00+00:00,0.8728,0.87304,0.87256,0.87284
2026-04-04 09:15:00+00:00,0.87284,0.87298,0.8727,0.8728
2026-04-04 09:30:00+00:00,0.87278,0.87301,0.87255,0.87284
2026-04-04 09:45:00+00:00,0.87283,0.87286,0.87277,0.87277
2026-04-04 10:00:00+00:00,0.87277,0.87316,0.87259,0.87287
2026-04-04 10:15:00+00:00,0.87286,0.87302,0.87262,0.87282
2026-04-04 10:30:00+00:00,0.8728,0.87291,0.87271,0.87279
2026-04-04 10:45:00+00:00,0.87278,0.87301,0.87246,0.8728
2026-04-04 11:00:00+00:00,0.8728,0.87284,0.87276,0.87277
2026-04-04 11:15:00+00:00,0.87277,0.87302,0.87252,0.87281
2026-04-04 11:30:00+00:00,0.87279,0.87284,0.8723,0.87271
2026-04-04 11:45:00+00:00,0.87269,0.87273,0.87268,0.87269
2026-04-04 12:00:00+00:00,0.87269,0.87273,0.87265,0.87268
2026-04-04 12:15:00+00:00,0.87269,0.87279,0.87267,0.87277
2026-04-04 12:30:00+00:00,0.87276,0.87279,0.87272,0.87275
2026-04-04 12:45:00+00:00,0.87274,0.87277,0.8727,0.87272
2026-04-04 13:00:00+00:00,0.87272,0.87294,0.8727,0.87284
2026-04-04 13:15:00+00:00,0.87285,0.87288,0.87248,0.87273
2026-04-04 13:30:00+00:00,0.87272,0.87276,0.87271,0.87274
2026-04-04 13:45:00+00:00,0.87272,0.87284,0.87259,0.87275
2026-04-04 14:00:00+00:00,0.87275,0.87288,0.87266,0.87274
2026-04-04 14:15:00+00:00,0.87275,0.87279,0.87274,0.87276
2026-04-04 14:30:00+00:00,0.87275,0.8729,0.87273,0.87284
2026-04-04 14:45:00+00:00,0.87282,0.87286,0.87281,0.87283
2026-04-04 16:00:00+00:00,0.87269,0.87276,0.87172,0.87236
2026-04-04 16:15:00+00:00,0.87237,0.8727,0.87233,0.87257
2026-04-04 16:30:00+00:00,0.87257,0.87279,0.87251,0.87267
2026-04-04 16:45:00+00:00,0.87265,0.87287,0.87254,0.87281
2026-04-04 17:00:00+00:00,0.8728,0.87286,0.87184,0.87224
2026-04-04 17:15:00+00:00,0.87224,0.87228,0.87223,0.87224
2026-04-04 17:30:00+00:00,0.87224,0.87236,0.87223,0.87234
2026-04-04 17:45:00+00:00,0.87232,0.87242,0.87231,0.87241
2026-04-04 18:00:00+00:00,0.87239,0.87241,0.87183,0.87184
2026-04-04 18:15:00+00:00,0.87185,0.87255,0.87183,0.87236
2026-04-04 18:30:00+00:00,0.87237,0.8724,0.87236,0.87238
2026-04-04 18:45:00+00:00,0.87237,0.87246,0.87236,0.87244
2026-04-04 19:00:00+00:00,0.87242,0.87245,0.87188,0.87238
2026-04-04 19:15:00+00:00,0.87238,0.87242,0.87231,0.87238
2026-04-04 19:30:00+00:00,0.87238,0.87248,0.87237,0.87245
2026-04-04 19:45:00+00:00,0.87244,0.87247,0.87242,0.87246
2026-04-04 20:00:00+00:00,0.87244,0.87251,0.87189,0.87216
2026-04-04 20:15:00+00:00,0.87216,0.87225,0.87214,0.87225
2026-04-04 20:30:00+00:00,0.87226,0.87229,0.87215,0.87226
2026-04-04 20:45:00+00:00,0.87226,0.87237,0.87224,0.87235
2026-04-04 21:00:00+00:00,0.87233,0.87237,0.87182,0.87184
2026-04-04 21:15:00+00:00,0.87183,0.87217,0.87182,0.87199
2026-04-04 21:30:00+00:00,0.87199,0.87237,0.87185,0.87233
2026-04-04 21:45:00+00:00,0.87231,0.87257,0.87231,0.87252
2026-04-04 22:00:00+00:00,0.87261,0.87261,0.87134,0.87234
2026-04-04 22:15:00+00:00,0.87233,0.87237,0.87232,0.87232
2026-04-04 22:30:00+00:00,0.87233,0.87243,0.87232,0.87239
2026-04-04 22:45:00+00:00,0.87239,0.87243,0.87238,0.87241
2026-04-04 23:00:00+00:00,0.87238,0.87246,0.8722,0.87232
2026-04-04 23:15:00+00:00,0.8723,0.87261,0.87229,0.87256
2026-04-04 23:30:00+00:00,0.87256,0.8726,0.87255,0.87256
2026-04-04 23:45:00+00:00,0.87256,0.87262,0.87255,0.8726
2026-04-05 00:00:00+00:00,0.87258,0.87262,0.87257,0.8726
2026-04-05 00:15:00+00:00,0.87258,0.87263,0.87257,0.87259
2026-04-05 00:30:00+00:00,0.8726,0.87306,0.87258,0.87295
2026-04-05 00:45:00+00:00,0.87295,0.87299,0.87294,0.87297
2026-04-05 01:00:00+00:00,0.87295,0.87299,0.87275,0.87278
2026-04-05 01:15:00+00:00,0.87277,0.8728,0.87275,0.87277
2026-04-05 01:30:00+00:00,0.87276,0.87278,0.87273,0.87274
2026-04-05 01:45:00+00:00,0.87274,0.87278,0.87271,0.87273
2026-04-05 02:00:00+00:00,0.87272,0.87276,0.87271,0.87274
2026-04-05 02:15:00+00:00,0.87272,0.87276,0.8727,0.87271
2026-04-05 02:30:00+00:00,0.87271,0.87289,0.8726,0.87268
2026-04-05 02:45:00+00:00,0.87269,0.87274,0.87261,0.87267
2026-04-05 03:00:00+00:00,0.87266,0.8727,0.87264,0.87268
2026-04-05 03:15:00+00:00,0.87266,0.8727,0.87265,0.87267
2026-04-05 03:30:00+00:00,0.87266,0.8727,0.87264,0.87265
2026-04-05 03:45:00+00:00,0.87266,0.8727,0.87265,0.87266
2026-04-05 04:00:00+00:00,0.87266,0.87269,0.87264,0.87268
2026-04-05 04:15:00+00:00,0.87266,0.87269,0.87259,0.87263
2026-04-05 04:30:00+00:00,0.87261,0.87265,0.8726,0.87261
2026-04-05 04:45:00+00:00,0.87261,0.87266,0.8726,0.87262
2026-04-05 05:00:00+00:00,0.87262,0.87276,0.87261,0.87275
2026-04-05 05:15:00+00:00,0.87273,0.87277,0.8727,0.87273
2026-04-05 05:30:00+00:00,0.87271,0.87275,0.8727,0.8727
2026-04-05 05:45:00+00:00,0.8727,0.87274,0.87269,0.8727
2026-04-05 06:00:00+00:00,0.8727,0.87289,0.87255,0.8727
2026-04-05 06:15:00+00:00,0.87269,0.87273,0.87268,0.87271
2026-04-05 06:30:00+00:00,0.87269,0.87272,0.87266,0.87268
2026-04-05 06:45:00+00:00,0.87268,0.87272,0.87265,0.87267
2026-04-05 07:00:00+00:00,0.87268,0.87271,0.87266,0.87269
2026-04-05 07:15:00+00:00,0.87268,0.87271,0.87265,0.87269
2026-04-05 07:30:00+00:00,0.87267,0.87271,0.87265,0.87266
2026-04-05 07:45:00+00:00,0.87265,0.87269,0.87259,0.87261
2026-04-05 08:00:00+00:00,0.87262,0.87266,0.87261,0.87264
2026-04-05 08:15:00+00:00,0.87263,0.87266,0.87262,0.87265
2026-04-05 08:30:00+00:00,0.87263,0.87267,0.87261,0.87264
2026-04-05 08:45:00+00:00,0.87263,0.87267,0.87262,0.87263
2026-04-05 09:00:00+00:00,0.87263,0.87267,0.87262,0.87264
2026-04-05 09:15:00+00:00,0.87264,0.87267,0.87262,0.87265
2026-04-05 09:30:00+00:00,0.87264,0.87267,0.87262,0.87264
2026-04-05 09:45:00+00:00,0.87264,0.87268,0.87262,0.87263
2026-04-05 10:00:00+00:00,0.87264,0.87285,0.87263,0.87275
2026-04-05 10:15:00+00:00,0.87275,0.87279,0.87274,0.87277
2026-04-05 10:30:00+00:00,0.87275,0.87279,0.87274,0.87276
2026-04-05 10:45:00+00:00,0.87275,0.87287,0.87274,0.87283
2026-04-05 11:00:00+00:00,0.87284,0.87287,0.87282,0.87284
2026-04-05 11:15:00+00:00,0.87284,0.87287,0.87283,0.87285
2026-04-05 11:30:00+00:00,0.87284,0.87289,0.8723,0.87259
2026-04-05 11:45:00+00:00,0.87258,0.87261,0.87256,0.87257
2026-04-05 12:00:00+00:00,0.87258,0.87261,0.87256,0.87257
2026-04-05 12:15:00+00:00,0.87258,0.87261,0.87256,0.87259
2026-04-05 12:30:00+00:00,0.87258,0.87261,0.87256,0.87259
2026-04-05 12:45:00+00:00,0.87258,0.87261,0.87256,0.87258
2026-04-05 13:00:00+00:00,0.87258,0.87261,0.87256,0.87257
2026-04-05 13:15:00+00:00,0.87258,0.87292,0.8721,0.87248
2026-04-05 13:30:00+00:00,0.87247,0.8725,0.87245,0.87249
2026-04-05 13:45:00+00:00,0.87247,0.8725,0.87245,0.87247
2026-04-05 14:00:00+00:00,0.87247,0.87344,0.87208,0.87287
2026-04-05 14:15:00+00:00,0.87288,0.87313,0.87285,0.87304
2026-04-05 14:30:00+00:00,0.87303,0.87307,0.87302,0.87305
2026-04-05 14:45:00+00:00,0.87303,0.87341,0.873,0.87323
2026-04-05 15:00:00+00:00,0.87322,0.87325,0.87278,0.87278
2026-04-05 15:15:00+00:00,0.87279,0.87283,0.87278,0.8728
2026-04-05 15:30:00+00:00,0.87279,0.87283,0.87278,0.87281
2026-04-05 15:45:00+00:00,0.87279,0.87283,0.87278,0.8728
2026-04-05 16:00:00+00:00,0.87279,0.87283,0.87278,0.87279
2026-04-05 16:15:00+00:00,0.87279,0.87318,0.87277,0.87312
2026-04-05 16:30:00+00:00,0.87311,0.87315,0.8727,0.87272
2026-04-05 16:45:00+00:00,0.87271,0.87274,0.87269,0.87272
2026-04-05 17:00:00+00:00,0.87271,0.87307,0.87257,0.87283
2026-04-05 17:15:00+00:00,0.87284,0.87288,0.87283,0.87284
2026-04-05 17:30:00+00:00,0.87284,0.87288,0.87283,0.87285
2026-04-05 17:45:00+00:00,0.87284,0.87322,0.87279,0.873
2026-04-05 18:00:00+00:00,0.87298,0.87303,0.87218,0.87277
2026-04-05 18:15:00+00:00,0.87277,0.87281,0.87247,0.87276
2026-04-05 18:30:00+00:00,0.87276,0.87281,0.87216,0.87225
2026-04-05 18:45:00+00:00,0.87224,0.87277,0.87209,0.87275
2026-04-05 19:00:00+00:00,0.8728,0.87521,0.86908,0.87265
2026-04-05 19:15:00+00:00,0.87264,0.87279,0.87244,0.87258
2026-04-05 19:30:00+00:00,0.87257,0.8731,0.87226,0.87286
2026-04-05 19:45:00+00:00,0.87285,0.87376,0.87265,0.87354
2026-04-05 20:00:00+00:00,0.87358,0.87378,0.87271,0.87316
2026-04-05 20:15:00+00:00,0.87315,0.87356,0.87299,0.87331
2026-04-05 20:30:00+00:00,0.87331,0.8735,0.87296,0.87327
2026-04-05 20:45:00+00:00,0.87327,0.8736,0.87304,0.87334
2026-04-05 21:00:00+00:00,0.87332,0.87346,0.87307,0.87322
2026-04-05 21:15:00+00:00,0.87322,0.87353,0.87321,0.87339
2026-04-05 21:30:00+00:00,0.8734,0.87348,0.8732,0.87336
2026-04-05 21:45:00+00:00,0.87336,0.87351,0.87329,0.87347
2026-04-05 22:00:00+00:00,0.87348,0.87351,0.87289,0.87296
2026-04-05 22:15:00+00:00,0.87294,0.8731,0.8729,0.87302
2026-04-05 22:30:00+00:00,0.87302,0.87314,0.87296,0.87313
2026-04-05 22:45:00+00:00,0.87313,0.87324,0.87285,0.87292
2026-04-05 23:00:00+00:00,0.8729,0.87297,0.87271,0.87286
2026-04-05 23:15:00+00:00,0.87284,0.87297,0.8728,0.87281
2026-04-05 23:30:00+00:00,0.87282,0.8729,0.87279,0.87279
2026-04-05 23:45:00+00:00,0.8728,0.87291,0.87272,0.87288
2026-04-06 00:00:00+00:00,0.87287,0.87303,0.87272,0.87289
2026-04-06 00:15:00+00:00,0.87287,0.87298,0.87271,0.87275
2026-04-06 00:30:00+00:00,0.87276,0.87283,0.87254,0.87263
2026-04-06 00:45:00+00:00,0.87263,0.87267,0.87228,0.87234
2026-04-06 01:00:00+00:00,0.87233,0.87243,0.87218,0.87229
2026-04-06 01:15:00+00:00,0.87227,0.87242,0.87222,0.8723
2026-04-06 01:30:00+00:00,0.87229,0.87232,0.87219,0.87221
2026-04-06 01:45:00+00:00,0.87221,0.87238,0.87218,0.87225
2026-04-06 02:00:00+00:00,0.87224,0.87242,0.87204,0.87223
2026-04-06 02:15:00+00:00,0.87222,0.87233,0.87205,0.87213
2026-04-06 02:30:00+00:00,0.87213,0.8722,0.87186,0.87195
2026-04-06 02:45:00+00:00,0.87196,0.87204,0.8719,0.87203
2026-04-06 03:00:00+00:00,0.87203,0.87222,0.87196,0.87219
2026-04-06 03:15:00+00:00,0.87218,0.87226,0.87207,0.87222
2026-04-06 03:30:00+00:00,0.87221,0.87224,0.87203,0.87213
2026-04-06 03:45:00+00:00,0.87213,0.87226,0.87207,0.87221
2026-04-06 04:00:00+00:00,0.87221,0.87224,0.87212,0.87219
2026-04-06 04:15:00+00:00,0.87217,0.87224,0.87212,0.87213
2026-04-06 04:30:00+00:00,0.87212,0.87224,0.87208,0.87214
2026-04-06 04:45:00+00:00,0.87214,0.87225,0.8721,0.87222
2026-04-06 05:00:00+00:00,0.87222,0.87224,0.87205,0.87209
2026-04-06 05:15:00+00:00,0.87207,0.8722,0.872,0.87215
2026-04-06 05:30:00+00:00,0.87214,0.87217,0.872,0.87203
2026-04-06 05:45:00+00:00,0.87203,0.87217,0.87199,0.8721
2026-04-06 06:00:00+00:00,0.8721,0.87218,0.87203,0.87204
2026-04-06 06:15:00+00:00,0.87203,0.8722,0.872,0.8721
2026-04-06 06:30:00+00:00,0.87208,0.87224,0.87201,0.87221
2026-04-06 06:45:00+00:00,0.87221,0.87254,0.87212,0.87248
2026-04-06 07:00:00+00:00,0.87248,0.87269,0.8724,0.8726
2026-04-06 07:15:00+00:00,0.87259,0.87273,0.87244,0.87262
2026-04-06 07:30:00+00:00,0.8726,0.87297,0.87251,0.87286
2026-04-06 07:45:00+00:00,0.87286,0.87299,0.87239,0.87258
2026-04-06 08:00:00+00:00,0.87258,0.87268,0.87224,0.87232
2026-04-06 08:15:00+00:00,0.87231,0.87239,0.87209,0.87218
2026-04-06 08:30:00+00:00,0.87216,0.87227,0.87205,0.87214
2026-04-06 08:45:00+00:00,0.87214,0.87223,0.87202,0.87217
2026-04-06 09:00:00+00:00,0.87217,0.87231,0.87192,0.872
2026-04-06 09:15:00+00:00,0.872,0.87213,0.87193,0.87197
2026-04-06 09:30:00+00:00,0.87195,0.87204,0.87183,0.872
2026-04-06 09:45:00+00:00,0.87199,0.87224,0.87182,0.87202
2026-04-06 10:00:00+00:00,0.87202,0.87207,0.87167,0.87168
2026-04-06 10:15:00+00:00,0.87168,0.87183,0.8716,0.87174
2026-04-06 10:30:00+00:00,0.87172,0.87192,0.87171,0.87192
2026-04-06 10:45:00+00:00,0.87191,0.87222,0.87147,0.87193
2026-04-06 11:00:00+00:00,0.87194,0.87225,0.87188,0.87213
2026-04-06 11:15:00+00:00,0.87214,0.87224,0.87204,0.87215
2026-04-06 11:30:00+00:00,0.87213,0.8722,0.87195,0.87195
2026-04-06 11:45:00+00:00,0.87193,0.87224,0.87183,0.87221
2026-04-06 12:00:00+00:00,0.87221,0.8723,0.87208,0.87213
2026-04-06 12:15:00+00:00,0.87213,0.87228,0.87199,0.87216
2026-04-06 12:30:00+00:00,0.87214,0.87235,0.87206,0.8722
2026-04-06 12:45:00+00:00,0.87219,0.87233,0.87205,0.87225
2026-04-06 13:00:00+00:00,0.87224,0.87227,0.87195,0.87209
2026-04-06 13:15:00+00:00,0.87209,0.87214,0.87203,0.87203
2026-04-06 13:30:00+00:00,0.87202,0.87216,0.87172,0.8718
2026-04-06 13:45:00+00:00,0.87178,0.87204,0.87174,0.87204
2026-04-06 14:00:00+00:00,0.87201,0.87243,0.87181,0.8722
2026-04-06 14:15:00+00:00,0.8722,0.87234,0.87187,0.87199
2026-04-06 14:30:00+00:00,0.87199,0.87243,0.87184,0.87199
2026-04-06 14:45:00+00:00,0.87197,0.87238,0.87166,0.87192
2026-04-06 15:00:00+00:00,0.87191,0.87243,0.87185,0.87225
2026-04-06 15:15:00+00:00,0.87226,0.87249,0.87219,0.87243
2026-04-06 15:30:00+00:00,0.87243,0.87262,0.87232,0.87255
2026-04-06 15:45:00+00:00,0.87254,0.87257,0.8723,0.87237
2026-04-06 16:00:00+00:00,0.87236,0.87241,0.87213,0.87226
2026-04-06 16:15:00+00:00,0.87226,0.87244,0.8721,0.87238
2026-04-06 16:30:00+00:00,0.87238,0.87244,0.8722,0.87234
2026-04-06 16:45:00+00:00,0.87232,0.8724,0.87221,0.87234
2026-04-06 17:00:00+00:00,0.87233,0.87257,0.87219,0.87253
2026-04-06 17:15:00+00:00,0.87254,0.87271,0.87242,0.87253
2026-04-06 17:30:00+00:00,0.87253,0.87266,0.87247,0.87256
2026-04-06 17:45:00+00:00,0.87256,0.87266,0.87245,0.87263
2026-04-06 18:00:00+00:00,0.87262,0.87285,0.87243,0.87253
2026-04-06 18:15:00+00:00,0.87253,0.87257,0.87219,0.87225
2026-04-06 18:30:00+00:00,0.87225,0.87241,0.87215,0.87237
2026-04-06 18:45:00+00:00,0.87236,0.87242,0.87219,0.87222
2026-04-06 19:00:00+00:00,0.87221,0.87224,0.87201,0.87221
2026-04-06 19:15:00+00:00,0.87221,0.87224,0.87206,0.87214
2026-04-06 19:30:00+00:00,0.87215,0.87219,0.87207,0.87216
2026-04-06 19:45:00+00:00,0.87216,0.87227,0.87212,0.87223
2026-04-06 20:00:00+00:00,0.87221,0.87227,0.8721,0.87216
2026-04-06 20:15:00+00:00,0.87215,0.87221,0.87208,0.87212
2026-04-06 20:30:00+00:00,0.87212,0.87217,0.87205,0.87212
2026-04-06 20:45:00+00:00,0.87211,0.87217,0.87195,0.87203
2026-04-06 21:00:00+00:00,0.87202,0.87205,0.87183,0.87201
2026-04-06 21:15:00+00:00,0.87199,0.87214,0.87168,0.87182
2026-04-06 21:30:00+00:00,0.87183,0.87203,0.87181,0.87201
2026-04-06 21:45:00+00:00,0.872,0.87212,0.87187,0.87202
2026-04-06 22:00:00+00:00,0.87197,0.87219,0.87196,0.8721
2026-04-06 22:15:00+00:00,0.87208,0.8722,0.87201,0.87213
2026-04-06 22:30:00+00:00,0.87213,0.87222,0.87208,0.87217
2026-04-06 22:45:00+00:00,0.87217,0.87224,0.87214,0.87222
2026-04-06 23:00:00+00:00,0.8722,0.87228,0.87217,0.87221
2026-04-06 23:15:00+00:00,0.8722,0.87227,0.87216,0.87221
2026-04-06 23:30:00+00:00,0.87222,0.87229,0.87216,0.87216
2026-04-06 23:45:00+00:00,0.87217,0.87223,0.87206,0.8721
2026-04-07 00:00:00+00:00,0.87209,0.87218,0.87198,0.87205
2026-04-07 00:15:00+00:00,0.87203,0.87215,0.87187,0.87189
2026-04-07 00:30:00+00:00,0.87189,0.87197,0.87178,0.87191
2026-04-07 00:45:00+00:00,0.87191,0.87203,0.87185,0.87201
2026-04-07 01:00:00+00:00,0.872,0.87214,0.87187,0.87213
2026-04-07 01:15:00+00:00,0.87211,0.87216,0.87198,0.87202
2026-04-07 01:30:00+00:00,0.87202,0.87218,0.87196,0.87208
2026-04-07 01:45:00+00:00,0.87209,0.87233,0.87206,0.87222
2026-04-07 02:00:00+00:00,0.87222,0.87235,0.8721,0.87235
2026-04-07 02:15:00+00:00,0.87233,0.87254,0.87232,0.87243
2026-04-07 02:30:00+00:00,0.87243,0.87248,0.87235,0.87239
2026-04-07 02:45:00+00:00,0.87239,0.87241,0.87223,0.87231
2026-04-07 03:00:00+00:00,0.8723,0.87242,0.8723,0.87234
2026-04-07 03:15:00+00:00,0.87232,0.87237,0.87217,0.87224
2026-04-07 03:30:00+00:00,0.87223,0.87225,0.8721,0.87214
2026-04-07 03:45:00+00:00,0.87215,0.87222,0.87211,0.87218
2026-04-07 04:00:00+00:00,0.87218,0.8722,0.87201,0.87211
2026-04-07 04:15:00+00:00,0.87209,0.87213,0.87199,0.87202
2026-04-07 04:30:00+00:00,0.87201,0.87208,0.87194,0.87197
2026-04-07 04:45:00+00:00,0.87198,0.87201,0.87183,0.87192
2026-04-07 05:00:00+00:00,0.87193,0.87204,0.87187,0.87198
2026-04-07 05:15:00+00:00,0.87196,0.87216,0.87189,0.87212
2026-04-07 05:30:00+00:00,0.87211,0.87231,0.87191,0.87219
2026-04-07 05:45:00+00:00,0.8722,0.87227,0.87186,0.87187
2026-04-07 06:00:00+00:00,0.87188,0.87208,0.87185,0.87197
2026-04-07 06:15:00+00:00,0.87197,0.87201,0.87137,0.87137
2026-04-07 06:30:00+00:00,0.87134,0.87166,0.87124,0.87166
2026-04-07 06:45:00+00:00,0.87166,0.87172,0.8713,0.87158
2026-04-07 07:00:00+00:00,0.87159,0.87191,0.87147,0.87183
2026-04-07 07:15:00+00:00,0.8718,0.87213,0.87176,0.87208
2026-04-07 07:30:00+00:00,0.87206,0.87257,0.87198,0.87236
2026-04-07 07:45:00+00:00,0.87236,0.87248,0.87219,0.87228
2026-04-07 08:00:00+00:00,0.87228,0.87298,0.87128,0.87237
2026-04-07 08:15:00+00:00,0.87237,0.87252,0.87203,0.87214
2026-04-07 08:30:00+00:00,0.87213,0.87228,0.87135,0.87141
2026-04-07 08:45:00+00:00,0.8714,0.87191,0.8712,0.8713
2026-04-07 09:00:00+00:00,0.87132,0.87156,0.87125,0.87147
2026-04-07 09:15:00+00:00,0.87147,0.87157,0.87134,0.87141
2026-04-07 09:30:00+00:00,0.87138,0.87173,0.87137,0.87153
2026-04-07 09:45:00+00:00,0.87152,0.87164,0.87143,0.8716
2026-04-07 10:00:00+00:00,0.87161,0.87211,0.87154,0.8719
2026-04-07 10:15:00+00:00,0.8719,0.87212,0.87159,0.87193
2026-04-07 10:30:00+00:00,0.8719,0.87234,0.87187,0.8723
2026-04-07 10:45:00+00:00,0.87229,0.87253,0.87202,0.87245
2026-04-07 11:00:00+00:00,0.87245,0.87249,0.87211,0.87217
2026-04-07 11:15:00+00:00,0.87217,0.87256,0.87201,0.87251
2026-04-07 11:30:00+00:00,0.87249,0.87281,0.87238,0.87269
2026-04-07 11:45:00+00:00,0.87267,0.87285,0.87245,0.87268
2026-04-07 12:00:00+00:00,0.87269,0.8729,0.87243,0.87248
2026-04-07 12:15:00+00:00,0.87249,0.87281,0.87233,0.87254
2026-04-07 12:30:00+00:00,0.87253,0.87259,0.87227,0.87246
2026-04-07 12:45:00+00:00,0.87245,0.87276,0.87214,0.87244
2026-04-07 13:00:00+00:00,0.87244,0.8726,0.87226,0.87252
2026-04-07 13:15:00+00:00,0.87253,0.87301,0.87251,0.87273
2026-04-07 13:30:00+00:00,0.87272,0.87319,0.87266,0.87297
2026-04-07 13:45:00+00:00,0.87296,0.87334,0.87275,0.87329
2026-04-07 14:00:00+00:00,0.87329,0.87356,0.87303,0.87322
2026-04-07 14:15:00+00:00,0.87322,0.87334,0.87284,0.87317
2026-04-07 14:30:00+00:00,0.87317,0.87344,0.87304,0.87321
2026-04-07 14:45:00+00:00,0.87319,0.87361,0.87292,0.87359
2026-04-07 15:00:00+00:00,0.87358,0.87374,0.87344,0.87359
2026-04-07 15:15:00+00:00,0.87359,0.87385,0.87326,0.87359
2026-04-07 15:30:00+00:00,0.87359,0.8737,0.87343,0.87369
2026-04-07 15:45:00+00:00,0.87366,0.87404,0.87358,0.87402
2026-04-07 16:00:00+00:00,0.87401,0.87416,0.87361,0.87376
2026-04-07 16:15:00+00:00,0.87375,0.87384,0.87338,0.87346
2026-04-07 16:30:00+00:00,0.87346,0.87348,0.87331,0.87339
2026-04-07 16:45:00+00:00,0.87338,0.87348,0.87312,0.87333
2026-04-07 17:00:00+00:00,0.87331,0.8734,0.8729,0.87301
2026-04-07 17:15:00+00:00,0.87301,0.87314,0.87296,0.87311
2026-04-07 17:30:00+00:00,0.87312,0.8732,0.87267,0.87295
2026-04-07 17:45:00+00:00,0.87293,0.87304,0.87282,0.87301
2026-04-07 18:00:00+00:00,0.873,0.87307,0.87279,0.87283
2026-04-07 18:15:00+00:00,0.87283,0.87299,0.87281,0.87289
2026-04-07 18:30:00+00:00,0.87289,0.87303,0.87282,0.87293
2026-04-07 18:45:00+00:00,0.87292,0.87312,0.87281,0.873
2026-04-07 19:00:00+00:00,0.87298,0.87315,0.87295,0.8731
2026-04-07 19:15:00+00:00,0.87309,0.87332,0.87273,0.8728
2026-04-07 19:30:00+00:00,0.87281,0.87286,0.87274,0.87282
2026-04-07 19:45:00+00:00,0.87281,0.87323,0.8722,0.87263
2026-04-07 20:00:00+00:00,0.87261,0.8727,0.87246,0.87252
2026-04-07 20:15:00+00:00,0.87251,0.87259,0.87239,0.87242
2026-04-07 20:30:00+00:00,0.87243,0.87256,0.87224,0.87235
2026-04-07 20:45:00+00:00,0.87235,0.87253,0.87216,0.87242
2026-04-07 21:00:00+00:00,0.87241,0.87283,0.87225,0.87271
2026-04-07 21:15:00+00:00,0.8727,0.87275,0.87237,0.87249
2026-04-07 21:30:00+00:00,0.87247,0.87255,0.87208,0.8722
2026-04-07 21:45:00+00:00,0.8722,0.87231,0.87206,0.87213
2026-04-07 22:00:00+00:00,0.87212,0.87254,0.8717,0.87204
2026-04-07 22:15:00+00:00,0.87203,0.87212,0.87194,0.8721
2026-04-07 22:30:00+00:00,0.87211,0.87281,0.87137,0.87197
2026-04-07 22:45:00+00:00,0.87197,0.87256,0.87171,0.87239
2026-04-07 23:00:00+00:00,0.87235,0.87289,0.87202,0.87211
2026-04-07 23:15:00+00:00,0.8721,0.87251,0.8715,0.87218
2026-04-07 23:30:00+00:00,0.87219,0.87256,0.8719,0.87248
2026-04-07 23:45:00+00:00,0.87249,0.87266,0.87185,0.87203
2026-04-08 00:00:00+00:00,0.872,0.87269,0.87189,0.87219
2026-04-08 00:15:00+00:00,0.87218,0.87237,0.8718,0.87194
2026-04-08 00:30:00+00:00,0.87194,0.87205,0.87166,0.87191
2026-04-08 00:45:00+00:00,0.87191,0.87213,0.8715,0.87177
2026-04-08 01:00:00+00:00,0.87175,0.87198,0.87111,0.87118
2026-04-08 01:15:00+00:00,0.87115,0.87135,0.87096,0.87127
2026-04-08 01:30:00+00:00,0.87126,0.87156,0.871,0.87126
2026-04-08 01:45:00+00:00,0.87126,0.87138,0.8709,0.87101
2026-04-08 02:00:00+00:00,0.871,0.87128,0.87084,0.87114
2026-04-08 02:15:00+00:00,0.87113,0.87126,0.87103,0.87117
2026-04-08 02:30:00+00:00,0.87117,0.87132,0.87105,0.87125
2026-04-08 02:45:00+00:00,0.87126,0.87132,0.87098,0.87113
2026-04-08 03:00:00+00:00,0.87113,0.87119,0.87092,0.87105
2026-04-08 03:15:00+00:00,0.87103,0.87133,0.87089,0.87114
2026-04-08 03:30:00+00:00,0.87113,0.8713,0.87107,0.87117
2026-04-08 03:45:00+00:00,0.87118,0.87126,0.87099,0.87102
2026-04-08 04:00:00+00:00,0.87102,0.87119,0.87094,0.87103
2026-04-08 04:15:00+00:00,0.87102,0.87106,0.87076,0.8708
2026-04-08 04:30:00+00:00,0.87079,0.87087,0.87038,0.87056
2026-04-08 04:45:00+00:00,0.87057,0.87064,0.87027,0.87028
2026-04-08 05:00:00+00:00,0.87028,0.87043,0.87021,0.87038
2026-04-08 05:15:00+00:00,0.87037,0.87066,0.87028,0.87043
2026-04-08 05:30:00+00:00,0.87041,0.87044,0.87016,0.87027
2026-04-08 05:45:00+00:00,0.87028,0.87099,0.87016,0.87038
2026-04-08 06:00:00+00:00,0.87038,0.87076,0.87004,0.8706
2026-04-08 06:15:00+00:00,0.8706,0.87094,0.8702,0.87072
2026-04-08 06:30:00+00:00,0.87071,0.87126,0.87051,0.87108
2026-04-08 06:45:00+00:00,0.87107,0.87135,0.87077,0.87092
2026-04-08 07:00:00+00:00,0.87092,0.8711,0.87042,0.87092
2026-04-08 07:15:00+00:00,0.87092,0.87128,0.87077,0.87124
2026-04-08 07:30:00+00:00,0.87121,0.87133,0.8707,0.87086
2026-04-08 07:45:00+00:00,0.87086,0.87123,0.87077,0.87121
2026-04-08 08:00:00+00:00,0.87122,0.87133,0.87078,0.87098
2026-04-08 08:15:00+00:00,0.87097,0.87106,0.87062,0.87065
2026-04-08 08:30:00+00:00,0.87063,0.87072,0.86992,0.87033
2026-04-08 08:45:00+00:00,0.87032,0.87057,0.8699,0.86998
2026-04-08 09:00:00+00:00,0.86997,0.87024,0.86963,0.86971
2026-04-08 09:15:00+00:00,0.86971,0.86985,0.86928,0.86971
2026-04-08 09:30:00+00:00,0.86968,0.87022,0.86957,0.8702
2026-04-08 09:45:00+00:00,0.87019,0.87032,0.86981,0.87005
2026-04-08 10:00:00+00:00,0.87004,0.8701,0.8697,0.86986
2026-04-08 10:15:00+00:00,0.86986,0.87008,0.8698,0.8699
2026-04-08 10:30:00+00:00,0.86989,0.86992,0.86966,0.86981
2026-04-08 10:45:00+00:00,0.86979,0.86992,0.86941,0.86971
2026-04-08 11:00:00+00:00,0.8697,0.86978,0.86933,0.86937
2026-04-08 11:15:00+00:00,0.86937,0.86974,0.86926,0.8694
2026-04-08 11:30:00+00:00,0.86938,0.86959,0.86902,0.86931
2026-04-08 11:45:00+00:00,0.86929,0.86942,0.86875,0.86882
2026-04-08 12:00:00+00:00,0.86883,0.86925,0.86877,0.86884
2026-04-08 12:15:00+00:00,0.86885,0.86927,0.86846,0.86879
2026-04-08 12:30:00+00:00,0.86878,0.86898,0.86861,0.86893
2026-04-08 12:45:00+00:00,0.86891,0.86937,0.86884,0.86932
2026-04-08 13:00:00+00:00,0.86934,0.86963,0.86901,0.86905
2026-04-08 13:15:00+00:00,0.86906,0.86945,0.86896,0.8692
2026-04-08 13:30:00+00:00,0.86919,0.86976,0.86898,0.86971
2026-04-08 13:45:00+00:00,0.8697,0.86986,0.86922,0.86958
2026-04-08 14:00:00+00:00,0.86957,0.86972,0.86923,0.86955
2026-04-08 14:15:00+00:00,0.86956,0.86972,0.86943,0.86961
2026-04-08 14:30:00+00:00,0.86961,0.87012,0.86928,0.87006
2026-04-08 14:45:00+00:00,0.87004,0.87058,0.86962,0.86963
2026-04-08 15:00:00+00:00,0.86962,0.87013,0.86957,0.87006
2026-04-08 15:15:00+00:00,0.87006,0.8702,0.8697,0.86993
2026-04-08 15:30:00+00:00,0.86993,0.87003,0.86952,0.86994
2026-04-08 15:45:00+00:00,0.86992,0.87024,0.86964,0.86969
2026-04-08 16:00:00+00:00,0.86967,0.87022,0.86956,0.87013
2026-04-08 16:15:00+00:00,0.87013,0.87019,0.86995,0.87009
2026-04-08 16:30:00+00:00,0.8701,0.87024,0.87002,0.87015
2026-04-08 16:45:00+00:00,0.87013,0.8704,0.8701,0.87019
2026-04-08 17:00:00+00:00,0.87018,0.87036,0.8701,0.87025
2026-04-08 17:15:00+00:00,0.87025,0.87035,0.86999,0.87019
2026-04-08 17:30:00+00:00,0.8702,0.87035,0.87007,0.8702
2026-04-08 17:45:00+00:00,0.87019,0.87033,0.87005,0.87008
2026-04-08 18:00:00+00:00,0.87007,0.87024,0.86992,0.87009
2026-04-08 18:15:00+00:00,0.87008,0.8704,0.86974,0.87038
2026-04-08 18:30:00+00:00,0.87039,0.87058,0.87025,0.87044
2026-04-08 18:45:00+00:00,0.87043,0.8705,0.87017,0.87035
2026-04-08 19:00:00+00:00,0.87035,0.87047,0.87006,0.87012
2026-04-08 19:15:00+00:00,0.87011,0.87027,0.86996,0.87009
2026-04-08 19:30:00+00:00,0.8701,0.87037,0.87,0.87026
2026-04-08 19:45:00+00:00,0.87026,0.87043,0.8702,0.87037
2026-04-08 20:00:00+00:00,0.87037,0.87041,0.87017,0.87029
2026-04-08 20:15:00+00:00,0.87028,0.87032,0.87018,0.87026
2026-04-08 20:30:00+00:00,0.87028,0.87047,0.87025,0.87045
2026-04-08 20:45:00+00:00,0.87045,0.87072,0.87032,0.87066
2026-04-08 21:00:00+00:00,0.87065,0.87071,0.87014,0.87057
2026-04-08 21:15:00+00:00,0.87055,0.87057,0.87023,0.87041
2026-04-08 21:30:00+00:00,0.87042,0.87052,0.87035,0.87045
2026-04-08 21:45:00+00:00,0.87045,0.87053,0.87034,0.87046
2026-04-08 22:00:00+00:00,0.87045,0.87065,0.87031,0.87058
2026-04-08 22:15:00+00:00,0.87056,0.87065,0.87045,0.87054
2026-04-08 22:30:00+00:00,0.87054,0.87056,0.87044,0.87048
2026-04-08 22:45:00+00:00,0.87048,0.87053,0.87042,0.87047
2026-04-08 23:00:00+00:00,0.87046,0.8705,0.87026,0.87039
2026-04-08 23:15:00+00:00,0.87037,0.87047,0.87035,0.87041
2026-04-08 23:30:00+00:00,0.87042,0.87048,0.87036,0.87042
2026-04-08 23:45:00+00:00,0.87042,0.87054,0.87036,0.87054
2026-04-09 00:00:00+00:00,0.87053,0.87063,0.8704,0.87061
2026-04-09 00:15:00+00:00,0.87059,0.87066,0.87048,0.8705
2026-04-09 00:30:00+00:00,0.8705,0.87058,0.87038,0.87042
2026-04-09 00:45:00+00:00,0.87043,0.87058,0.87039,0.87055
2026-04-09 01:00:00+00:00,0.87055,0.87065,0.87044,0.87059
2026-04-09 01:15:00+00:00,0.87057,0.8707,0.87051,0.87067
2026-04-09 01:30:00+00:00,0.87067,0.87087,0.87063,0.87078
2026-04-09 01:45:00+00:00,0.87079,0.87092,0.87065,0.87088
2026-04-09 02:00:00+00:00,0.87087,0.87096,0.87076,0.87091
2026-04-09 02:15:00+00:00,0.87089,0.87102,0.87063,0.87065
2026-04-09 02:30:00+00:00,0.87064,0.87088,0.87054,0.8708
2026-04-09 02:45:00+00:00,0.8708,0.87084,0.8707,0.87082
2026-04-09 03:00:00+00:00,0.87082,0.87085,0.87066,0.87076
2026-04-09 03:15:00+00:00,0.87074,0.87082,0.87068,0.87082
2026-04-09 03:30:00+00:00,0.87081,0.87088,0.87076,0.87083
2026-04-09 03:45:00+00:00,0.87083,0.87093,0.87063,0.87063
2026-04-09 04:00:00+00:00,0.87063,0.87068,0.87036,0.87048
2026-04-09 04:15:00+00:00,0.87046,0.87069,0.87043,0.87066
2026-04-09 04:30:00+00:00,0.87064,0.87074,0.87061,0.87068
2026-04-09 04:45:00+00:00,0.87068,0.87072,0.87062,0.87067
2026-04-09 05:00:00+00:00,0.87067,0.87071,0.87058,0.87066
2026-04-09 05:15:00+00:00,0.87064,0.87076,0.8706,0.87068
2026-04-09 05:30:00+00:00,0.87066,0.87074,0.87061,0.87072
2026-04-09 05:45:00+00:00,0.87072,0.87091,0.87064,0.87081
2026-04-09 06:00:00+00:00,0.87081,0.87091,0.87071,0.87088
2026-04-09 06:15:00+00:00,0.87086,0.87095,0.8708,0.8709
2026-04-09 06:30:00+00:00,0.87088,0.87093,0.87051,0.87056
2026-04-09 06:45:00+00:00,0.87056,0.8708,0.87049,0.87077
2026-04-09 07:00:00+00:00,0.87077,0.87085,0.87055,0.87083
2026-04-09 07:15:00+00:00,0.87082,0.87126,0.87076,0.87113
2026-04-09 07:30:00+00:00,0.87112,0.87115,0.87063,0.87069
2026-04-09 07:45:00+00:00,0.87069,0.87096,0.87062,0.87077
2026-04-09 08:00:00+00:00,0.87078,0.87116,0.87072,0.8711
2026-04-09 08:15:00+00:00,0.87111,0.87116,0.87091,0.87105
2026-04-09 08:30:00+00:00,0.87103,0.87119,0.8708,0.87084
2026-04-09 08:45:00+00:00,0.87083,0.87102,0.87059,0.87071
2026-04-09 09:00:00+00:00,0.87073,0.87095,0.87057,0.87065
2026-04-09 09:15:00+00:00,0.87065,0.87099,0.87062,0.87099
2026-04-09 09:30:00+00:00,0.87097,0.87106,0.87073,0.87081
2026-04-09 09:45:00+00:00,0.8708,0.87104,0.87066,0.87094
2026-04-09 10:00:00+00:00,0.87096,0.87116,0.87082,0.87109
2026-04-09 10:15:00+00:00,0.87109,0.87119,0.87099,0.87107
2026-04-09 10:30:00+00:00,0.87106,0.87111,0.87093,0.87108
2026-04-09 10:45:00+00:00,0.87106,0.87125,0.87099,0.87118
2026-04-09 11:00:00+00:00,0.87118,0.87134,0.87088,0.87107
2026-04-09 11:15:00+00:00,0.87107,0.87125,0.87097,0.87097
2026-04-09 11:30:00+00:00,0.87097,0.87105,0.87055,0.87055
2026-04-09 11:45:00+00:00,0.87053,0.87075,0.87028,0.87038
2026-04-09 12:00:00+00:00,0.87039,0.87073,0.87023,0.87071
2026-04-09 12:15:00+00:00,0.87071,0.87099,0.87065,0.87097
2026-04-09 12:30:00+00:00,0.87097,0.87121,0.87076,0.87119
2026-04-09 12:45:00+00:00,0.87118,0.87126,0.87092,0.87101
2026-04-09 13:00:00+00:00,0.871,0.87117,0.87077,0.87102
2026-04-09 13:15:00+00:00,0.87101,0.87104,0.87066,0.87086
2026-04-09 13:30:00+00:00,0.87085,0.87094,0.87067,0.8709
2026-04-09 13:45:00+00:00,0.87089,0.87107,0.87043,0.87052
2026-04-09 14:00:00+00:00,0.87051,0.8707,0.87025,0.87032
2026-04-09 14:15:00+00:00,0.87034,0.8706,0.87023,0.87053
2026-04-09 14:30:00+00:00,0.87053,0.87078,0.87033,0.87071
2026-04-09 14:45:00+00:00,0.87067,0.87103,0.87061,0.87097
2026-04-09 15:00:00+00:00,0.87096,0.87126,0.87089,0.87126
2026-04-09 15:15:00+00:00,0.87127,0.87151,0.87087,0.87126
2026-04-09 15:30:00+00:00,0.87126,0.87154,0.87064,0.87084
2026-04-09 15:45:00+00:00,0.87082,0.87112,0.87064,0.87079
2026-04-09 16:00:00+00:00,0.87078,0.87107,0.87073,0.87092
2026-04-09 16:15:00+00:00,0.87092,0.87108,0.87052,0.87057
2026-04-09 16:30:00+00:00,0.87057,0.87085,0.87041,0.87084
2026-04-09 16:45:00+00:00,0.87082,0.8711,0.87075,0.87107
2026-04-09 17:00:00+00:00,0.87106,0.87118,0.87075,0.87078
2026-04-09 17:15:00+00:00,0.87078,0.87132,0.87073,0.87121
2026-04-09 17:30:00+00:00,0.87122,0.87136,0.87093,0.87098
2026-04-09 17:45:00+00:00,0.87097,0.87108,0.87077,0.87088
2026-04-09 18:00:00+00:00,0.87086,0.87113,0.87073,0.87089
2026-04-09 18:15:00+00:00,0.87091,0.8711,0.87079,0.87105
2026-04-09 18:30:00+00:00,0.87105,0.8711,0.87092,0.87096
2026-04-09 18:45:00+00:00,0.87095,0.87101,0.87079,0.87093
2026-04-09 19:00:00+00:00,0.87091,0.87111,0.87085,0.871
2026-04-09 19:15:00+00:00,0.87099,0.8711,0.87075,0.87078
2026-04-09 19:30:00+00:00,0.87079,0.87094,0.87072,0.87086
2026-04-09 19:45:00+00:00,0.87085,0.87103,0.87076,0.87092
2026-04-09 20:00:00+00:00,0.87091,0.87094,0.87063,0.87069
2026-04-09 20:15:00+00:00,0.87068,0.87077,0.87065,0.87066
2026-04-09 20:30:00+00:00,0.87067,0.87079,0.87065,0.87075
2026-04-09 20:45:00+00:00,0.87075,0.87088,0.87065,0.8707
2026-04-09 21:00:00+00:00,0.87066,0.8711,0.87064,0.87067
2026-04-09 21:15:00+00:00,0.87066,0.8707,0.87054,0.8706
2026-04-09 21:30:00+00:00,0.87062,0.87085,0.8706,0.87072
2026-04-09 21:45:00+00:00,0.87072,0.87119,0.8707,0.87119
2026-04-09 22:00:00+00:00,0.87119,0.87121,0.87077,0.87096
2026-04-09 22:15:00+00:00,0.87094,0.871,0.87084,0.87087
2026-04-09 22:30:00+00:00,0.87087,0.87098,0.87076,0.87088
2026-04-09 22:45:00+00:00,0.87089,0.87104,0.87085,0.87097
2026-04-09 23:00:00+00:00,0.87097,0.87102,0.87087,0.87088
2026-04-09 23:15:00+00:00,0.87086,0.87091,0.87073,0.87075
2026-04-09 23:30:00+00:00,0.87074,0.8708,0.87047,0.87058
2026-04-09 23:45:00+00:00,0.87059,0.87064,0.87042,0.87059
2026-04-10 00:00:00+00:00,0.87058,0.87082,0.87051,0.87075
2026-04-10 00:15:00+00:00,0.87073,0.8708,0.87066,0.87075
2026-04-10 00:30:00+00:00,0.87074,0.87077,0.87066,0.87072
2026-04-10 00:45:00+00:00,0.87073,0.87078,0.87053,0.87059
2026-04-10 01:00:00+00:00,0.87058,0.8709,0.87057,0.87088
2026-04-10 01:15:00+00:00,0.87086,0.87089,0.87069,0.87076
2026-04-10 01:30:00+00:00,0.87075,0.87096,0.87062,0.87066
2026-04-10 01:45:00+00:00,0.87066,0.87071,0.87052,0.87065
2026-04-10 02:00:00+00:00,0.87064,0.87085,0.87058,0.87075
2026-04-10 02:15:00+00:00,0.87073,0.8708,0.87068,0.87079
2026-04-10 02:30:00+00:00,0.87078,0.87095,0.87067,0.87088
2026-04-10 02:45:00+00:00,0.87088,0.87095,0.87083,0.87085
2026-04-10 03:00:00+00:00,0.87085,0.87093,0.87079,0.87092
2026-04-10 03:15:00+00:00,0.8709,0.87116,0.87089,0.87112
2026-04-10 03:30:00+00:00,0.87111,0.87119,0.87106,0.87111
2026-04-10 03:45:00+00:00,0.87111,0.87121,0.87107,0.8712
2026-04-10 04:00:00+00:00,0.8712,0.87125,0.87108,0.87109
2026-04-10 04:15:00+00:00,0.87108,0.87123,0.87105,0.87119
2026-04-10 04:30:00+00:00,0.87117,0.87122,0.87109,0.87119
2026-04-10 04:45:00+00:00,0.87119,0.87124,0.87102,0.87111
2026-04-10 05:00:00+00:00,0.87112,0.87129,0.87103,0.87124
2026-04-10 05:15:00+00:00,0.87122,0.87133,0.87114,0.87124
2026-04-10 05:30:00+00:00,0.87122,0.87133,0.87111,0.87119
2026-04-10 05:45:00+00:00,0.87119,0.87124,0.87111,0.8712
2026-04-10 06:00:00+00:00,0.8712,0.87124,0.87095,0.87109
2026-04-10 06:15:00+00:00,0.87108,0.87113,0.87095,0.87101
2026-04-10 06:30:00+00:00,0.87099,0.87115,0.87075,0.87089
2026-04-10 06:45:00+00:00,0.87089,0.87104,0.87078,0.87088
2026-04-10 07:00:00+00:00,0.87089,0.87092,0.87054,0.87067
2026-04-10 07:15:00+00:00,0.87065,0.87085,0.87038,0.87044
2026-04-10 07:30:00+00:00,0.87042,0.8706,0.87034,0.87048
2026-04-10 07:45:00+00:00,0.87048,0.87088,0.87041,0.87083
2026-04-10 08:00:00+00:00,0.87083,0.87096,0.87056,0.87073
2026-04-10 08:15:00+00:00,0.87073,0.87083,0.87065,0.87077
2026-04-10 08:30:00+00:00,0.87075,0.87082,0.8706,0.87074
2026-04-10 08:45:00+00:00,0.87073,0.87091,0.87067,0.87075
2026-04-10 09:00:00+00:00,0.87076,0.87103,0.8707,0.87084
2026-04-10 09:15:00+00:00,0.87084,0.8718,0.87037,0.87114
2026-04-10 09:30:00+00:00,0.87112,0.87121,0.87088,0.87096
2026-04-10 09:45:00+00:00,0.87095,0.87141,0.87086,0.87139
2026-04-10 10:00:00+00:00,0.87139,0.87147,0.87119,0.87128
2026-04-10 10:15:00+00:00,0.87129,0.87143,0.87109,0.87134
2026-04-10 10:30:00+00:00,0.87133,0.87157,0.87127,0.87154
2026-04-10 10:45:00+00:00,0.87152,0.87177,0.87148,0.87166
2026-04-10 11:00:00+00:00,0.87167,0.87189,0.87159,0.87172
2026-04-10 11:15:00+00:00,0.87172,0.8718,0.87144,0.87151
2026-04-10 11:30:00+00:00,0.8715,0.87158,0.87137,0.8715
2026-04-10 11:45:00+00:00,0.87147,0.87159,0.87124,0.87133
2026-04-10 12:00:00+00:00,0.87132,0.8714,0.87093,0.87103
2026-04-10 12:15:00+00:00,0.87103,0.87108,0.87076,0.87076
2026-04-10 12:30:00+00:00,0.87075,0.87112,0.87029,0.87068
2026-04-10 12:45:00+00:00,0.87068,0.87093,0.87042,0.87088
2026-04-10 13:00:00+00:00,0.87088,0.87106,0.8706,0.8708
2026-04-10 13:15:00+00:00,0.87081,0.87092,0.87056,0.87076
2026-04-10 13:30:00+00:00,0.87075,0.87121,0.87055,0.87107
2026-04-10 13:45:00+00:00,0.87104,0.87137,0.871,0.87125
2026-04-10 14:00:00+00:00,0.87123,0.87131,0.87099,0.87104
2026-04-10 14:15:00+00:00,0.87105,0.87123,0.87082,0.87088
2026-04-10 14:30:00+00:00,0.87089,0.8713,0.87072,0.87117
2026-04-10 14:45:00+00:00,0.87113,0.87169,0.87092,0.8712
2026-04-10 15:00:00+00:00,0.87119,0.8714,0.87094,0.87106
2026-04-10 15:15:00+00:00,0.87106,0.87118,0.87092,0.87094
2026-04-10 15:30:00+00:00,0.87094,0.87125,0.87084,0.87111
2026-04-10 15:45:00+00:00,0.8711,0.87113,0.8708,0.87107
2026-04-10 16:00:00+00:00,0.87105,0.87131,0.87093,0.87115
2026-04-10 16:15:00+00:00,0.87115,0.8712,0.87089,0.87099
2026-04-10 16:30:00+00:00,0.87099,0.87109,0.87074,0.87096
2026-04-10 16:45:00+00:00,0.87094,0.87114,0.87084,0.87105
2026-04-10 17:00:00+00:00,0.87103,0.87116,0.87097,0.87106
2026-04-10 17:15:00+00:00,0.87106,0.87113,0.87091,0.87093
2026-04-10 17:30:00+00:00,0.87094,0.87099,0.87081,0.87091
2026-04-10 17:45:00+00:00,0.87089,0.87119,0.87085,0.87113
2026-04-10 18:00:00+00:00,0.87111,0.87119,0.87096,0.87115
2026-04-10 18:15:00+00:00,0.87114,0.87123,0.871,0.87111
2026-04-10 18:30:00+00:00,0.87111,0.87126,0.87102,0.87109
2026-04-10 18:45:00+00:00,0.87108,0.87111,0.87091,0.871
2026-04-10 19:00:00+00:00,0.87098,0.87108,0.87074,0.8708
2026-04-10 19:15:00+00:00,0.87079,0.87089,0.87071,0.87079
2026-04-10 19:30:00+00:00,0.8708,0.87091,0.87074,0.87085
2026-04-10 19:45:00+00:00,0.87085,0.87092,0.87064,0.87079
2026-04-10 20:00:00+00:00,0.87078,0.87093,0.87073,0.87083
2026-04-10 20:15:00+00:00,0.87082,0.87095,0.87079,0.87088
2026-04-10 20:30:00+00:00,0.87089,0.87105,0.87087,0.87097
2026-04-10 20:45:00+00:00,0.87097,0.87125,0.87091,0.87103
2026-04-10 21:00:00+00:00,0.87102,0.87162,0.87088,0.87138
2026-04-10 21:15:00+00:00,0.87136,0.87171,0.87116,0.87139
2026-04-10 21:30:00+00:00,0.87138,0.87164,0.87107,0.87141
2026-04-10 21:45:00+00:00,0.87141,0.87165,0.87123,0.87138
2026-04-10 22:00:00+00:00,0.87137,0.87196,0.87086,0.87138
2026-04-10 22:15:00+00:00,0.87137,0.87142,0.87135,0.87142
2026-04-10 22:30:00+00:00,0.87141,0.87143,0.87133,0.87136
2026-04-10 22:45:00+00:00,0.87136,0.87165,0.87121,0.87137
2026-04-10 23:00:00+00:00,0.87136,0.87189,0.87108,0.87142
2026-04-10 23:15:00+00:00,0.8714,0.87146,0.87137,0.87142
2026-04-10 23:30:00+00:00,0.87142,0.87146,0.87131,0.87139
2026-04-10 23:45:00+00:00,0.87139,0.87149,0.87112,0.87143
2026-04-11 00:00:00+00:00,0.87143,0.87145,0.87088,0.87105
2026-04-11 00:15:00+00:00,0.87103,0.87124,0.87096,0.87108
2026-04-11 00:30:00+00:00,0.87106,0.87112,0.87096,0.87101
2026-04-11 00:45:00+00:00,0.87102,0.87114,0.87098,0.87107
2026-04-11 01:00:00+00:00,0.87107,0.87114,0.87095,0.87103
2026-04-11 01:15:00+00:00,0.87101,0.87117,0.87096,0.87108
2026-04-11 01:30:00+00:00,0.87106,0.87142,0.87096,0.87104
2026-04-11 01:45:00+00:00,0.87105,0.87112,0.87098,0.87107
2026-04-11 02:00:00+00:00,0.87107,0.87116,0.87097,0.87104
2026-04-11 02:15:00+00:00,0.87102,0.87135,0.87088,0.87108
2026-04-11 02:30:00+00:00,0.87107,0.87114,0.87088,0.87101
2026-04-11 02:45:00+00:00,0.87102,0.87115,0.87097,0.87103
2026-04-11 03:00:00+00:00,0.87103,0.87117,0.87057,0.8709
2026-04-11 03:15:00+00:00,0.87086,0.87129,0.87076,0.87108
2026-04-11 03:30:00+00:00,0.87107,0.8711,0.87095,0.871
2026-04-11 03:45:00+00:00,0.87101,0.87113,0.87097,0.87105
2026-04-11 04:00:00+00:00,0.87105,0.87114,0.87094,0.87098
2026-04-11 04:15:00+00:00,0.87095,0.87123,0.87074,0.87106
2026-04-11 04:30:00+00:00,0.87105,0.87113,0.87095,0.87099
2026-04-11 04:45:00+00:00,0.871,0.87111,0.87094,0.87103
2026-04-11 05:00:00+00:00,0.87103,0.87121,0.87094,0.871
2026-04-11 05:15:00+00:00,0.87098,0.87112,0.87094,0.87106
2026-04-11 05:30:00+00:00,0.87105,0.87108,0.87097,0.871
2026-04-11 05:45:00+00:00,0.871,0.87115,0.87095,0.87103
2026-04-11 06:00:00+00:00,0.87103,0.87108,0.87094,0.871
2026-04-11 06:15:00+00:00,0.87098,0.87112,0.87094,0.87106
2026-04-11 06:30:00+00:00,0.87104,0.87123,0.87095,0.87105
2026-04-11 06:45:00+00:00,0.87104,0.87113,0.87088,0.87102
2026-04-11 07:00:00+00:00,0.87102,0.87121,0.87094,0.871
2026-04-11 07:15:00+00:00,0.87099,0.87109,0.87095,0.87106
2026-04-11 07:30:00+00:00,0.87105,0.87113,0.87096,0.871
2026-04-11 07:45:00+00:00,0.871,0.87111,0.87094,0.87105
2026-04-11 08:00:00+00:00,0.87105,0.8711,0.87095,0.871
2026-04-11 08:15:00+00:00,0.87099,0.87125,0.87095,0.87106
2026-04-11 08:30:00+00:00,0.87105,0.8711,0.87095,0.87101
2026-04-11 08:45:00+00:00,0.871,0.87119,0.87095,0.87103
2026-04-11 09:00:00+00:00,0.87103,0.87118,0.87084,0.87102
2026-04-11 09:15:00+00:00,0.87102,0.87114,0.87096,0.87109
2026-04-11 09:30:00+00:00,0.87108,0.87112,0.87095,0.87101
2026-04-11 09:45:00+00:00,0.871,0.87109,0.87094,0.87104
2026-04-11 10:00:00+00:00,0.87103,0.87129,0.87094,0.871
2026-04-11 10:15:00+00:00,0.871,0.87115,0.87097,0.87107
2026-04-11 10:30:00+00:00,0.87107,0.87111,0.87094,0.87101
2026-04-11 10:45:00+00:00,0.87099,0.87112,0.87094,0.87104
2026-04-11 11:00:00+00:00,0.87103,0.8711,0.87094,0.87099
2026-04-11 11:15:00+00:00,0.871,0.87111,0.87098,0.87106
2026-04-11 11:30:00+00:00,0.87105,0.87127,0.87079,0.87114
2026-04-11 11:45:00+00:00,0.87113,0.87116,0.87108,0.87109
2026-04-11 12:00:00+00:00,0.87109,0.87116,0.87107,0.87109
2026-04-11 12:15:00+00:00,0.87109,0.87113,0.87108,0.8711
2026-04-11 12:30:00+00:00,0.87109,0.87121,0.87108,0.87111
2026-04-11 12:45:00+00:00,0.87109,0.87117,0.87107,0.87113
2026-04-11 13:00:00+00:00,0.87113,0.87115,0.87107,0.87108
2026-04-11 13:15:00+00:00,0.87109,0.87124,0.87108,0.8711
2026-04-11 13:30:00+00:00,0.87109,0.87112,0.87108,0.87111
2026-04-11 13:45:00+00:00,0.87109,0.87117,0.87107,0.8711
2026-04-11 14:00:00+00:00,0.87109,0.87124,0.87107,0.87116
2026-04-11 14:15:00+00:00,0.87116,0.87117,0.87108,0.87109
2026-04-11 14:30:00+00:00,0.87109,0.87115,0.87108,0.87111
2026-04-11 14:45:00+00:00,0.87109,0.87113,0.87107,0.8711
2026-04-11 15:00:00+00:00,0.87109,0.87119,0.87107,0.87108
2026-04-11 15:15:00+00:00,0.87109,0.8712,0.87108,0.87113
2026-04-11 15:30:00+00:00,0.87113,0.87115,0.87108,0.8711
2026-04-11 15:45:00+00:00,0.87109,0.8712,0.87107,0.87111
2026-04-11 16:00:00+00:00,0.87109,0.87112,0.87105,0.87107
2026-04-11 16:15:00+00:00,0.87107,0.87116,0.87106,0.87108
2026-04-11 16:30:00+00:00,0.87108,0.87126,0.87107,0.87126
2026-04-11 16:45:00+00:00,0.87124,0.87128,0.87123,0.87126
2026-04-11 17:00:00+00:00,0.87125,0.87127,0.8711,0.87118
2026-04-11 17:15:00+00:00,0.87118,0.87122,0.87112,0.87112
2026-04-11 17:30:00+00:00,0.87113,0.87124,0.87112,0.87121
2026-04-11 17:45:00+00:00,0.8712,0.87131,0.87119,0.87127
2026-04-11 18:00:00+00:00,0.87125,0.87129,0.87118,0.8712
2026-04-11 18:15:00+00:00,0.87119,0.87137,0.87118,0.87129
2026-04-11 18:30:00+00:00,0.87127,0.87143,0.87099,0.87112
2026-04-11 18:45:00+00:00,0.87112,0.87123,0.8711,0.87121
2026-04-11 19:00:00+00:00,0.87121,0.87123,0.871,0.87117
2026-04-11 19:15:00+00:00,0.87117,0.8712,0.87108,0.87116
2026-04-11 19:30:00+00:00,0.87117,0.8713,0.87115,0.87123
2026-04-11 19:45:00+00:00,0.87123,0.87127,0.87122,0.87125
2026-04-11 20:00:00+00:00,0.87123,0.8713,0.87122,0.87128
2026-04-11 20:15:00+00:00,0.87127,0.8713,0.87125,0.8713
2026-04-11 20:30:00+00:00,0.87131,0.87135,0.87126,0.87131
2026-04-11 20:45:00+00:00,0.87131,0.87137,0.8713,0.87136
2026-04-11 21:00:00+00:00,0.87134,0.87138,0.87125,0.87127
2026-04-11 21:15:00+00:00,0.87126,0.87135,0.87125,0.8713
2026-04-11 21:30:00+00:00,0.8713,0.8715,0.87129,0.87135
2026-04-11 21:45:00+00:00,0.87136,0.87144,0.87051,0.87106
2026-04-11 22:00:00+00:00,0.87105,0.87117,0.87093,0.87115
2026-04-11 22:15:00+00:00,0.87114,0.87117,0.87112,0.87113
2026-04-11 22:30:00+00:00,0.87114,0.87125,0.87112,0.8712
2026-04-11 22:45:00+00:00,0.8712,0.87124,0.87119,0.87122
2026-04-11 23:00:00+00:00,0.87118,0.87123,0.87058,0.87086
2026-04-11 23:15:00+00:00,0.87084,0.87124,0.87082,0.87115
2026-04-11 23:30:00+00:00,0.87115,0.8712,0.87111,0.87111
2026-04-11 23:45:00+00:00,0.87111,0.87125,0.8711,0.87119
2026-04-12 00:00:00+00:00,0.87118,0.87122,0.87117,0.8712
2026-04-12 00:15:00+00:00,0.87118,0.87128,0.87118,0.87125
2026-04-12 00:30:00+00:00,0.87124,0.8713,0.8712,0.87126
2026-04-12 00:45:00+00:00,0.87126,0.8713,0.87125,0.87127
2026-04-12 01:00:00+00:00,0.87126,0.87146,0.87125,0.87135
2026-04-12 01:15:00+00:00,0.87133,0.87137,0.8711,0.87121
2026-04-12 01:30:00+00:00,0.8712,0.87129,0.8712,0.87125
2026-04-12 01:45:00+00:00,0.87126,0.87129,0.87114,0.87122
2026-04-12 02:00:00+00:00,0.87122,0.87123,0.87114,0.87118
2026-04-12 02:15:00+00:00,0.87116,0.87126,0.87115,0.87124
2026-04-12 02:30:00+00:00,0.87122,0.87135,0.87115,0.87129
2026-04-12 02:45:00+00:00,0.87129,0.87133,0.87126,0.87129
2026-04-12 03:00:00+00:00,0.87129,0.87136,0.87128,0.87135
2026-04-12 03:15:00+00:00,0.87133,0.87137,0.87132,0.87134
2026-04-12 03:30:00+00:00,0.87133,0.8714,0.87132,0.87136
2026-04-12 03:45:00+00:00,0.87136,0.8714,0.87135,0.87136
2026-04-12 04:00:00+00:00,0.87136,0.87142,0.87136,0.8714
2026-04-12 04:15:00+00:00,0.87138,0.8715,0.87132,0.87141
2026-04-12 04:30:00+00:00,0.8714,0.87143,0.87138,0.8714
2026-04-12 04:45:00+00:00,0.8714,0.87145,0.87138,0.87141
2026-04-12 05:00:00+00:00,0.87141,0.87145,0.8714,0.87142
2026-04-12 05:15:00+00:00,0.87141,0.87146,0.8714,0.87144
2026-04-12 05:30:00+00:00,0.87142,0.87146,0.87141,0.87144
2026-04-12 05:45:00+00:00,0.87143,0.87147,0.87142,0.87143
2026-04-12 06:00:00+00:00,0.87143,0.87146,0.87123,0.87129
2026-04-12 06:15:00+00:00,0.87128,0.87132,0.87127,0.8713
2026-04-12 06:30:00+00:00,0.87128,0.87136,0.87127,0.87133
2026-04-12 06:45:00+00:00,0.87132,0.87139,0.87131,0.87134
2026-04-12 07:00:00+00:00,0.87135,0.87139,0.87134,0.87135
2026-04-12 07:15:00+00:00,0.87135,0.87141,0.87134,0.87139
2026-04-12 07:30:00+00:00,0.87138,0.87149,0.87136,0.87147
2026-04-12 07:45:00+00:00,0.87146,0.87148,0.87135,0.87139
2026-04-12 08:00:00+00:00,0.87139,0.87144,0.87138,0.87141
2026-04-12 08:15:00+00:00,0.87141,0.87145,0.8714,0.87143
2026-04-12 08:30:00+00:00,0.87141,0.87146,0.8714,0.87144
2026-04-12 08:45:00+00:00,0.87142,0.87146,0.87141,0.87142
2026-04-12 09:00:00+00:00,0.87142,0.87147,0.87141,0.87143
2026-04-12 09:15:00+00:00,0.87143,0.87154,0.8714,0.87144
2026-04-12 09:30:00+00:00,0.87142,0.87146,0.87141,0.87144
2026-04-12 09:45:00+00:00,0.87142,0.87146,0.87132,0.87135
2026-04-12 10:00:00+00:00,0.87135,0.87139,0.87134,0.87135
2026-04-12 10:15:00+00:00,0.87135,0.87139,0.87134,0.87137
2026-04-12 10:30:00+00:00,0.87135,0.87139,0.87134,0.87137
2026-04-12 10:45:00+00:00,0.87135,0.87139,0.87134,0.87135
2026-04-12 11:00:00+00:00,0.87135,0.87139,0.87134,0.87135
2026-04-12 11:15:00+00:00,0.87135,0.87139,0.87134,0.87136
2026-04-12 11:30:00+00:00,0.87135,0.87152,0.87133,0.8715
2026-04-12 11:45:00+00:00,0.87149,0.87152,0.87147,0.87149
2026-04-12 12:00:00+00:00,0.87149,0.87178,0.87147,0.87167
2026-04-12 12:15:00+00:00,0.87168,0.87172,0.87167,0.87169
2026-04-12 12:30:00+00:00,0.87168,0.87198,0.87168,0.87186
2026-04-12 12:45:00+00:00,0.87184,0.87198,0.87182,0.87197
2026-04-12 13:00:00+00:00,0.87196,0.872,0.87195,0.87195
2026-04-12 13:15:00+00:00,0.87196,0.872,0.87135,0.87139
2026-04-12 13:30:00+00:00,0.87138,0.87142,0.87137,0.8714
2026-04-12 13:45:00+00:00,0.87138,0.87179,0.87137,0.87161
2026-04-12 14:00:00+00:00,0.8716,0.87162,0.87096,0.87096
2026-04-12 14:15:00+00:00,0.87097,0.87101,0.87096,0.87097
2026-04-12 14:30:00+00:00,0.87097,0.8713,0.87091,0.87128
2026-04-12 14:45:00+00:00,0.87127,0.8713,0.87091,0.87093
2026-04-12 15:00:00+00:00,0.87092,0.87121,0.8709,0.87112
2026-04-12 15:15:00+00:00,0.87112,0.87142,0.87108,0.87139
2026-04-12 15:30:00+00:00,0.87139,0.87143,0.87138,0.87141
2026-04-12 15:45:00+00:00,0.87139,0.87164,0.87137,0.87162
2026-04-12 16:00:00+00:00,0.8716,0.87163,0.87129,0.8713
2026-04-12 16:15:00+00:00,0.8713,0.87178,0.87129,0.87137
2026-04-12 16:30:00+00:00,0.87137,0.87142,0.87118,0.8714
2026-04-12 16:45:00+00:00,0.87139,0.87143,0.87138,0.87141
2026-04-12 17:00:00+00:00,0.87139,0.87146,0.87093,0.87097
2026-04-12 17:15:00+00:00,0.87095,0.87102,0.87068,0.87076
2026-04-12 17:30:00+00:00,0.87076,0.87114,0.87073,0.87104
2026-04-12 17:45:00+00:00,0.87103,0.87156,0.8709,0.87119
2026-04-12 18:00:00+00:00,0.87118,0.87126,0.87089,0.87112
2026-04-12 18:15:00+00:00,0.87111,0.87129,0.87072,0.87106
2026-04-12 18:30:00+00:00,0.87087,0.87119,0.86966,0.86966
2026-04-12 18:45:00+00:00,0.86964,0.87067,0.86804,0.86901
2026-04-12 19:00:00+00:00,0.86901,0.87267,0.86879,0.8694
2026-04-12 19:15:00+00:00,0.86945,0.87523,0.86838,0.87199
2026-04-12 19:30:00+00:00,0.87187,0.87465,0.86958,0.87086
2026-04-12 19:45:00+00:00,0.8708,0.87304,0.86919,0.87122
2026-04-12 20:00:00+00:00,0.87111,0.87286,0.86991,0.87137
2026-04-12 20:15:00+00:00,0.87137,0.87382,0.87019,0.87233
2026-04-12 20:30:00+00:00,0.87204,0.87251,0.87012,0.87048
2026-04-12 20:45:00+00:00,0.87046,0.87268,0.8694,0.87134
2026-04-12 21:00:00+00:00,0.87126,0.87227,0.8707,0.87115
2026-04-12 21:15:00+00:00,0.87114,0.87131,0.87043,0.87114
2026-04-12 21:30:00+00:00,0.87114,0.87145,0.8708,0.87132
2026-04-12 21:45:00+00:00,0.87133,0.87151,0.87068,0.87078
2026-04-12 22:00:00+00:00,0.87073,0.8719,0.87066,0.87155
2026-04-12 22:15:00+00:00,0.87154,0.87156,0.8711,0.87128
2026-04-12 22:30:00+00:00,0.87129,0.87166,0.87126,0.87164
2026-04-12 22:45:00+00:00,0.87165,0.87171,0.87135,0.87146
2026-04-12 23:00:00+00:00,0.87145,0.87166,0.87134,0.87166
2026-04-12 23:15:00+00:00,0.87164,0.87178,0.87157,0.87176
2026-04-12 23:30:00+00:00,0.87175,0.87191,0.87165,0.8717
2026-04-12 23:45:00+00:00,0.87171,0.87184,0.87163,0.87171
2026-04-13 00:00:00+00:00,0.87171,0.8721,0.87156,0.87206
2026-04-13 00:15:00+00:00,0.87204,0.87213,0.87186,0.87199
2026-04-13 00:30:00+00:00,0.87199,0.87222,0.87191,0.8722
2026-04-13 00:45:00+00:00,0.8722,0.87224,0.87206,0.87213
2026-04-13 01:00:00+00:00,0.87213,0.87221,0.87175,0.87177
2026-04-13 01:15:00+00:00,0.87175,0.87187,0.87172,0.87174
2026-04-13 01:30:00+00:00,0.87173,0.87186,0.87168,0.87186
2026-04-13 01:45:00+00:00,0.87186,0.87195,0.87178,0.87192
2026-04-13 02:00:00+00:00,0.87192,0.87211,0.87191,0.87206
2026-04-13 02:15:00+00:00,0.87204,0.87213,0.87202,0.87204
2026-04-13 02:30:00+00:00,0.87203,0.87211,0.87192,0.87198
2026-04-13 02:45:00+00:00,0.87198,0.8721,0.87191,0.87199
2026-04-13 03:00:00+00:00,0.87199,0.87213,0.87192,0.8721
2026-04-13 03:15:00+00:00,0.87208,0.87213,0.87204,0.87207
2026-04-13 03:30:00+00:00,0.87206,0.87217,0.87199,0.87201
2026-04-13 03:45:00+00:00,0.87201,0.87213,0.87197,0.87199
2026-04-13 04:00:00+00:00,0.87199,0.87203,0.87192,0.87197
2026-04-13 04:15:00+00:00,0.87196,0.87202,0.87185,0.87191
2026-04-13 04:30:00+00:00,0.87189,0.87201,0.87185,0.87189
2026-04-13 04:45:00+00:00,0.87189,0.87196,0.87177,0.87178
2026-04-13 05:00:00+00:00,0.87178,0.87188,0.87172,0.87173
2026-04-13 05:15:00+00:00,0.87171,0.87182,0.87165,0.8718
2026-04-13 05:30:00+00:00,0.87178,0.87194,0.87174,0.87192
2026-04-13 05:45:00+00:00,0.87192,0.87198,0.87185,0.87186
2026-04-13 06:00:00+00:00,0.87186,0.872,0.87163,0.87167
2026-04-13 06:15:00+00:00,0.87166,0.8718,0.87154,0.87158
2026-04-13 06:30:00+00:00,0.87156,0.87163,0.87114,0.87117
2026-04-13 06:45:00+00:00,0.87116,0.87144,0.87111,0.87138
2026-04-13 07:00:00+00:00,0.87138,0.87158,0.87117,0.87128
2026-04-13 07:15:00+00:00,0.87128,0.87148,0.87113,0.87136
2026-04-13 07:30:00+00:00,0.87134,0.87148,0.87108,0.87109
2026-04-13 07:45:00+00:00,0.87108,0.87115,0.87076,0.87083
2026-04-13 08:00:00+00:00,0.87084,0.87096,0.87044,0.87086
2026-04-13 08:15:00+00:00,0.87086,0.87093,0.87067,0.87069
2026-04-13 08:30:00+00:00,0.87068,0.87075,0.87051,0.87055
2026-04-13 08:45:00+00:00,0.87054,0.87059,0.87027,0.8703
2026-04-13 09:00:00+00:00,0.8703,0.87043,0.87015,0.87026
2026-04-13 09:15:00+00:00,0.87026,0.87042,0.87014,0.87028
2026-04-13 09:30:00+00:00,0.87027,0.87041,0.87015,0.87037
2026-04-13 09:45:00+00:00,0.87035,0.87043,0.87023,0.87023
2026-04-13 10:00:00+00:00,0.87023,0.87039,0.87016,0.87022
2026-04-13 10:15:00+00:00,0.87023,0.87041,0.87018,0.87033
2026-04-13 10:30:00+00:00,0.87031,0.8705,0.87025,0.87039
2026-04-13 10:45:00+00:00,0.87038,0.87056,0.87021,0.87039
2026-04-13 11:00:00+00:00,0.87039,0.87056,0.87025,0.87046
2026-04-13 11:15:00+00:00,0.87046,0.87062,0.87043,0.87053
2026-04-13 11:30:00+00:00,0.87052,0.87055,0.87011,0.87038
2026-04-13 11:45:00+00:00,0.87037,0.87075,0.87028,0.87057
2026-04-13 12:00:00+00:00,0.87057,0.87084,0.87047,0.87067
2026-04-13 12:15:00+00:00,0.87067,0.87072,0.87053,0.8706
2026-04-13 12:30:00+00:00,0.8706,0.87078,0.87036,0.87051
2026-04-13 12:45:00+00:00,0.87047,0.87069,0.87041,0.87064
2026-04-13 13:00:00+00:00,0.87063,0.87073,0.87047,0.87061
2026-04-13 13:15:00+00:00,0.87062,0.87067,0.87,0.87014
2026-04-13 13:30:00+00:00,0.87014,0.87016,0.86982,0.86994
2026-04-13 13:45:00+00:00,0.86993,0.87025,0.86947,0.87015
2026-04-13 14:00:00+00:00,0.87014,0.87038,0.86999,0.87011
2026-04-13 14:15:00+00:00,0.8701,0.87022,0.86959,0.87009
2026-04-13 14:30:00+00:00,0.87009,0.87039,0.87002,0.87037
2026-04-13 14:45:00+00:00,0.87035,0.87065,0.86992,0.87003
2026-04-13 15:00:00+00:00,0.87002,0.87018,0.86989,0.86998
2026-04-13 15:15:00+00:00,0.86998,0.87028,0.86986,0.87017
2026-04-13 15:30:00+00:00,0.87017,0.87036,0.87006,0.87019
2026-04-13 15:45:00+00:00,0.87018,0.87031,0.87008,0.87012
2026-04-13 16:00:00+00:00,0.8701,0.87043,0.87001,0.8701
2026-04-13 16:15:00+00:00,0.8701,0.8702,0.86989,0.86992
2026-04-13 16:30:00+00:00,0.86993,0.87033,0.86978,0.87008
2026-04-13 16:45:00+00:00,0.87006,0.87041,0.8698,0.87022
2026-04-13 17:00:00+00:00,0.8702,0.8703,0.87011,0.87025
2026-04-13 17:15:00+00:00,0.87024,0.87041,0.87005,0.87036
2026-04-13 17:30:00+00:00,0.87036,0.87039,0.86995,0.87
2026-04-13 17:45:00+00:00,0.87,0.87003,0.86983,0.86991
2026-04-13 18:00:00+00:00,0.86988,0.87006,0.86987,0.87006
2026-04-13 18:15:00+00:00,0.87005,0.87027,0.86999,0.87026
2026-04-13 18:30:00+00:00,0.87026,0.87061,0.87001,0.8706
2026-04-13 18:45:00+00:00,0.8706,0.8711,0.87049,0.87102
2026-04-13 19:00:00+00:00,0.87101,0.87113,0.87059,0.8707
2026-04-13 19:15:00+00:00,0.87069,0.87079,0.8706,0.87074
2026-04-13 19:30:00+00:00,0.87076,0.87086,0.87066,0.87078
2026-04-13 19:45:00+00:00,0.87077,0.87096,0.87071,0.87083
2026-04-13 20:00:00+00:00,0.87079,0.87092,0.87075,0.87079
2026-04-13 20:15:00+00:00,0.87077,0.87086,0.87068,0.87072
2026-04-13 20:30:00+00:00,0.87073,0.8708,0.87068,0.87073
2026-04-13 20:45:00+00:00,0.87073,0.87074,0.87056,0.87066
2026-04-13 21:00:00+00:00,0.8706,0.87113,0.87054,0.87084
2026-04-13 21:15:00+00:00,0.87083,0.871,0.87079,0.87082
2026-04-13 21:30:00+00:00,0.87082,0.87089,0.87066,0.87073
2026-04-13 21:45:00+00:00,0.87073,0.87084,0.87063,0.87067
2026-04-13 22:00:00+00:00,0.87064,0.87088,0.87058,0.87061
2026-04-13 22:15:00+00:00,0.87059,0.87064,0.87051,0.87059
2026-04-13 22:30:00+00:00,0.87058,0.87059,0.87046,0.8705
2026-04-13 22:45:00+00:00,0.87051,0.87058,0.87047,0.87054
2026-04-13 23:00:00+00:00,0.87053,0.87106,0.8704,0.87052
2026-04-13 23:15:00+00:00,0.8705,0.8706,0.87047,0.87055
2026-04-13 23:30:00+00:00,0.87055,0.87067,0.87054,0.87062
2026-04-13 23:45:00+00:00,0.87063,0.87069,0.87054,0.87062
2026-04-14 00:00:00+00:00,0.87062,0.87073,0.87048,0.87063
2026-04-14 00:15:00+00:00,0.87061,0.8707,0.87052,0.87066
2026-04-14 00:30:00+00:00,0.87066,0.87073,0.87057,0.87068
2026-04-14 00:45:00+00:00,0.87069,0.8708,0.87065,0.87069
2026-04-14 01:00:00+00:00,0.87069,0.87081,0.87059,0.87072
2026-04-14 01:15:00+00:00,0.8707,0.87084,0.87063,0.87082
2026-04-14 01:30:00+00:00,0.87081,0.87095,0.87078,0.87087
2026-04-14 01:45:00+00:00,0.87089,0.871,0.87074,0.87075
2026-04-14 02:00:00+00:00,0.87075,0.87081,0.87067,0.8707
2026-04-14 02:15:00+00:00,0.87068,0.87073,0.8706,0.87068
2026-04-14 02:30:00+00:00,0.87067,0.87071,0.87054,0.87058
2026-04-14 02:45:00+00:00,0.87058,0.8707,0.87057,0.87062
2026-04-14 03:00:00+00:00,0.87062,0.87072,0.8706,0.87065
2026-04-14 03:15:00+00:00,0.87063,0.8707,0.87053,0.87056
2026-04-14 03:30:00+00:00,0.87054,0.87066,0.87044,0.87055
2026-04-14 03:45:00+00:00,0.87055,0.87067,0.87047,0.87059
2026-04-14 04:00:00+00:00,0.87059,0.87062,0.87052,0.87055
2026-04-14 04:15:00+00:00,0.87054,0.87063,0.8705,0.87059
2026-04-14 04:30:00+00:00,0.87057,0.8706,0.87049,0.87059
2026-04-14 04:45:00+00:00,0.87059,0.87064,0.87038,0.87039
2026-04-14 05:00:00+00:00,0.8704,0.87053,0.87035,0.87045
2026-04-14 05:15:00+00:00,0.87044,0.87057,0.87031,0.87044
2026-04-14 05:30:00+00:00,0.87043,0.87062,0.87036,0.87052
2026-04-14 05:45:00+00:00,0.87052,0.87059,0.87034,0.87036
2026-04-14 06:00:00+00:00,0.87036,0.87053,0.87006,0.87025
2026-04-14 06:15:00+00:00,0.87024,0.87042,0.87015,0.87036
2026-04-14 06:30:00+00:00,0.87033,0.87059,0.87028,0.87043
2026-04-14 06:45:00+00:00,0.87043,0.871,0.87031,0.87097
2026-04-14 07:00:00+00:00,0.87097,0.87146,0.87068,0.87098
2026-04-14 07:15:00+00:00,0.87097,0.87106,0.87073,0.87089
2026-04-14 07:30:00+00:00,0.87089,0.87118,0.87071,0.87083
2026-04-14 07:45:00+00:00,0.87082,0.87104,0.87054,0.87058
2026-04-14 08:00:00+00:00,0.87058,0.87064,0.87039,0.87057
2026-04-14 08:15:00+00:00,0.87057,0.87061,0.8704,0.87052
2026-04-14 08:30:00+00:00,0.8705,0.8706,0.87027,0.8705
2026-04-14 08:45:00+00:00,0.87048,0.87061,0.8703,0.87037
2026-04-14 09:00:00+00:00,0.87037,0.87063,0.87017,0.8705
2026-04-14 09:15:00+00:00,0.8705,0.87062,0.87045,0.87056
2026-04-14 09:30:00+00:00,0.87054,0.87069,0.87035,0.87035
2026-04-14 09:45:00+00:00,0.87034,0.87047,0.87019,0.87041
2026-04-14 10:00:00+00:00,0.87042,0.87076,0.87036,0.87065
2026-04-14 10:15:00+00:00,0.87066,0.87079,0.87039,0.8705
2026-04-14 10:30:00+00:00,0.87049,0.8706,0.87019,0.87027
2026-04-14 10:45:00+00:00,0.87024,0.87035,0.86998,0.87007
2026-04-14 11:00:00+00:00,0.87005,0.87007,0.86957,0.86962
2026-04-14 11:15:00+00:00,0.86962,0.86973,0.8695,0.86957
2026-04-14 11:30:00+00:00,0.86956,0.86964,0.86926,0.86938
2026-04-14 11:45:00+00:00,0.86937,0.86971,0.86909,0.86941
2026-04-14 12:00:00+00:00,0.8694,0.86963,0.86904,0.8691
2026-04-14 12:15:00+00:00,0.8691,0.86915,0.86873,0.86877
2026-04-14 12:30:00+00:00,0.86876,0.869,0.86846,0.86857
2026-04-14 12:45:00+00:00,0.86855,0.86885,0.86843,0.86885
2026-04-14 13:00:00+00:00,0.86884,0.86923,0.86877,0.86916
2026-04-14 13:15:00+00:00,0.86917,0.8694,0.86882,0.86912
2026-04-14 13:30:00+00:00,0.86912,0.86932,0.86893,0.86917
2026-04-14 13:45:00+00:00,0.86916,0.86922,0.86874,0.86874
2026-04-14 14:00:00+00:00,0.86872,0.86898,0.86862,0.86887
2026-04-14 14:15:00+00:00,0.86888,0.86914,0.86882,0.86905
2026-04-14 14:30:00+00:00,0.86905,0.86925,0.869,0.8692
2026-04-14 14:45:00+00:00,0.86919,0.86932,0.869,0.86913
2026-04-14 15:00:00+00:00,0.86912,0.86936,0.86897,0.86921
2026-04-14 15:15:00+00:00,0.86921,0.86944,0.86895,0.8694
2026-04-14 15:30:00+00:00,0.86941,0.8695,0.86918,0.86928
2026-04-14 15:45:00+00:00,0.86928,0.86938,0.86902,0.86934
2026-04-14 16:00:00+00:00,0.86932,0.86957,0.86919,0.8695
2026-04-14 16:15:00+00:00,0.86951,0.86961,0.86926,0.86938
2026-04-14 16:30:00+00:00,0.86939,0.86963,0.86936,0.86951
2026-04-14 16:45:00+00:00,0.86949,0.86954,0.86929,0.86936
2026-04-14 17:00:00+00:00,0.86935,0.86946,0.86919,0.86946
2026-04-14 17:15:00+00:00,0.86946,0.86955,0.86938,0.86943
2026-04-14 17:30:00+00:00,0.86943,0.86949,0.86929,0.86938
2026-04-14 17:45:00+00:00,0.86937,0.86939,0.86914,0.86926
2026-04-14 18:00:00+00:00,0.86924,0.86932,0.8691,0.86927
2026-04-14 18:15:00+00:00,0.86927,0.86952,0.86927,0.86934
2026-04-14 18:30:00+00:00,0.86934,0.86947,0.8693,0.86938
2026-04-14 18:45:00+00:00,0.86937,0.8696,0.86928,0.86954
2026-04-14 19:00:00+00:00,0.86952,0.86957,0.86941,0.86949
2026-04-14 19:15:00+00:00,0.86948,0.86952,0.86931,0.86933
2026-04-14 19:30:00+00:00,0.86933,0.86942,0.86929,0.86933
2026-04-14 19:45:00+00:00,0.86933,0.86949,0.86919,0.86941
2026-04-14 20:00:00+00:00,0.86938,0.86944,0.86932,0.8694
2026-04-14 20:15:00+00:00,0.86938,0.86943,0.8693,0.86931
2026-04-14 20:30:00+00:00,0.86931,0.86937,0.86923,0.86929
2026-04-14 20:45:00+00:00,0.86929,0.86954,0.86924,0.86948
2026-04-14 21:00:00+00:00,0.86947,0.86959,0.86926,0.86932
2026-04-14 21:15:00+00:00,0.8693,0.8694,0.86917,0.8693
2026-04-14 21:30:00+00:00,0.86931,0.8694,0.86919,0.86939
2026-04-14 21:45:00+00:00,0.8694,0.86945,0.86921,0.86932
2026-04-14 22:00:00+00:00,0.86931,0.8696,0.86918,0.86936
2026-04-14 22:15:00+00:00,0.86934,0.86949,0.86927,0.86939
2026-04-14 22:30:00+00:00,0.86939,0.86945,0.86931,0.86938
2026-04-14 22:45:00+00:00,0.86938,0.86941,0.86928,0.86936
2026-04-14 23:00:00+00:00,0.86936,0.86942,0.86929,0.86933
2026-04-14 23:15:00+00:00,0.86931,0.86937,0.86924,0.86927
2026-04-14 23:30:00+00:00,0.86926,0.86934,0.86904,0.86909
2026-04-14 23:45:00+00:00,0.8691,0.86919,0.86902,0.86917
2026-04-15 00:00:00+00:00,0.86916,0.86922,0.86892,0.86906
2026-04-15 00:15:00+00:00,0.86904,0.86913,0.86899,0.86905
2026-04-15 00:30:00+00:00,0.86904,0.86913,0.86901,0.86909
2026-04-15 00:45:00+00:00,0.8691,0.86914,0.86883,0.86894
2026-04-15 01:00:00+00:00,0.86894,0.86902,0.8687,0.86888
2026-04-15 01:15:00+00:00,0.86886,0.86902,0.86883,0.86901
2026-04-15 01:30:00+00:00,0.869,0.86919,0.86894,0.86897
2026-04-15 01:45:00+00:00,0.86897,0.869,0.86883,0.86889
2026-04-15 02:00:00+00:00,0.86889,0.86898,0.86885,0.86886
2026-04-15 02:15:00+00:00,0.86884,0.86891,0.86878,0.86886
2026-04-15 02:30:00+00:00,0.86884,0.8689,0.8687,0.86881
2026-04-15 02:45:00+00:00,0.86881,0.869,0.86876,0.86899
2026-04-15 03:00:00+00:00,0.86899,0.86899,0.86885,0.86892
2026-04-15 03:15:00+00:00,0.8689,0.86903,0.86888,0.86903
2026-04-15 03:30:00+00:00,0.86901,0.86906,0.86897,0.86898
2026-04-15 03:45:00+00:00,0.86899,0.86904,0.8689,0.86891
2026-04-15 04:00:00+00:00,0.86891,0.86904,0.86887,0.86896
2026-04-15 04:15:00+00:00,0.86895,0.86898,0.86887,0.86896
2026-04-15 04:30:00+00:00,0.86894,0.86901,0.86889,0.86894
2026-04-15 04:45:00+00:00,0.86894,0.86899,0.86887,0.86891
2026-04-15 05:00:00+00:00,0.86891,0.86904,0.86885,0.86898
2026-04-15 05:15:00+00:00,0.86897,0.86904,0.8688,0.8689
2026-04-15 05:30:00+00:00,0.86888,0.86921,0.86883,0.8691
2026-04-15 05:45:00+00:00,0.86909,0.86927,0.86899,0.86927
2026-04-15 06:00:00+00:00,0.86926,0.86936,0.86905,0.86926
2026-04-15 06:15:00+00:00,0.86926,0.86933,0.86906,0.86923
2026-04-15 06:30:00+00:00,0.86922,0.86926,0.869,0.86912
2026-04-15 06:45:00+00:00,0.86911,0.86931,0.869,0.86908
2026-04-15 07:00:00+00:00,0.86908,0.86916,0.86871,0.86884
2026-04-15 07:15:00+00:00,0.86884,0.86918,0.86877,0.86918
2026-04-15 07:30:00+00:00,0.86915,0.86935,0.86909,0.86919
2026-04-15 07:45:00+00:00,0.86918,0.86939,0.86884,0.86922
2026-04-15 08:00:00+00:00,0.86923,0.86946,0.86914,0.8693
2026-04-15 08:15:00+00:00,0.86931,0.86951,0.86923,0.86944
2026-04-15 08:30:00+00:00,0.86943,0.86949,0.86928,0.86943
2026-04-15 08:45:00+00:00,0.86942,0.86948,0.86917,0.86922
2026-04-15 09:00:00+00:00,0.86921,0.86943,0.86878,0.86913
2026-04-15 09:15:00+00:00,0.86913,0.86943,0.86898,0.86939
2026-04-15 09:30:00+00:00,0.86937,0.8694,0.86899,0.86923
2026-04-15 09:45:00+00:00,0.8692,0.86949,0.86901,0.86904
2026-04-15 10:00:00+00:00,0.86906,0.86945,0.86899,0.86922
2026-04-15 10:15:00+00:00,0.86923,0.86942,0.86904,0.86922
2026-04-15 10:30:00+00:00,0.86921,0.86946,0.8691,0.8692
2026-04-15 10:45:00+00:00,0.86919,0.86931,0.86901,0.86915
2026-04-15 11:00:00+00:00,0.86916,0.86934,0.86905,0.86913
2026-04-15 11:15:00+00:00,0.86914,0.86949,0.86909,0.86943
2026-04-15 11:30:00+00:00,0.86942,0.86952,0.8693,0.86947
2026-04-15 11:45:00+00:00,0.86946,0.86954,0.86915,0.86928
2026-04-15 12:00:00+00:00,0.86927,0.86949,0.86924,0.86937
2026-04-15 12:15:00+00:00,0.86937,0.86954,0.8693,0.86951
2026-04-15 12:30:00+00:00,0.86951,0.86961,0.8693,0.86949
2026-04-15 12:45:00+00:00,0.86947,0.86983,0.86944,0.86973
2026-04-15 13:00:00+00:00,0.86971,0.86982,0.86939,0.86943
2026-04-15 13:15:00+00:00,0.86942,0.86959,0.86921,0.86956
2026-04-15 13:30:00+00:00,0.86956,0.86969,0.86923,0.86939
2026-04-15 13:45:00+00:00,0.86936,0.86961,0.86922,0.86953
2026-04-15 14:00:00+00:00,0.86952,0.86964,0.86917,0.86923
2026-04-15 14:15:00+00:00,0.86923,0.86934,0.86897,0.86911
2026-04-15 14:30:00+00:00,0.86911,0.86922,0.86896,0.86914
2026-04-15 14:45:00+00:00,0.86912,0.86946,0.86903,0.86944
2026-04-15 15:00:00+00:00,0.86943,0.86954,0.86932,0.86942
2026-04-15 15:15:00+00:00,0.86942,0.86967,0.86936,0.8695
2026-04-15 15:30:00+00:00,0.8695,0.86965,0.86923,0.86949
2026-04-15 15:45:00+00:00,0.86948,0.86979,0.86947,0.86963
2026-04-15 16:00:00+00:00,0.86961,0.86968,0.86933,0.86958
2026-04-15 16:15:00+00:00,0.86958,0.86963,0.86937,0.86938
2026-04-15 16:30:00+00:00,0.86939,0.86963,0.86937,0.86958
2026-04-15 16:45:00+00:00,0.86956,0.86971,0.86943,0.86954
2026-04-15 17:00:00+00:00,0.86953,0.86959,0.86935,0.86945
2026-04-15 17:15:00+00:00,0.86944,0.86956,0.86936,0.86948
2026-04-15 17:30:00+00:00,0.86949,0.86956,0.86915,0.8693
2026-04-15 17:45:00+00:00,0.86929,0.86939,0.86925,0.86925
2026-04-15 18:00:00+00:00,0.86923,0.86948,0.86909,0.86938
2026-04-15 18:15:00+00:00,0.86937,0.8694,0.86924,0.86936
2026-04-15 18:30:00+00:00,0.86937,0.86944,0.86931,0.86938
2026-04-15 18:45:00+00:00,0.86938,0.86949,0.86929,0.86934
2026-04-15 19:00:00+00:00,0.86932,0.86959,0.86928,0.86955
2026-04-15 19:15:00+00:00,0.86954,0.86962,0.86944,0.86953
2026-04-15 19:30:00+00:00,0.86953,0.86968,0.86948,0.86962
2026-04-15 19:45:00+00:00,0.86962,0.86963,0.86948,0.86956
2026-04-15 20:00:00+00:00,0.86954,0.86964,0.86944,0.86964
2026-04-15 20:15:00+00:00,0.86962,0.8699,0.86958,0.86988
2026-04-15 20:30:00+00:00,0.86988,0.87,0.86978,0.86979
2026-04-15 20:45:00+00:00,0.8698,0.87011,0.86976,0.8701
2026-04-15 21:00:00+00:00,0.87009,0.87014,0.86987,0.86995
2026-04-15 21:15:00+00:00,0.86993,0.87007,0.86988,0.86999
2026-04-15 21:30:00+00:00,0.87,0.87039,0.86996,0.87027
2026-04-15 21:45:00+00:00,0.87027,0.87031,0.87003,0.87013
2026-04-15 22:00:00+00:00,0.87013,0.87019,0.86996,0.87014
2026-04-15 22:15:00+00:00,0.87013,0.87016,0.87004,0.87009
2026-04-15 22:30:00+00:00,0.87008,0.8701,0.86992,0.86995
2026-04-15 22:45:00+00:00,0.86996,0.87001,0.86988,0.86992
2026-04-15 23:00:00+00:00,0.86991,0.86994,0.86985,0.86992
2026-04-15 23:15:00+00:00,0.8699,0.86995,0.86986,0.86995
2026-04-15 23:30:00+00:00,0.86994,0.86996,0.86983,0.86987
2026-04-15 23:45:00+00:00,0.86988,0.86995,0.86985,0.86991
2026-04-16 00:00:00+00:00,0.8699,0.86993,0.86978,0.86983
2026-04-16 00:15:00+00:00,0.86981,0.86989,0.86977,0.86987
2026-04-16 00:30:00+00:00,0.86986,0.86991,0.86976,0.86987
2026-04-16 00:45:00+00:00,0.86988,0.86996,0.86979,0.86984
2026-04-16 01:00:00+00:00,0.86984,0.86992,0.8698,0.86985
2026-04-16 01:15:00+00:00,0.86983,0.86997,0.86977,0.86993
2026-04-16 01:30:00+00:00,0.86992,0.87,0.86977,0.86982
2026-04-16 01:45:00+00:00,0.86983,0.86991,0.86973,0.86979
2026-04-16 02:00:00+00:00,0.86979,0.86993,0.86968,0.86982
2026-04-16 02:15:00+00:00,0.86981,0.86984,0.86965,0.86981
2026-04-16 02:30:00+00:00,0.86979,0.87013,0.86968,0.86992
2026-04-16 02:45:00+00:00,0.86992,0.87005,0.86976,0.86982
2026-04-16 03:00:00+00:00,0.86982,0.86989,0.8696,0.86976
2026-04-16 03:15:00+00:00,0.86975,0.86978,0.86957,0.86966
2026-04-16 03:30:00+00:00,0.86964,0.86983,0.8696,0.86981
2026-04-16 03:45:00+00:00,0.86981,0.86989,0.86969,0.86978
2026-04-16 04:00:00+00:00,0.86979,0.86986,0.86972,0.86979
2026-04-16 04:15:00+00:00,0.86978,0.86981,0.86972,0.86979
2026-04-16 04:30:00+00:00,0.86978,0.86985,0.8697,0.86975
2026-04-16 04:45:00+00:00,0.86975,0.86988,0.86969,0.86986
2026-04-16 05:00:00+00:00,0.86986,0.86996,0.86981,0.86993
2026-04-16 05:15:00+00:00,0.86992,0.87007,0.86984,0.86998
2026-04-16 05:30:00+00:00,0.86996,0.87,0.86979,0.87
2026-04-16 05:45:00+00:00,0.86999,0.87015,0.86987,0.86988
2026-04-16 06:00:00+00:00,0.86982,0.86995,0.86926,0.86928
2026-04-16 06:15:00+00:00,0.86928,0.86944,0.86919,0.86933
2026-04-16 06:30:00+00:00,0.8693,0.86958,0.86922,0.86939
2026-04-16 06:45:00+00:00,0.86937,0.86966,0.8693,0.86943
2026-04-16 07:00:00+00:00,0.86942,0.86953,0.86913,0.8692
2026-04-16 07:15:00+00:00,0.86919,0.86948,0.86915,0.86941
2026-04-16 07:30:00+00:00,0.8694,0.86955,0.86931,0.86955
2026-04-16 07:45:00+00:00,0.86953,0.8698,0.86941,0.86973
2026-04-16 08:00:00+00:00,0.86973,0.86982,0.86931,0.86933
2026-04-16 08:15:00+00:00,0.86934,0.86948,0.86916,0.86933
2026-04-16 08:30:00+00:00,0.86933,0.86952,0.86919,0.86933
2026-04-16 08:45:00+00:00,0.86932,0.86987,0.86925,0.8698
2026-04-16 09:00:00+00:00,0.8698,0.86989,0.86963,0.86968
2026-04-16 09:15:00+00:00,0.86968,0.86997,0.86966,0.86997
2026-04-16 09:30:00+00:00,0.86996,0.87026,0.86986,0.87004
2026-04-16 09:45:00+00:00,0.87001,0.87016,0.86995,0.87005
2026-04-16 10:00:00+00:00,0.87005,0.87025,0.86986,0.87
2026-04-16 10:15:00+00:00,0.87001,0.87012,0.86993,0.87001
2026-04-16 10:30:00+00:00,0.87,0.87016,0.86973,0.86991
2026-04-16 10:45:00+00:00,0.86989,0.86994,0.86966,0.86976
2026-04-16 11:00:00+00:00,0.86976,0.86989,0.86965,0.86968
2026-04-16 11:15:00+00:00,0.86969,0.87002,0.86966,0.87001
2026-04-16 11:30:00+00:00,0.87001,0.87003,0.8698,0.86992
2026-04-16 11:45:00+00:00,0.8699,0.87,0.8697,0.86991
2026-04-16 12:00:00+00:00,0.86989,0.86998,0.86974,0.86984
2026-04-16 12:15:00+00:00,0.86984,0.86991,0.86967,0.86987
2026-04-16 12:30:00+00:00,0.86987,0.87001,0.86951,0.86976
2026-04-16 12:45:00+00:00,0.86974,0.86984,0.86963,0.86972
2026-04-16 13:00:00+00:00,0.86971,0.86979,0.86962,0.86967
2026-04-16 13:15:00+00:00,0.86967,0.86979,0.86947,0.86958
2026-04-16 13:30:00+00:00,0.86958,0.86965,0.869,0.86919
2026-04-16 13:45:00+00:00,0.86917,0.86959,0.86902,0.86939
2026-04-16 14:00:00+00:00,0.86937,0.86947,0.86926,0.86931
2026-04-16 14:15:00+00:00,0.86932,0.87108,0.86927,0.87108
2026-04-16 14:30:00+00:00,0.87108,0.87114,0.8707,0.87091
2026-04-16 14:45:00+00:00,0.87088,0.8713,0.87043,0.87059
2026-04-16 15:00:00+00:00,0.87057,0.87085,0.87025,0.87035
2026-04-16 15:15:00+00:00,0.87035,0.87057,0.87026,0.87039
2026-04-16 15:30:00+00:00,0.87039,0.87055,0.87003,0.87027
2026-04-16 15:45:00+00:00,0.87025,0.87044,0.8702,0.87032
2026-04-16 16:00:00+00:00,0.87031,0.87043,0.87023,0.87037
2026-04-16 16:15:00+00:00,0.87036,0.87047,0.8702,0.87025
2026-04-16 16:30:00+00:00,0.87026,0.87061,0.86995,0.87034
2026-04-16 16:45:00+00:00,0.87033,0.87071,0.8703,0.87044
2026-04-16 17:00:00+00:00,0.87043,0.87048,0.87023,0.87032
2026-04-16 17:15:00+00:00,0.87032,0.87043,0.8702,0.87029
2026-04-16 17:30:00+00:00,0.87031,0.87055,0.87027,0.87047
2026-04-16 17:45:00+00:00,0.87046,0.8706,0.87036,0.87058
2026-04-16 18:00:00+00:00,0.87056,0.87066,0.87035,0.87055
2026-04-16 18:15:00+00:00,0.87054,0.87074,0.87049,0.87069
2026-04-16 18:30:00+00:00,0.87069,0.87075,0.87041,0.87046
2026-04-16 18:45:00+00:00,0.87046,0.87062,0.87043,0.87059
2026-04-16 19:00:00+00:00,0.87057,0.87071,0.87041,0.87065
2026-04-16 19:15:00+00:00,0.87064,0.87085,0.87059,0.87084
2026-04-16 19:30:00+00:00,0.87086,0.87098,0.87079,0.87083
2026-04-16 19:45:00+00:00,0.87083,0.87093,0.87073,0.8708
2026-04-16 20:00:00+00:00,0.87078,0.87095,0.87072,0.87091
2026-04-16 20:15:00+00:00,0.8709,0.871,0.87084,0.871
2026-04-16 20:30:00+00:00,0.87101,0.87112,0.87094,0.87104
2026-04-16 20:45:00+00:00,0.87105,0.87112,0.87101,0.87106
2026-04-16 21:00:00+00:00,0.87106,0.87109,0.87046,0.87106
2026-04-16 21:15:00+00:00,0.87104,0.87109,0.87086,0.8709
2026-04-16 21:30:00+00:00,0.87092,0.87113,0.8709,0.87094
2026-04-16 21:45:00+00:00,0.87095,0.87099,0.87075,0.87082
2026-04-16 22:00:00+00:00,0.87079,0.87111,0.87079,0.87084
2026-04-16 22:15:00+00:00,0.87081,0.87098,0.87079,0.87091
2026-04-16 22:30:00+00:00,0.87091,0.87095,0.87083,0.87092
2026-04-16 22:45:00+00:00,0.87092,0.87098,0.87086,0.87096
2026-04-16 23:00:00+00:00,0.87095,0.87101,0.87084,0.87097
2026-04-16 23:15:00+00:00,0.87095,0.87101,0.8709,0.87099
2026-04-16 23:30:00+00:00,0.87098,0.87103,0.8709,0.87099
2026-04-16 23:45:00+00:00,0.871,0.87108,0.87096,0.87101
2026-04-17 00:00:00+00:00,0.87101,0.87123,0.87088,0.87116
2026-04-17 00:15:00+00:00,0.87114,0.87123,0.87106,0.87117
2026-04-17 00:30:00+00:00,0.87116,0.87123,0.87108,0.87112
2026-04-17 00:45:00+00:00,0.87112,0.87122,0.87106,0.87121
2026-04-17 01:00:00+00:00,0.87121,0.8713,0.87111,0.8713
2026-04-17 01:15:00+00:00,0.87129,0.87132,0.87114,0.87122
2026-04-17 01:30:00+00:00,0.8712,0.87127,0.87116,0.87121
2026-04-17 01:45:00+00:00,0.87121,0.87125,0.87109,0.87119
2026-04-17 02:00:00+00:00,0.8712,0.87125,0.87117,0.87118
2026-04-17 02:15:00+00:00,0.87116,0.87125,0.87111,0.87121
2026-04-17 02:30:00+00:00,0.87119,0.87123,0.87113,0.87114
2026-04-17 02:45:00+00:00,0.87115,0.87121,0.87109,0.87116
2026-04-17 03:00:00+00:00,0.87116,0.87122,0.87112,0.87122
2026-04-17 03:15:00+00:00,0.8712,0.87128,0.87116,0.87126
2026-04-17 03:30:00+00:00,0.87124,0.87134,0.87119,0.87132
2026-04-17 03:45:00+00:00,0.87132,0.87139,0.87119,0.87121
2026-04-17 04:00:00+00:00,0.87122,0.87129,0.87117,0.87124
2026-04-17 04:15:00+00:00,0.87123,0.87139,0.8712,0.87125
2026-04-17 04:30:00+00:00,0.87123,0.87135,0.87118,0.87126
2026-04-17 04:45:00+00:00,0.87125,0.87138,0.87123,0.87133
2026-04-17 05:00:00+00:00,0.87134,0.87145,0.87129,0.87137
2026-04-17 05:15:00+00:00,0.87136,0.87159,0.87135,0.87157
2026-04-17 05:30:00+00:00,0.87156,0.87163,0.87144,0.87152
2026-04-17 05:45:00+00:00,0.87152,0.87155,0.87139,0.8714
2026-04-17 06:00:00+00:00,0.87142,0.87185,0.87132,0.87183
2026-04-17 06:15:00+00:00,0.87183,0.872,0.87166,0.87177
2026-04-17 06:30:00+00:00,0.87177,0.8718,0.87155,0.87169
2026-04-17 06:45:00+00:00,0.87167,0.87191,0.87161,0.87184
2026-04-17 07:00:00+00:00,0.87185,0.87198,0.87149,0.87154
2026-04-17 07:15:00+00:00,0.87154,0.87183,0.87131,0.87161
2026-04-17 07:30:00+00:00,0.8716,0.87163,0.87122,0.87126
2026-04-17 07:45:00+00:00,0.87124,0.87143,0.87115,0.87116
2026-04-17 08:00:00+00:00,0.87117,0.87154,0.87112,0.87146
2026-04-17 08:15:00+00:00,0.87147,0.87163,0.87135,0.87142
2026-04-17 08:30:00+00:00,0.8714,0.87159,0.87129,0.87147
2026-04-17 08:45:00+00:00,0.87145,0.87171,0.87137,0.87163
2026-04-17 09:00:00+00:00,0.87164,0.87177,0.87142,0.87144
2026-04-17 09:15:00+00:00,0.87145,0.87154,0.8714,0.8715
2026-04-17 09:30:00+00:00,0.87149,0.87165,0.87136,0.87155
2026-04-17 09:45:00+00:00,0.87153,0.87172,0.87145,0.87156
2026-04-17 10:00:00+00:00,0.87156,0.87157,0.87138,0.87144
2026-04-17 10:15:00+00:00,0.87145,0.87157,0.87138,0.87146
2026-04-17 10:30:00+00:00,0.87145,0.87194,0.87143,0.87191
2026-04-17 10:45:00+00:00,0.87188,0.87232,0.87183,0.8722
2026-04-17 11:00:00+00:00,0.87219,0.87231,0.87199,0.87227
2026-04-17 11:15:00+00:00,0.87227,0.87228,0.87198,0.87207
2026-04-17 11:30:00+00:00,0.87207,0.87212,0.87184,0.87187
2026-04-17 11:45:00+00:00,0.87186,0.87197,0.87149,0.87172
2026-04-17 12:00:00+00:00,0.87171,0.8719,0.87159,0.87172
2026-04-17 12:15:00+00:00,0.87172,0.87206,0.87146,0.87182
2026-04-17 12:30:00+00:00,0.87183,0.87192,0.87146,0.87177
2026-04-17 12:45:00+00:00,0.87176,0.87212,0.87094,0.87131
2026-04-17 13:00:00+00:00,0.8713,0.87189,0.87107,0.87152
2026-04-17 13:15:00+00:00,0.87153,0.87196,0.8714,0.87162
2026-04-17 13:30:00+00:00,0.87162,0.87221,0.87151,0.87201
2026-04-17 13:45:00+00:00,0.87202,0.87214,0.87136,0.87178
2026-04-17 14:00:00+00:00,0.87176,0.87187,0.87094,0.87105
2026-04-17 14:15:00+00:00,0.87102,0.87111,0.87065,0.87069
2026-04-17 14:30:00+00:00,0.87069,0.87092,0.87032,0.8708
2026-04-17 14:45:00+00:00,0.87078,0.87102,0.87048,0.87058
2026-04-17 15:00:00+00:00,0.87055,0.87107,0.87047,0.87095
2026-04-17 15:15:00+00:00,0.87094,0.87105,0.87044,0.8708
2026-04-17 15:30:00+00:00,0.87081,0.87102,0.87058,0.87077
2026-04-17 15:45:00+00:00,0.87077,0.87089,0.8705,0.87065
2026-04-17 16:00:00+00:00,0.87064,0.87077,0.8704,0.87064
2026-04-17 16:15:00+00:00,0.87064,0.87087,0.87052,0.87078
2026-04-17 16:30:00+00:00,0.87079,0.87089,0.87066,0.87066
2026-04-17 16:45:00+00:00,0.87066,0.8707,0.87033,0.87056
2026-04-17 17:00:00+00:00,0.87054,0.87066,0.87016,0.87028
2026-04-17 17:15:00+00:00,0.87028,0.87057,0.87015,0.87042
2026-04-17 17:30:00+00:00,0.87043,0.87054,0.87036,0.87049
2026-04-17 17:45:00+00:00,0.87049,0.87056,0.87024,0.87044
2026-04-17 18:00:00+00:00,0.87043,0.87048,0.87028,0.87037
2026-04-17 18:15:00+00:00,0.87036,0.87046,0.87021,0.8703
2026-04-17 18:30:00+00:00,0.87031,0.87044,0.87011,0.87021
2026-04-17 18:45:00+00:00,0.87021,0.87033,0.86996,0.87031
2026-04-17 19:00:00+00:00,0.87029,0.8704,0.87018,0.87033
2026-04-17 19:15:00+00:00,0.87031,0.87053,0.87026,0.87033
2026-04-17 19:30:00+00:00,0.87033,0.87042,0.87017,0.87033
2026-04-17 19:45:00+00:00,0.87034,0.8706,0.8703,0.87056
2026-04-17 20:00:00+00:00,0.87056,0.87069,0.87045,0.87054
2026-04-17 20:15:00+00:00,0.87052,0.87073,0.87048,0.87062
2026-04-17 20:30:00+00:00,0.87061,0.8707,0.87029,0.87032
2026-04-17 20:45:00+00:00,0.87032,0.87037,0.87006,0.87024
2026-04-17 21:00:00+00:00,0.87025,0.87113,0.87001,0.87054
2026-04-17 21:15:00+00:00,0.87052,0.8708,0.87045,0.8707
2026-04-17 21:30:00+00:00,0.8707,0.87117,0.87065,0.87115
2026-04-17 21:45:00+00:00,0.87115,0.8714,0.87096,0.87127
2026-04-17 22:00:00+00:00,0.87122,0.87195,0.87056,0.87168
2026-04-17 22:15:00+00:00,0.87166,0.87222,0.87165,0.8718
2026-04-17 22:30:00+00:00,0.87181,0.87229,0.87156,0.87175
2026-04-17 22:45:00+00:00,0.87176,0.87227,0.87173,0.87222
2026-04-17 23:00:00+00:00,0.87227,0.87241,0.8711,0.87196
2026-04-17 23:15:00+00:00,0.87189,0.87247,0.87173,0.87219
2026-04-17 23:30:00+00:00,0.87217,0.87246,0.8713,0.87207
2026-04-17 23:45:00+00:00,0.87211,0.8724,0.87194,0.87219
2026-04-18 00:00:00+00:00,0.8722,0.87224,0.87016,0.87022
2026-04-18 00:15:00+00:00,0.8702,0.87026,0.87013,0.87025
2026-04-18 00:30:00+00:00,0.87023,0.87026,0.87016,0.87017
2026-04-18 00:45:00+00:00,0.87018,0.87025,0.87011,0.87017
2026-04-18 01:00:00+00:00,0.87017,0.87021,0.87016,0.87018
2026-04-18 01:15:00+00:00,0.87016,0.87028,0.87011,0.87019
2026-04-18 01:30:00+00:00,0.87017,0.8704,0.87001,0.87029
2026-04-18 01:45:00+00:00,0.87028,0.87033,0.87016,0.87018
2026-04-18 02:00:00+00:00,0.87018,0.87027,0.87011,0.87021
2026-04-18 02:15:00+00:00,0.8702,0.87023,0.87017,0.87019
2026-04-18 02:30:00+00:00,0.87017,0.87029,0.87011,0.87019
2026-04-18 02:45:00+00:00,0.87019,0.87031,0.87014,0.87021
2026-04-18 03:00:00+00:00,0.87022,0.87025,0.87018,0.8702
2026-04-18 03:15:00+00:00,0.87019,0.87047,0.87004,0.87022
2026-04-18 03:30:00+00:00,0.87021,0.87029,0.86995,0.87023
2026-04-18 03:45:00+00:00,0.87023,0.87039,0.8701,0.87015
2026-04-18 04:00:00+00:00,0.87016,0.87033,0.87005,0.87028
2026-04-18 04:15:00+00:00,0.87028,0.87036,0.87012,0.87019
2026-04-18 04:30:00+00:00,0.87017,0.87029,0.87012,0.87019
2026-04-18 04:45:00+00:00,0.87018,0.87022,0.87016,0.87017
2026-04-18 05:00:00+00:00,0.87017,0.87044,0.87003,0.87018
2026-04-18 05:15:00+00:00,0.87018,0.87026,0.87012,0.87022
2026-04-18 05:30:00+00:00,0.8702,0.87023,0.87015,0.87018
2026-04-18 05:45:00+00:00,0.87017,0.87026,0.87011,0.87016
2026-04-18 06:00:00+00:00,0.87016,0.87021,0.87015,0.87016
2026-04-18 06:15:00+00:00,0.87016,0.87026,0.87014,0.87018
2026-04-18 06:30:00+00:00,0.87016,0.87053,0.87003,0.87025
2026-04-18 06:45:00+00:00,0.87024,0.87028,0.87015,0.87016
2026-04-18 07:00:00+00:00,0.87016,0.87027,0.87014,0.87017
2026-04-18 07:15:00+00:00,0.87017,0.8702,0.87015,0.87018
2026-04-18 07:30:00+00:00,0.87016,0.87026,0.87014,0.8702
2026-04-18 07:45:00+00:00,0.87018,0.87025,0.87014,0.87018
2026-04-18 08:00:00+00:00,0.87018,0.87022,0.87016,0.87018
2026-04-18 08:15:00+00:00,0.87019,0.87064,0.87007,0.87023
2026-04-18 08:30:00+00:00,0.87022,0.87025,0.87016,0.87019
2026-04-18 08:45:00+00:00,0.87018,0.87031,0.87014,0.87019
2026-04-18 09:00:00+00:00,0.87019,0.87027,0.87016,0.8702
2026-04-18 09:15:00+00:00,0.87021,0.87023,0.87017,0.87018
2026-04-18 09:30:00+00:00,0.87017,0.8703,0.87011,0.87021
2026-04-18 09:45:00+00:00,0.87019,0.87023,0.87017,0.87019
2026-04-18 10:00:00+00:00,0.87019,0.87059,0.87006,0.87019
2026-04-18 10:15:00+00:00,0.87019,0.87027,0.87013,0.87026
2026-04-18 10:30:00+00:00,0.87025,0.87037,0.87014,0.87026
2026-04-18 10:45:00+00:00,0.87024,0.87034,0.87015,0.87023
2026-04-18 11:00:00+00:00,0.87022,0.87024,0.87018,0.87019
2026-04-18 11:15:00+00:00,0.87019,0.87029,0.87016,0.87021
2026-04-18 11:30:00+00:00,0.8702,0.87073,0.86997,0.8704
2026-04-18 11:45:00+00:00,0.87038,0.87046,0.86992,0.87039
2026-04-18 12:00:00+00:00,0.87038,0.87045,0.87034,0.87041
2026-04-18 12:15:00+00:00,0.87041,0.87045,0.8704,0.87041
2026-04-18 12:30:00+00:00,0.87041,0.87048,0.87034,0.87044
2026-04-18 12:45:00+00:00,0.87043,0.87049,0.87038,0.87046
2026-04-18 13:00:00+00:00,0.87045,0.87048,0.87043,0.87044
2026-04-18 13:15:00+00:00,0.87045,0.87055,0.87028,0.87051
2026-04-18 13:30:00+00:00,0.87051,0.87055,0.8705,0.87052
2026-04-18 13:45:00+00:00,0.87051,0.87055,0.8705,0.87053
2026-04-18 14:00:00+00:00,0.87051,0.87055,0.8705,0.87051
2026-04-18 14:15:00+00:00,0.87052,0.87055,0.8705,0.87051
2026-04-18 14:30:00+00:00,0.87052,0.87062,0.87043,0.87051
2026-04-18 14:45:00+00:00,0.8705,0.87054,0.87049,0.87052
2026-04-18 15:00:00+00:00,0.8705,0.87067,0.87045,0.8706
2026-04-18 15:15:00+00:00,0.8706,0.87064,0.87058,0.87058
2026-04-18 15:30:00+00:00,0.87058,0.87062,0.87057,0.87059
2026-04-18 15:45:00+00:00,0.87058,0.87062,0.87056,0.87059
2026-04-18 16:00:00+00:00,0.87057,0.87061,0.86972,0.87004
2026-04-18 16:15:00+00:00,0.87003,0.87017,0.87002,0.87013
2026-04-18 16:30:00+00:00,0.87013,0.87036,0.87011,0.87035
2026-04-18 16:45:00+00:00,0.87035,0.87067,0.86997,0.87025
2026-04-18 17:00:00+00:00,0.87023,0.87027,0.86928,0.86976
2026-04-18 17:15:00+00:00,0.86975,0.86979,0.86974,0.86975
2026-04-18 17:30:00+00:00,0.86975,0.87015,0.86974,0.87012
2026-04-18 17:45:00+00:00,0.87012,0.87039,0.8701,0.87032
2026-04-18 18:00:00+00:00,0.8703,0.87035,0.86968,0.8697
2026-04-18 18:15:00+00:00,0.86969,0.87039,0.86968,0.87013
2026-04-18 18:30:00+00:00,0.87013,0.87017,0.87012,0.87013
2026-04-18 18:45:00+00:00,0.87013,0.8703,0.87012,0.87026
2026-04-18 19:00:00+00:00,0.87025,0.87028,0.8697,0.86989
2026-04-18 19:15:00+00:00,0.86987,0.86991,0.8697,0.86987
2026-04-18 19:30:00+00:00,0.86987,0.87013,0.86986,0.87
2026-04-18 19:45:00+00:00,0.87,0.87004,0.86999,0.87002
2026-04-18 20:00:00+00:00,0.87,0.87032,0.86996,0.8703
2026-04-18 20:15:00+00:00,0.87028,0.87033,0.87027,0.87033
2026-04-18 20:30:00+00:00,0.87033,0.87037,0.87028,0.87033
2026-04-18 20:45:00+00:00,0.87033,0.8704,0.87032,0.87038
2026-04-18 21:00:00+00:00,0.87047,0.87047,0.86925,0.86982
2026-04-18 21:15:00+00:00,0.8698,0.87004,0.86978,0.86995
2026-04-18 21:30:00+00:00,0.86994,0.87028,0.86977,0.87028
2026-04-18 21:45:00+00:00,0.87029,0.87034,0.87005,0.87027
2026-04-18 22:00:00+00:00,0.87026,0.87029,0.86961,0.86999
2026-04-18 22:15:00+00:00,0.86997,0.87001,0.86996,0.86998
2026-04-18 22:30:00+00:00,0.86997,0.87012,0.86995,0.87008
2026-04-18 22:45:00+00:00,0.87008,0.87012,0.87007,0.87009
2026-04-18 23:00:00+00:00,0.87007,0.87019,0.86986,0.86989
2026-04-18 23:15:00+00:00,0.86987,0.87053,0.86986,0.87022
2026-04-18 23:30:00+00:00,0.87021,0.87025,0.8702,0.87021
2026-04-18 23:45:00+00:00,0.87021,0.87046,0.8702,0.87042
2026-04-19 00:00:00+00:00,0.87042,0.87073,0.87007,0.87032
2026-04-19 00:15:00+00:00,0.87029,0.87042,0.87027,0.8704
2026-04-19 00:30:00+00:00,0.87039,0.87059,0.87038,0.87054
2026-04-19 00:45:00+00:00,0.87054,0.87058,0.87053,0.87054
2026-04-19 01:00:00+00:00,0.87054,0.87071,0.87022,0.87053
2026-04-19 01:15:00+00:00,0.87052,0.87055,0.8705,0.87053
2026-04-19 01:30:00+00:00,0.87052,0.87056,0.8705,0.87052
2026-04-19 01:45:00+00:00,0.87052,0.87056,0.8705,0.87052
2026-04-19 02:00:00+00:00,0.87052,0.87056,0.87051,0.87053
2026-04-19 02:15:00+00:00,0.87052,0.87056,0.87051,0.87054
2026-04-19 02:30:00+00:00,0.87052,0.87064,0.87024,0.8703
2026-04-19 02:45:00+00:00,0.87033,0.87066,0.87027,0.87047
2026-04-19 03:00:00+00:00,0.87048,0.87052,0.87047,0.8705
2026-04-19 03:15:00+00:00,0.87049,0.87062,0.87048,0.8706
2026-04-19 03:30:00+00:00,0.87058,0.87062,0.87056,0.87058
2026-04-19 03:45:00+00:00,0.87057,0.87061,0.87056,0.87056
2026-04-19 04:00:00+00:00,0.87057,0.87073,0.87055,0.87065
2026-04-19 04:15:00+00:00,0.87065,0.87068,0.8705,0.87063
2026-04-19 04:30:00+00:00,0.87061,0.87065,0.8706,0.87062
2026-04-19 04:45:00+00:00,0.87061,0.87065,0.87058,0.87059
2026-04-19 05:00:00+00:00,0.87059,0.87063,0.87058,0.8706
2026-04-19 05:15:00+00:00,0.87059,0.87062,0.87057,0.8706
2026-04-19 05:30:00+00:00,0.87058,0.87062,0.87056,0.87058
2026-04-19 05:45:00+00:00,0.87057,0.87061,0.87056,0.87056
2026-04-19 06:00:00+00:00,0.87057,0.87066,0.87019,0.8705
2026-04-19 06:15:00+00:00,0.8705,0.87053,0.87048,0.87051
2026-04-19 06:30:00+00:00,0.8705,0.87054,0.87048,0.87052
2026-04-19 06:45:00+00:00,0.8705,0.87054,0.87049,0.8705
2026-04-19 07:00:00+00:00,0.87051,0.87055,0.8705,0.87051
2026-04-19 07:15:00+00:00,0.87051,0.87055,0.87049,0.87053
2026-04-19 07:30:00+00:00,0.87051,0.87055,0.87037,0.87046
2026-04-19 07:45:00+00:00,0.87044,0.87058,0.87042,0.87054
2026-04-19 08:00:00+00:00,0.87054,0.87058,0.87053,0.87054
2026-04-19 08:15:00+00:00,0.87054,0.87082,0.87052,0.87074
2026-04-19 08:30:00+00:00,0.87073,0.87076,0.87068,0.8707
2026-04-19 08:45:00+00:00,0.87069,0.87072,0.87067,0.87069
2026-04-19 09:00:00+00:00,0.87069,0.87072,0.87062,0.87065
2026-04-19 09:15:00+00:00,0.87065,0.87069,0.8705,0.87058
2026-04-19 09:30:00+00:00,0.87057,0.87061,0.87056,0.87059
2026-04-19 09:45:00+00:00,0.87057,0.8706,0.87055,0.87056
2026-04-19 10:00:00+00:00,0.87056,0.8706,0.87055,0.87055
2026-04-19 10:15:00+00:00,0.87056,0.8706,0.87055,0.87057
2026-04-19 10:30:00+00:00,0.87056,0.87061,0.87055,0.87059
2026-04-19 10:45:00+00:00,0.87057,0.87061,0.87055,0.87057
2026-04-19 11:00:00+00:00,0.87056,0.8706,0.87055,0.87056
2026-04-19 11:15:00+00:00,0.87056,0.8706,0.87054,0.87056
2026-04-19 11:30:00+00:00,0.87056,0.87067,0.86894,0.86959
2026-04-19 11:45:00+00:00,0.86957,0.86961,0.86956,0.86958
2026-04-19 12:00:00+00:00,0.86957,0.86995,0.86955,0.86976
2026-04-19 12:15:00+00:00,0.86976,0.8698,0.86975,0.86976
2026-04-19 12:30:00+00:00,0.86976,0.87009,0.86975,0.87003
2026-04-19 12:45:00+00:00,0.87001,0.87015,0.86998,0.87013
2026-04-19 13:00:00+00:00,0.87011,0.87015,0.8701,0.87011
2026-04-19 13:15:00+00:00,0.87011,0.87021,0.86927,0.86941
2026-04-19 13:30:00+00:00,0.86942,0.86945,0.8694,0.86943
2026-04-19 13:45:00+00:00,0.86942,0.86988,0.86938,0.86965
2026-04-19 14:00:00+00:00,0.86964,0.87046,0.86964,0.86999
2026-04-19 14:15:00+00:00,0.87,0.87003,0.86998,0.86999
2026-04-19 14:30:00+00:00,0.87,0.87023,0.86989,0.87011
2026-04-19 14:45:00+00:00,0.8701,0.87014,0.86986,0.86995
2026-04-19 15:00:00+00:00,0.86993,0.86996,0.86923,0.86924
2026-04-19 15:15:00+00:00,0.86924,0.86993,0.86921,0.86981
2026-04-19 15:30:00+00:00,0.86983,0.87002,0.86981,0.86994
2026-04-19 15:45:00+00:00,0.86993,0.8701,0.86986,0.87007
2026-04-19 16:00:00+00:00,0.87005,0.87009,0.86955,0.86956
2026-04-19 16:15:00+00:00,0.86956,0.86996,0.86954,0.86974
2026-04-19 16:30:00+00:00,0.86975,0.87002,0.86896,0.86925
2026-04-19 16:45:00+00:00,0.86924,0.86928,0.86923,0.86926
2026-04-19 17:00:00+00:00,0.86924,0.87038,0.86917,0.87013
2026-04-19 17:15:00+00:00,0.87012,0.87035,0.86991,0.86997
2026-04-19 17:30:00+00:00,0.86998,0.87039,0.86984,0.86995
2026-04-19 17:45:00+00:00,0.86995,0.8711,0.86924,0.8711
2026-04-19 18:00:00+00:00,0.87108,0.87118,0.86983,0.87025
2026-04-19 18:15:00+00:00,0.87024,0.87043,0.86909,0.87043
2026-04-19 18:30:00+00:00,0.87043,0.87059,0.87001,0.87013
2026-04-19 18:45:00+00:00,0.87013,0.8716,0.86986,0.87037
2026-04-19 19:00:00+00:00,0.87036,0.87078,0.86956,0.86974
2026-04-19 19:15:00+00:00,0.86972,0.8701,0.86947,0.8697
2026-04-19 19:30:00+00:00,0.86972,0.87078,0.86919,0.86946
2026-04-19 19:45:00+00:00,0.86947,0.87026,0.86862,0.86976
2026-04-19 20:00:00+00:00,0.86976,0.8706,0.86885,0.87033
2026-04-19 20:15:00+00:00,0.87031,0.87072,0.86973,0.87007
2026-04-19 20:30:00+00:00,0.87009,0.87123,0.86951,0.87043
2026-04-19 20:45:00+00:00,0.87042,0.87057,0.86979,0.8703
2026-04-19 21:00:00+00:00,0.87028,0.87067,0.86998,0.87012
2026-04-19 21:15:00+00:00,0.87008,0.87088,0.86986,0.87039
2026-04-19 21:30:00+00:00,0.87041,0.87064,0.86974,0.87001
2026-04-19 21:45:00+00:00,0.86999,0.87027,0.86979,0.86993
2026-04-19 22:00:00+00:00,0.86991,0.87084,0.86986,0.87031
2026-04-19 22:15:00+00:00,0.87029,0.87035,0.87008,0.87028
2026-04-19 22:30:00+00:00,0.87027,0.87052,0.87016,0.87035
2026-04-19 22:45:00+00:00,0.87035,0.8705,0.87033,0.87043
2026-04-19 23:00:00+00:00,0.87043,0.87058,0.87028,0.87058
2026-04-19 23:15:00+00:00,0.87056,0.87073,0.87051,0.87073
2026-04-19 23:30:00+00:00,0.87072,0.87086,0.87063,0.87079
2026-04-19 23:45:00+00:00,0.8708,0.87089,0.87065,0.87071
2026-04-20 00:00:00+00:00,0.87071,0.87127,0.87069,0.87124
2026-04-20 00:15:00+00:00,0.87122,0.87131,0.87105,0.87112
2026-04-20 00:30:00+00:00,0.87111,0.87125,0.87107,0.87119
2026-04-20 00:45:00+00:00,0.87119,0.87125,0.87097,0.87102
2026-04-20 01:00:00+00:00,0.87102,0.87115,0.87095,0.87114
2026-04-20 01:15:00+00:00,0.87113,0.87119,0.87107,0.87114
2026-04-20 01:30:00+00:00,0.87112,0.87128,0.87095,0.87106
2026-04-20 01:45:00+00:00,0.87107,0.87115,0.87095,0.87099
2026-04-20 02:00:00+00:00,0.871,0.87107,0.87087,0.87096
2026-04-20 02:15:00+00:00,0.87094,0.87102,0.87091,0.87093
2026-04-20 02:30:00+00:00,0.87091,0.87095,0.87076,0.8708
2026-04-20 02:45:00+00:00,0.8708,0.87088,0.87072,0.87076
2026-04-20 03:00:00+00:00,0.87076,0.87079,0.87065,0.87072
2026-04-20 03:15:00+00:00,0.87071,0.8708,0.87067,0.8708
2026-04-20 03:30:00+00:00,0.87079,0.87082,0.8707,0.87076
2026-04-20 03:45:00+00:00,0.87075,0.8708,0.87071,0.87073
2026-04-20 04:00:00+00:00,0.87074,0.87085,0.87072,0.87078
2026-04-20 04:15:00+00:00,0.87077,0.87083,0.87069,0.87079
2026-04-20 04:30:00+00:00,0.87078,0.87085,0.87072,0.87077
2026-04-20 04:45:00+00:00,0.87076,0.87082,0.87068,0.87071
2026-04-20 05:00:00+00:00,0.87071,0.87104,0.8707,0.87093
2026-04-20 05:15:00+00:00,0.87092,0.87105,0.87088,0.87099
2026-04-20 05:30:00+00:00,0.87097,0.87109,0.87086,0.87105
2026-04-20 05:45:00+00:00,0.87104,0.8712,0.87097,0.87114
2026-04-20 06:00:00+00:00,0.87115,0.87133,0.87106,0.87127
2026-04-20 06:15:00+00:00,0.87127,0.87139,0.87116,0.87138
2026-04-20 06:30:00+00:00,0.87137,0.87152,0.87114,0.87141
2026-04-20 06:45:00+00:00,0.87139,0.87163,0.87108,0.87108
2026-04-20 07:00:00+00:00,0.87109,0.87121,0.87077,0.87085
2026-04-20 07:15:00+00:00,0.87085,0.87104,0.87058,0.87082
2026-04-20 07:30:00+00:00,0.87081,0.87094,0.87054,0.87063
2026-04-20 07:45:00+00:00,0.87061,0.87099,0.87048,0.87096
2026-04-20 08:00:00+00:00,0.87095,0.87118,0.87083,0.87111
2026-04-20 08:15:00+00:00,0.87111,0.87137,0.87104,0.87133
2026-04-20 08:30:00+00:00,0.87131,0.87158,0.87124,0.87148
2026-04-20 08:45:00+00:00,0.87146,0.87152,0.87129,0.87136
2026-04-20 09:00:00+00:00,0.87136,0.87147,0.87112,0.87128
2026-04-20 09:15:00+00:00,0.87128,0.87136,0.87093,0.87099
2026-04-20 09:30:00+00:00,0.87098,0.8712,0.87092,0.87118
2026-04-20 09:45:00+00:00,0.87117,0.87119,0.87035,0.87041
2026-04-20 10:00:00+00:00,0.87041,0.87076,0.87034,0.87056
2026-04-20 10:15:00+00:00,0.87057,0.87068,0.87042,0.87051
2026-04-20 10:30:00+00:00,0.8705,0.8708,0.87047,0.87076
2026-04-20 10:45:00+00:00,0.87075,0.87082,0.8706,0.87073
2026-04-20 11:00:00+00:00,0.87073,0.87089,0.87066,0.87073
2026-04-20 11:15:00+00:00,0.87073,0.8708,0.8705,0.87061
2026-04-20 11:30:00+00:00,0.87061,0.87067,0.8705,0.8705
2026-04-20 11:45:00+00:00,0.87048,0.87062,0.87014,0.87042
2026-04-20 12:00:00+00:00,0.8704,0.87061,0.87032,0.87045
2026-04-20 12:15:00+00:00,0.87045,0.87067,0.87039,0.87051
2026-04-20 12:30:00+00:00,0.87051,0.87078,0.87049,0.87068
2026-04-20 12:45:00+00:00,0.87067,0.87072,0.87035,0.87044
2026-04-20 13:00:00+00:00,0.87042,0.87063,0.87032,0.87048
2026-04-20 13:15:00+00:00,0.87048,0.87053,0.87022,0.8704
2026-04-20 13:30:00+00:00,0.8704,0.87074,0.87033,0.87061
2026-04-20 13:45:00+00:00,0.87059,0.87073,0.87011,0.87016
2026-04-20 14:00:00+00:00,0.87014,0.87046,0.87,0.87034
2026-04-20 14:15:00+00:00,0.87034,0.87045,0.87027,0.87032
2026-04-20 14:30:00+00:00,0.87033,0.87077,0.87029,0.87066
2026-04-20 14:45:00+00:00,0.87065,0.8711,0.87014,0.8705
2026-04-20 15:00:00+00:00,0.87048,0.87066,0.87026,0.87057
2026-04-20 15:15:00+00:00,0.87057,0.87076,0.87046,0.87061
2026-04-20 15:30:00+00:00,0.8706,0.87068,0.87032,0.87042
2026-04-20 15:45:00+00:00,0.87042,0.87053,0.87029,0.8704
2026-04-20 16:00:00+00:00,0.87039,0.87049,0.87027,0.87043
2026-04-20 16:15:00+00:00,0.87042,0.8706,0.87035,0.8706
2026-04-20 16:30:00+00:00,0.8706,0.87062,0.87029,0.87039
2026-04-20 16:45:00+00:00,0.87038,0.87061,0.87033,0.87061
2026-04-20 17:00:00+00:00,0.87058,0.87067,0.87046,0.87064
2026-04-20 17:15:00+00:00,0.87063,0.87072,0.87056,0.87069
2026-04-20 17:30:00+00:00,0.87069,0.87073,0.87058,0.87066
2026-04-20 17:45:00+00:00,0.87066,0.8707,0.87049,0.87057
2026-04-20 18:00:00+00:00,0.87054,0.87077,0.87053,0.87072
2026-04-20 18:15:00+00:00,0.8707,0.87083,0.87047,0.87054
2026-04-20 18:30:00+00:00,0.87054,0.87061,0.87038,0.87042
2026-04-20 18:45:00+00:00,0.87042,0.87052,0.87037,0.87052
2026-04-20 19:00:00+00:00,0.87049,0.87069,0.87045,0.87057
2026-04-20 19:15:00+00:00,0.87056,0.87062,0.87047,0.87057
2026-04-20 19:30:00+00:00,0.87057,0.87066,0.87049,0.87059
2026-04-20 19:45:00+00:00,0.87059,0.87097,0.87055,0.87095
2026-04-20 20:00:00+00:00,0.87093,0.87109,0.87087,0.87094
2026-04-20 20:15:00+00:00,0.87092,0.87095,0.87077,0.87082
2026-04-20 20:30:00+00:00,0.87082,0.87088,0.87072,0.87073
2026-04-20 20:45:00+00:00,0.87074,0.87098,0.87067,0.87096
2026-04-20 21:00:00+00:00,0.87092,0.8711,0.87067,0.87084
2026-04-20 21:15:00+00:00,0.87083,0.87094,0.87068,0.87088
2026-04-20 21:30:00+00:00,0.87088,0.87097,0.87082,0.87094
2026-04-20 21:45:00+00:00,0.87095,0.87098,0.8707,0.87084
2026-04-20 22:00:00+00:00,0.87082,0.87117,0.87071,0.87088
2026-04-20 22:15:00+00:00,0.87086,0.8709,0.87083,0.87085
2026-04-20 22:30:00+00:00,0.87085,0.87091,0.87081,0.87085
2026-04-20 22:45:00+00:00,0.87085,0.87094,0.87078,0.87087
2026-04-20 23:00:00+00:00,0.87087,0.87095,0.8708,0.87085
2026-04-20 23:15:00+00:00,0.87083,0.87088,0.87078,0.8708
2026-04-20 23:30:00+00:00,0.87079,0.87086,0.87074,0.8708
2026-04-20 23:45:00+00:00,0.87081,0.87094,0.87075,0.87091
2026-04-21 00:00:00+00:00,0.87091,0.87108,0.87086,0.87107
2026-04-21 00:15:00+00:00,0.87105,0.8712,0.87101,0.87118
2026-04-21 00:30:00+00:00,0.87117,0.87129,0.87112,0.87122
2026-04-21 00:45:00+00:00,0.87122,0.87128,0.87108,0.87124
2026-04-21 01:00:00+00:00,0.87124,0.87134,0.87117,0.87119
2026-04-21 01:15:00+00:00,0.87117,0.87131,0.87112,0.87122
2026-04-21 01:30:00+00:00,0.8712,0.87126,0.87104,0.87107
2026-04-21 01:45:00+00:00,0.87107,0.87112,0.87095,0.87102
2026-04-21 02:00:00+00:00,0.87103,0.87112,0.87099,0.87106
2026-04-21 02:15:00+00:00,0.87105,0.87109,0.87092,0.87095
2026-04-21 02:30:00+00:00,0.87093,0.87115,0.8709,0.8711
2026-04-21 02:45:00+00:00,0.8711,0.87122,0.87107,0.87119
2026-04-21 03:00:00+00:00,0.87119,0.87126,0.8711,0.87121
2026-04-21 03:15:00+00:00,0.8712,0.8713,0.87111,0.87118
2026-04-21 03:30:00+00:00,0.87116,0.8712,0.87107,0.87109
2026-04-21 03:45:00+00:00,0.87108,0.87119,0.87105,0.87112
2026-04-21 04:00:00+00:00,0.87112,0.87117,0.87109,0.87116
2026-04-21 04:15:00+00:00,0.87115,0.8713,0.87111,0.87129
2026-04-21 04:30:00+00:00,0.87127,0.87132,0.87121,0.87129
2026-04-21 04:45:00+00:00,0.87127,0.87131,0.8712,0.87129
2026-04-21 05:00:00+00:00,0.87129,0.87135,0.8712,0.87128
2026-04-21 05:15:00+00:00,0.87128,0.87135,0.87109,0.87111
2026-04-21 05:30:00+00:00,0.87109,0.87126,0.87105,0.87126
2026-04-21 05:45:00+00:00,0.87125,0.87139,0.87118,0.87134
2026-04-21 06:00:00+00:00,0.8713,0.87136,0.87046,0.8706
2026-04-21 06:15:00+00:00,0.8706,0.87072,0.87052,0.87068
2026-04-21 06:30:00+00:00,0.87065,0.8709,0.87063,0.8709
2026-04-21 06:45:00+00:00,0.87088,0.871,0.87077,0.87092
2026-04-21 07:00:00+00:00,0.87092,0.87106,0.87085,0.87101
2026-04-21 07:15:00+00:00,0.87101,0.87112,0.87092,0.87094
2026-04-21 07:30:00+00:00,0.87093,0.871,0.8707,0.87074
2026-04-21 07:45:00+00:00,0.87072,0.87097,0.87066,0.87088
2026-04-21 08:00:00+00:00,0.8709,0.87193,0.87076,0.87189
2026-04-21 08:15:00+00:00,0.87189,0.87196,0.8715,0.87164
2026-04-21 08:30:00+00:00,0.87163,0.8717,0.871,0.8711
2026-04-21 08:45:00+00:00,0.87108,0.87121,0.87095,0.87121
2026-04-21 09:00:00+00:00,0.87121,0.87135,0.87087,0.87099
2026-04-21 09:15:00+00:00,0.87099,0.87107,0.8708,0.87098
2026-04-21 09:30:00+00:00,0.87097,0.87101,0.87074,0.87078
2026-04-21 09:45:00+00:00,0.87077,0.87086,0.87062,0.87086
2026-04-21 10:00:00+00:00,0.87086,0.87097,0.87049,0.87054
2026-04-21 10:15:00+00:00,0.87055,0.87074,0.87046,0.87058
2026-04-21 10:30:00+00:00,0.87057,0.87071,0.87049,0.87061
2026-04-21 10:45:00+00:00,0.87059,0.87072,0.87048,0.8705
2026-04-21 11:00:00+00:00,0.87049,0.87059,0.87019,0.87043
2026-04-21 11:15:00+00:00,0.87044,0.87057,0.8703,0.87039
2026-04-21 11:30:00+00:00,0.87039,0.87047,0.87017,0.87027
2026-04-21 11:45:00+00:00,0.87025,0.87054,0.87022,0.87049
2026-04-21 12:00:00+00:00,0.87048,0.8705,0.87023,0.87028
2026-04-21 12:15:00+00:00,0.87028,0.87036,0.8698,0.86981
2026-04-21 12:30:00+00:00,0.86981,0.87036,0.8697,0.87025
2026-04-21 12:45:00+00:00,0.87023,0.87032,0.87001,0.8701
2026-04-21 13:00:00+00:00,0.87008,0.87022,0.87002,0.87022
2026-04-21 13:15:00+00:00,0.87023,0.87031,0.86992,0.87022
2026-04-21 13:30:00+00:00,0.87023,0.87045,0.87002,0.87008
2026-04-21 13:45:00+00:00,0.87008,0.87015,0.86994,0.86997
2026-04-21 14:00:00+00:00,0.86995,0.87025,0.86991,0.86993
2026-04-21 14:15:00+00:00,0.86993,0.87011,0.86986,0.86999
2026-04-21 14:30:00+00:00,0.87,0.87023,0.86961,0.86961
2026-04-21 14:45:00+00:00,0.86961,0.87018,0.86932,0.87001
2026-04-21 15:00:00+00:00,0.87,0.87011,0.86965,0.86982
2026-04-21 15:15:00+00:00,0.86982,0.87006,0.86958,0.86969
2026-04-21 15:30:00+00:00,0.8697,0.87001,0.86957,0.86968
2026-04-21 15:45:00+00:00,0.86967,0.86983,0.86962,0.86982
2026-04-21 16:00:00+00:00,0.86981,0.8699,0.86972,0.86982
2026-04-21 16:15:00+00:00,0.86981,0.86993,0.8697,0.86981
2026-04-21 16:30:00+00:00,0.86982,0.8699,0.86971,0.86982
2026-04-21 16:45:00+00:00,0.86982,0.86995,0.86972,0.8699
2026-04-21 17:00:00+00:00,0.86988,0.87001,0.86951,0.86974
2026-04-21 17:15:00+00:00,0.86973,0.86991,0.86958,0.86969
2026-04-21 17:30:00+00:00,0.86969,0.86994,0.86922,0.86971
2026-04-21 17:45:00+00:00,0.86971,0.86996,0.86939,0.86953
2026-04-21 18:00:00+00:00,0.86951,0.86984,0.86946,0.86971
2026-04-21 18:15:00+00:00,0.8697,0.86992,0.86964,0.86989
2026-04-21 18:30:00+00:00,0.86989,0.87008,0.86964,0.86974
2026-04-21 18:45:00+00:00,0.86974,0.86986,0.86923,0.86954
2026-04-21 19:00:00+00:00,0.86953,0.86982,0.86931,0.86968
2026-04-21 19:15:00+00:00,0.86967,0.86977,0.86939,0.86956
2026-04-21 19:30:00+00:00,0.86956,0.87028,0.86904,0.8698
2026-04-21 19:45:00+00:00,0.86981,0.86998,0.86958,0.86975
2026-04-21 20:00:00+00:00,0.86974,0.87073,0.86918,0.86979
2026-04-21 20:15:00+00:00,0.86977,0.86992,0.86945,0.86967
2026-04-21 20:30:00+00:00,0.86967,0.86976,0.86955,0.86964
2026-04-21 20:45:00+00:00,0.86965,0.86976,0.86934,0.86934
2026-04-21 21:00:00+00:00,0.86933,0.87001,0.86928,0.86973
2026-04-21 21:15:00+00:00,0.86971,0.86974,0.86916,0.86938
2026-04-21 21:30:00+00:00,0.86939,0.86989,0.86934,0.86979
2026-04-21 21:45:00+00:00,0.86978,0.8698,0.86942,0.86958
2026-04-21 22:00:00+00:00,0.86958,0.86975,0.86939,0.86949
2026-04-21 22:15:00+00:00,0.86947,0.86951,0.86938,0.86945
2026-04-21 22:30:00+00:00,0.86944,0.86946,0.86931,0.86934
2026-04-21 22:45:00+00:00,0.86934,0.86941,0.86932,0.86937
2026-04-21 23:00:00+00:00,0.86937,0.86943,0.86927,0.8694
2026-04-21 23:15:00+00:00,0.86938,0.86942,0.86932,0.86938
2026-04-21 23:30:00+00:00,0.86936,0.8694,0.86928,0.86932
2026-04-21 23:45:00+00:00,0.86932,0.86937,0.86926,0.86933
2026-04-22 00:00:00+00:00,0.86933,0.86943,0.86911,0.86921
2026-04-22 00:15:00+00:00,0.86919,0.8693,0.8691,0.8692
2026-04-22 00:30:00+00:00,0.86918,0.86924,0.86899,0.86904
2026-04-22 00:45:00+00:00,0.86904,0.86926,0.86898,0.86926
2026-04-22 01:00:00+00:00,0.86926,0.86935,0.86911,0.86935
2026-04-22 01:15:00+00:00,0.86933,0.86943,0.86928,0.86938
2026-04-22 01:30:00+00:00,0.86936,0.86951,0.86914,0.86935
2026-04-22 01:45:00+00:00,0.86935,0.86945,0.86923,0.86925
2026-04-22 02:00:00+00:00,0.86926,0.86942,0.86923,0.86932
2026-04-22 02:15:00+00:00,0.86931,0.8694,0.86926,0.86933
2026-04-22 02:30:00+00:00,0.86931,0.86937,0.86924,0.8693
2026-04-22 02:45:00+00:00,0.86929,0.86935,0.86915,0.86928
2026-04-22 03:00:00+00:00,0.86929,0.8694,0.86908,0.86913
2026-04-22 03:15:00+00:00,0.86912,0.86916,0.86902,0.86904
2026-04-22 03:30:00+00:00,0.86902,0.8691,0.86897,0.86904
2026-04-22 03:45:00+00:00,0.86903,0.8691,0.86898,0.86906
2026-04-22 04:00:00+00:00,0.86907,0.86914,0.86898,0.86904
2026-04-22 04:15:00+00:00,0.86904,0.86921,0.869,0.86917
2026-04-22 04:30:00+00:00,0.86915,0.8692,0.86905,0.86912
2026-04-22 04:45:00+00:00,0.86911,0.8692,0.86906,0.86911
2026-04-22 05:00:00+00:00,0.86912,0.86918,0.86895,0.86902
2026-04-22 05:15:00+00:00,0.86902,0.86942,0.86861,0.86904
2026-04-22 05:30:00+00:00,0.86902,0.86912,0.86887,0.86893
2026-04-22 05:45:00+00:00,0.86891,0.86896,0.86883,0.86888
2026-04-22 06:00:00+00:00,0.86889,0.86911,0.8688,0.86889
2026-04-22 06:15:00+00:00,0.86889,0.8692,0.86879,0.86916
2026-04-22 06:30:00+00:00,0.86915,0.86931,0.86905,0.86924
2026-04-22 06:45:00+00:00,0.86922,0.86941,0.86916,0.86921
2026-04-22 07:00:00+00:00,0.86921,0.8694,0.86913,0.86935
2026-04-22 07:15:00+00:00,0.86936,0.86951,0.86924,0.86936
2026-04-22 07:30:00+00:00,0.86935,0.86938,0.86911,0.86929
2026-04-22 07:45:00+00:00,0.86927,0.8693,0.86897,0.8691
2026-04-22 08:00:00+00:00,0.86909,0.86924,0.8688,0.86906
2026-04-22 08:15:00+00:00,0.86906,0.86915,0.86881,0.86891
2026-04-22 08:30:00+00:00,0.8689,0.86894,0.86859,0.86879
2026-04-22 08:45:00+00:00,0.86877,0.86886,0.86861,0.8688
2026-04-22 09:00:00+00:00,0.86878,0.86879,0.86847,0.86868
2026-04-22 09:15:00+00:00,0.86868,0.86874,0.86853,0.86859
2026-04-22 09:30:00+00:00,0.86858,0.8688,0.86857,0.86877
2026-04-22 09:45:00+00:00,0.86874,0.86898,0.86872,0.86889
2026-04-22 10:00:00+00:00,0.86888,0.86919,0.86885,0.86905
2026-04-22 10:15:00+00:00,0.86906,0.86921,0.86899,0.86917
2026-04-22 10:30:00+00:00,0.86917,0.86919,0.86898,0.8691
2026-04-22 10:45:00+00:00,0.86907,0.86917,0.86904,0.86914
2026-04-22 11:00:00+00:00,0.86913,0.86928,0.86902,0.86919
2026-04-22 11:15:00+00:00,0.86919,0.86939,0.86909,0.86927
2026-04-22 11:30:00+00:00,0.86927,0.86935,0.86914,0.86914
2026-04-22 11:45:00+00:00,0.86913,0.86921,0.86896,0.86909
2026-04-22 12:00:00+00:00,0.86908,0.86916,0.86891,0.86902
2026-04-22 12:15:00+00:00,0.86902,0.86909,0.86885,0.86887
2026-04-22 12:30:00+00:00,0.86887,0.86926,0.86854,0.86903
2026-04-22 12:45:00+00:00,0.86901,0.86918,0.86889,0.86911
2026-04-22 13:00:00+00:00,0.86909,0.86915,0.8687,0.86873
2026-04-22 13:15:00+00:00,0.86873,0.86897,0.86812,0.86847
2026-04-22 13:30:00+00:00,0.86848,0.86856,0.86797,0.86839
2026-04-22 13:45:00+00:00,0.86838,0.86862,0.86824,0.86855
2026-04-22 14:00:00+00:00,0.86853,0.86861,0.86817,0.8682
2026-04-22 14:15:00+00:00,0.86818,0.86832,0.86783,0.86788
2026-04-22 14:30:00+00:00,0.86789,0.86824,0.86782,0.86818
2026-04-22 14:45:00+00:00,0.86818,0.86824,0.86779,0.86809
2026-04-22 15:00:00+00:00,0.86808,0.8682,0.86783,0.86793
2026-04-22 15:15:00+00:00,0.86791,0.86801,0.86769,0.86776
2026-04-22 15:30:00+00:00,0.86776,0.868,0.86762,0.8677
2026-04-22 15:45:00+00:00,0.8677,0.8678,0.86738,0.86748
2026-04-22 16:00:00+00:00,0.86747,0.86769,0.86731,0.86769
2026-04-22 16:15:00+00:00,0.86768,0.86781,0.86744,0.86747
2026-04-22 16:30:00+00:00,0.86749,0.86762,0.86736,0.8675
2026-04-22 16:45:00+00:00,0.86749,0.86753,0.8673,0.86734
2026-04-22 17:00:00+00:00,0.86732,0.86737,0.8667,0.86684
2026-04-22 17:15:00+00:00,0.86683,0.86699,0.86676,0.86696
2026-04-22 17:30:00+00:00,0.86697,0.86709,0.86688,0.86697
2026-04-22 17:45:00+00:00,0.86697,0.86704,0.86674,0.86674
2026-04-22 18:00:00+00:00,0.86672,0.86699,0.86669,0.8668
2026-04-22 18:15:00+00:00,0.86678,0.86699,0.86675,0.86686
2026-04-22 18:30:00+00:00,0.86686,0.86694,0.86679,0.86693
2026-04-22 18:45:00+00:00,0.86693,0.86704,0.86688,0.86698
2026-04-22 19:00:00+00:00,0.86696,0.86713,0.86686,0.86699
2026-04-22 19:15:00+00:00,0.86698,0.867,0.86686,0.86688
2026-04-22 19:30:00+00:00,0.86688,0.86692,0.86674,0.86682
2026-04-22 19:45:00+00:00,0.86682,0.86697,0.86677,0.86683
2026-04-22 20:00:00+00:00,0.86682,0.86704,0.86674,0.86704
2026-04-22 20:15:00+00:00,0.86701,0.86708,0.86687,0.86693
2026-04-22 20:30:00+00:00,0.86693,0.86704,0.86688,0.86701
2026-04-22 20:45:00+00:00,0.86701,0.86706,0.8669,0.86694
2026-04-22 21:00:00+00:00,0.86694,0.86704,0.86674,0.86686
2026-04-22 21:15:00+00:00,0.86684,0.86697,0.86668,0.86688
2026-04-22 21:30:00+00:00,0.86687,0.86689,0.86677,0.86682
2026-04-22 21:45:00+00:00,0.86682,0.86709,0.86672,0.86706
2026-04-22 22:00:00+00:00,0.86706,0.86712,0.86689,0.86699
2026-04-22 22:15:00+00:00,0.86697,0.86703,0.86694,0.867
2026-04-22 22:30:00+00:00,0.86699,0.86706,0.86698,0.86702
2026-04-22 22:45:00+00:00,0.86703,0.8671,0.86699,0.86704
2026-04-22 23:00:00+00:00,0.86704,0.86709,0.86694,0.86705
2026-04-22 23:15:00+00:00,0.86703,0.8671,0.867,0.86704
2026-04-22 23:30:00+00:00,0.86703,0.86712,0.86702,0.86706
2026-04-22 23:45:00+00:00,0.86707,0.86718,0.86703,0.8671
2026-04-23 00:00:00+00:00,0.8671,0.86739,0.86692,0.86732
2026-04-23 00:15:00+00:00,0.86729,0.86797,0.86674,0.86718
2026-04-23 00:30:00+00:00,0.86716,0.86729,0.86702,0.86708
2026-04-23 00:45:00+00:00,0.86708,0.8672,0.86696,0.86699
2026-04-23 01:00:00+00:00,0.86699,0.86711,0.86695,0.86709
2026-04-23 01:15:00+00:00,0.86708,0.86725,0.86703,0.86725
2026-04-23 01:30:00+00:00,0.86723,0.86738,0.86712,0.86734
2026-04-23 01:45:00+00:00,0.86733,0.86739,0.86721,0.86736
2026-04-23 02:00:00+00:00,0.86737,0.86749,0.86724,0.86724
2026-04-23 02:15:00+00:00,0.86723,0.86731,0.86713,0.86723
2026-04-23 02:30:00+00:00,0.86721,0.86733,0.86717,0.8673
2026-04-23 02:45:00+00:00,0.8673,0.86752,0.86715,0.86731
2026-04-23 03:00:00+00:00,0.86731,0.86746,0.86718,0.86743
2026-04-23 03:15:00+00:00,0.86742,0.86751,0.86738,0.86741
2026-04-23 03:30:00+00:00,0.86739,0.86755,0.86738,0.86754
2026-04-23 03:45:00+00:00,0.86753,0.86759,0.86728,0.86729
2026-04-23 04:00:00+00:00,0.8673,0.86746,0.86726,0.86737
2026-04-23 04:15:00+00:00,0.86737,0.86748,0.86734,0.86742
2026-04-23 04:30:00+00:00,0.86741,0.86744,0.86731,0.86735
2026-04-23 04:45:00+00:00,0.86734,0.86741,0.86727,0.86729
2026-04-23 05:00:00+00:00,0.8673,0.86737,0.86724,0.86733
2026-04-23 05:15:00+00:00,0.86734,0.86755,0.86732,0.86755
2026-04-23 05:30:00+00:00,0.86753,0.86762,0.86748,0.86757
2026-04-23 05:45:00+00:00,0.86756,0.86766,0.86745,0.8676
2026-04-23 06:00:00+00:00,0.86762,0.86776,0.86757,0.86767
2026-04-23 06:15:00+00:00,0.86767,0.8678,0.86752,0.8678
2026-04-23 06:30:00+00:00,0.86778,0.86782,0.86732,0.86761
2026-04-23 06:45:00+00:00,0.86759,0.8677,0.86729,0.86739
2026-04-23 07:00:00+00:00,0.8674,0.86777,0.8673,0.86739
2026-04-23 07:15:00+00:00,0.86739,0.86761,0.86733,0.86754
2026-04-23 07:30:00+00:00,0.86756,0.86763,0.86716,0.86758
2026-04-23 07:45:00+00:00,0.86756,0.86772,0.86751,0.86755
2026-04-23 08:00:00+00:00,0.86755,0.86775,0.86747,0.86765
2026-04-23 08:15:00+00:00,0.86765,0.86776,0.86754,0.86763
2026-04-23 08:30:00+00:00,0.86767,0.86771,0.86636,0.86653
2026-04-23 08:45:00+00:00,0.86652,0.8666,0.8662,0.86644
2026-04-23 09:00:00+00:00,0.86644,0.86681,0.86636,0.86679
2026-04-23 09:15:00+00:00,0.86679,0.86683,0.86623,0.86623
2026-04-23 09:30:00+00:00,0.86622,0.86628,0.86578,0.86598
2026-04-23 09:45:00+00:00,0.86596,0.86625,0.8659,0.86616
2026-04-23 10:00:00+00:00,0.86615,0.86624,0.86585,0.86611
2026-04-23 10:15:00+00:00,0.86612,0.86617,0.86571,0.86571
2026-04-23 10:30:00+00:00,0.86571,0.86592,0.86568,0.86588
2026-04-23 10:45:00+00:00,0.86585,0.86633,0.86578,0.86633
2026-04-23 11:00:00+00:00,0.86632,0.86633,0.86611,0.86615
2026-04-23 11:15:00+00:00,0.86614,0.86619,0.86555,0.86562
2026-04-23 11:30:00+00:00,0.86562,0.86575,0.86533,0.86545
2026-04-23 11:45:00+00:00,0.86543,0.86618,0.86541,0.86558
2026-04-23 12:00:00+00:00,0.86556,0.86589,0.86552,0.86576
2026-04-23 12:15:00+00:00,0.86577,0.86627,0.8657,0.86617
2026-04-23 12:30:00+00:00,0.86618,0.86655,0.86603,0.86654
2026-04-23 12:45:00+00:00,0.86652,0.86697,0.86629,0.86685
2026-04-23 13:00:00+00:00,0.86683,0.86695,0.86663,0.86676
2026-04-23 13:15:00+00:00,0.86677,0.86704,0.86655,0.86665
2026-04-23 13:30:00+00:00,0.86665,0.86672,0.86623,0.86627
2026-04-23 13:45:00+00:00,0.86626,0.8665,0.8659,0.86613
2026-04-23 14:00:00+00:00,0.8661,0.86663,0.86595,0.86653
2026-04-23 14:15:00+00:00,0.86652,0.86661,0.86623,0.8665
2026-04-23 14:30:00+00:00,0.86651,0.86662,0.86644,0.86657
2026-04-23 14:45:00+00:00,0.86656,0.86699,0.86631,0.86681
2026-04-23 15:00:00+00:00,0.86678,0.86698,0.86671,0.86695
2026-04-23 15:15:00+00:00,0.86694,0.86731,0.86685,0.86716
2026-04-23 15:30:00+00:00,0.86716,0.86745,0.86702,0.86726
2026-04-23 15:45:00+00:00,0.86725,0.86756,0.86716,0.86742
2026-04-23 16:00:00+00:00,0.86741,0.86749,0.86727,0.86739
2026-04-23 16:15:00+00:00,0.86738,0.86753,0.86728,0.86747
2026-04-23 16:30:00+00:00,0.86747,0.86756,0.86736,0.86752
2026-04-23 16:45:00+00:00,0.86752,0.86761,0.86728,0.86739
2026-04-23 17:00:00+00:00,0.86738,0.86794,0.86696,0.86779
2026-04-23 17:15:00+00:00,0.86777,0.86791,0.86744,0.86759
2026-04-23 17:30:00+00:00,0.86759,0.86795,0.86746,0.86766
2026-04-23 17:45:00+00:00,0.86766,0.86809,0.86698,0.8676
2026-04-23 18:00:00+00:00,0.86758,0.86776,0.86742,0.86762
2026-04-23 18:15:00+00:00,0.86761,0.86771,0.86752,0.86758
2026-04-23 18:30:00+00:00,0.86757,0.86767,0.86737,0.86755
2026-04-23 18:45:00+00:00,0.86755,0.86772,0.86747,0.86761
2026-04-23 19:00:00+00:00,0.8676,0.8677,0.86741,0.86765
2026-04-23 19:15:00+00:00,0.86763,0.86771,0.86759,0.86765
2026-04-23 19:30:00+00:00,0.86765,0.86777,0.86752,0.86765
2026-04-23 19:45:00+00:00,0.86766,0.86784,0.8676,0.86772
2026-04-23 20:00:00+00:00,0.86771,0.86781,0.8676,0.86775
2026-04-23 20:15:00+00:00,0.86773,0.86785,0.86767,0.86773
2026-04-23 20:30:00+00:00,0.86773,0.8678,0.86769,0.86777
2026-04-23 20:45:00+00:00,0.86777,0.8678,0.86755,0.86757
2026-04-23 21:00:00+00:00,0.86755,0.86776,0.8673,0.86762
2026-04-23 21:15:00+00:00,0.86761,0.8679,0.8672,0.86727
2026-04-23 21:30:00+00:00,0.86728,0.86791,0.86715,0.86768
2026-04-23 21:45:00+00:00,0.86768,0.86784,0.86759,0.86766
2026-04-23 22:00:00+00:00,0.86765,0.86783,0.86762,0.8678
2026-04-23 22:15:00+00:00,0.86779,0.86787,0.86774,0.86782
2026-04-23 22:30:00+00:00,0.86781,0.86785,0.86767,0.86771
2026-04-23 22:45:00+00:00,0.86772,0.86779,0.86768,0.86773
2026-04-23 23:00:00+00:00,0.86773,0.86781,0.86758,0.86771
2026-04-23 23:15:00+00:00,0.86769,0.86774,0.86762,0.86765
2026-04-23 23:30:00+00:00,0.86764,0.8677,0.86761,0.86765
2026-04-23 23:45:00+00:00,0.86765,0.86768,0.86757,0.86764
2026-04-24 00:00:00+00:00,0.86764,0.86771,0.86755,0.8677
2026-04-24 00:15:00+00:00,0.86768,0.86775,0.86763,0.86768
2026-04-24 00:30:00+00:00,0.86767,0.86773,0.86759,0.86765
2026-04-24 00:45:00+00:00,0.86765,0.86771,0.86757,0.86762
2026-04-24 01:00:00+00:00,0.86762,0.86768,0.86754,0.86761
2026-04-24 01:15:00+00:00,0.8676,0.8677,0.86756,0.86758
2026-04-24 01:30:00+00:00,0.86757,0.86783,0.86749,0.86768
2026-04-24 01:45:00+00:00,0.86768,0.86776,0.86759,0.86761
2026-04-24 02:00:00+00:00,0.86762,0.86768,0.86751,0.86758
2026-04-24 02:15:00+00:00,0.86757,0.86767,0.86752,0.86766
2026-04-24 02:30:00+00:00,0.86764,0.86771,0.86761,0.86763
2026-04-24 02:45:00+00:00,0.86762,0.86769,0.86757,0.86765
2026-04-24 03:00:00+00:00,0.86766,0.86773,0.86759,0.86773
2026-04-24 03:15:00+00:00,0.86772,0.86781,0.86762,0.8677
2026-04-24 03:30:00+00:00,0.86768,0.86774,0.86761,0.86768
2026-04-24 03:45:00+00:00,0.86767,0.86768,0.86758,0.8676
2026-04-24 04:00:00+00:00,0.86761,0.86771,0.86756,0.86761
2026-04-24 04:15:00+00:00,0.86761,0.86768,0.86755,0.86768
2026-04-24 04:30:00+00:00,0.86766,0.86777,0.8676,0.86762
2026-04-24 04:45:00+00:00,0.86761,0.86767,0.8675,0.86751
2026-04-24 05:00:00+00:00,0.86751,0.86758,0.86743,0.86752
2026-04-24 05:15:00+00:00,0.86752,0.86758,0.86749,0.86757
2026-04-24 05:30:00+00:00,0.86755,0.8676,0.8675,0.86753
2026-04-24 05:45:00+00:00,0.86752,0.86759,0.86744,0.86752
2026-04-24 06:00:00+00:00,0.86751,0.86755,0.86733,0.86748
2026-04-24 06:15:00+00:00,0.86748,0.86774,0.86741,0.8677
2026-04-24 06:30:00+00:00,0.86768,0.86773,0.86735,0.86743
2026-04-24 06:45:00+00:00,0.86742,0.86756,0.86728,0.86741
2026-04-24 07:00:00+00:00,0.86741,0.86752,0.8673,0.86746
2026-04-24 07:15:00+00:00,0.86745,0.86752,0.86736,0.86743
2026-04-24 07:30:00+00:00,0.86743,0.86755,0.86722,0.86729
2026-04-24 07:45:00+00:00,0.86727,0.86762,0.86722,0.86748
2026-04-24 08:00:00+00:00,0.86747,0.86756,0.86723,0.86748
2026-04-24 08:15:00+00:00,0.86749,0.86772,0.86729,0.86736
2026-04-24 08:30:00+00:00,0.86735,0.86748,0.86725,0.86747
2026-04-24 08:45:00+00:00,0.86744,0.86758,0.86739,0.86745
2026-04-24 09:00:00+00:00,0.86745,0.86754,0.86712,0.8672
2026-04-24 09:15:00+00:00,0.8672,0.86729,0.86685,0.86694
2026-04-24 09:30:00+00:00,0.86694,0.86713,0.86689,0.86692
2026-04-24 09:45:00+00:00,0.86691,0.86697,0.86675,0.86679
2026-04-24 10:00:00+00:00,0.86678,0.86705,0.86677,0.86695
2026-04-24 10:15:00+00:00,0.86695,0.86704,0.86679,0.86696
2026-04-24 10:30:00+00:00,0.86696,0.86734,0.86684,0.86727
2026-04-24 10:45:00+00:00,0.86724,0.86768,0.86717,0.8675
2026-04-24 11:00:00+00:00,0.86749,0.86781,0.86735,0.86752
2026-04-24 11:15:00+00:00,0.86753,0.86823,0.86751,0.86779
2026-04-24 11:30:00+00:00,0.8678,0.86814,0.86765,0.86808
2026-04-24 11:45:00+00:00,0.86806,0.86826,0.86796,0.86818
2026-04-24 12:00:00+00:00,0.86817,0.8682,0.86786,0.86801
2026-04-24 12:15:00+00:00,0.86802,0.86813,0.86782,0.86787
2026-04-24 12:30:00+00:00,0.86788,0.86805,0.86765,0.86774
2026-04-24 12:45:00+00:00,0.86772,0.8681,0.86712,0.86725
2026-04-24 13:00:00+00:00,0.86723,0.86769,0.86718,0.86745
2026-04-24 13:15:00+00:00,0.86745,0.8675,0.8672,0.8672
2026-04-24 13:30:00+00:00,0.86721,0.86769,0.86711,0.86768
2026-04-24 13:45:00+00:00,0.86767,0.86776,0.86727,0.86739
2026-04-24 14:00:00+00:00,0.86737,0.86757,0.86707,0.86729
2026-04-24 14:15:00+00:00,0.86728,0.86735,0.86675,0.86701
2026-04-24 14:30:00+00:00,0.86702,0.86738,0.86691,0.86736
2026-04-24 14:45:00+00:00,0.86736,0.86744,0.86699,0.86712
2026-04-24 15:00:00+00:00,0.8671,0.86715,0.86689,0.86699
2026-04-24 15:15:00+00:00,0.86698,0.86724,0.86687,0.86713
2026-04-24 15:30:00+00:00,0.86713,0.86739,0.867,0.86714
2026-04-24 15:45:00+00:00,0.86715,0.86748,0.8666,0.86701
2026-04-24 16:00:00+00:00,0.86699,0.86722,0.86689,0.86713
2026-04-24 16:15:00+00:00,0.86712,0.86718,0.86692,0.86692
2026-04-24 16:30:00+00:00,0.86693,0.86702,0.86672,0.86673
2026-04-24 16:45:00+00:00,0.86673,0.86687,0.86658,0.86675
2026-04-24 17:00:00+00:00,0.86672,0.86705,0.86664,0.86679
2026-04-24 17:15:00+00:00,0.86678,0.86684,0.86651,0.86653
2026-04-24 17:30:00+00:00,0.86653,0.86657,0.8663,0.86644
2026-04-24 17:45:00+00:00,0.86644,0.86648,0.86627,0.86645
2026-04-24 18:00:00+00:00,0.86644,0.86653,0.86625,0.8663
2026-04-24 18:15:00+00:00,0.86628,0.86632,0.86606,0.86615
2026-04-24 18:30:00+00:00,0.86615,0.86628,0.86607,0.8662
2026-04-24 18:45:00+00:00,0.8662,0.86631,0.86617,0.86621
2026-04-24 19:00:00+00:00,0.8662,0.86633,0.86608,0.86617
2026-04-24 19:15:00+00:00,0.86615,0.86626,0.86612,0.86616
2026-04-24 19:30:00+00:00,0.86616,0.8662,0.86599,0.86601
2026-04-24 19:45:00+00:00,0.86601,0.86603,0.86587,0.86594
2026-04-24 20:00:00+00:00,0.86593,0.86606,0.86585,0.86605
2026-04-24 20:15:00+00:00,0.86603,0.86618,0.86598,0.866
2026-04-24 20:30:00+00:00,0.86599,0.86612,0.86576,0.86585
2026-04-24 20:45:00+00:00,0.86587,0.86628,0.86584,0.86609
2026-04-24 21:00:00+00:00,0.86604,0.86651,0.86602,0.86619
2026-04-24 21:15:00+00:00,0.86614,0.86633,0.86609,0.86617
2026-04-24 21:30:00+00:00,0.86616,0.86654,0.86611,0.86617
2026-04-24 21:45:00+00:00,0.86616,0.86645,0.86604,0.86624
2026-04-24 22:00:00+00:00,0.86624,0.86694,0.86596,0.8662
2026-04-24 22:15:00+00:00,0.86617,0.86633,0.86617,0.86621
2026-04-24 22:30:00+00:00,0.8662,0.86631,0.86618,0.86623
2026-04-24 22:45:00+00:00,0.86624,0.86634,0.86612,0.86627
2026-04-24 23:00:00+00:00,0.86627,0.86735,0.8659,0.86623
2026-04-24 23:15:00+00:00,0.8662,0.86633,0.86616,0.86628
2026-04-24 23:30:00+00:00,0.86627,0.8663,0.86611,0.86623
2026-04-24 23:45:00+00:00,0.86624,0.86633,0.86619,0.86628
2026-04-25 00:00:00+00:00,0.86628,0.86628,0.86585,0.86588
2026-04-25 00:15:00+00:00,0.86585,0.86595,0.86585,0.86591
2026-04-25 00:30:00+00:00,0.86589,0.86595,0.86585,0.86587
2026-04-25 00:45:00+00:00,0.86588,0.86602,0.86585,0.86587
2026-04-25 01:00:00+00:00,0.86588,0.86596,0.86585,0.86588
2026-04-25 01:15:00+00:00,0.86585,0.866,0.86585,0.86589
2026-04-25 01:30:00+00:00,0.86586,0.86606,0.86582,0.86591
2026-04-25 01:45:00+00:00,0.86592,0.86605,0.86585,0.86586
2026-04-25 02:00:00+00:00,0.86587,0.86597,0.86585,0.86588
2026-04-25 02:15:00+00:00,0.86586,0.86596,0.86583,0.86588
2026-04-25 02:30:00+00:00,0.86586,0.86598,0.86584,0.86585
2026-04-25 02:45:00+00:00,0.86585,0.86597,0.86584,0.86591
2026-04-25 03:00:00+00:00,0.86592,0.86595,0.86585,0.86585
2026-04-25 03:15:00+00:00,0.86585,0.86607,0.8658,0.8659
2026-04-25 03:30:00+00:00,0.86588,0.86591,0.86584,0.86586
2026-04-25 03:45:00+00:00,0.86585,0.86594,0.86584,0.86585
2026-04-25 04:00:00+00:00,0.86586,0.86601,0.86583,0.8659
2026-04-25 04:15:00+00:00,0.8659,0.86593,0.86585,0.86588
2026-04-25 04:30:00+00:00,0.86586,0.86595,0.86584,0.86587
2026-04-25 04:45:00+00:00,0.86585,0.8659,0.86584,0.86585
2026-04-25 05:00:00+00:00,0.86585,0.86603,0.86581,0.86586
2026-04-25 05:15:00+00:00,0.86586,0.86593,0.86584,0.8659
2026-04-25 05:30:00+00:00,0.86588,0.86593,0.86584,0.86587
2026-04-25 05:45:00+00:00,0.86586,0.86594,0.86584,0.86586
2026-04-25 06:00:00+00:00,0.86586,0.8659,0.86584,0.8659
2026-04-25 06:15:00+00:00,0.86591,0.866,0.86586,0.86588
2026-04-25 06:30:00+00:00,0.86587,0.8662,0.86584,0.86592
2026-04-25 06:45:00+00:00,0.86591,0.86594,0.86585,0.86587
2026-04-25 07:00:00+00:00,0.86589,0.86605,0.86584,0.86585
2026-04-25 07:15:00+00:00,0.86586,0.86589,0.86584,0.86587
2026-04-25 07:30:00+00:00,0.86586,0.86593,0.86584,0.86587
2026-04-25 07:45:00+00:00,0.86585,0.86594,0.86583,0.8659
2026-04-25 08:00:00+00:00,0.86589,0.8659,0.86583,0.86583
2026-04-25 08:15:00+00:00,0.86584,0.86623,0.86581,0.86589
2026-04-25 08:30:00+00:00,0.86589,0.86591,0.86583,0.86586
2026-04-25 08:45:00+00:00,0.86584,0.86593,0.86583,0.86585
2026-04-25 09:00:00+00:00,0.86585,0.86601,0.86584,0.86588
2026-04-25 09:15:00+00:00,0.86588,0.86592,0.86583,0.86584
2026-04-25 09:30:00+00:00,0.86584,0.86597,0.86583,0.86587
2026-04-25 09:45:00+00:00,0.86585,0.86589,0.86583,0.86585
2026-04-25 10:00:00+00:00,0.86584,0.86619,0.86581,0.86585
2026-04-25 10:15:00+00:00,0.86586,0.86593,0.86583,0.86591
2026-04-25 10:30:00+00:00,0.8659,0.86605,0.86585,0.86587
2026-04-25 10:45:00+00:00,0.86585,0.86594,0.86583,0.86587
2026-04-25 11:00:00+00:00,0.86585,0.86588,0.86583,0.86583
2026-04-25 11:15:00+00:00,0.86584,0.86594,0.86583,0.86584
2026-04-25 11:30:00+00:00,0.86585,0.86605,0.86583,0.86605
2026-04-25 11:45:00+00:00,0.86603,0.86607,0.86602,0.86605
2026-04-25 12:00:00+00:00,0.86603,0.86613,0.86601,0.86608
2026-04-25 12:15:00+00:00,0.86608,0.86612,0.86607,0.86608
2026-04-25 12:30:00+00:00,0.86608,0.86616,0.86607,0.86613
2026-04-25 12:45:00+00:00,0.86612,0.86617,0.86611,0.86617
2026-04-25 13:00:00+00:00,0.86615,0.86619,0.86614,0.86615
2026-04-25 13:15:00+00:00,0.86616,0.86634,0.86615,0.86623
2026-04-25 13:30:00+00:00,0.86623,0.86627,0.86622,0.86624
2026-04-25 13:45:00+00:00,0.86623,0.86628,0.86596,0.86612
2026-04-25 14:00:00+00:00,0.86611,0.86614,0.86585,0.86593
2026-04-25 14:15:00+00:00,0.86592,0.86597,0.86586,0.86586
2026-04-25 14:30:00+00:00,0.86587,0.86595,0.86585,0.86589
2026-04-25 14:45:00+00:00,0.86588,0.86592,0.86586,0.86589
2026-04-25 15:00:00+00:00,0.86587,0.86603,0.86586,0.86591
2026-04-25 15:15:00+00:00,0.8659,0.86605,0.86586,0.86595
2026-04-25 15:30:00+00:00,0.86596,0.86599,0.86587,0.86588
2026-04-25 15:45:00+00:00,0.86587,0.86597,0.86586,0.86594
2026-04-25 16:00:00+00:00,0.86591,0.866,0.86591,0.86593
2026-04-25 16:15:00+00:00,0.86592,0.86604,0.86591,0.86599
2026-04-25 16:30:00+00:00,0.866,0.86611,0.8659,0.86611
2026-04-25 16:45:00+00:00,0.86611,0.86615,0.86591,0.86604
2026-04-25 17:00:00+00:00,0.86602,0.86608,0.86596,0.86605
2026-04-25 17:15:00+00:00,0.86604,0.86608,0.86603,0.86604
2026-04-25 17:30:00+00:00,0.86604,0.86613,0.86603,0.86609
2026-04-25 17:45:00+00:00,0.86609,0.86618,0.86608,0.86615
2026-04-25 18:00:00+00:00,0.86614,0.86617,0.86601,0.86606
2026-04-25 18:15:00+00:00,0.86604,0.86612,0.866,0.8661
2026-04-25 18:30:00+00:00,0.8661,0.86613,0.86608,0.86609
2026-04-25 18:45:00+00:00,0.8661,0.86624,0.86609,0.86622
2026-04-25 19:00:00+00:00,0.86614,0.86663,0.86614,0.86655
2026-04-25 19:15:00+00:00,0.86654,0.86663,0.8663,0.8663
2026-04-25 19:30:00+00:00,0.8663,0.86633,0.86598,0.86617
2026-04-25 19:45:00+00:00,0.86618,0.86621,0.86616,0.86618
2026-04-25 20:00:00+00:00,0.86618,0.86675,0.86617,0.86647
2026-04-25 20:15:00+00:00,0.86645,0.86649,0.86641,0.86643
2026-04-25 20:30:00+00:00,0.86642,0.86648,0.86639,0.86641
2026-04-25 20:45:00+00:00,0.86642,0.86648,0.86639,0.86642
2026-04-25 21:00:00+00:00,0.86641,0.86705,0.86641,0.86679
2026-04-25 21:15:00+00:00,0.86677,0.86681,0.86666,0.86669
2026-04-25 21:30:00+00:00,0.86668,0.86674,0.86608,0.86633
2026-04-25 21:45:00+00:00,0.86634,0.86638,0.86624,0.86624
2026-04-25 22:00:00+00:00,0.86624,0.86682,0.86598,0.86613
2026-04-25 22:15:00+00:00,0.86611,0.86615,0.8661,0.86612
2026-04-25 22:30:00+00:00,0.86611,0.86619,0.86609,0.86615
2026-04-25 22:45:00+00:00,0.86615,0.86619,0.86614,0.86615
2026-04-25 23:00:00+00:00,0.86615,0.86687,0.86613,0.86656
2026-04-25 23:15:00+00:00,0.86654,0.86658,0.86635,0.86644
2026-04-25 23:30:00+00:00,0.86642,0.86644,0.86613,0.86616
2026-04-25 23:45:00+00:00,0.86617,0.86623,0.86615,0.86619
2026-04-26 00:00:00+00:00,0.86619,0.86623,0.86618,0.86621
2026-04-26 00:15:00+00:00,0.86619,0.86626,0.86617,0.86624
2026-04-26 00:30:00+00:00,0.86622,0.86625,0.86616,0.8662
2026-04-26 00:45:00+00:00,0.8662,0.86624,0.86619,0.86619
2026-04-26 01:00:00+00:00,0.8662,0.86634,0.86617,0.86632
2026-04-26 01:15:00+00:00,0.86631,0.86634,0.86629,0.86632
2026-04-26 01:30:00+00:00,0.8663,0.86634,0.86629,0.86631
2026-04-26 01:45:00+00:00,0.86631,0.86634,0.86629,0.8663
2026-04-26 02:00:00+00:00,0.86631,0.86634,0.86629,0.86631
2026-04-26 02:15:00+00:00,0.86631,0.86634,0.86629,0.86633
2026-04-26 02:30:00+00:00,0.86631,0.86634,0.86599,0.86613
2026-04-26 02:45:00+00:00,0.86613,0.86627,0.86612,0.86621
2026-04-26 03:00:00+00:00,0.86622,0.86627,0.86621,0.86624
2026-04-26 03:15:00+00:00,0.86624,0.86627,0.86623,0.86626
2026-04-26 03:30:00+00:00,0.86624,0.86629,0.86623,0.86626
2026-04-26 03:45:00+00:00,0.86625,0.86634,0.86624,0.86629
2026-04-26 04:00:00+00:00,0.8663,0.86634,0.86628,0.8663
2026-04-26 04:15:00+00:00,0.8663,0.86634,0.86612,0.86624
2026-04-26 04:30:00+00:00,0.86622,0.86626,0.86621,0.86623
2026-04-26 04:45:00+00:00,0.86622,0.86627,0.86621,0.86623
2026-04-26 05:00:00+00:00,0.86624,0.86628,0.86623,0.86624
2026-04-26 05:15:00+00:00,0.86624,0.86629,0.86623,0.86627
2026-04-26 05:30:00+00:00,0.86625,0.8663,0.86624,0.86628
2026-04-26 05:45:00+00:00,0.86626,0.86635,0.86626,0.86631
2026-04-26 06:00:00+00:00,0.86631,0.86635,0.86592,0.86614
2026-04-26 06:15:00+00:00,0.86614,0.86618,0.86613,0.86616
2026-04-26 06:30:00+00:00,0.86614,0.86621,0.86614,0.8662
2026-04-26 06:45:00+00:00,0.86618,0.86623,0.86617,0.86621
2026-04-26 07:00:00+00:00,0.8662,0.86624,0.86619,0.8662
2026-04-26 07:15:00+00:00,0.8662,0.86626,0.8662,0.86623
2026-04-26 07:30:00+00:00,0.86622,0.86626,0.86618,0.86622
2026-04-26 07:45:00+00:00,0.8662,0.86629,0.8662,0.86626
2026-04-26 08:00:00+00:00,0.86626,0.8663,0.86624,0.86626
2026-04-26 08:15:00+00:00,0.86627,0.8663,0.86626,0.86627
2026-04-26 08:30:00+00:00,0.86627,0.86631,0.86626,0.86629
2026-04-26 08:45:00+00:00,0.86628,0.86631,0.86626,0.86628
2026-04-26 09:00:00+00:00,0.86628,0.86632,0.86627,0.86628
2026-04-26 09:15:00+00:00,0.86628,0.86632,0.86613,0.86613
2026-04-26 09:30:00+00:00,0.86613,0.8663,0.86592,0.86599
2026-04-26 09:45:00+00:00,0.86597,0.86608,0.86596,0.86605
2026-04-26 10:00:00+00:00,0.86604,0.86608,0.86603,0.86603
2026-04-26 10:15:00+00:00,0.86604,0.86608,0.86603,0.86604
2026-04-26 10:30:00+00:00,0.86604,0.86608,0.86603,0.86606
2026-04-26 10:45:00+00:00,0.86604,0.86608,0.86603,0.86605
2026-04-26 11:00:00+00:00,0.86604,0.86608,0.86603,0.86604
2026-04-26 11:15:00+00:00,0.86604,0.86608,0.86603,0.86604
2026-04-26 11:30:00+00:00,0.86604,0.86647,0.86599,0.86643
2026-04-26 11:45:00+00:00,0.86642,0.86646,0.86641,0.86644
2026-04-26 12:00:00+00:00,0.86642,0.86645,0.86635,0.86637
2026-04-26 12:15:00+00:00,0.86638,0.86641,0.86636,0.86637
2026-04-26 12:30:00+00:00,0.86638,0.86641,0.86636,0.86639
2026-04-26 12:45:00+00:00,0.86638,0.86641,0.86636,0.86639
2026-04-26 13:00:00+00:00,0.86638,0.86641,0.86636,0.86638
2026-04-26 13:15:00+00:00,0.86638,0.86657,0.86591,0.8664
2026-04-26 13:30:00+00:00,0.86641,0.86644,0.86639,0.86641
2026-04-26 13:45:00+00:00,0.86641,0.86644,0.86639,0.86643
2026-04-26 14:00:00+00:00,0.86641,0.86836,0.86588,0.86787
2026-04-26 14:15:00+00:00,0.86787,0.8679,0.86786,0.86786
2026-04-26 14:30:00+00:00,0.86787,0.8679,0.86786,0.86787
2026-04-26 14:45:00+00:00,0.86787,0.86887,0.86783,0.86886
2026-04-26 15:00:00+00:00,0.86884,0.86894,0.86853,0.86867
2026-04-26 15:15:00+00:00,0.86866,0.86871,0.86835,0.86849
2026-04-26 15:30:00+00:00,0.8685,0.86853,0.86848,0.8685
2026-04-26 15:45:00+00:00,0.8685,0.86853,0.86834,0.86838
2026-04-26 16:00:00+00:00,0.86836,0.86844,0.86674,0.86745
2026-04-26 16:15:00+00:00,0.86743,0.86759,0.86735,0.86751
2026-04-26 16:30:00+00:00,0.86752,0.86755,0.86702,0.8672
2026-04-26 16:45:00+00:00,0.8672,0.86724,0.86719,0.86722
2026-04-26 17:00:00+00:00,0.86718,0.86748,0.86571,0.86633
2026-04-26 17:15:00+00:00,0.86631,0.86634,0.86603,0.86603
2026-04-26 17:30:00+00:00,0.86603,0.86676,0.86594,0.86639
2026-04-26 17:45:00+00:00,0.86639,0.86663,0.8661,0.86655
2026-04-26 18:00:00+00:00,0.86653,0.86666,0.86589,0.86594
2026-04-26 18:15:00+00:00,0.86592,0.8667,0.86587,0.86643
2026-04-26 18:30:00+00:00,0.86641,0.86679,0.86608,0.86613
2026-04-26 18:45:00+00:00,0.86613,0.86671,0.86588,0.86651
2026-04-26 19:00:00+00:00,0.86649,0.86664,0.86545,0.86584
2026-04-26 19:15:00+00:00,0.86585,0.86748,0.86509,0.86702
2026-04-26 19:30:00+00:00,0.867,0.86721,0.86534,0.86617
2026-04-26 19:45:00+00:00,0.8662,0.86679,0.86573,0.86612
2026-04-26 20:00:00+00:00,0.86611,0.8668,0.86569,0.86609
2026-04-26 20:15:00+00:00,0.86606,0.86636,0.86488,0.86547
2026-04-26 20:30:00+00:00,0.8655,0.86604,0.86449,0.8649
2026-04-26 20:45:00+00:00,0.86499,0.86577,0.86476,0.86571
2026-04-26 21:00:00+00:00,0.86572,0.86648,0.8651,0.86585
2026-04-26 21:15:00+00:00,0.86575,0.86656,0.86575,0.86641
2026-04-26 21:30:00+00:00,0.86639,0.86658,0.86625,0.8664
2026-04-26 21:45:00+00:00,0.86639,0.86658,0.8661,0.86646
2026-04-26 22:00:00+00:00,0.86646,0.8666,0.86597,0.86628
2026-04-26 22:15:00+00:00,0.86626,0.86633,0.86621,0.86628
2026-04-26 22:30:00+00:00,0.86627,0.86639,0.86624,0.86628
2026-04-26 22:45:00+00:00,0.86628,0.86632,0.86622,0.86626
2026-04-26 23:00:00+00:00,0.86626,0.86633,0.86624,0.86628
2026-04-26 23:15:00+00:00,0.86627,0.86631,0.86611,0.86622
2026-04-26 23:30:00+00:00,0.86621,0.86628,0.86617,0.86624
2026-04-26 23:45:00+00:00,0.86625,0.86633,0.86614,0.86619
2026-04-27 00:00:00+00:00,0.8662,0.8665,0.86617,0.86647
2026-04-27 00:15:00+00:00,0.86646,0.86655,0.86638,0.86649
2026-04-27 00:30:00+00:00,0.86647,0.8666,0.86642,0.86653
2026-04-27 00:45:00+00:00,0.86653,0.86659,0.86643,0.86648
2026-04-27 01:00:00+00:00,0.86649,0.86681,0.86614,0.86637
2026-04-27 01:15:00+00:00,0.86636,0.86649,0.86626,0.86638
2026-04-27 01:30:00+00:00,0.86636,0.86642,0.8663,0.8664
2026-04-27 01:45:00+00:00,0.8664,0.86646,0.86623,0.86627
2026-04-27 02:00:00+00:00,0.86628,0.86638,0.86609,0.86627
2026-04-27 02:15:00+00:00,0.86626,0.86635,0.86616,0.86635
2026-04-27 02:30:00+00:00,0.86633,0.86638,0.86621,0.8663
2026-04-27 02:45:00+00:00,0.86629,0.8663,0.86613,0.86616
2026-04-27 03:00:00+00:00,0.86617,0.86622,0.86596,0.86596
2026-04-27 03:15:00+00:00,0.86596,0.86602,0.86592,0.86597
2026-04-27 03:30:00+00:00,0.86595,0.86606,0.86592,0.86602
2026-04-27 03:45:00+00:00,0.86601,0.86604,0.86588,0.86599
2026-04-27 04:00:00+00:00,0.86599,0.86614,0.86597,0.86605
2026-04-27 04:15:00+00:00,0.86605,0.8661,0.86596,0.86606
2026-04-27 04:30:00+00:00,0.86604,0.86609,0.86599,0.86603
2026-04-27 04:45:00+00:00,0.86602,0.86613,0.86594,0.86603
2026-04-27 05:00:00+00:00,0.86603,0.8662,0.86599,0.86612
2026-04-27 05:15:00+00:00,0.86613,0.86625,0.8661,0.86619
2026-04-27 05:30:00+00:00,0.86618,0.86632,0.86616,0.86629
2026-04-27 05:45:00+00:00,0.86627,0.8663,0.86614,0.86617
2026-04-27 06:00:00+00:00,0.86618,0.86651,0.86612,0.86629
2026-04-27 06:15:00+00:00,0.8663,0.86648,0.86626,0.86631
2026-04-27 06:30:00+00:00,0.86629,0.86645,0.86617,0.86621
2026-04-27 06:45:00+00:00,0.8662,0.86653,0.86598,0.86653
2026-04-27 07:00:00+00:00,0.86653,0.86667,0.86638,0.86645
2026-04-27 07:15:00+00:00,0.86646,0.86668,0.86638,0.86666
2026-04-27 07:30:00+00:00,0.86665,0.86672,0.86645,0.86669
2026-04-27 07:45:00+00:00,0.86667,0.86703,0.8665,0.86703
2026-04-27 08:00:00+00:00,0.86702,0.86713,0.86685,0.86693
2026-04-27 08:15:00+00:00,0.86694,0.86701,0.86671,0.86679
2026-04-27 08:30:00+00:00,0.86679,0.86689,0.86666,0.86676
2026-04-27 08:45:00+00:00,0.86674,0.86686,0.86668,0.86681
2026-04-27 09:00:00+00:00,0.8668,0.86689,0.86673,0.86675
2026-04-27 09:15:00+00:00,0.86676,0.8668,0.86649,0.86654
2026-04-27 09:30:00+00:00,0.86654,0.86664,0.8665,0.86664
2026-04-27 09:45:00+00:00,0.86662,0.86677,0.86649,0.86655
2026-04-27 10:00:00+00:00,0.86654,0.86658,0.86629,0.86635
2026-04-27 10:15:00+00:00,0.86635,0.86646,0.86616,0.86619
2026-04-27 10:30:00+00:00,0.86619,0.86633,0.86608,0.86628
2026-04-27 10:45:00+00:00,0.86628,0.86632,0.86607,0.86625
2026-04-27 11:00:00+00:00,0.86624,0.86635,0.86605,0.86607
2026-04-27 11:15:00+00:00,0.86608,0.8662,0.86604,0.86609
2026-04-27 11:30:00+00:00,0.8661,0.86619,0.86593,0.86609
2026-04-27 11:45:00+00:00,0.86607,0.86615,0.86589,0.86599
2026-04-27 12:00:00+00:00,0.86597,0.86604,0.86573,0.86595
2026-04-27 12:15:00+00:00,0.86594,0.866,0.86573,0.86592
2026-04-27 12:30:00+00:00,0.86593,0.86612,0.86589,0.86605
2026-04-27 12:45:00+00:00,0.86605,0.86682,0.86599,0.86659
2026-04-27 13:00:00+00:00,0.86651,0.86739,0.86619,0.86696
2026-04-27 13:15:00+00:00,0.86695,0.86702,0.8667,0.86676
2026-04-27 13:30:00+00:00,0.86676,0.86689,0.86668,0.86672
2026-04-27 13:45:00+00:00,0.8667,0.86692,0.8666,0.86673
2026-04-27 14:00:00+00:00,0.86672,0.86675,0.86629,0.86635
2026-04-27 14:15:00+00:00,0.86634,0.86636,0.8659,0.86597
2026-04-27 14:30:00+00:00,0.86598,0.86611,0.86579,0.86611
2026-04-27 14:45:00+00:00,0.8661,0.86625,0.86574,0.86584
2026-04-27 15:00:00+00:00,0.86582,0.866,0.86569,0.86578
2026-04-27 15:15:00+00:00,0.86577,0.86609,0.86574,0.86595
2026-04-27 15:30:00+00:00,0.86596,0.86607,0.86585,0.86593
2026-04-27 15:45:00+00:00,0.86593,0.86599,0.86556,0.86571
2026-04-27 16:00:00+00:00,0.8657,0.86574,0.86552,0.86568
2026-04-27 16:15:00+00:00,0.86566,0.86578,0.86551,0.86556
2026-04-27 16:30:00+00:00,0.86556,0.86574,0.86552,0.86574
2026-04-27 16:45:00+00:00,0.86574,0.86598,0.86567,0.86586
2026-04-27 17:00:00+00:00,0.86585,0.86624,0.86578,0.86618
2026-04-27 17:15:00+00:00,0.86616,0.86625,0.86601,0.86602
2026-04-27 17:30:00+00:00,0.86602,0.86614,0.86587,0.86597
2026-04-27 17:45:00+00:00,0.86598,0.86602,0.86586,0.86591
2026-04-27 18:00:00+00:00,0.8659,0.86598,0.86578,0.86595
2026-04-27 18:15:00+00:00,0.86593,0.86619,0.86591,0.86608
2026-04-27 18:30:00+00:00,0.86608,0.86616,0.86602,0.86609
2026-04-27 18:45:00+00:00,0.8661,0.86618,0.86599,0.86605
2026-04-27 19:00:00+00:00,0.86604,0.86619,0.866,0.86608
2026-04-27 19:15:00+00:00,0.86606,0.86621,0.86605,0.86614
2026-04-27 19:30:00+00:00,0.86614,0.86622,0.8661,0.86617
2026-04-27 19:45:00+00:00,0.86617,0.86622,0.86605,0.86617
2026-04-27 20:00:00+00:00,0.86616,0.86627,0.86613,0.86617
2026-04-27 20:15:00+00:00,0.86615,0.8662,0.86611,0.86618
2026-04-27 20:30:00+00:00,0.86617,0.86629,0.86615,0.86623
2026-04-27 20:45:00+00:00,0.86623,0.86626,0.86603,0.86607
2026-04-27 21:00:00+00:00,0.86607,0.8661,0.8657,0.86603
2026-04-27 21:15:00+00:00,0.86601,0.86611,0.86581,0.86587
2026-04-27 21:30:00+00:00,0.86586,0.86596,0.86582,0.86585
2026-04-27 21:45:00+00:00,0.86586,0.86594,0.86578,0.8658
2026-04-27 22:00:00+00:00,0.8658,0.86609,0.86579,0.86604
2026-04-27 22:15:00+00:00,0.86602,0.86608,0.86597,0.86603
2026-04-27 22:30:00+00:00,0.86601,0.86606,0.86595,0.86602
2026-04-27 22:45:00+00:00,0.86603,0.86609,0.866,0.86602
2026-04-27 23:00:00+00:00,0.86602,0.86609,0.86599,0.86603
2026-04-27 23:15:00+00:00,0.86602,0.86606,0.86595,0.86604
2026-04-27 23:30:00+00:00,0.86602,0.86605,0.86596,0.86596
2026-04-27 23:45:00+00:00,0.86597,0.86604,0.86593,0.86597
2026-04-28 00:00:00+00:00,0.86597,0.86612,0.86592,0.86602
2026-04-28 00:15:00+00:00,0.86601,0.86607,0.8658,0.86597
2026-04-28 00:30:00+00:00,0.86595,0.86605,0.86594,0.86599
2026-04-28 00:45:00+00:00,0.86598,0.86607,0.86586,0.86594
2026-04-28 01:00:00+00:00,0.86595,0.86613,0.86588,0.86607
2026-04-28 01:15:00+00:00,0.86606,0.86614,0.86602,0.86611
2026-04-28 01:30:00+00:00,0.86609,0.86613,0.86595,0.86597
2026-04-28 01:45:00+00:00,0.86597,0.86612,0.86593,0.8661
2026-04-28 02:00:00+00:00,0.86611,0.86615,0.86597,0.86609
2026-04-28 02:15:00+00:00,0.86609,0.86611,0.866,0.86607
2026-04-28 02:30:00+00:00,0.86606,0.86614,0.86602,0.86604
2026-04-28 02:45:00+00:00,0.86604,0.86607,0.86588,0.86588
2026-04-28 03:00:00+00:00,0.86589,0.86598,0.86569,0.86577
2026-04-28 03:15:00+00:00,0.86577,0.86583,0.86566,0.86571
2026-04-28 03:30:00+00:00,0.86569,0.86575,0.86559,0.86566
2026-04-28 03:45:00+00:00,0.86565,0.86576,0.86559,0.86561
2026-04-28 04:00:00+00:00,0.86562,0.8658,0.86556,0.86576
2026-04-28 04:15:00+00:00,0.86577,0.86579,0.86566,0.86566
2026-04-28 04:30:00+00:00,0.86564,0.86577,0.86564,0.86571
2026-04-28 04:45:00+00:00,0.8657,0.86573,0.86556,0.86563
2026-04-28 05:00:00+00:00,0.86564,0.86577,0.86561,0.86574
2026-04-28 05:15:00+00:00,0.86575,0.86581,0.86567,0.8658
2026-04-28 05:30:00+00:00,0.86579,0.86595,0.86565,0.86592
2026-04-28 05:45:00+00:00,0.8659,0.86604,0.86589,0.86598
2026-04-28 06:00:00+00:00,0.86598,0.86617,0.86583,0.86585
2026-04-28 06:15:00+00:00,0.86585,0.86598,0.86579,0.86591
2026-04-28 06:30:00+00:00,0.8659,0.86596,0.86577,0.8659
2026-04-28 06:45:00+00:00,0.86587,0.86616,0.86538,0.86541
2026-04-28 07:00:00+00:00,0.86542,0.86571,0.86537,0.86567
2026-04-28 07:15:00+00:00,0.86568,0.86598,0.86563,0.86581
2026-04-28 07:30:00+00:00,0.86581,0.86588,0.86567,0.86576
2026-04-28 07:45:00+00:00,0.86574,0.86592,0.8657,0.86583
2026-04-28 08:00:00+00:00,0.86583,0.86661,0.86577,0.86649
2026-04-28 08:15:00+00:00,0.86648,0.86658,0.8662,0.86621
2026-04-28 08:30:00+00:00,0.8662,0.86642,0.86605,0.8663
2026-04-28 08:45:00+00:00,0.86627,0.86654,0.86625,0.86649
2026-04-28 09:00:00+00:00,0.86648,0.86669,0.86641,0.86656
2026-04-28 09:15:00+00:00,0.86656,0.86673,0.86642,0.86653
2026-04-28 09:30:00+00:00,0.86653,0.86676,0.86634,0.86673
2026-04-28 09:45:00+00:00,0.86671,0.86709,0.86665,0.86678
2026-04-28 10:00:00+00:00,0.86676,0.86678,0.86649,0.86668
2026-04-28 10:15:00+00:00,0.86669,0.86688,0.86665,0.86681
2026-04-28 10:30:00+00:00,0.86681,0.86699,0.86671,0.86695
2026-04-28 10:45:00+00:00,0.86694,0.8672,0.86685,0.8672
2026-04-28 11:00:00+00:00,0.86718,0.8673,0.8669,0.86723
2026-04-28 11:15:00+00:00,0.86724,0.86752,0.86713,0.86739
2026-04-28 11:30:00+00:00,0.8674,0.86769,0.86727,0.86762
2026-04-28 11:45:00+00:00,0.86761,0.86779,0.86731,0.8675
2026-04-28 12:00:00+00:00,0.86749,0.86751,0.86698,0.86716
2026-04-28 12:15:00+00:00,0.86717,0.86765,0.86708,0.86743
2026-04-28 12:30:00+00:00,0.86744,0.8677,0.86714,0.86722
2026-04-28 12:45:00+00:00,0.86722,0.86724,0.86681,0.86688
2026-04-28 13:00:00+00:00,0.86685,0.86701,0.86669,0.86695
2026-04-28 13:15:00+00:00,0.86695,0.8671,0.86685,0.86687
2026-04-28 13:30:00+00:00,0.86687,0.86705,0.86664,0.86693
2026-04-28 13:45:00+00:00,0.86692,0.86702,0.86668,0.86679
2026-04-28 14:00:00+00:00,0.86677,0.86703,0.86658,0.86678
2026-04-28 14:15:00+00:00,0.86678,0.86689,0.86647,0.86655
2026-04-28 14:30:00+00:00,0.86655,0.86677,0.86636,0.86661
2026-04-28 14:45:00+00:00,0.86661,0.86703,0.86657,0.86691
2026-04-28 15:00:00+00:00,0.86689,0.86726,0.86674,0.86695
2026-04-28 15:15:00+00:00,0.86694,0.86713,0.86683,0.86705
2026-04-28 15:30:00+00:00,0.86705,0.86709,0.86683,0.86696
2026-04-28 15:45:00+00:00,0.86697,0.86705,0.86679,0.86697
2026-04-28 16:00:00+00:00,0.86695,0.86716,0.86692,0.86705
2026-04-28 16:15:00+00:00,0.86703,0.86711,0.86648,0.86651
2026-04-28 16:30:00+00:00,0.86651,0.86661,0.86642,0.86654
2026-04-28 16:45:00+00:00,0.86654,0.8666,0.86643,0.86652
2026-04-28 17:00:00+00:00,0.86651,0.86669,0.86648,0.86667
2026-04-28 17:15:00+00:00,0.86665,0.86671,0.86656,0.86665
2026-04-28 17:30:00+00:00,0.86664,0.8667,0.86641,0.86656
2026-04-28 17:45:00+00:00,0.86657,0.86673,0.86645,0.86654
2026-04-28 18:00:00+00:00,0.86652,0.86672,0.86648,0.86655
2026-04-28 18:15:00+00:00,0.86653,0.8666,0.86646,0.86654
2026-04-28 18:30:00+00:00,0.86654,0.86666,0.86648,0.86659
2026-04-28 18:45:00+00:00,0.86659,0.86661,0.8664,0.86647
2026-04-28 19:00:00+00:00,0.86646,0.8666,0.86634,0.8664
2026-04-28 19:15:00+00:00,0.86639,0.86646,0.86633,0.86645
2026-04-28 19:30:00+00:00,0.86644,0.86646,0.86629,0.86636
2026-04-28 19:45:00+00:00,0.86636,0.86642,0.86629,0.86633
2026-04-28 20:00:00+00:00,0.86632,0.86647,0.8663,0.86632
2026-04-28 20:15:00+00:00,0.8663,0.86638,0.86627,0.86638
2026-04-28 20:30:00+00:00,0.86637,0.86644,0.86627,0.86633
2026-04-28 20:45:00+00:00,0.86634,0.86648,0.86632,0.86648
2026-04-28 21:00:00+00:00,0.86648,0.8668,0.86636,0.8664
2026-04-28 21:15:00+00:00,0.86639,0.86673,0.86631,0.86653
2026-04-28 21:30:00+00:00,0.86652,0.86656,0.8664,0.86651
2026-04-28 21:45:00+00:00,0.86652,0.86662,0.86642,0.86654
2026-04-28 22:00:00+00:00,0.86654,0.86674,0.86642,0.86658
2026-04-28 22:15:00+00:00,0.86656,0.8666,0.86647,0.8665
2026-04-28 22:30:00+00:00,0.86649,0.86655,0.86638,0.86644
2026-04-28 22:45:00+00:00,0.86645,0.86649,0.86641,0.86645
2026-04-28 23:00:00+00:00,0.86646,0.86654,0.86643,0.86649
2026-04-28 23:15:00+00:00,0.86648,0.86651,0.86641,0.86646
2026-04-28 23:30:00+00:00,0.86644,0.86652,0.86642,0.86643
2026-04-28 23:45:00+00:00,0.86644,0.86649,0.86642,0.86643
2026-04-29 00:00:00+00:00,0.86644,0.8665,0.86635,0.8664
2026-04-29 00:15:00+00:00,0.86639,0.86646,0.86633,0.8664
2026-04-29 00:30:00+00:00,0.86638,0.86642,0.86629,0.8664
2026-04-29 00:45:00+00:00,0.8664,0.86644,0.8662,0.86623
2026-04-29 01:00:00+00:00,0.86624,0.86643,0.86615,0.86634
2026-04-29 01:15:00+00:00,0.86634,0.86639,0.8662,0.86632
2026-04-29 01:30:00+00:00,0.8663,0.86641,0.8662,0.86626
2026-04-29 01:45:00+00:00,0.86626,0.86651,0.86616,0.86644
2026-04-29 02:00:00+00:00,0.86645,0.86656,0.86634,0.86641
2026-04-29 02:15:00+00:00,0.86641,0.86652,0.86638,0.86643
2026-04-29 02:30:00+00:00,0.8664,0.8666,0.86639,0.8665
2026-04-29 02:45:00+00:00,0.86649,0.86659,0.86643,0.86647
2026-04-29 03:00:00+00:00,0.86647,0.86656,0.86639,0.86649
2026-04-29 03:15:00+00:00,0.86649,0.86651,0.86637,0.86643
2026-04-29 03:30:00+00:00,0.86641,0.86652,0.86638,0.86644
2026-04-29 03:45:00+00:00,0.86643,0.86645,0.86633,0.86636
2026-04-29 04:00:00+00:00,0.86637,0.86643,0.86626,0.8663
2026-04-29 04:15:00+00:00,0.8663,0.86639,0.86624,0.86627
2026-04-29 04:30:00+00:00,0.86625,0.86634,0.86623,0.86625
2026-04-29 04:45:00+00:00,0.86623,0.86627,0.86615,0.86625
2026-04-29 05:00:00+00:00,0.86625,0.86637,0.86621,0.86631
2026-04-29 05:15:00+00:00,0.86631,0.86638,0.86625,0.86633
2026-04-29 05:30:00+00:00,0.86631,0.86643,0.86619,0.86639
2026-04-29 05:45:00+00:00,0.86637,0.86643,0.86627,0.86641
2026-04-29 06:00:00+00:00,0.86641,0.86661,0.86636,0.86654
2026-04-29 06:15:00+00:00,0.86655,0.86672,0.8665,0.86664
2026-04-29 06:30:00+00:00,0.86663,0.86686,0.86657,0.86671
2026-04-29 06:45:00+00:00,0.86669,0.86674,0.86651,0.86662
2026-04-29 07:00:00+00:00,0.86661,0.86682,0.86643,0.86679
2026-04-29 07:15:00+00:00,0.86679,0.86699,0.86676,0.86694
2026-04-29 07:30:00+00:00,0.86694,0.8671,0.86682,0.86692
2026-04-29 07:45:00+00:00,0.8669,0.86703,0.86677,0.86679
2026-04-29 08:00:00+00:00,0.86677,0.86687,0.86628,0.86652
2026-04-29 08:15:00+00:00,0.86653,0.86666,0.86642,0.86643
2026-04-29 08:30:00+00:00,0.86643,0.86653,0.86631,0.86648
2026-04-29 08:45:00+00:00,0.86646,0.86673,0.86642,0.86673
2026-04-29 09:00:00+00:00,0.86672,0.86685,0.86663,0.86665
2026-04-29 09:15:00+00:00,0.86665,0.86671,0.86652,0.86667
2026-04-29 09:30:00+00:00,0.86667,0.86699,0.86661,0.8667
2026-04-29 09:45:00+00:00,0.86668,0.86672,0.86614,0.86623
2026-04-29 10:00:00+00:00,0.86621,0.86644,0.86617,0.86621
2026-04-29 10:15:00+00:00,0.86622,0.86643,0.86618,0.86634
2026-04-29 10:30:00+00:00,0.86634,0.86639,0.86622,0.86639
2026-04-29 10:45:00+00:00,0.86637,0.86656,0.86631,0.8665
2026-04-29 11:00:00+00:00,0.86648,0.86684,0.86648,0.86664
2026-04-29 11:15:00+00:00,0.86663,0.86672,0.86634,0.86647
2026-04-29 11:30:00+00:00,0.86648,0.86662,0.86637,0.86654
2026-04-29 11:45:00+00:00,0.86652,0.86665,0.8663,0.86646
2026-04-29 12:00:00+00:00,0.86644,0.86665,0.86633,0.86638
2026-04-29 12:15:00+00:00,0.86639,0.86648,0.86627,0.86635
2026-04-29 12:30:00+00:00,0.86636,0.86661,0.86617,0.86645
2026-04-29 12:45:00+00:00,0.86645,0.86656,0.86618,0.86656
2026-04-29 13:00:00+00:00,0.86654,0.86662,0.86621,0.86624
2026-04-29 13:15:00+00:00,0.86624,0.86654,0.86609,0.86643
2026-04-29 13:30:00+00:00,0.86643,0.86659,0.86629,0.8665
2026-04-29 13:45:00+00:00,0.86649,0.86724,0.86639,0.8672
2026-04-29 14:00:00+00:00,0.86717,0.86738,0.86706,0.86711
2026-04-29 14:15:00+00:00,0.86709,0.86723,0.86674,0.86682
2026-04-29 14:30:00+00:00,0.86684,0.86703,0.86664,0.86679
2026-04-29 14:45:00+00:00,0.86679,0.86699,0.86651,0.86669
2026-04-29 15:00:00+00:00,0.86668,0.86703,0.86656,0.86701
2026-04-29 15:15:00+00:00,0.867,0.86706,0.86682,0.86692
2026-04-29 15:30:00+00:00,0.86692,0.86702,0.86677,0.86689
2026-04-29 15:45:00+00:00,0.86689,0.86745,0.86634,0.86693
2026-04-29 16:00:00+00:00,0.86691,0.86701,0.8665,0.86666
2026-04-29 16:15:00+00:00,0.86665,0.8667,0.86627,0.86633
2026-04-29 16:30:00+00:00,0.86632,0.86649,0.86618,0.86647
2026-04-29 16:45:00+00:00,0.86647,0.86681,0.86635,0.86679
2026-04-29 17:00:00+00:00,0.86679,0.86685,0.86651,0.86663
2026-04-29 17:15:00+00:00,0.86662,0.86665,0.86639,0.86646
2026-04-29 17:30:00+00:00,0.86647,0.86665,0.86641,0.86655
2026-04-29 17:45:00+00:00,0.86655,0.86658,0.86628,0.8664
2026-04-29 18:00:00+00:00,0.86638,0.86678,0.86611,0.86676
2026-04-29 18:15:00+00:00,0.86674,0.86683,0.86648,0.86659
2026-04-29 18:30:00+00:00,0.86658,0.86681,0.86622,0.86651
2026-04-29 18:45:00+00:00,0.86651,0.86666,0.86612,0.86639
2026-04-29 19:00:00+00:00,0.86638,0.8666,0.8661,0.86628
2026-04-29 19:15:00+00:00,0.86627,0.86655,0.86609,0.86641
2026-04-29 19:30:00+00:00,0.86641,0.86655,0.86627,0.86643
2026-04-29 19:45:00+00:00,0.86644,0.86649,0.86633,0.86639
2026-04-29 20:00:00+00:00,0.86638,0.86651,0.86629,0.86637
2026-04-29 20:15:00+00:00,0.86635,0.86647,0.86618,0.86624
2026-04-29 20:30:00+00:00,0.86623,0.86635,0.86617,0.86625
2026-04-29 20:45:00+00:00,0.86625,0.8665,0.86622,0.8664
2026-04-29 21:00:00+00:00,0.8664,0.8666,0.86609,0.8665
2026-04-29 21:15:00+00:00,0.86649,0.86676,0.86627,0.86638
2026-04-29 21:30:00+00:00,0.86637,0.8664,0.86619,0.86629
2026-04-29 21:45:00+00:00,0.8663,0.86656,0.86615,0.86631
2026-04-29 22:00:00+00:00,0.86632,0.86647,0.86622,0.86622
2026-04-29 22:15:00+00:00,0.86621,0.86628,0.86617,0.86621
2026-04-29 22:30:00+00:00,0.8662,0.86629,0.86616,0.86628
2026-04-29 22:45:00+00:00,0.86628,0.86634,0.8662,0.86628
2026-04-29 23:00:00+00:00,0.86628,0.86636,0.86624,0.86631
2026-04-29 23:15:00+00:00,0.8663,0.86639,0.86626,0.86635
2026-04-29 23:30:00+00:00,0.86633,0.86647,0.86631,0.86637
2026-04-29 23:45:00+00:00,0.86637,0.86643,0.86624,0.86629
2026-04-30 00:00:00+00:00,0.86629,0.86639,0.8661,0.8662
2026-04-30 00:15:00+00:00,0.86619,0.86624,0.86606,0.86617
2026-04-30 00:30:00+00:00,0.86615,0.86631,0.86606,0.86624
2026-04-30 00:45:00+00:00,0.86623,0.86629,0.86597,0.8661
2026-04-30 01:00:00+00:00,0.86611,0.86629,0.86607,0.86629
2026-04-30 01:15:00+00:00,0.86628,0.86632,0.86612,0.8662
2026-04-30 01:30:00+00:00,0.86618,0.86629,0.86602,0.8661
2026-04-30 01:45:00+00:00,0.86609,0.86617,0.86589,0.86592
2026-04-30 02:00:00+00:00,0.86593,0.866,0.86583,0.86589
2026-04-30 02:15:00+00:00,0.86589,0.86597,0.86582,0.86589
2026-04-30 02:30:00+00:00,0.86587,0.86604,0.86573,0.86589
2026-04-30 02:45:00+00:00,0.86588,0.86599,0.86579,0.86582
2026-04-30 03:00:00+00:00,0.86583,0.86596,0.86576,0.86585
2026-04-30 03:15:00+00:00,0.86585,0.86596,0.86577,0.86592
2026-04-30 03:30:00+00:00,0.8659,0.86595,0.86572,0.86576
2026-04-30 03:45:00+00:00,0.86574,0.8658,0.86566,0.86569
2026-04-30 04:00:00+00:00,0.8657,0.86586,0.86565,0.86573
2026-04-30 04:15:00+00:00,0.86573,0.86602,0.86566,0.86596
2026-04-30 04:30:00+00:00,0.86594,0.86631,0.86586,0.8662
2026-04-30 04:45:00+00:00,0.86618,0.86627,0.86611,0.8662
2026-04-30 05:00:00+00:00,0.8662,0.86624,0.86601,0.86613
2026-04-30 05:15:00+00:00,0.86613,0.86628,0.86609,0.86618
2026-04-30 05:30:00+00:00,0.86618,0.86624,0.86597,0.86618
2026-04-30 05:45:00+00:00,0.86616,0.86625,0.86611,0.86625
2026-04-30 06:00:00+00:00,0.86625,0.86653,0.86621,0.86642
2026-04-30 06:15:00+00:00,0.86643,0.86649,0.86617,0.86621
2026-04-30 06:30:00+00:00,0.86621,0.86624,0.86582,0.86596
2026-04-30 06:45:00+00:00,0.86595,0.86613,0.8658,0.86613
2026-04-30 07:00:00+00:00,0.86613,0.86623,0.86579,0.86608
2026-04-30 07:15:00+00:00,0.86609,0.86618,0.86588,0.86603
2026-04-30 07:30:00+00:00,0.86603,0.86612,0.86582,0.86585
2026-04-30 07:45:00+00:00,0.86583,0.86603,0.86575,0.86595
2026-04-30 08:00:00+00:00,0.86594,0.86666,0.86573,0.86634
2026-04-30 08:15:00+00:00,0.86636,0.86651,0.86615,0.86616
2026-04-30 08:30:00+00:00,0.86616,0.86633,0.86592,0.86626
2026-04-30 08:45:00+00:00,0.86625,0.86628,0.86569,0.86604
2026-04-30 09:00:00+00:00,0.86603,0.86618,0.86576,0.8659
2026-04-30 09:15:00+00:00,0.86588,0.86625,0.86573,0.86602
2026-04-30 09:30:00+00:00,0.86602,0.86632,0.86579,0.86613
2026-04-30 09:45:00+00:00,0.86612,0.86623,0.86593,0.86608
2026-04-30 10:00:00+00:00,0.86607,0.86639,0.86603,0.8663
2026-04-30 10:15:00+00:00,0.8663,0.86653,0.86597,0.86627
2026-04-30 10:30:00+00:00,0.86628,0.86654,0.86599,0.86617
2026-04-30 10:45:00+00:00,0.86615,0.86636,0.86577,0.86598
2026-04-30 11:00:00+00:00,0.86596,0.8665,0.86582,0.86598
2026-04-30 11:15:00+00:00,0.86598,0.86616,0.86577,0.86582
2026-04-30 11:30:00+00:00,0.86583,0.86606,0.86569,0.86605
2026-04-30 11:45:00+00:00,0.86603,0.86637,0.86584,0.86598
2026-04-30 12:00:00+00:00,0.86596,0.86636,0.86565,0.86636
2026-04-30 12:15:00+00:00,0.86636,0.86666,0.86574,0.86603
2026-04-30 12:30:00+00:00,0.86603,0.86617,0.8657,0.86574
2026-04-30 12:45:00+00:00,0.86574,0.86587,0.86506,0.86529
2026-04-30 13:00:00+00:00,0.86526,0.86569,0.86515,0.86543
2026-04-30 13:15:00+00:00,0.86537,0.86543,0.86498,0.86505
2026-04-30 13:30:00+00:00,0.86506,0.86533,0.86492,0.86523
2026-04-30 13:45:00+00:00,0.86523,0.86547,0.86497,0.86503
2026-04-30 14:00:00+00:00,0.86502,0.86523,0.8641,0.86411
2026-04-30 14:15:00+00:00,0.86411,0.86457,0.86386,0.86392
2026-04-30 14:30:00+00:00,0.86391,0.86472,0.86376,0.86457
2026-04-30 14:45:00+00:00,0.86457,0.86488,0.86306,0.86339
2026-04-30 15:00:00+00:00,0.86337,0.8638,0.86303,0.8638
2026-04-30 15:15:00+00:00,0.86379,0.86406,0.86358,0.86361
2026-04-30 15:30:00+00:00,0.86361,0.86385,0.8632,0.86381
2026-04-30 15:45:00+00:00,0.86382,0.86397,0.86358,0.86375
2026-04-30 16:00:00+00:00,0.8637,0.86401,0.86349,0.86383
2026-04-30 16:15:00+00:00,0.86381,0.86399,0.86353,0.86357
2026-04-30 16:30:00+00:00,0.86357,0.86366,0.86343,0.86356
2026-04-30 16:45:00+00:00,0.86356,0.86376,0.8635,0.86362
2026-04-30 17:00:00+00:00,0.8636,0.86379,0.86344,0.86361
2026-04-30 17:15:00+00:00,0.86352,0.86361,0.86344,0.86358
2026-04-30 17:30:00+00:00,0.86351,0.86364,0.86349,0.86358
2026-04-30 17:45:00+00:00,0.8636,0.86362,0.86328,0.86335
2026-04-30 18:00:00+00:00,0.86343,0.86347,0.86307,0.86314
2026-04-30 18:15:00+00:00,0.86303,0.86312,0.86296,0.8631
2026-04-30 18:30:00+00:00,0.8631,0.86318,0.863,0.86301
2026-04-30 18:45:00+00:00,0.86305,0.86307,0.86285,0.86291
2026-04-30 19:00:00+00:00,0.86299,0.86312,0.86254,0.86256
2026-04-30 19:15:00+00:00,0.86258,0.86264,0.8625,0.86253
2026-04-30 19:30:00+00:00,0.86253,0.86259,0.86247,0.86256
2026-04-30 19:45:00+00:00,0.8625,0.86256,0.86248,0.86251
2026-04-30 20:00:00+00:00,0.86252,0.86271,0.86231,0.86236
2026-04-30 20:15:00+00:00,0.86228,0.86246,0.86228,0.86234
2026-04-30 20:30:00+00:00,0.86234,0.86248,0.86232,0.86242
2026-04-30 20:45:00+00:00,0.86242,0.86252,0.86239,0.86239
2026-04-30 21:00:00+00:00,0.86238,0.86291,0.86208,0.86224
2026-04-30 21:15:00+00:00,0.86228,0.86258,0.86213,0.86251
2026-04-30 21:30:00+00:00,0.8625,0.86254,0.86246,0.86248
2026-04-30 21:45:00+00:00,0.86246,0.8626,0.86238,0.86239
2026-04-30 22:00:00+00:00,0.86252,0.86255,0.86217,0.8623
2026-04-30 22:15:00+00:00,0.86232,0.86238,0.86225,0.86234
2026-04-30 22:30:00+00:00,0.8623,0.86237,0.86227,0.86236
2026-04-30 22:45:00+00:00,0.86235,0.86242,0.86234,0.86236
2026-04-30 23:00:00+00:00,0.86264,0.86267,0.8623,0.86236
2026-04-30 23:15:00+00:00,0.86231,0.86239,0.86228,0.86235
2026-04-30 23:30:00+00:00,0.86231,0.86234,0.86226,0.86227
2026-04-30 23:45:00+00:00,0.86227,0.86232,0.8622,0.86224
2026-05-01 00:00:00+00:00,0.86229,0.86229,0.86216,0.86223
2026-05-01 00:15:00+00:00,0.86212,0.86231,0.86206,0.86229
2026-05-01 00:30:00+00:00,0.86226,0.86229,0.8621,0.86228
2026-05-01 00:45:00+00:00,0.86225,0.86229,0.86206,0.86207
2026-05-01 01:00:00+00:00,0.86211,0.86223,0.86209,0.86218
2026-05-01 01:15:00+00:00,0.86219,0.86227,0.86217,0.86226
2026-05-01 01:30:00+00:00,0.86225,0.86236,0.86222,0.86231
2026-05-01 01:45:00+00:00,0.8623,0.86237,0.86217,0.86218
2026-05-01 02:00:00+00:00,0.86219,0.86226,0.86218,0.86225
2026-05-01 02:15:00+00:00,0.86227,0.86229,0.86217,0.86225
2026-05-01 02:30:00+00:00,0.86225,0.86242,0.86219,0.8624
2026-05-01 02:45:00+00:00,0.86239,0.86251,0.86236,0.86237
2026-05-01 03:00:00+00:00,0.86239,0.86241,0.86227,0.86228
2026-05-01 03:15:00+00:00,0.86229,0.86235,0.86219,0.86226
2026-05-01 03:30:00+00:00,0.86225,0.86245,0.86223,0.86243
2026-05-01 03:45:00+00:00,0.86244,0.86251,0.86242,0.86246
2026-05-01 04:00:00+00:00,0.86244,0.86248,0.86236,0.86245
2026-05-01 04:15:00+00:00,0.86246,0.86253,0.86243,0.86245
2026-05-01 04:30:00+00:00,0.86252,0.86257,0.86242,0.86248
2026-05-01 04:45:00+00:00,0.86246,0.86251,0.86243,0.86247
2026-05-01 05:00:00+00:00,0.86245,0.86255,0.86241,0.86251
2026-05-01 05:15:00+00:00,0.86251,0.86263,0.86248,0.86258
2026-05-01 05:30:00+00:00,0.86258,0.86266,0.86252,0.86262
2026-05-01 05:45:00+00:00,0.86263,0.86268,0.86252,0.86261
2026-05-01 06:00:00+00:00,0.86262,0.86268,0.86251,0.86255
2026-05-01 06:15:00+00:00,0.86255,0.86258,0.86236,0.86238
2026-05-01 06:30:00+00:00,0.86235,0.86241,0.86208,0.86213
2026-05-01 06:45:00+00:00,0.86206,0.86234,0.86203,0.86225
2026-05-01 07:00:00+00:00,0.86217,0.86234,0.86198,0.86223
2026-05-01 07:15:00+00:00,0.86223,0.86254,0.8622,0.86253
2026-05-01 07:30:00+00:00,0.86253,0.86267,0.86246,0.86253
2026-05-01 07:45:00+00:00,0.86251,0.86265,0.86245,0.86261
2026-05-01 08:00:00+00:00,0.86257,0.86272,0.86248,0.8626
2026-05-01 08:15:00+00:00,0.86261,0.86312,0.86256,0.86309
2026-05-01 08:30:00+00:00,0.86301,0.86325,0.86292,0.86317
2026-05-01 08:45:00+00:00,0.863,0.8631,0.86282,0.86307
2026-05-01 09:00:00+00:00,0.86299,0.86301,0.86277,0.86291
2026-05-01 09:15:00+00:00,0.86292,0.86316,0.8629,0.86316
2026-05-01 09:30:00+00:00,0.86315,0.86316,0.86291,0.86302
2026-05-01 09:45:00+00:00,0.86297,0.86313,0.86292,0.86308
2026-05-01 10:00:00+00:00,0.86308,0.86323,0.86307,0.86308
2026-05-01 10:15:00+00:00,0.86308,0.86311,0.86283,0.86287
2026-05-01 10:30:00+00:00,0.86287,0.86305,0.86285,0.86294
2026-05-01 10:45:00+00:00,0.86301,0.86326,0.86297,0.86325
2026-05-01 11:00:00+00:00,0.86319,0.86322,0.86298,0.86317
2026-05-01 11:15:00+00:00,0.86314,0.86324,0.86312,0.86315
2026-05-01 11:30:00+00:00,0.86315,0.8632,0.86302,0.86307
2026-05-01 11:45:00+00:00,0.86303,0.86315,0.86282,0.86286
2026-05-01 12:00:00+00:00,0.86287,0.86293,0.86258,0.86263
2026-05-01 12:15:00+00:00,0.8626,0.86271,0.86251,0.86262
2026-05-01 12:30:00+00:00,0.86263,0.86275,0.86253,0.86267
2026-05-01 12:45:00+00:00,0.86267,0.86273,0.86255,0.86271
2026-05-01 13:00:00+00:00,0.86261,0.86267,0.86248,0.86262
2026-05-01 13:15:00+00:00,0.86264,0.86269,0.86251,0.86255
2026-05-01 13:30:00+00:00,0.86265,0.86277,0.86255,0.86256
2026-05-01 13:45:00+00:00,0.8626,0.86263,0.86231,0.86235
2026-05-01 14:00:00+00:00,0.86255,0.86292,0.86233,0.86289
2026-05-01 14:15:00+00:00,0.86289,0.86304,0.86277,0.86292
2026-05-01 14:30:00+00:00,0.863,0.8634,0.86292,0.86321
2026-05-01 14:45:00+00:00,0.86319,0.86392,0.86318,0.86389
2026-05-01 15:00:00+00:00,0.8637,0.86381,0.86361,0.86365
2026-05-01 15:15:00+00:00,0.86358,0.86365,0.86349,0.8635
2026-05-01 15:30:00+00:00,0.86348,0.86356,0.86335,0.86353
2026-05-01 15:45:00+00:00,0.86352,0.86358,0.8632,0.8633
2026-05-01 16:00:00+00:00,0.8631,0.86321,0.86293,0.86302
2026-05-01 16:15:00+00:00,0.86299,0.8633,0.86296,0.8632
2026-05-01 16:30:00+00:00,0.86322,0.86333,0.86309,0.86327
2026-05-01 16:45:00+00:00,0.86326,0.8633,0.86313,0.86316
2026-05-01 17:00:00+00:00,0.86318,0.86328,0.86312,0.86325
2026-05-01 17:15:00+00:00,0.86317,0.86328,0.86314,0.86319
2026-05-01 17:30:00+00:00,0.86324,0.86341,0.86303,0.86322
2026-05-01 17:45:00+00:00,0.86322,0.86326,0.86315,0.86318
2026-05-01 18:00:00+00:00,0.86316,0.86325,0.86314,0.86324
2026-05-01 18:15:00+00:00,0.86322,0.86342,0.86321,0.86326
2026-05-01 18:30:00+00:00,0.86331,0.86337,0.86323,0.86333
2026-05-01 18:45:00+00:00,0.86336,0.86346,0.86329,0.86342
2026-05-01 19:00:00+00:00,0.86344,0.86348,0.86331,0.86333
2026-05-01 19:15:00+00:00,0.8633,0.86334,0.86321,0.86327
2026-05-01 19:30:00+00:00,0.86325,0.86335,0.86324,0.86325
2026-05-01 19:45:00+00:00,0.86325,0.86341,0.86324,0.86335
2026-05-01 20:00:00+00:00,0.86344,0.8636,0.86338,0.86358
2026-05-01 20:15:00+00:00,0.86352,0.86359,0.86342,0.8635
2026-05-01 20:30:00+00:00,0.86338,0.86353,0.86335,0.86349
2026-05-01 20:45:00+00:00,0.86349,0.86358,0.86333,0.86334
2026-05-01 21:00:00+00:00,0.86336,0.86366,0.86336,0.86355
2026-05-01 21:15:00+00:00,0.86352,0.86374,0.86337,0.86365
2026-05-01 21:30:00+00:00,0.86352,0.86362,0.86338,0.86355
2026-05-01 21:45:00+00:00,0.86355,0.8637,0.8634,0.86359
2026-05-01 22:00:00+00:00,0.86357,0.86366,0.86322,0.86351
2026-05-01 22:15:00+00:00,0.86354,0.8636,0.86351,0.86358
2026-05-01 22:30:00+00:00,0.86356,0.86365,0.86352,0.86359
2026-05-01 22:45:00+00:00,0.86356,0.86361,0.86348,0.86351
2026-05-01 23:00:00+00:00,0.86355,0.86358,0.86326,0.8635
2026-05-01 23:15:00+00:00,0.86357,0.8636,0.8635,0.86353
2026-05-01 23:30:00+00:00,0.86355,0.86363,0.86348,0.86354
2026-05-01 23:45:00+00:00,0.86358,0.86368,0.86344,0.86351
2026-05-02 00:00:00+00:00,0.86357,0.8636,0.86337,0.86339
2026-05-02 00:15:00+00:00,0.86339,0.86344,0.86334,0.86342
2026-05-02 00:30:00+00:00,0.8634,0.86343,0.86337,0.86341
2026-05-02 00:45:00+00:00,0.86338,0.86344,0.86337,0.86339
2026-05-02 01:00:00+00:00,0.86338,0.86342,0.86336,0.8634
2026-05-02 01:15:00+00:00,0.86338,0.86346,0.86337,0.8634
2026-05-02 01:30:00+00:00,0.86339,0.86346,0.86333,0.86345
2026-05-02 01:45:00+00:00,0.8634,0.86343,0.86336,0.86338
2026-05-02 02:00:00+00:00,0.86337,0.86345,0.86335,0.8634
2026-05-02 02:15:00+00:00,0.86338,0.86344,0.86335,0.86342
2026-05-02 02:30:00+00:00,0.86338,0.86345,0.86334,0.86342
2026-05-02 02:45:00+00:00,0.86339,0.86345,0.86338,0.86341
2026-05-02 03:00:00+00:00,0.86341,0.86344,0.86339,0.8634
2026-05-02 03:15:00+00:00,0.8634,0.86347,0.86333,0.86344
2026-05-02 03:30:00+00:00,0.86342,0.86346,0.86339,0.86342
2026-05-02 03:45:00+00:00,0.8634,0.86346,0.8634,0.8634
2026-05-02 04:00:00+00:00,0.8634,0.86346,0.86339,0.86342
2026-05-02 04:15:00+00:00,0.86341,0.86344,0.86336,0.86339
2026-05-02 04:30:00+00:00,0.86338,0.86342,0.86334,0.8634
2026-05-02 04:45:00+00:00,0.86339,0.86344,0.86338,0.86341
2026-05-02 05:00:00+00:00,0.86336,0.86345,0.86331,0.8634
2026-05-02 05:15:00+00:00,0.86341,0.86344,0.86338,0.86341
2026-05-02 05:30:00+00:00,0.86337,0.86342,0.86335,0.8634
2026-05-02 05:45:00+00:00,0.86339,0.86346,0.86338,0.86342
2026-05-02 06:00:00+00:00,0.86341,0.86342,0.86336,0.86337
2026-05-02 06:15:00+00:00,0.86337,0.8634,0.86335,0.86337
2026-05-02 06:30:00+00:00,0.86337,0.86341,0.86332,0.86338
2026-05-02 06:45:00+00:00,0.86337,0.86341,0.86334,0.86337
2026-05-02 07:00:00+00:00,0.86337,0.86342,0.86335,0.86337
2026-05-02 07:15:00+00:00,0.86338,0.8634,0.86336,0.86337
2026-05-02 07:30:00+00:00,0.86337,0.86345,0.86334,0.86339
2026-05-02 07:45:00+00:00,0.86339,0.86343,0.86335,0.8634
2026-05-02 08:00:00+00:00,0.8634,0.86344,0.86337,0.86339
2026-05-02 08:15:00+00:00,0.8634,0.86344,0.86335,0.86339
2026-05-02 08:30:00+00:00,0.8634,0.86344,0.86339,0.86342
2026-05-02 08:45:00+00:00,0.8634,0.86347,0.86338,0.86342
2026-05-02 09:00:00+00:00,0.8634,0.86345,0.86337,0.86342
2026-05-02 09:15:00+00:00,0.86342,0.86345,0.86339,0.8634
2026-05-02 09:30:00+00:00,0.86341,0.86345,0.86339,0.86342
2026-05-02 09:45:00+00:00,0.86341,0.86345,0.86338,0.86342
2026-05-02 10:00:00+00:00,0.86339,0.86344,0.86333,0.86339
2026-05-02 10:15:00+00:00,0.8634,0.86347,0.86337,0.86341
2026-05-02 10:30:00+00:00,0.86342,0.86345,0.86339,0.86341
2026-05-02 10:45:00+00:00,0.8634,0.86346,0.86339,0.86343
2026-05-02 11:00:00+00:00,0.8634,0.86344,0.86339,0.86341
2026-05-02 11:15:00+00:00,0.8634,0.86346,0.86339,0.8634
2026-05-02 11:30:00+00:00,0.86341,0.86349,0.8632,0.86343
2026-05-02 11:45:00+00:00,0.86342,0.86346,0.86341,0.86344
2026-05-02 12:00:00+00:00,0.86342,0.86346,0.86341,0.86342
2026-05-02 12:15:00+00:00,0.86342,0.86346,0.86341,0.86341
2026-05-02 12:30:00+00:00,0.86342,0.86346,0.86339,0.86343
2026-05-02 12:45:00+00:00,0.86339,0.86346,0.86335,0.86344
2026-05-02 13:00:00+00:00,0.8634,0.86344,0.86339,0.86341
2026-05-02 13:15:00+00:00,0.8634,0.86353,0.86325,0.86339
2026-05-02 13:30:00+00:00,0.8634,0.86344,0.86338,0.8634
2026-05-02 13:45:00+00:00,0.8634,0.86348,0.8634,0.86346
2026-05-02 14:00:00+00:00,0.86344,0.86348,0.86335,0.86341
2026-05-02 14:15:00+00:00,0.86337,0.8634,0.86335,0.86336
2026-05-02 14:30:00+00:00,0.86336,0.86342,0.86333,0.86336
2026-05-02 14:45:00+00:00,0.86336,0.8634,0.86335,0.86338
2026-05-02 15:00:00+00:00,0.86336,0.86351,0.86319,0.86339
2026-05-02 15:15:00+00:00,0.86337,0.86342,0.86335,0.86339
2026-05-02 15:30:00+00:00,0.86338,0.86341,0.86336,0.86337
2026-05-02 15:45:00+00:00,0.86337,0.86344,0.86334,0.86342
2026-05-02 16:00:00+00:00,0.86341,0.86406,0.86262,0.86303
2026-05-02 16:15:00+00:00,0.86322,0.86341,0.86311,0.86336
2026-05-02 16:30:00+00:00,0.86335,0.86351,0.86318,0.8633
2026-05-02 16:45:00+00:00,0.86342,0.86346,0.86335,0.86336
2026-05-02 17:00:00+00:00,0.86336,0.86369,0.86294,0.86338
2026-05-02 17:15:00+00:00,0.86336,0.8634,0.86335,0.86336
2026-05-02 17:30:00+00:00,0.86336,0.86342,0.86335,0.86336
2026-05-02 17:45:00+00:00,0.86337,0.8634,0.86335,0.86337
2026-05-02 18:00:00+00:00,0.86338,0.86341,0.86266,0.86329
2026-05-02 18:15:00+00:00,0.86327,0.86334,0.86326,0.86332
2026-05-02 18:30:00+00:00,0.86331,0.86338,0.8633,0.86334
2026-05-02 18:45:00+00:00,0.86334,0.86342,0.86333,0.86338
2026-05-02 19:00:00+00:00,0.86337,0.86382,0.86277,0.8628
2026-05-02 19:15:00+00:00,0.86293,0.86297,0.86292,0.86294
2026-05-02 19:30:00+00:00,0.86293,0.8631,0.86292,0.86305
2026-05-02 19:45:00+00:00,0.86306,0.8631,0.86305,0.86306
2026-05-02 20:00:00+00:00,0.86253,0.86307,0.86253,0.86288
2026-05-02 20:15:00+00:00,0.86286,0.86301,0.86285,0.86287
2026-05-02 20:30:00+00:00,0.863,0.86304,0.86299,0.863
2026-05-02 20:45:00+00:00,0.863,0.86315,0.86299,0.86311
2026-05-02 21:00:00+00:00,0.86261,0.86316,0.86257,0.86278
2026-05-02 21:15:00+00:00,0.86276,0.86296,0.86268,0.86294
2026-05-02 21:30:00+00:00,0.86292,0.86335,0.86281,0.86327
2026-05-02 21:45:00+00:00,0.86327,0.86334,0.86325,0.86328
2026-05-02 22:00:00+00:00,0.86274,0.8635,0.86248,0.86309
2026-05-02 22:15:00+00:00,0.86307,0.86311,0.86306,0.86309
2026-05-02 22:30:00+00:00,0.86307,0.86321,0.86298,0.86317
2026-05-02 22:45:00+00:00,0.86317,0.86321,0.86316,0.86317
2026-05-02 23:00:00+00:00,0.86324,0.86327,0.8627,0.86272
2026-05-02 23:15:00+00:00,0.86271,0.86316,0.8627,0.86308
2026-05-02 23:30:00+00:00,0.86317,0.86329,0.86312,0.86318
2026-05-02 23:45:00+00:00,0.86327,0.8634,0.86323,0.86336
2026-05-03 00:00:00+00:00,0.86336,0.8634,0.86335,0.86337
2026-05-03 00:15:00+00:00,0.86341,0.86347,0.86334,0.86345
2026-05-03 00:30:00+00:00,0.86341,0.86345,0.86337,0.86342
2026-05-03 00:45:00+00:00,0.86341,0.86345,0.8634,0.86341
2026-05-03 01:00:00+00:00,0.86341,0.86343,0.86329,0.86333
2026-05-03 01:15:00+00:00,0.86336,0.8634,0.86334,0.86338
2026-05-03 01:30:00+00:00,0.8634,0.86343,0.86332,0.86338
2026-05-03 01:45:00+00:00,0.86336,0.86342,0.86334,0.86338
2026-05-03 02:00:00+00:00,0.86338,0.86342,0.86336,0.86337
2026-05-03 02:15:00+00:00,0.86337,0.86344,0.86335,0.86342
2026-05-03 02:30:00+00:00,0.8634,0.86344,0.86334,0.86337
2026-05-03 02:45:00+00:00,0.86329,0.86336,0.86328,0.86329
2026-05-03 03:00:00+00:00,0.86329,0.86338,0.86328,0.86334
2026-05-03 03:15:00+00:00,0.86334,0.8634,0.86333,0.86338
2026-05-03 03:30:00+00:00,0.86337,0.86344,0.86335,0.86342
2026-05-03 03:45:00+00:00,0.86341,0.86344,0.86339,0.8634
2026-05-03 04:00:00+00:00,0.86341,0.86352,0.86337,0.86347
2026-05-03 04:15:00+00:00,0.86348,0.86351,0.86333,0.86335
2026-05-03 04:30:00+00:00,0.86333,0.86337,0.86332,0.86335
2026-05-03 04:45:00+00:00,0.86333,0.86343,0.86333,0.86339
2026-05-03 05:00:00+00:00,0.86339,0.86343,0.86338,0.86338
2026-05-03 05:15:00+00:00,0.86339,0.86346,0.86337,0.86343
2026-05-03 05:30:00+00:00,0.86342,0.86349,0.8634,0.86347
2026-05-03 05:45:00+00:00,0.86345,0.86349,0.86344,0.86346
2026-05-03 06:00:00+00:00,0.86345,0.86347,0.8633,0.8633
2026-05-03 06:15:00+00:00,0.86331,0.86335,0.8633,0.86332
2026-05-03 06:30:00+00:00,0.86331,0.8634,0.86331,0.86338
2026-05-03 06:45:00+00:00,0.86336,0.86348,0.86334,0.86345
2026-05-03 07:00:00+00:00,0.86344,0.86348,0.86343,0.86344
2026-05-03 07:15:00+00:00,0.86344,0.86351,0.86343,0.86347
2026-05-03 07:30:00+00:00,0.86347,0.86351,0.86345,0.86348
2026-05-03 07:45:00+00:00,0.86346,0.86358,0.86332,0.86334
2026-05-03 08:00:00+00:00,0.86333,0.86341,0.86332,0.86337
2026-05-03 08:15:00+00:00,0.86337,0.86341,0.86336,0.86337
2026-05-03 08:30:00+00:00,0.86337,0.86344,0.86336,0.86343
2026-05-03 08:45:00+00:00,0.86341,0.86348,0.86337,0.86346
2026-05-03 09:00:00+00:00,0.86345,0.86351,0.86345,0.86347
2026-05-03 09:15:00+00:00,0.86347,0.86352,0.86345,0.86348
2026-05-03 09:30:00+00:00,0.86348,0.86352,0.86347,0.8635
2026-05-03 09:45:00+00:00,0.86348,0.86354,0.86347,0.86352
2026-05-03 10:00:00+00:00,0.8635,0.86354,0.86349,0.8635
2026-05-03 10:15:00+00:00,0.8635,0.86359,0.86347,0.86355
2026-05-03 10:30:00+00:00,0.86355,0.86359,0.86354,0.86356
2026-05-03 10:45:00+00:00,0.86355,0.86359,0.86354,0.86357
2026-05-03 11:00:00+00:00,0.86355,0.86359,0.86354,0.86356
2026-05-03 11:15:00+00:00,0.86355,0.86359,0.86354,0.86355
2026-05-03 11:30:00+00:00,0.86355,0.86376,0.86317,0.86318
2026-05-03 11:45:00+00:00,0.86317,0.86321,0.86316,0.86319
2026-05-03 12:00:00+00:00,0.86317,0.86321,0.86316,0.86318
2026-05-03 12:15:00+00:00,0.86317,0.86321,0.86316,0.86317
2026-05-03 12:30:00+00:00,0.86317,0.86319,0.86302,0.86304
2026-05-03 12:45:00+00:00,0.86304,0.86307,0.86291,0.86295
2026-05-03 13:00:00+00:00,0.86293,0.86328,0.86291,0.86326
2026-05-03 13:15:00+00:00,0.86325,0.86347,0.86305,0.86306
2026-05-03 13:30:00+00:00,0.86306,0.8631,0.86305,0.86306
2026-05-03 13:45:00+00:00,0.86306,0.86312,0.86293,0.86296
2026-05-03 14:00:00+00:00,0.86295,0.8635,0.86294,0.86343
2026-05-03 14:15:00+00:00,0.86342,0.86346,0.86339,0.86339
2026-05-03 14:30:00+00:00,0.86339,0.86343,0.8632,0.86321
2026-05-03 14:45:00+00:00,0.86321,0.86325,0.8632,0.86323
2026-05-03 15:00:00+00:00,0.86321,0.86351,0.86278,0.86282
2026-05-03 15:15:00+00:00,0.8628,0.86284,0.86273,0.86274
2026-05-03 15:30:00+00:00,0.86274,0.86278,0.86272,0.86273
2026-05-03 15:45:00+00:00,0.86274,0.86339,0.86259,0.86338
2026-05-03 16:00:00+00:00,0.86336,0.8634,0.86334,0.86337
2026-05-03 16:15:00+00:00,0.86335,0.86338,0.86319,0.86335
2026-05-03 16:30:00+00:00,0.86335,0.86356,0.86304,0.86305
2026-05-03 16:45:00+00:00,0.86311,0.86332,0.86307,0.86331
2026-05-03 17:00:00+00:00,0.8633,0.86339,0.86323,0.86336
2026-05-03 17:15:00+00:00,0.86335,0.86339,0.86334,0.86336
2026-05-03 17:30:00+00:00,0.86335,0.8635,0.86315,0.86334
2026-05-03 17:45:00+00:00,0.86335,0.86339,0.86325,0.86326
2026-05-03 18:00:00+00:00,0.86331,0.86342,0.86327,0.8634
2026-05-03 18:15:00+00:00,0.86337,0.86358,0.86309,0.86327
2026-05-03 18:30:00+00:00,0.86335,0.8637,0.86325,0.86348
2026-05-03 18:45:00+00:00,0.86345,0.86353,0.86326,0.86342
2026-05-03 19:00:00+00:00,0.86342,0.86388,0.86324,0.86355
2026-05-03 19:15:00+00:00,0.86364,0.86471,0.86364,0.86445
2026-05-03 19:30:00+00:00,0.86453,0.86541,0.86349,0.86361
2026-05-03 19:45:00+00:00,0.86413,0.86493,0.86348,0.86453
2026-05-03 20:00:00+00:00,0.86434,0.86501,0.8635,0.86419
2026-05-03 20:15:00+00:00,0.8634,0.864,0.86302,0.86343
2026-05-03 20:30:00+00:00,0.8634,0.86398,0.8626,0.86368
2026-05-03 20:45:00+00:00,0.86355,0.86504,0.86295,0.86344
2026-05-03 21:00:00+00:00,0.86399,0.8648,0.86331,0.86403
2026-05-03 21:15:00+00:00,0.86359,0.86431,0.86318,0.86386
2026-05-03 21:30:00+00:00,0.86344,0.86386,0.86304,0.86377
2026-05-03 21:45:00+00:00,0.86362,0.86379,0.86306,0.86318
2026-05-03 22:00:00+00:00,0.86325,0.86341,0.86307,0.86339
2026-05-03 22:15:00+00:00,0.86338,0.8635,0.86327,0.86348
2026-05-03 22:30:00+00:00,0.8635,0.86363,0.86349,0.86356
2026-05-03 22:45:00+00:00,0.86355,0.86358,0.86338,0.86342
2026-05-03 23:00:00+00:00,0.86339,0.86344,0.86331,0.8634
2026-05-03 23:15:00+00:00,0.86343,0.86355,0.86337,0.86352
2026-05-03 23:30:00+00:00,0.86346,0.86353,0.86342,0.86347
2026-05-03 23:45:00+00:00,0.86343,0.86351,0.86337,0.8634
2026-05-04 00:00:00+00:00,0.8634,0.86343,0.86331,0.86333
2026-05-04 00:15:00+00:00,0.86332,0.86355,0.8633,0.86344
2026-05-04 00:30:00+00:00,0.86343,0.86347,0.86329,0.8633
2026-05-04 00:45:00+00:00,0.86326,0.8633,0.8631,0.86312
2026-05-04 01:00:00+00:00,0.86312,0.86327,0.86307,0.86323
2026-05-04 01:15:00+00:00,0.86328,0.86338,0.86316,0.86334
2026-05-04 01:30:00+00:00,0.86332,0.86336,0.86317,0.86324
2026-05-04 01:45:00+00:00,0.86328,0.86331,0.86314,0.86317
2026-05-04 02:00:00+00:00,0.86314,0.86317,0.86296,0.86299
2026-05-04 02:15:00+00:00,0.86297,0.86324,0.86297,0.86322
2026-05-04 02:30:00+00:00,0.86322,0.86328,0.86316,0.86321
2026-05-04 02:45:00+00:00,0.86321,0.86325,0.86312,0.8632
2026-05-04 03:00:00+00:00,0.86324,0.86327,0.86317,0.86321
2026-05-04 03:15:00+00:00,0.86321,0.86323,0.86315,0.86319
2026-05-04 03:30:00+00:00,0.86316,0.86325,0.86316,0.86321
2026-05-04 03:45:00+00:00,0.86316,0.86323,0.86304,0.86318
2026-05-04 04:00:00+00:00,0.86319,0.86329,0.86317,0.86321
2026-05-04 04:15:00+00:00,0.86326,0.86327,0.8632,0.86326
2026-05-04 04:30:00+00:00,0.86328,0.86331,0.86319,0.86322
2026-05-04 04:45:00+00:00,0.86321,0.86328,0.86319,0.86322
2026-05-04 05:00:00+00:00,0.86322,0.86328,0.86318,0.86319
2026-05-04 05:15:00+00:00,0.86321,0.86322,0.86311,0.86312
2026-05-04 05:30:00+00:00,0.8631,0.86316,0.86306,0.86313
2026-05-04 05:45:00+00:00,0.86304,0.8631,0.86304,0.86305
2026-05-04 06:00:00+00:00,0.86309,0.86332,0.86304,0.86319
2026-05-04 06:15:00+00:00,0.86315,0.86324,0.86308,0.86316
2026-05-04 06:30:00+00:00,0.86314,0.86343,0.86312,0.86341
2026-05-04 06:45:00+00:00,0.8634,0.86369,0.86337,0.86368
2026-05-04 07:00:00+00:00,0.86365,0.86379,0.86354,0.86372
2026-05-04 07:15:00+00:00,0.86377,0.8638,0.86366,0.86379
2026-05-04 07:30:00+00:00,0.86377,0.8639,0.86372,0.86388
2026-05-04 07:45:00+00:00,0.86375,0.86391,0.86372,0.86375
2026-05-04 08:00:00+00:00,0.86371,0.86388,0.86363,0.86381
2026-05-04 08:15:00+00:00,0.86383,0.86412,0.86378,0.86409
2026-05-04 08:30:00+00:00,0.86409,0.86416,0.86399,0.86415
2026-05-04 08:45:00+00:00,0.86422,0.86429,0.8641,0.86421
2026-05-04 09:00:00+00:00,0.86423,0.86424,0.86413,0.86415
2026-05-04 09:15:00+00:00,0.86417,0.86424,0.86411,0.86418
2026-05-04 09:30:00+00:00,0.86416,0.8642,0.8641,0.86413
2026-05-04 09:45:00+00:00,0.86414,0.86421,0.8641,0.86415
2026-05-04 10:00:00+00:00,0.86412,0.86445,0.86412,0.86444
2026-05-04 10:15:00+00:00,0.86429,0.86443,0.86411,0.86414
2026-05-04 10:30:00+00:00,0.8641,0.86416,0.86387,0.86409
2026-05-04 10:45:00+00:00,0.86414,0.86427,0.86411,0.86415
2026-05-04 11:00:00+00:00,0.86415,0.86418,0.86406,0.86407
2026-05-04 11:15:00+00:00,0.86401,0.86411,0.86393,0.86399
2026-05-04 11:30:00+00:00,0.86402,0.8642,0.86399,0.86405
2026-05-04 11:45:00+00:00,0.86394,0.86403,0.86355,0.86364
2026-05-04 12:00:00+00:00,0.86353,0.8638,0.86351,0.86365
2026-05-04 12:15:00+00:00,0.86366,0.86368,0.86339,0.86341
2026-05-04 12:30:00+00:00,0.86348,0.86356,0.86345,0.86349
2026-05-04 12:45:00+00:00,0.86346,0.86373,0.86339,0.86371
2026-05-04 13:00:00+00:00,0.86369,0.86373,0.86338,0.86353
2026-05-04 13:15:00+00:00,0.86351,0.86384,0.86349,0.86376
2026-05-04 13:30:00+00:00,0.86384,0.86403,0.86378,0.86396
2026-05-04 13:45:00+00:00,0.86395,0.86398,0.86377,0.86383
2026-05-04 14:00:00+00:00,0.86398,0.864,0.86374,0.86382
2026-05-04 14:15:00+00:00,0.86374,0.86379,0.86346,0.86351
2026-05-04 14:30:00+00:00,0.8635,0.86355,0.86341,0.86345
2026-05-04 14:45:00+00:00,0.86349,0.86377,0.86349,0.86375
2026-05-04 15:00:00+00:00,0.86382,0.86413,0.86368,0.86408
2026-05-04 15:15:00+00:00,0.86413,0.86446,0.8641,0.86437
2026-05-04 15:30:00+00:00,0.86427,0.86451,0.86414,0.86448
2026-05-04 15:45:00+00:00,0.86449,0.86463,0.86434,0.86442
2026-05-04 16:00:00+00:00,0.86441,0.86481,0.86429,0.86476
2026-05-04 16:15:00+00:00,0.86471,0.86473,0.86408,0.86411
2026-05-04 16:30:00+00:00,0.86409,0.86415,0.86392,0.86395
2026-05-04 16:45:00+00:00,0.86394,0.86406,0.86385,0.86402
2026-05-04 17:00:00+00:00,0.86414,0.86424,0.8637,0.8638
2026-05-04 17:15:00+00:00,0.86378,0.8639,0.86374,0.86389
2026-05-04 17:30:00+00:00,0.86387,0.86406,0.86385,0.86398
2026-05-04 17:45:00+00:00,0.86396,0.86411,0.86394,0.86409
2026-05-04 18:00:00+00:00,0.86406,0.86415,0.86385,0.86412
2026-05-04 18:15:00+00:00,0.86412,0.86419,0.86411,0.86418
2026-05-04 18:30:00+00:00,0.86411,0.86414,0.86406,0.86408
2026-05-04 18:45:00+00:00,0.86412,0.86422,0.86404,0.86418
2026-05-04 19:00:00+00:00,0.8641,0.86419,0.86404,0.86408
2026-05-04 19:15:00+00:00,0.86407,0.86422,0.86403,0.8642
2026-05-04 19:30:00+00:00,0.86419,0.86422,0.8641,0.86412
2026-05-04 19:45:00+00:00,0.86411,0.86415,0.86393,0.86394
2026-05-04 20:00:00+00:00,0.86391,0.86398,0.86383,0.86397
2026-05-04 20:15:00+00:00,0.86403,0.86408,0.8639,0.86398
2026-05-04 20:30:00+00:00,0.86396,0.8641,0.86393,0.86402
2026-05-04 20:45:00+00:00,0.864,0.86409,0.86398,0.86402
2026-05-04 21:00:00+00:00,0.86401,0.86417,0.86381,0.86388
2026-05-04 21:15:00+00:00,0.86385,0.86448,0.86381,0.86434
2026-05-04 21:30:00+00:00,0.86403,0.86423,0.86391,0.86419
2026-05-04 21:45:00+00:00,0.86419,0.86435,0.86368,0.86374
2026-05-04 22:00:00+00:00,0.8639,0.86417,0.8637,0.86408
2026-05-04 22:15:00+00:00,0.86412,0.86418,0.8641,0.86412
2026-05-04 22:30:00+00:00,0.86413,0.86418,0.8641,0.86412
2026-05-04 22:45:00+00:00,0.86411,0.86422,0.86408,0.86414
2026-05-04 23:00:00+00:00,0.86411,0.86419,0.86408,0.86414
2026-05-04 23:15:00+00:00,0.86416,0.86422,0.8641,0.86416
2026-05-04 23:30:00+00:00,0.86413,0.86418,0.86407,0.86408
2026-05-04 23:45:00+00:00,0.86407,0.86412,0.86402,0.86408
2026-05-05 00:00:00+00:00,0.86411,0.86414,0.86398,0.864
2026-05-05 00:15:00+00:00,0.86402,0.86413,0.86401,0.86411
2026-05-05 00:30:00+00:00,0.86406,0.86414,0.86402,0.86413
2026-05-05 00:45:00+00:00,0.86411,0.86414,0.86401,0.86407
2026-05-05 01:00:00+00:00,0.86407,0.86415,0.86403,0.86409
2026-05-05 01:15:00+00:00,0.86409,0.86414,0.86399,0.86405
2026-05-05 01:30:00+00:00,0.86407,0.86413,0.86401,0.86411
2026-05-05 01:45:00+00:00,0.8641,0.86412,0.86403,0.86404
2026-05-05 02:00:00+00:00,0.86403,0.86409,0.86401,0.86404
2026-05-05 02:15:00+00:00,0.86405,0.86408,0.864,0.86404
2026-05-05 02:30:00+00:00,0.86405,0.86408,0.86397,0.86406
2026-05-05 02:45:00+00:00,0.86403,0.86414,0.86401,0.86409
2026-05-05 03:00:00+00:00,0.8641,0.86413,0.86401,0.86406
2026-05-05 03:15:00+00:00,0.86402,0.86415,0.86401,0.86414
2026-05-05 03:30:00+00:00,0.86412,0.86417,0.86406,0.86414
2026-05-05 03:45:00+00:00,0.8641,0.86415,0.86407,0.86409
2026-05-05 04:00:00+00:00,0.8641,0.86413,0.86401,0.86402
2026-05-05 04:15:00+00:00,0.86402,0.8641,0.864,0.86404
2026-05-05 04:30:00+00:00,0.864,0.86414,0.8639,0.86403
2026-05-05 04:45:00+00:00,0.86401,0.86408,0.86393,0.86401
2026-05-05 05:00:00+00:00,0.86404,0.8641,0.86396,0.86397
2026-05-05 05:15:00+00:00,0.86397,0.86401,0.86394,0.86396
2026-05-05 05:30:00+00:00,0.86397,0.86405,0.86394,0.86399
2026-05-05 05:45:00+00:00,0.86401,0.86419,0.86392,0.86417
2026-05-05 06:00:00+00:00,0.86419,0.86419,0.86387,0.8639
2026-05-05 06:15:00+00:00,0.86391,0.86424,0.86385,0.86415
2026-05-05 06:30:00+00:00,0.86409,0.86417,0.86362,0.86377
2026-05-05 06:45:00+00:00,0.86374,0.86378,0.86343,0.86345
2026-05-05 07:00:00+00:00,0.86352,0.86361,0.86339,0.8635
2026-05-05 07:15:00+00:00,0.86352,0.8636,0.86333,0.86349
2026-05-05 07:30:00+00:00,0.86348,0.8635,0.86339,0.86343
2026-05-05 07:45:00+00:00,0.86351,0.86359,0.86335,0.86346
2026-05-05 08:00:00+00:00,0.86342,0.86345,0.86328,0.86329
2026-05-05 08:15:00+00:00,0.8633,0.86345,0.86318,0.8632
2026-05-05 08:30:00+00:00,0.86322,0.86324,0.86306,0.86317
2026-05-05 08:45:00+00:00,0.86319,0.86322,0.863,0.86307
2026-05-05 09:00:00+00:00,0.86319,0.86321,0.86298,0.86301
2026-05-05 09:15:00+00:00,0.86306,0.8632,0.863,0.86311
2026-05-05 09:30:00+00:00,0.86319,0.86323,0.86306,0.86314
2026-05-05 09:45:00+00:00,0.8632,0.86328,0.86306,0.86326
2026-05-05 10:00:00+00:00,0.86325,0.86328,0.86317,0.86325
2026-05-05 10:15:00+00:00,0.8632,0.86322,0.8631,0.86311
2026-05-05 10:30:00+00:00,0.86312,0.86317,0.86296,0.86308
2026-05-05 10:45:00+00:00,0.86309,0.86312,0.86299,0.86303
2026-05-05 11:00:00+00:00,0.86299,0.86326,0.86292,0.8632
2026-05-05 11:15:00+00:00,0.86318,0.86358,0.86315,0.8633
2026-05-05 11:30:00+00:00,0.86321,0.86357,0.86318,0.86352
2026-05-05 11:45:00+00:00,0.86356,0.86358,0.86321,0.86324
2026-05-05 12:00:00+00:00,0.86326,0.86354,0.86326,0.86328
2026-05-05 12:15:00+00:00,0.86328,0.86343,0.86317,0.86336
2026-05-05 12:30:00+00:00,0.86333,0.86344,0.86329,0.86343
2026-05-05 12:45:00+00:00,0.86341,0.86347,0.86335,0.86337
2026-05-05 13:00:00+00:00,0.86338,0.86344,0.86323,0.86323
2026-05-05 13:15:00+00:00,0.86323,0.86344,0.86319,0.86332
2026-05-05 13:30:00+00:00,0.86334,0.86346,0.86327,0.86328
2026-05-05 13:45:00+00:00,0.86328,0.86341,0.86304,0.86306
2026-05-05 14:00:00+00:00,0.86307,0.86313,0.86284,0.86293
2026-05-05 14:15:00+00:00,0.86292,0.86329,0.8628,0.86306
2026-05-05 14:30:00+00:00,0.86307,0.86313,0.86276,0.86288
2026-05-05 14:45:00+00:00,0.86285,0.86309,0.86284,0.86293
2026-05-05 15:00:00+00:00,0.86289,0.86314,0.86282,0.86285
2026-05-05 15:15:00+00:00,0.86284,0.86297,0.86277,0.86297
2026-05-05 15:30:00+00:00,0.86296,0.86297,0.86266,0.86275
2026-05-05 15:45:00+00:00,0.86275,0.86276,0.86241,0.86242
2026-05-05 16:00:00+00:00,0.86242,0.86258,0.86233,0.86244
2026-05-05 16:15:00+00:00,0.86243,0.86263,0.86235,0.86262
2026-05-05 16:30:00+00:00,0.86262,0.86297,0.86254,0.86296
2026-05-05 16:45:00+00:00,0.86293,0.8631,0.86287,0.8631
2026-05-05 17:00:00+00:00,0.86309,0.8633,0.863,0.86328
2026-05-05 17:15:00+00:00,0.86326,0.86348,0.86324,0.86347
2026-05-05 17:30:00+00:00,0.86345,0.86353,0.86339,0.86346
2026-05-05 17:45:00+00:00,0.86347,0.86353,0.86331,0.86331
2026-05-05 18:00:00+00:00,0.8633,0.86343,0.8633,0.86335
2026-05-05 18:15:00+00:00,0.86333,0.86346,0.86331,0.86344
2026-05-05 18:30:00+00:00,0.86344,0.8636,0.86338,0.86353
2026-05-05 18:45:00+00:00,0.86353,0.8636,0.86336,0.86356
2026-05-05 19:00:00+00:00,0.86355,0.8636,0.86348,0.86354
2026-05-05 19:15:00+00:00,0.86352,0.86356,0.86344,0.86349
2026-05-05 19:30:00+00:00,0.86349,0.86361,0.86347,0.86359
2026-05-05 19:45:00+00:00,0.86357,0.86368,0.86355,0.86355
2026-05-05 20:00:00+00:00,0.86355,0.86372,0.86354,0.8637
2026-05-05 20:15:00+00:00,0.86368,0.86376,0.8636,0.86362
2026-05-05 20:30:00+00:00,0.86361,0.8637,0.86358,0.86362
2026-05-05 20:45:00+00:00,0.86362,0.86373,0.8636,0.86372
2026-05-05 21:00:00+00:00,0.8637,0.86375,0.8627,0.86353
2026-05-05 21:15:00+00:00,0.8635,0.8637,0.8634,0.86349
2026-05-05 21:30:00+00:00,0.8635,0.86352,0.8631,0.86312
2026-05-05 21:45:00+00:00,0.86319,0.86359,0.8631,0.86358
2026-05-05 22:00:00+00:00,0.86355,0.86361,0.8635,0.8636
2026-05-05 22:15:00+00:00,0.86358,0.86364,0.86353,0.86362
2026-05-05 22:30:00+00:00,0.8636,0.86366,0.86358,0.86361
2026-05-05 22:45:00+00:00,0.86361,0.86366,0.86328,0.86347
2026-05-05 23:00:00+00:00,0.86347,0.86352,0.86335,0.86345
2026-05-05 23:15:00+00:00,0.86345,0.86352,0.8634,0.86351
2026-05-05 23:30:00+00:00,0.86349,0.86355,0.86345,0.86348
2026-05-05 23:45:00+00:00,0.86348,0.86353,0.86341,0.86348
2026-05-06 00:00:00+00:00,0.86347,0.86347,0.86327,0.86336
2026-05-06 00:15:00+00:00,0.86335,0.86342,0.86326,0.86327
2026-05-06 00:30:00+00:00,0.86328,0.86337,0.86325,0.86331
2026-05-06 00:45:00+00:00,0.86331,0.86342,0.86327,0.8634
2026-05-06 01:00:00+00:00,0.86337,0.86345,0.86332,0.86342
2026-05-06 01:15:00+00:00,0.86341,0.8635,0.86329,0.86349
2026-05-06 01:30:00+00:00,0.86347,0.86351,0.86335,0.86342
2026-05-06 01:45:00+00:00,0.8634,0.86355,0.8634,0.86349
2026-05-06 02:00:00+00:00,0.86349,0.8636,0.8634,0.86356
2026-05-06 02:15:00+00:00,0.86356,0.86359,0.8635,0.86354
2026-05-06 02:30:00+00:00,0.86352,0.86366,0.8635,0.8636
2026-05-06 02:45:00+00:00,0.86359,0.86362,0.86356,0.86356
2026-05-06 03:00:00+00:00,0.86357,0.8638,0.86354,0.86375
2026-05-06 03:15:00+00:00,0.86375,0.86382,0.86372,0.86381
2026-05-06 03:30:00+00:00,0.8638,0.86389,0.86376,0.86378
2026-05-06 03:45:00+00:00,0.86377,0.86388,0.86371,0.8638
2026-05-06 04:00:00+00:00,0.86382,0.86387,0.86375,0.86384
2026-05-06 04:15:00+00:00,0.86382,0.86398,0.86373,0.86375
2026-05-06 04:30:00+00:00,0.86379,0.86379,0.86335,0.86377
2026-05-06 04:45:00+00:00,0.86375,0.86379,0.86357,0.86358
2026-05-06 05:00:00+00:00,0.8636,0.86371,0.86352,0.86353
2026-05-06 05:15:00+00:00,0.86354,0.86364,0.86352,0.86358
2026-05-06 05:30:00+00:00,0.86357,0.8637,0.86347,0.86368
2026-05-06 05:45:00+00:00,0.86366,0.86372,0.86357,0.86366
2026-05-06 06:00:00+00:00,0.86365,0.86379,0.8636,0.86373
2026-05-06 06:15:00+00:00,0.8637,0.86375,0.86352,0.86352
2026-05-06 06:30:00+00:00,0.86352,0.86366,0.86352,0.86362
2026-05-06 06:45:00+00:00,0.8636,0.86361,0.86346,0.86355
2026-05-06 07:00:00+00:00,0.86354,0.86355,0.86323,0.86333
2026-05-06 07:15:00+00:00,0.86329,0.86338,0.86312,0.86319
2026-05-06 07:30:00+00:00,0.86315,0.8632,0.86301,0.86304
2026-05-06 07:45:00+00:00,0.86308,0.86312,0.86281,0.8631
2026-05-06 08:00:00+00:00,0.86307,0.86324,0.86294,0.86322
2026-05-06 08:15:00+00:00,0.86318,0.86329,0.86295,0.86304
2026-05-06 08:30:00+00:00,0.86302,0.8631,0.86289,0.8631
2026-05-06 08:45:00+00:00,0.86308,0.86364,0.86298,0.86335
2026-05-06 09:00:00+00:00,0.86334,0.86362,0.86328,0.86358
2026-05-06 09:15:00+00:00,0.86359,0.86385,0.86358,0.86384
2026-05-06 09:30:00+00:00,0.86384,0.86396,0.86372,0.86394
2026-05-06 09:45:00+00:00,0.86386,0.86438,0.86386,0.8643
2026-05-06 10:00:00+00:00,0.86428,0.86437,0.86421,0.86436
2026-05-06 10:15:00+00:00,0.86435,0.86441,0.86427,0.86432
2026-05-06 10:30:00+00:00,0.86432,0.86473,0.86429,0.86471
2026-05-06 10:45:00+00:00,0.86463,0.86495,0.86456,0.86458
2026-05-06 11:00:00+00:00,0.8646,0.86473,0.86415,0.8646
2026-05-06 11:15:00+00:00,0.8646,0.86467,0.86413,0.86421
2026-05-06 11:30:00+00:00,0.86421,0.86421,0.86399,0.86407
2026-05-06 11:45:00+00:00,0.86406,0.86416,0.86395,0.86405
2026-05-06 12:00:00+00:00,0.86403,0.86403,0.86355,0.86364
2026-05-06 12:15:00+00:00,0.8636,0.86371,0.8634,0.86349
2026-05-06 12:30:00+00:00,0.86351,0.86379,0.8635,0.86378
2026-05-06 12:45:00+00:00,0.86375,0.86377,0.86347,0.86349
2026-05-06 13:00:00+00:00,0.86351,0.86373,0.86344,0.86372
2026-05-06 13:15:00+00:00,0.8637,0.86376,0.86363,0.86363
2026-05-06 13:30:00+00:00,0.86363,0.86383,0.86358,0.8637
2026-05-06 13:45:00+00:00,0.86371,0.86384,0.86359,0.86359
2026-05-06 14:00:00+00:00,0.86356,0.86366,0.86328,0.86364
2026-05-06 14:15:00+00:00,0.86363,0.86386,0.86359,0.86373
2026-05-06 14:30:00+00:00,0.86374,0.86383,0.86359,0.86371
2026-05-06 14:45:00+00:00,0.86366,0.8641,0.86363,0.86409
2026-05-06 15:00:00+00:00,0.86405,0.86429,0.86399,0.86427
2026-05-06 15:15:00+00:00,0.86426,0.86428,0.86416,0.86421
2026-05-06 15:30:00+00:00,0.86422,0.8644,0.86419,0.86433
2026-05-06 15:45:00+00:00,0.86433,0.86466,0.86433,0.86451
2026-05-06 16:00:00+00:00,0.86454,0.86485,0.86445,0.86465
2026-05-06 16:15:00+00:00,0.86469,0.8648,0.86457,0.8647
2026-05-06 16:30:00+00:00,0.86471,0.86472,0.86456,0.86456
2026-05-06 16:45:00+00:00,0.86458,0.86489,0.86455,0.86475
2026-05-06 17:00:00+00:00,0.86475,0.86475,0.86438,0.86445
2026-05-06 17:15:00+00:00,0.86443,0.86451,0.86437,0.8644
2026-05-06 17:30:00+00:00,0.86441,0.86455,0.86441,0.86446
2026-05-06 17:45:00+00:00,0.86446,0.86459,0.86426,0.86434
2026-05-06 18:00:00+00:00,0.86433,0.86437,0.86426,0.86431
2026-05-06 18:15:00+00:00,0.86429,0.86434,0.86419,0.86423
2026-05-06 18:30:00+00:00,0.86422,0.86434,0.86418,0.86433
2026-05-06 18:45:00+00:00,0.86432,0.86442,0.8643,0.86432
2026-05-06 19:00:00+00:00,0.86431,0.86451,0.86427,0.86449
2026-05-06 19:15:00+00:00,0.86447,0.8645,0.8644,0.86443
2026-05-06 19:30:00+00:00,0.86442,0.86456,0.86439,0.86439
2026-05-06 19:45:00+00:00,0.86439,0.86443,0.8643,0.86432
2026-05-06 20:00:00+00:00,0.86436,0.86436,0.86411,0.86431
2026-05-06 20:15:00+00:00,0.86429,0.86431,0.86422,0.86426
2026-05-06 20:30:00+00:00,0.86425,0.86433,0.8642,0.86423
2026-05-06 20:45:00+00:00,0.86425,0.86445,0.86422,0.8643
2026-05-06 21:00:00+00:00,0.8643,0.86442,0.86408,0.8642
2026-05-06 21:15:00+00:00,0.86418,0.86425,0.86405,0.86416
2026-05-06 21:30:00+00:00,0.86415,0.86448,0.86412,0.86445
2026-05-06 21:45:00+00:00,0.86441,0.86451,0.86435,0.86442
2026-05-06 22:00:00+00:00,0.86443,0.86448,0.86437,0.86447
2026-05-06 22:15:00+00:00,0.86445,0.86449,0.86439,0.86444
2026-05-06 22:30:00+00:00,0.86443,0.86447,0.86439,0.86441
2026-05-06 22:45:00+00:00,0.86441,0.86447,0.86433,0.86434
2026-05-06 23:00:00+00:00,0.86435,0.86441,0.86431,0.86436
2026-05-06 23:15:00+00:00,0.86434,0.86439,0.8643,0.86435
2026-05-06 23:30:00+00:00,0.86433,0.86441,0.86427,0.86427
2026-05-06 23:45:00+00:00,0.86427,0.8644,0.86424,0.86437
2026-05-07 00:00:00+00:00,0.86433,0.86438,0.86427,0.86427
2026-05-07 00:15:00+00:00,0.86427,0.86445,0.86427,0.86438
2026-05-07 00:30:00+00:00,0.86436,0.86454,0.86431,0.86437
2026-05-07 00:45:00+00:00,0.86437,0.86442,0.86429,0.86434
2026-05-07 01:00:00+00:00,0.86435,0.86438,0.86429,0.86433
2026-05-07 01:15:00+00:00,0.86431,0.86438,0.86425,0.86426
2026-05-07 01:30:00+00:00,0.86426,0.86451,0.86424,0.86445
2026-05-07 01:45:00+00:00,0.86446,0.86446,0.86427,0.86428
2026-05-07 02:00:00+00:00,0.8643,0.86434,0.86422,0.86433
2026-05-07 02:15:00+00:00,0.86431,0.86436,0.86424,0.86426
2026-05-07 02:30:00+00:00,0.86424,0.86432,0.86419,0.86424
2026-05-07 02:45:00+00:00,0.86422,0.86432,0.86416,0.86421
2026-05-07 03:00:00+00:00,0.86423,0.86429,0.86418,0.86422
2026-05-07 03:15:00+00:00,0.86423,0.86431,0.8642,0.86421
2026-05-07 03:30:00+00:00,0.86422,0.8643,0.86418,0.86428
2026-05-07 03:45:00+00:00,0.86426,0.86434,0.86418,0.86423
2026-05-07 04:00:00+00:00,0.86425,0.86441,0.86425,0.86433
2026-05-07 04:15:00+00:00,0.8643,0.86432,0.86418,0.86423
2026-05-07 04:30:00+00:00,0.86422,0.86428,0.86412,0.86416
2026-05-07 04:45:00+00:00,0.86415,0.86427,0.8641,0.8642
2026-05-07 05:00:00+00:00,0.8642,0.86431,0.86413,0.86414
2026-05-07 05:15:00+00:00,0.86416,0.86436,0.86415,0.86434
2026-05-07 05:30:00+00:00,0.86433,0.86441,0.86428,0.86439
2026-05-07 05:45:00+00:00,0.86438,0.86448,0.86434,0.8644
2026-05-07 06:00:00+00:00,0.8644,0.86447,0.86434,0.86439
2026-05-07 06:15:00+00:00,0.86439,0.86443,0.86421,0.86423
2026-05-07 06:30:00+00:00,0.86423,0.86424,0.86388,0.86389
2026-05-07 06:45:00+00:00,0.86387,0.86397,0.86374,0.86378
2026-05-07 07:00:00+00:00,0.86376,0.86397,0.86376,0.86385
2026-05-07 07:15:00+00:00,0.86384,0.86386,0.8637,0.86381
2026-05-07 07:30:00+00:00,0.86381,0.86399,0.86381,0.86393
2026-05-07 07:45:00+00:00,0.86391,0.86397,0.86386,0.86393
2026-05-07 08:00:00+00:00,0.86392,0.86392,0.86372,0.86387
2026-05-07 08:15:00+00:00,0.86386,0.86427,0.86382,0.86422
2026-05-07 08:30:00+00:00,0.86422,0.8643,0.86415,0.86419
2026-05-07 08:45:00+00:00,0.86417,0.86429,0.86414,0.86419
2026-05-07 09:00:00+00:00,0.86419,0.86424,0.86393,0.86393
2026-05-07 09:15:00+00:00,0.86395,0.86411,0.86395,0.86409
2026-05-07 09:30:00+00:00,0.86405,0.86454,0.86405,0.86452
2026-05-07 09:45:00+00:00,0.86447,0.86459,0.86423,0.86434
2026-05-07 10:00:00+00:00,0.86431,0.86449,0.86423,0.86429
2026-05-07 10:15:00+00:00,0.86429,0.86434,0.86397,0.86398
2026-05-07 10:30:00+00:00,0.86398,0.86399,0.8637,0.86376
2026-05-07 10:45:00+00:00,0.86372,0.86396,0.86372,0.86394
2026-05-07 11:00:00+00:00,0.86392,0.86416,0.86373,0.86414
2026-05-07 11:15:00+00:00,0.86409,0.86435,0.86409,0.86433
2026-05-07 11:30:00+00:00,0.86429,0.86433,0.86399,0.86423
2026-05-07 11:45:00+00:00,0.86422,0.86434,0.86411,0.86432
2026-05-07 12:00:00+00:00,0.86431,0.86438,0.86402,0.86414
2026-05-07 12:15:00+00:00,0.86413,0.86424,0.86389,0.86413
2026-05-07 12:30:00+00:00,0.86412,0.86415,0.86392,0.86403
2026-05-07 12:45:00+00:00,0.86403,0.86429,0.86399,0.86425
2026-05-07 13:00:00+00:00,0.86423,0.8643,0.86413,0.8642
2026-05-07 13:15:00+00:00,0.86419,0.86432,0.86419,0.86423
2026-05-07 13:30:00+00:00,0.86423,0.86426,0.86394,0.86395
2026-05-07 13:45:00+00:00,0.86396,0.86425,0.86394,0.86424
2026-05-07 14:00:00+00:00,0.86422,0.86422,0.86398,0.86398
2026-05-07 14:15:00+00:00,0.86397,0.8643,0.86394,0.8641
2026-05-07 14:30:00+00:00,0.86411,0.86436,0.86403,0.86427
2026-05-07 14:45:00+00:00,0.86428,0.86456,0.86399,0.86407
2026-05-07 15:00:00+00:00,0.86405,0.86412,0.8639,0.86408
2026-05-07 15:15:00+00:00,0.86407,0.86434,0.86399,0.86433
2026-05-07 15:30:00+00:00,0.86433,0.86439,0.86417,0.8643
2026-05-07 15:45:00+00:00,0.86431,0.86447,0.86427,0.86446
2026-05-07 16:00:00+00:00,0.86441,0.86464,0.86441,0.86463
2026-05-07 16:15:00+00:00,0.8646,0.8647,0.86451,0.86464
2026-05-07 16:30:00+00:00,0.86461,0.86498,0.86461,0.86497
2026-05-07 16:45:00+00:00,0.86494,0.86514,0.86493,0.8651
2026-05-07 17:00:00+00:00,0.86505,0.86523,0.86496,0.8652
2026-05-07 17:15:00+00:00,0.86516,0.86538,0.86516,0.86528
2026-05-07 17:30:00+00:00,0.86528,0.86529,0.8649,0.86501
2026-05-07 17:45:00+00:00,0.86502,0.86526,0.86501,0.86505
2026-05-07 18:00:00+00:00,0.86506,0.86517,0.86494,0.86501
2026-05-07 18:15:00+00:00,0.86499,0.86517,0.86498,0.86515
2026-05-07 18:30:00+00:00,0.86514,0.86522,0.86506,0.86506
2026-05-07 18:45:00+00:00,0.86507,0.86537,0.86505,0.86528
2026-05-07 19:00:00+00:00,0.86528,0.8653,0.86504,0.86511
2026-05-07 19:15:00+00:00,0.8651,0.86516,0.86503,0.86506
2026-05-07 19:30:00+00:00,0.86507,0.86518,0.86504,0.86515
2026-05-07 19:45:00+00:00,0.86515,0.8652,0.86503,0.86516
2026-05-07 20:00:00+00:00,0.86515,0.86522,0.86509,0.86521
2026-05-07 20:15:00+00:00,0.86519,0.86532,0.86516,0.86525
2026-05-07 20:30:00+00:00,0.86525,0.86547,0.86514,0.8654
2026-05-07 20:45:00+00:00,0.86541,0.86548,0.86519,0.8652
2026-05-07 21:00:00+00:00,0.8652,0.86531,0.86438,0.86514
2026-05-07 21:15:00+00:00,0.86511,0.86563,0.86511,0.86559
2026-05-07 21:30:00+00:00,0.86552,0.86552,0.86509,0.86517
2026-05-07 21:45:00+00:00,0.86521,0.86533,0.86521,0.86525
2026-05-07 22:00:00+00:00,0.86525,0.86548,0.86509,0.86548
2026-05-07 22:15:00+00:00,0.86546,0.8656,0.86542,0.86558
2026-05-07 22:30:00+00:00,0.86555,0.86561,0.86551,0.86552
2026-05-07 22:45:00+00:00,0.86554,0.86561,0.86549,0.8655
2026-05-07 23:00:00+00:00,0.8655,0.86551,0.86522,0.86545
2026-05-07 23:15:00+00:00,0.86544,0.86551,0.86541,0.86549
2026-05-07 23:30:00+00:00,0.86547,0.86554,0.86543,0.86549
2026-05-07 23:45:00+00:00,0.86549,0.86549,0.86535,0.86537
2026-05-08 00:00:00+00:00,0.86537,0.86545,0.86532,0.86536
2026-05-08 00:15:00+00:00,0.86534,0.86554,0.86534,0.86544
2026-05-08 00:30:00+00:00,0.86541,0.86547,0.86536,0.86539
2026-05-08 00:45:00+00:00,0.86539,0.86551,0.86537,0.86545
2026-05-08 01:00:00+00:00,0.86545,0.86551,0.86539,0.86543
2026-05-08 01:15:00+00:00,0.86543,0.86553,0.86538,0.86544
2026-05-08 01:30:00+00:00,0.86542,0.86542,0.86523,0.86532
2026-05-08 01:45:00+00:00,0.86531,0.86535,0.86527,0.86534
2026-05-08 02:00:00+00:00,0.86532,0.86539,0.86515,0.86519
2026-05-08 02:15:00+00:00,0.86517,0.8652,0.86513,0.86517
2026-05-08 02:30:00+00:00,0.86515,0.86529,0.86514,0.86517
2026-05-08 02:45:00+00:00,0.86516,0.86516,0.86504,0.86506
2026-05-08 03:00:00+00:00,0.86506,0.86522,0.86506,0.86521
2026-05-08 03:15:00+00:00,0.86519,0.86533,0.86516,0.86532
2026-05-08 03:30:00+00:00,0.8653,0.86538,0.86521,0.86536
2026-05-08 03:45:00+00:00,0.86534,0.86541,0.86529,0.86533
2026-05-08 04:00:00+00:00,0.86533,0.8656,0.86522,0.86523
2026-05-08 04:15:00+00:00,0.86523,0.86525,0.8651,0.86511
2026-05-08 04:30:00+00:00,0.8651,0.8652,0.86509,0.86515
2026-05-08 04:45:00+00:00,0.86513,0.86514,0.86482,0.86502
2026-05-08 05:00:00+00:00,0.86504,0.86518,0.86479,0.86491
2026-05-08 05:15:00+00:00,0.86489,0.86491,0.86469,0.86471
2026-05-08 05:30:00+00:00,0.8647,0.8647,0.86458,0.86466
2026-05-08 05:45:00+00:00,0.86464,0.86479,0.86464,0.86477
2026-05-08 06:00:00+00:00,0.86476,0.86497,0.86467,0.86471
2026-05-08 06:15:00+00:00,0.86472,0.86472,0.86438,0.8646
2026-05-08 06:30:00+00:00,0.86454,0.86467,0.8644,0.86442
2026-05-08 06:45:00+00:00,0.86443,0.8646,0.86439,0.86459
2026-05-08 07:00:00+00:00,0.86457,0.86473,0.86444,0.86471
2026-05-08 07:15:00+00:00,0.86471,0.86487,0.86467,0.86479
2026-05-08 07:30:00+00:00,0.86479,0.86479,0.86451,0.86452
2026-05-08 07:45:00+00:00,0.8645,0.86459,0.86433,0.86456
2026-05-08 08:00:00+00:00,0.8645,0.86473,0.86445,0.86455
2026-05-08 08:15:00+00:00,0.86455,0.86457,0.86436,0.86437
2026-05-08 08:30:00+00:00,0.86436,0.86453,0.86398,0.86416
2026-05-08 08:45:00+00:00,0.86413,0.86428,0.86402,0.86411
2026-05-08 09:00:00+00:00,0.86409,0.8643,0.86408,0.8642
2026-05-08 09:15:00+00:00,0.86419,0.8643,0.86415,0.86423
2026-05-08 09:30:00+00:00,0.86424,0.86439,0.86424,0.86437
2026-05-08 09:45:00+00:00,0.86435,0.86451,0.86435,0.86447
2026-05-08 10:00:00+00:00,0.86446,0.86448,0.86442,0.86442
2026-05-08 10:15:00+00:00,0.86442,0.86453,0.86438,0.86447
2026-05-08 10:30:00+00:00,0.86447,0.86465,0.86446,0.86455
2026-05-08 10:45:00+00:00,0.86456,0.86475,0.86442,0.86474
2026-05-08 11:00:00+00:00,0.86468,0.86487,0.86468,0.8648
2026-05-08 11:15:00+00:00,0.86481,0.86487,0.86474,0.86476
2026-05-08 11:30:00+00:00,0.86477,0.86482,0.86459,0.86465
2026-05-08 11:45:00+00:00,0.86464,0.86464,0.86429,0.86431
2026-05-08 12:00:00+00:00,0.86433,0.86436,0.86409,0.86411
2026-05-08 12:15:00+00:00,0.8641,0.86453,0.86407,0.86425
2026-05-08 12:30:00+00:00,0.86433,0.86469,0.86426,0.86469
2026-05-08 12:45:00+00:00,0.86468,0.8649,0.86456,0.86486
2026-05-08 13:00:00+00:00,0.86474,0.86494,0.86474,0.86475
2026-05-08 13:15:00+00:00,0.86474,0.86486,0.86465,0.86465
2026-05-08 13:30:00+00:00,0.86465,0.86489,0.86465,0.86485
2026-05-08 13:45:00+00:00,0.86484,0.86484,0.86454,0.86457
2026-05-08 14:00:00+00:00,0.86462,0.86467,0.86448,0.86458
2026-05-08 14:15:00+00:00,0.86456,0.86471,0.86451,0.86459
2026-05-08 14:30:00+00:00,0.86459,0.86478,0.86445,0.86446
2026-05-08 14:45:00+00:00,0.86446,0.86451,0.86415,0.86419
2026-05-08 15:00:00+00:00,0.86418,0.86452,0.86412,0.86419
2026-05-08 15:15:00+00:00,0.86425,0.86425,0.86404,0.86408
2026-05-08 15:30:00+00:00,0.86408,0.86417,0.86389,0.86415
2026-05-08 15:45:00+00:00,0.86413,0.8645,0.86413,0.86428
2026-05-08 16:00:00+00:00,0.86426,0.86426,0.86395,0.86421
2026-05-08 16:15:00+00:00,0.86419,0.86433,0.86416,0.8642
2026-05-08 16:30:00+00:00,0.8642,0.86455,0.8642,0.86447
2026-05-08 16:45:00+00:00,0.86447,0.86458,0.86438,0.86438
2026-05-08 17:00:00+00:00,0.86437,0.86451,0.86437,0.86442
2026-05-08 17:15:00+00:00,0.86441,0.86452,0.86437,0.86445
2026-05-08 17:30:00+00:00,0.86444,0.86452,0.86435,0.86448
2026-05-08 17:45:00+00:00,0.86448,0.86451,0.86436,0.86439
2026-05-08 18:00:00+00:00,0.86436,0.86441,0.8643,0.86438
2026-05-08 18:15:00+00:00,0.86435,0.86448,0.86428,0.86444
2026-05-08 18:30:00+00:00,0.86444,0.86467,0.86442,0.86464
2026-05-08 18:45:00+00:00,0.8646,0.8647,0.86457,0.86464
2026-05-08 19:00:00+00:00,0.86463,0.86471,0.86461,0.8647
2026-05-08 19:15:00+00:00,0.86468,0.86473,0.86465,0.86468
2026-05-08 19:30:00+00:00,0.86467,0.86471,0.86458,0.86461
2026-05-08 19:45:00+00:00,0.8646,0.86463,0.86442,0.86443
2026-05-08 20:00:00+00:00,0.86442,0.86442,0.86424,0.86439
2026-05-08 20:15:00+00:00,0.86435,0.86457,0.86435,0.86438
2026-05-08 20:30:00+00:00,0.8644,0.86472,0.86434,0.86468
2026-05-08 20:45:00+00:00,0.86469,0.8648,0.86442,0.86462
2026-05-08 21:00:00+00:00,0.86462,0.86522,0.86436,0.86476
2026-05-08 21:15:00+00:00,0.86474,0.8649,0.86467,0.86488
2026-05-08 21:30:00+00:00,0.86485,0.86489,0.86476,0.8648
2026-05-08 21:45:00+00:00,0.8648,0.86493,0.86473,0.86477
2026-05-08 22:00:00+00:00,0.86478,0.86504,0.86473,0.86482
2026-05-08 22:15:00+00:00,0.86479,0.86486,0.86476,0.86482
2026-05-08 22:30:00+00:00,0.8648,0.86489,0.86478,0.86486
2026-05-08 22:45:00+00:00,0.86486,0.86487,0.86476,0.8648
2026-05-08 23:00:00+00:00,0.86482,0.86505,0.86478,0.86484
2026-05-08 23:15:00+00:00,0.86483,0.86486,0.86478,0.86483
2026-05-08 23:30:00+00:00,0.86481,0.86485,0.86476,0.86478
2026-05-08 23:45:00+00:00,0.86478,0.86486,0.86476,0.8648
2026-05-09 00:00:00+00:00,0.86481,0.86484,0.86458,0.86459
2026-05-09 00:15:00+00:00,0.86458,0.86463,0.86457,0.86461
2026-05-09 00:30:00+00:00,0.86459,0.86463,0.86457,0.86459
2026-05-09 00:45:00+00:00,0.86458,0.86464,0.86456,0.86458
2026-05-09 01:00:00+00:00,0.86459,0.86462,0.86456,0.86459
2026-05-09 01:15:00+00:00,0.86459,0.86464,0.86456,0.8646
2026-05-09 01:30:00+00:00,0.86458,0.86474,0.86443,0.86459
2026-05-09 01:45:00+00:00,0.8646,0.86462,0.86456,0.86458
2026-05-09 02:00:00+00:00,0.86459,0.86464,0.86457,0.86459
2026-05-09 02:15:00+00:00,0.86459,0.86462,0.86457,0.8646
2026-05-09 02:30:00+00:00,0.86458,0.86464,0.86457,0.8646
2026-05-09 02:45:00+00:00,0.86459,0.86465,0.86456,0.86459
2026-05-09 03:00:00+00:00,0.86459,0.86462,0.86456,0.86458
2026-05-09 03:15:00+00:00,0.86458,0.86474,0.86442,0.8646
2026-05-09 03:30:00+00:00,0.86458,0.86462,0.86457,0.8646
2026-05-09 03:45:00+00:00,0.86458,0.86464,0.86457,0.86458
2026-05-09 04:00:00+00:00,0.86458,0.86464,0.86457,0.8646
2026-05-09 04:15:00+00:00,0.86461,0.86462,0.86456,0.8646
2026-05-09 04:30:00+00:00,0.86458,0.86466,0.86454,0.8646
2026-05-09 04:45:00+00:00,0.86458,0.86462,0.86457,0.86458
2026-05-09 05:00:00+00:00,0.86458,0.86473,0.86446,0.86458
2026-05-09 05:15:00+00:00,0.86458,0.86463,0.86457,0.86461
2026-05-09 05:30:00+00:00,0.8646,0.86463,0.86458,0.86461
2026-05-09 05:45:00+00:00,0.86459,0.86464,0.86457,0.86459
2026-05-09 06:00:00+00:00,0.86459,0.86463,0.86457,0.86457
2026-05-09 06:15:00+00:00,0.86458,0.86464,0.86457,0.86461
2026-05-09 06:30:00+00:00,0.86459,0.86469,0.86455,0.86462
2026-05-09 06:45:00+00:00,0.86464,0.86464,0.86458,0.8646
2026-05-09 07:00:00+00:00,0.86459,0.86467,0.86455,0.86459
2026-05-09 07:15:00+00:00,0.86459,0.86463,0.86457,0.86459
2026-05-09 07:30:00+00:00,0.86459,0.86466,0.86456,0.86461
2026-05-09 07:45:00+00:00,0.86459,0.86467,0.86457,0.86462
2026-05-09 08:00:00+00:00,0.86462,0.86463,0.86458,0.86458
2026-05-09 08:15:00+00:00,0.86459,0.86478,0.86454,0.86465
2026-05-09 08:30:00+00:00,0.86465,0.86466,0.86459,0.86461
2026-05-09 08:45:00+00:00,0.86459,0.86477,0.86446,0.86461
2026-05-09 09:00:00+00:00,0.8646,0.8647,0.86458,0.86468
2026-05-09 09:15:00+00:00,0.86468,0.86468,0.86458,0.86459
2026-05-09 09:30:00+00:00,0.86459,0.8647,0.86457,0.86463
2026-05-09 09:45:00+00:00,0.86461,0.86464,0.86458,0.86461
2026-05-09 10:00:00+00:00,0.86459,0.86477,0.86453,0.86459
2026-05-09 10:15:00+00:00,0.86459,0.86476,0.86448,0.86465
2026-05-09 10:30:00+00:00,0.86465,0.86467,0.86458,0.86461
2026-05-09 10:45:00+00:00,0.86459,0.8647,0.86458,0.86463
2026-05-09 11:00:00+00:00,0.86461,0.86472,0.86456,0.8647
2026-05-09 11:15:00+00:00,0.8647,0.86484,0.86459,0.86459
2026-05-09 11:30:00+00:00,0.8646,0.86477,0.8645,0.86477
2026-05-09 11:45:00+00:00,0.86476,0.8648,0.86474,0.86478
2026-05-09 12:00:00+00:00,0.86476,0.86482,0.86475,0.86478
2026-05-09 12:15:00+00:00,0.86478,0.86482,0.86477,0.86477
2026-05-09 12:30:00+00:00,0.86478,0.86483,0.86476,0.86479
2026-05-09 12:45:00+00:00,0.86479,0.86483,0.86478,0.86481
2026-05-09 13:00:00+00:00,0.86479,0.86483,0.86478,0.8648
2026-05-09 13:15:00+00:00,0.86479,0.8649,0.86469,0.86482
2026-05-09 13:30:00+00:00,0.86482,0.86486,0.86481,0.86482
2026-05-09 13:45:00+00:00,0.86482,0.86487,0.86471,0.86481
2026-05-09 14:00:00+00:00,0.86479,0.86487,0.86358,0.86451
2026-05-09 14:15:00+00:00,0.8645,0.86451,0.86304,0.86365
2026-05-09 14:30:00+00:00,0.86366,0.86439,0.86341,0.86436
2026-05-09 14:45:00+00:00,0.86436,0.86449,0.86435,0.86447
2026-05-09 15:00:00+00:00,0.86445,0.8647,0.86431,0.86468
2026-05-09 15:15:00+00:00,0.86467,0.86478,0.86465,0.86477
2026-05-09 15:30:00+00:00,0.86476,0.86476,0.86468,0.86469
2026-05-09 15:45:00+00:00,0.86469,0.86485,0.86458,0.86474
2026-05-09 16:00:00+00:00,0.86472,0.86476,0.8646,0.86463
2026-05-09 16:15:00+00:00,0.86461,0.86471,0.8646,0.86461
2026-05-09 16:30:00+00:00,0.86461,0.86477,0.8645,0.86477
2026-05-09 16:45:00+00:00,0.86477,0.86477,0.86461,0.86462
2026-05-09 17:00:00+00:00,0.86461,0.86475,0.86459,0.86473
2026-05-09 17:15:00+00:00,0.86471,0.86475,0.8647,0.86471
2026-05-09 17:30:00+00:00,0.86471,0.86479,0.8647,0.86475
2026-05-09 17:45:00+00:00,0.86475,0.86479,0.86474,0.86478
2026-05-09 18:00:00+00:00,0.86475,0.86487,0.86475,0.86485
2026-05-09 18:15:00+00:00,0.86483,0.86493,0.86454,0.8649
2026-05-09 18:30:00+00:00,0.86489,0.86507,0.8646,0.8646
2026-05-09 18:45:00+00:00,0.86461,0.86471,0.8646,0.86461
2026-05-09 19:00:00+00:00,0.86461,0.86469,0.8646,0.86467
2026-05-09 19:15:00+00:00,0.86459,0.86471,0.86459,0.86462
2026-05-09 19:30:00+00:00,0.86461,0.86473,0.86455,0.86462
2026-05-09 19:45:00+00:00,0.86462,0.86465,0.8646,0.86461
2026-05-09 20:00:00+00:00,0.86461,0.86491,0.86438,0.86466
2026-05-09 20:15:00+00:00,0.86465,0.86472,0.8646,0.86469
2026-05-09 20:30:00+00:00,0.8646,0.86477,0.8646,0.86472
2026-05-09 20:45:00+00:00,0.86473,0.86482,0.86467,0.86478
2026-05-09 21:00:00+00:00,0.86478,0.86488,0.86478,0.86485
2026-05-09 21:15:00+00:00,0.86484,0.86495,0.86477,0.86492
2026-05-09 21:30:00+00:00,0.86491,0.86494,0.86448,0.86473
2026-05-09 21:45:00+00:00,0.8646,0.86484,0.86459,0.8646
2026-05-09 22:00:00+00:00,0.86461,0.8647,0.8646,0.86464
2026-05-09 22:15:00+00:00,0.86462,0.86465,0.8646,0.86463
2026-05-09 22:30:00+00:00,0.86461,0.86473,0.86456,0.86461
2026-05-09 22:45:00+00:00,0.86461,0.86465,0.8646,0.8646
2026-05-09 23:00:00+00:00,0.86461,0.86472,0.86459,0.86463
2026-05-09 23:15:00+00:00,0.86462,0.86481,0.86448,0.86472
2026-05-09 23:30:00+00:00,0.86472,0.86476,0.86464,0.86466
2026-05-09 23:45:00+00:00,0.86465,0.8648,0.86454,0.86475
2026-05-10 00:00:00+00:00,0.86476,0.86482,0.86469,0.86472
2026-05-10 00:15:00+00:00,0.8647,0.86484,0.86469,0.86483
2026-05-10 00:30:00+00:00,0.86481,0.8649,0.86477,0.86487
2026-05-10 00:45:00+00:00,0.86486,0.8649,0.86485,0.86486
2026-05-10 01:00:00+00:00,0.86486,0.86495,0.86475,0.86491
2026-05-10 01:15:00+00:00,0.86491,0.86495,0.8649,0.86493
2026-05-10 01:30:00+00:00,0.86491,0.865,0.86485,0.86497
2026-05-10 01:45:00+00:00,0.86496,0.86504,0.86495,0.865
2026-05-10 02:00:00+00:00,0.86501,0.86505,0.86499,0.86501
2026-05-10 02:15:00+00:00,0.86501,0.86508,0.865,0.86506
2026-05-10 02:30:00+00:00,0.86504,0.86508,0.86455,0.8646
2026-05-10 02:45:00+00:00,0.86459,0.86482,0.86447,0.86461
2026-05-10 03:00:00+00:00,0.86461,0.86474,0.86453,0.86463
2026-05-10 03:15:00+00:00,0.86463,0.86465,0.8646,0.86462
2026-05-10 03:30:00+00:00,0.86461,0.86473,0.86456,0.86463
2026-05-10 03:45:00+00:00,0.86461,0.86465,0.8646,0.86461
2026-05-10 04:00:00+00:00,0.86461,0.86474,0.86452,0.86461
2026-05-10 04:15:00+00:00,0.86461,0.86484,0.86447,0.86483
2026-05-10 04:30:00+00:00,0.86482,0.86486,0.8648,0.86483
2026-05-10 04:45:00+00:00,0.86482,0.86488,0.86472,0.86476
2026-05-10 05:00:00+00:00,0.86476,0.8648,0.86475,0.86476
2026-05-10 05:15:00+00:00,0.86476,0.86488,0.86469,0.86486
2026-05-10 05:30:00+00:00,0.86485,0.86495,0.86481,0.86493
2026-05-10 05:45:00+00:00,0.86491,0.86495,0.8649,0.86492
2026-05-10 06:00:00+00:00,0.86491,0.86493,0.86472,0.86489
2026-05-10 06:15:00+00:00,0.8649,0.86494,0.86488,0.86492
2026-05-10 06:30:00+00:00,0.8649,0.86499,0.86489,0.86498
2026-05-10 06:45:00+00:00,0.86496,0.86504,0.86491,0.86501
2026-05-10 07:00:00+00:00,0.865,0.86504,0.86499,0.86499
2026-05-10 07:15:00+00:00,0.865,0.86507,0.86499,0.86505
2026-05-10 07:30:00+00:00,0.86503,0.86507,0.86494,0.86497
2026-05-10 07:45:00+00:00,0.86495,0.86503,0.86494,0.86501
2026-05-10 08:00:00+00:00,0.865,0.86506,0.86498,0.86503
2026-05-10 08:15:00+00:00,0.86503,0.86507,0.86502,0.86503
2026-05-10 08:30:00+00:00,0.86503,0.8651,0.865,0.86508
2026-05-10 08:45:00+00:00,0.86506,0.8651,0.86505,0.86508
2026-05-10 09:00:00+00:00,0.86506,0.86513,0.86506,0.86508
2026-05-10 09:15:00+00:00,0.86509,0.86513,0.86497,0.86504
2026-05-10 09:30:00+00:00,0.86504,0.86508,0.86503,0.86506
2026-05-10 09:45:00+00:00,0.86504,0.86511,0.86503,0.86509
2026-05-10 10:00:00+00:00,0.86508,0.86513,0.86464,0.86464
2026-05-10 10:15:00+00:00,0.86464,0.86466,0.8646,0.86461
2026-05-10 10:30:00+00:00,0.86461,0.86465,0.8646,0.86462
2026-05-10 10:45:00+00:00,0.86461,0.86465,0.8646,0.86463
2026-05-10 11:00:00+00:00,0.86461,0.86465,0.8646,0.86461
2026-05-10 11:15:00+00:00,0.86461,0.86483,0.86452,0.86478
2026-05-10 11:30:00+00:00,0.86479,0.86494,0.86477,0.86493
2026-05-10 11:45:00+00:00,0.86491,0.86495,0.8649,0.86493
2026-05-10 12:00:00+00:00,0.86491,0.86508,0.86487,0.86505
2026-05-10 12:15:00+00:00,0.86504,0.86508,0.86488,0.86488
2026-05-10 12:30:00+00:00,0.86489,0.86501,0.86479,0.86498
2026-05-10 12:45:00+00:00,0.86498,0.86508,0.86496,0.86507
2026-05-10 13:00:00+00:00,0.86505,0.86509,0.86503,0.86506
2026-05-10 13:15:00+00:00,0.86505,0.86507,0.86479,0.86493
2026-05-10 13:30:00+00:00,0.86493,0.86497,0.86492,0.86495
2026-05-10 13:45:00+00:00,0.86493,0.86505,0.86493,0.86503
2026-05-10 14:00:00+00:00,0.86501,0.86575,0.86364,0.86426
2026-05-10 14:15:00+00:00,0.86414,0.86453,0.86414,0.86448
2026-05-10 14:30:00+00:00,0.86449,0.8647,0.86448,0.86466
2026-05-10 14:45:00+00:00,0.86466,0.86504,0.86371,0.86372
2026-05-10 15:00:00+00:00,0.86371,0.86423,0.8631,0.8642
2026-05-10 15:15:00+00:00,0.86418,0.86444,0.86417,0.86441
2026-05-10 15:30:00+00:00,0.86441,0.86445,0.8644,0.86441
2026-05-10 15:45:00+00:00,0.86441,0.86464,0.86438,0.86461
2026-05-10 16:00:00+00:00,0.8646,0.86475,0.86458,0.86473
2026-05-10 16:15:00+00:00,0.86471,0.86487,0.86465,0.86483
2026-05-10 16:30:00+00:00,0.86483,0.86607,0.86373,0.86381
2026-05-10 16:45:00+00:00,0.86381,0.86385,0.8638,0.86382
2026-05-10 17:00:00+00:00,0.86381,0.86469,0.86377,0.86461
2026-05-10 17:15:00+00:00,0.86459,0.86465,0.86459,0.86461
2026-05-10 17:30:00+00:00,0.86461,0.86476,0.86458,0.8646
2026-05-10 17:45:00+00:00,0.86461,0.86476,0.86451,0.86468
2026-05-10 18:00:00+00:00,0.86468,0.86468,0.86459,0.86461
2026-05-10 18:15:00+00:00,0.86459,0.8648,0.86445,0.86461
2026-05-10 18:30:00+00:00,0.8646,0.86467,0.86457,0.86463
2026-05-10 18:45:00+00:00,0.86464,0.86475,0.86461,0.86462
2026-05-10 19:00:00+00:00,0.86463,0.86511,0.86456,0.86505
2026-05-10 19:15:00+00:00,0.86487,0.86642,0.86477,0.86528
2026-05-10 19:30:00+00:00,0.86542,0.86598,0.86512,0.86577
2026-05-10 19:45:00+00:00,0.8657,0.86641,0.8657,0.86629
2026-05-10 20:00:00+00:00,0.86628,0.86792,0.86541,0.86764
2026-05-10 20:15:00+00:00,0.8673,0.86759,0.86533,0.8656
2026-05-10 20:30:00+00:00,0.86557,0.86756,0.86518,0.86654
2026-05-10 20:45:00+00:00,0.86639,0.86759,0.86554,0.86698
2026-05-10 21:00:00+00:00,0.86697,0.86736,0.86577,0.86635
2026-05-10 21:15:00+00:00,0.86611,0.86655,0.86487,0.86632
2026-05-10 21:30:00+00:00,0.86623,0.86653,0.86547,0.86631
2026-05-10 21:45:00+00:00,0.86636,0.86728,0.8662,0.86692
2026-05-10 22:00:00+00:00,0.86681,0.86741,0.86576,0.86585
2026-05-10 22:15:00+00:00,0.86582,0.86608,0.86575,0.86598
2026-05-10 22:30:00+00:00,0.86596,0.86596,0.86582,0.8659
2026-05-10 22:45:00+00:00,0.86589,0.86591,0.86566,0.86567
2026-05-10 23:00:00+00:00,0.86567,0.86569,0.86559,0.86568
2026-05-10 23:15:00+00:00,0.86566,0.86566,0.86557,0.86562
2026-05-10 23:30:00+00:00,0.8656,0.86577,0.86554,0.86568
2026-05-10 23:45:00+00:00,0.86567,0.86576,0.86561,0.86566
2026-05-11 00:00:00+00:00,0.86565,0.86566,0.86556,0.8656
2026-05-11 00:15:00+00:00,0.8656,0.86564,0.86544,0.86563
2026-05-11 00:30:00+00:00,0.86561,0.86561,0.86547,0.86556
2026-05-11 00:45:00+00:00,0.86555,0.86576,0.86544,0.86559
2026-05-11 01:00:00+00:00,0.86559,0.86559,0.86544,0.86555
2026-05-11 01:15:00+00:00,0.86555,0.86555,0.86541,0.86548
2026-05-11 01:30:00+00:00,0.86546,0.86559,0.86541,0.86556
2026-05-11 01:45:00+00:00,0.86554,0.86557,0.86532,0.86539
2026-05-11 02:00:00+00:00,0.86539,0.86544,0.86528,0.86531
2026-05-11 02:15:00+00:00,0.86529,0.86539,0.86527,0.86534
2026-05-11 02:30:00+00:00,0.86532,0.86534,0.86523,0.86532
2026-05-11 02:45:00+00:00,0.8653,0.8653,0.86518,0.86523
2026-05-11 03:00:00+00:00,0.86521,0.86527,0.86513,0.86514
2026-05-11 03:15:00+00:00,0.86514,0.86518,0.86505,0.86508
2026-05-11 03:30:00+00:00,0.86506,0.86514,0.86504,0.86509
2026-05-11 03:45:00+00:00,0.86507,0.86516,0.86503,0.86515
2026-05-11 04:00:00+00:00,0.86512,0.86516,0.86501,0.86502
2026-05-11 04:15:00+00:00,0.86502,0.86509,0.86499,0.86505
2026-05-11 04:30:00+00:00,0.86505,0.86512,0.86498,0.8651
2026-05-11 04:45:00+00:00,0.86508,0.8653,0.86502,0.86528
2026-05-11 05:00:00+00:00,0.86527,0.86527,0.86513,0.86517
2026-05-11 05:15:00+00:00,0.86517,0.86522,0.865,0.86507
2026-05-11 05:30:00+00:00,0.86505,0.86518,0.86502,0.8651
2026-05-11 05:45:00+00:00,0.86508,0.86521,0.86499,0.865
2026-05-11 06:00:00+00:00,0.865,0.86519,0.86493,0.86494
2026-05-11 06:15:00+00:00,0.86496,0.86573,0.86496,0.86563
2026-05-11 06:30:00+00:00,0.86565,0.86565,0.86524,0.86538
2026-05-11 06:45:00+00:00,0.86536,0.86552,0.86527,0.86546
2026-05-11 07:00:00+00:00,0.86544,0.86544,0.86502,0.86522
2026-05-11 07:15:00+00:00,0.86522,0.86566,0.8652,0.86549
2026-05-11 07:30:00+00:00,0.86549,0.8655,0.86534,0.8655
2026-05-11 07:45:00+00:00,0.86548,0.86563,0.86535,0.86561
2026-05-11 08:00:00+00:00,0.86559,0.86572,0.86558,0.86559
2026-05-11 08:15:00+00:00,0.86563,0.86584,0.86538,0.86539
2026-05-11 08:30:00+00:00,0.86539,0.86544,0.86527,0.86534
2026-05-11 08:45:00+00:00,0.86533,0.86533,0.86502,0.86506
2026-05-11 09:00:00+00:00,0.86504,0.86511,0.86484,0.86509
2026-05-11 09:15:00+00:00,0.86506,0.86517,0.86496,0.86497
2026-05-11 09:30:00+00:00,0.86501,0.86529,0.86501,0.86527
2026-05-11 09:45:00+00:00,0.86526,0.86533,0.8652,0.86528
2026-05-11 10:00:00+00:00,0.86526,0.86573,0.86524,0.86565
2026-05-11 10:15:00+00:00,0.86562,0.86567,0.86531,0.86532
2026-05-11 10:30:00+00:00,0.86532,0.866,0.86519,0.86593
2026-05-11 10:45:00+00:00,0.86593,0.86624,0.86548,0.86623
2026-05-11 11:00:00+00:00,0.86619,0.86619,0.86482,0.86508
2026-05-11 11:15:00+00:00,0.8651,0.86518,0.8649,0.86502
2026-05-11 11:30:00+00:00,0.86502,0.8651,0.86486,0.8651
2026-05-11 11:45:00+00:00,0.86509,0.86511,0.86481,0.86493
2026-05-11 12:00:00+00:00,0.86489,0.86505,0.86475,0.86495
2026-05-11 12:15:00+00:00,0.86491,0.86507,0.86472,0.86484
2026-05-11 12:30:00+00:00,0.86479,0.86497,0.86468,0.86495
2026-05-11 12:45:00+00:00,0.86492,0.8651,0.86492,0.865
2026-05-11 13:00:00+00:00,0.86498,0.86517,0.86498,0.86514
2026-05-11 13:15:00+00:00,0.86512,0.86513,0.86483,0.86511
2026-05-11 13:30:00+00:00,0.86509,0.86514,0.86456,0.86479
2026-05-11 13:45:00+00:00,0.86476,0.86504,0.86476,0.86503
2026-05-11 14:00:00+00:00,0.86498,0.86527,0.86498,0.86516
2026-05-11 14:15:00+00:00,0.86514,0.86514,0.86487,0.865
2026-05-11 14:30:00+00:00,0.865,0.8651,0.86481,0.86491
2026-05-11 14:45:00+00:00,0.86486,0.86502,0.86384,0.86389
2026-05-11 15:00:00+00:00,0.864,0.864,0.86359,0.86384
2026-05-11 15:15:00+00:00,0.86382,0.86382,0.86304,0.86305
2026-05-11 15:30:00+00:00,0.86308,0.86345,0.86303,0.86319
2026-05-11 15:45:00+00:00,0.86313,0.86322,0.86302,0.86306
2026-05-11 16:00:00+00:00,0.86305,0.86322,0.86301,0.86319
2026-05-11 16:15:00+00:00,0.86317,0.86331,0.86313,0.8633
2026-05-11 16:30:00+00:00,0.86328,0.86333,0.86303,0.86323
2026-05-11 16:45:00+00:00,0.8632,0.8633,0.86304,0.8631
2026-05-11 17:00:00+00:00,0.8631,0.86328,0.86302,0.86326
2026-05-11 17:15:00+00:00,0.86324,0.86325,0.86309,0.86324
2026-05-11 17:30:00+00:00,0.86322,0.86333,0.86318,0.86325
2026-05-11 17:45:00+00:00,0.86327,0.86339,0.86327,0.86334
2026-05-11 18:00:00+00:00,0.86332,0.86356,0.86331,0.86354
2026-05-11 18:15:00+00:00,0.86353,0.86381,0.86345,0.8638
2026-05-11 18:30:00+00:00,0.86378,0.86401,0.86378,0.864
2026-05-11 18:45:00+00:00,0.86398,0.86409,0.86388,0.86395
2026-05-11 19:00:00+00:00,0.86391,0.86414,0.86391,0.86406
2026-05-11 19:15:00+00:00,0.86406,0.86455,0.86404,0.86453
2026-05-11 19:30:00+00:00,0.86451,0.86462,0.86441,0.8646
2026-05-11 19:45:00+00:00,0.86458,0.86483,0.86455,0.86478
2026-05-11 20:00:00+00:00,0.86471,0.86533,0.86471,0.86533
2026-05-11 20:15:00+00:00,0.86531,0.86538,0.86516,0.86533
2026-05-11 20:30:00+00:00,0.86531,0.86573,0.86531,0.86563
2026-05-11 20:45:00+00:00,0.86566,0.86577,0.86546,0.86572
2026-05-11 21:00:00+00:00,0.8657,0.86573,0.86537,0.86565
2026-05-11 21:15:00+00:00,0.86563,0.86564,0.86547,0.86553
2026-05-11 21:30:00+00:00,0.8655,0.86589,0.86546,0.86585
2026-05-11 21:45:00+00:00,0.86585,0.86609,0.8658,0.86609
2026-05-11 22:00:00+00:00,0.86609,0.86625,0.86604,0.86619
2026-05-11 22:15:00+00:00,0.86617,0.86623,0.86612,0.86614
2026-05-11 22:30:00+00:00,0.86611,0.86618,0.86608,0.86612
2026-05-11 22:45:00+00:00,0.86612,0.86615,0.86606,0.86608
2026-05-11 23:00:00+00:00,0.86609,0.8661,0.86592,0.86599
2026-05-11 23:15:00+00:00,0.86598,0.866,0.86588,0.86589
2026-05-11 23:30:00+00:00,0.86589,0.86589,0.86569,0.86577
2026-05-11 23:45:00+00:00,0.86575,0.8659,0.86571,0.8658
2026-05-12 00:00:00+00:00,0.86581,0.86586,0.86566,0.86571
2026-05-12 00:15:00+00:00,0.86569,0.86577,0.86564,0.86571
2026-05-12 00:30:00+00:00,0.86568,0.86575,0.8656,0.86573
2026-05-12 00:45:00+00:00,0.86572,0.86576,0.8655,0.8656
2026-05-12 01:00:00+00:00,0.86556,0.8657,0.86556,0.86565
2026-05-12 01:15:00+00:00,0.86562,0.86578,0.86562,0.86575
2026-05-12 01:30:00+00:00,0.86573,0.86582,0.86568,0.8658
2026-05-12 01:45:00+00:00,0.86579,0.86586,0.86568,0.86568
2026-05-12 02:00:00+00:00,0.86569,0.86571,0.86553,0.86554
2026-05-12 02:15:00+00:00,0.86554,0.86563,0.86553,0.86558
2026-05-12 02:30:00+00:00,0.86556,0.86562,0.86549,0.8656
2026-05-12 02:45:00+00:00,0.86558,0.86559,0.86548,0.86548
2026-05-12 03:00:00+00:00,0.86549,0.86552,0.86537,0.86539
2026-05-12 03:15:00+00:00,0.86538,0.86546,0.86532,0.86545
2026-05-12 03:30:00+00:00,0.86543,0.86555,0.86543,0.86551
2026-05-12 03:45:00+00:00,0.86549,0.86559,0.86545,0.86545
2026-05-12 04:00:00+00:00,0.86547,0.86574,0.86547,0.86567
2026-05-12 04:15:00+00:00,0.86569,0.86572,0.86557,0.86559
2026-05-12 04:30:00+00:00,0.86559,0.86564,0.86548,0.86562
2026-05-12 04:45:00+00:00,0.8656,0.86561,0.86544,0.86546
2026-05-12 05:00:00+00:00,0.86546,0.86591,0.86546,0.86589
2026-05-12 05:15:00+00:00,0.86585,0.86597,0.86578,0.86596
2026-05-12 05:30:00+00:00,0.86593,0.86616,0.86593,0.86615
2026-05-12 05:45:00+00:00,0.86612,0.86654,0.86611,0.8665
2026-05-12 06:00:00+00:00,0.86647,0.86653,0.86631,0.86644
2026-05-12 06:15:00+00:00,0.86644,0.86694,0.8664,0.86693
2026-05-12 06:30:00+00:00,0.86692,0.86726,0.86692,0.86725
2026-05-12 06:45:00+00:00,0.8672,0.86751,0.86717,0.86739
2026-05-12 07:00:00+00:00,0.86738,0.86793,0.86704,0.86782
2026-05-12 07:15:00+00:00,0.86778,0.86829,0.86773,0.86812
2026-05-12 07:30:00+00:00,0.86812,0.86869,0.86801,0.86865
2026-05-12 07:45:00+00:00,0.86853,0.86914,0.86853,0.86904
2026-05-12 08:00:00+00:00,0.86908,0.86975,0.86901,0.86973
2026-05-12 08:15:00+00:00,0.86969,0.86978,0.86834,0.86907
2026-05-12 08:30:00+00:00,0.86903,0.86922,0.86892,0.86903
2026-05-12 08:45:00+00:00,0.86901,0.86921,0.86815,0.86822
2026-05-12 09:00:00+00:00,0.86821,0.86849,0.86793,0.86848
2026-05-12 09:15:00+00:00,0.86846,0.86846,0.86785,0.86786
2026-05-12 09:30:00+00:00,0.86787,0.86815,0.86752,0.86757
2026-05-12 09:45:00+00:00,0.86756,0.86769,0.86738,0.86766
2026-05-12 10:00:00+00:00,0.86765,0.86773,0.86747,0.86763
2026-05-12 10:15:00+00:00,0.8676,0.86764,0.86726,0.86726
2026-05-12 10:30:00+00:00,0.86727,0.86741,0.86687,0.86714
2026-05-12 10:45:00+00:00,0.86714,0.86763,0.86702,0.86761
2026-05-12 11:00:00+00:00,0.86759,0.86789,0.86726,0.86774
2026-05-12 11:15:00+00:00,0.86774,0.86775,0.86739,0.86745
2026-05-12 11:30:00+00:00,0.86746,0.86752,0.86732,0.86733
2026-05-12 11:45:00+00:00,0.86734,0.86798,0.86734,0.86784
2026-05-12 12:00:00+00:00,0.86782,0.86817,0.86771,0.86815
2026-05-12 12:15:00+00:00,0.86814,0.86832,0.86813,0.86814
2026-05-12 12:30:00+00:00,0.86816,0.8685,0.86793,0.86808
2026-05-12 12:45:00+00:00,0.86808,0.86808,0.86766,0.86773
2026-05-12 13:00:00+00:00,0.86771,0.86794,0.86764,0.86782
2026-05-12 13:15:00+00:00,0.86781,0.86815,0.86775,0.86814
2026-05-12 13:30:00+00:00,0.86812,0.8683,0.86777,0.86803
2026-05-12 13:45:00+00:00,0.86804,0.86823,0.86795,0.86822
2026-05-12 14:00:00+00:00,0.86817,0.86842,0.86699,0.86699
2026-05-12 14:15:00+00:00,0.86697,0.86744,0.86696,0.86743
2026-05-12 14:30:00+00:00,0.86743,0.86762,0.86727,0.86739
2026-05-12 14:45:00+00:00,0.86744,0.86801,0.86744,0.8678
2026-05-12 15:00:00+00:00,0.86788,0.86806,0.86771,0.86774
2026-05-12 15:15:00+00:00,0.8678,0.86839,0.86768,0.86817
2026-05-12 15:30:00+00:00,0.86817,0.86818,0.86755,0.86756
2026-05-12 15:45:00+00:00,0.86757,0.86758,0.86724,0.86733
2026-05-12 16:00:00+00:00,0.86733,0.86773,0.86724,0.86772
2026-05-12 16:15:00+00:00,0.8677,0.86789,0.86748,0.86787
2026-05-12 16:30:00+00:00,0.86787,0.86794,0.86757,0.86767
2026-05-12 16:45:00+00:00,0.86768,0.86782,0.86742,0.86767
2026-05-12 17:00:00+00:00,0.86766,0.86766,0.86732,0.8675
2026-05-12 17:15:00+00:00,0.86748,0.86756,0.86731,0.86737
2026-05-12 17:30:00+00:00,0.86737,0.86769,0.86737,0.86765
2026-05-12 17:45:00+00:00,0.86765,0.86782,0.86759,0.86769
2026-05-12 18:00:00+00:00,0.86768,0.86779,0.86765,0.86772
2026-05-12 18:15:00+00:00,0.8677,0.86776,0.86746,0.86763
2026-05-12 18:30:00+00:00,0.86765,0.86774,0.86737,0.86773
2026-05-12 18:45:00+00:00,0.86771,0.86776,0.86753,0.8676
2026-05-12 19:00:00+00:00,0.8676,0.86766,0.86731,0.86735
2026-05-12 19:15:00+00:00,0.86733,0.86745,0.86731,0.86744
2026-05-12 19:30:00+00:00,0.86742,0.86742,0.86717,0.86717
2026-05-12 19:45:00+00:00,0.86718,0.86718,0.86704,0.86714
2026-05-12 20:00:00+00:00,0.86709,0.86716,0.86702,0.86713
2026-05-12 20:15:00+00:00,0.86712,0.86715,0.867,0.86713
2026-05-12 20:30:00+00:00,0.86711,0.86719,0.86709,0.86718
2026-05-12 20:45:00+00:00,0.86717,0.86732,0.86705,0.86708
2026-05-12 21:00:00+00:00,0.86707,0.86715,0.86691,0.86696
2026-05-12 21:15:00+00:00,0.86697,0.86724,0.86677,0.86698
2026-05-12 21:30:00+00:00,0.867,0.86703,0.8669,0.8669
2026-05-12 21:45:00+00:00,0.86691,0.86727,0.86691,0.86713
2026-05-12 22:00:00+00:00,0.86711,0.86727,0.86692,0.86705
2026-05-12 22:15:00+00:00,0.86704,0.86708,0.86698,0.86703
2026-05-12 22:30:00+00:00,0.86701,0.86706,0.86697,0.86705
2026-05-12 22:45:00+00:00,0.86704,0.86707,0.86698,0.86704
2026-05-12 23:00:00+00:00,0.86704,0.86713,0.86697,0.86701
2026-05-12 23:15:00+00:00,0.86701,0.86703,0.86696,0.86701
2026-05-12 23:30:00+00:00,0.867,0.86706,0.86694,0.86705
2026-05-12 23:45:00+00:00,0.86703,0.8671,0.867,0.86702
2026-05-13 00:00:00+00:00,0.86703,0.86718,0.86699,0.86716
2026-05-13 00:15:00+00:00,0.86711,0.86717,0.86706,0.86716
2026-05-13 00:30:00+00:00,0.86714,0.86718,0.86709,0.86715
2026-05-13 00:45:00+00:00,0.86713,0.86726,0.86711,0.86718
2026-05-13 01:00:00+00:00,0.86714,0.86724,0.86708,0.86713
2026-05-13 01:15:00+00:00,0.86714,0.86723,0.86712,0.86717
2026-05-13 01:30:00+00:00,0.86715,0.86719,0.86697,0.867
2026-05-13 01:45:00+00:00,0.86699,0.86703,0.86685,0.86695
2026-05-13 02:00:00+00:00,0.86693,0.86703,0.86682,0.86698
2026-05-13 02:15:00+00:00,0.86698,0.86711,0.86697,0.867
2026-05-13 02:30:00+00:00,0.86698,0.86703,0.86683,0.86687
2026-05-13 02:45:00+00:00,0.86685,0.86702,0.86682,0.86692
2026-05-13 03:00:00+00:00,0.86693,0.86711,0.86693,0.86701
2026-05-13 03:15:00+00:00,0.86701,0.86709,0.86699,0.86704
2026-05-13 03:30:00+00:00,0.86703,0.86704,0.86688,0.86694
2026-05-13 03:45:00+00:00,0.86692,0.86696,0.86682,0.86682
2026-05-13 04:00:00+00:00,0.86682,0.86705,0.86682,0.86703
2026-05-13 04:15:00+00:00,0.867,0.86706,0.86695,0.867
2026-05-13 04:30:00+00:00,0.86699,0.86708,0.86695,0.86706
2026-05-13 04:45:00+00:00,0.86703,0.86708,0.86699,0.86703
2026-05-13 05:00:00+00:00,0.86702,0.86712,0.86676,0.86676
2026-05-13 05:15:00+00:00,0.86676,0.86684,0.86658,0.8666
2026-05-13 05:30:00+00:00,0.86663,0.86663,0.86626,0.86635
2026-05-13 05:45:00+00:00,0.86632,0.86632,0.86602,0.86606
2026-05-13 06:00:00+00:00,0.86605,0.86617,0.8659,0.86604
2026-05-13 06:15:00+00:00,0.86605,0.86626,0.866,0.86612
2026-05-13 06:30:00+00:00,0.86614,0.86625,0.86602,0.86625
2026-05-13 06:45:00+00:00,0.86622,0.86661,0.86613,0.86629
2026-05-13 07:00:00+00:00,0.86629,0.86647,0.86594,0.86636
2026-05-13 07:15:00+00:00,0.86636,0.86643,0.86601,0.86603
2026-05-13 07:30:00+00:00,0.86605,0.86606,0.86552,0.86595
2026-05-13 07:45:00+00:00,0.86593,0.86602,0.86563,0.86586
2026-05-13 08:00:00+00:00,0.86582,0.86595,0.86561,0.86566
2026-05-13 08:15:00+00:00,0.86568,0.8657,0.86542,0.86544
2026-05-13 08:30:00+00:00,0.86545,0.86554,0.86526,0.86548
2026-05-13 08:45:00+00:00,0.86547,0.86558,0.86505,0.8653
2026-05-13 09:00:00+00:00,0.86525,0.86574,0.86519,0.86538
2026-05-13 09:15:00+00:00,0.86538,0.86573,0.86523,0.86565
2026-05-13 09:30:00+00:00,0.86567,0.86605,0.86556,0.86599
2026-05-13 09:45:00+00:00,0.86599,0.86633,0.86596,0.86597
2026-05-13 10:00:00+00:00,0.86598,0.86677,0.86569,0.86675
2026-05-13 10:15:00+00:00,0.86674,0.86685,0.86604,0.86635
2026-05-13 10:30:00+00:00,0.8664,0.86685,0.8664,0.86648
2026-05-13 10:45:00+00:00,0.86649,0.86717,0.86633,0.86715
2026-05-13 11:00:00+00:00,0.86712,0.86762,0.86701,0.86737
2026-05-13 11:15:00+00:00,0.86738,0.86749,0.86717,0.86729
2026-05-13 11:30:00+00:00,0.86728,0.86759,0.86717,0.86757
2026-05-13 11:45:00+00:00,0.86752,0.86762,0.86723,0.86744
2026-05-13 12:00:00+00:00,0.86742,0.86745,0.86706,0.86721
2026-05-13 12:15:00+00:00,0.8672,0.86744,0.86708,0.86742
2026-05-13 12:30:00+00:00,0.86738,0.86801,0.867,0.86761
2026-05-13 12:45:00+00:00,0.8676,0.86765,0.86724,0.86752
2026-05-13 13:00:00+00:00,0.86749,0.86763,0.86704,0.86716
2026-05-13 13:15:00+00:00,0.86714,0.86726,0.86695,0.86714
2026-05-13 13:30:00+00:00,0.86712,0.86726,0.86643,0.86649
2026-05-13 13:45:00+00:00,0.86659,0.86681,0.86646,0.86648
2026-05-13 14:00:00+00:00,0.86652,0.86657,0.86624,0.8663
2026-05-13 14:15:00+00:00,0.86627,0.86651,0.86605,0.8665
2026-05-13 14:30:00+00:00,0.86648,0.86673,0.86629,0.86661
2026-05-13 14:45:00+00:00,0.86661,0.8669,0.86633,0.86644
2026-05-13 15:00:00+00:00,0.86641,0.86647,0.8662,0.86645
2026-05-13 15:15:00+00:00,0.86642,0.8666,0.86627,0.8664
2026-05-13 15:30:00+00:00,0.86643,0.86647,0.86595,0.86602
2026-05-13 15:45:00+00:00,0.86603,0.86634,0.8659,0.86632
2026-05-13 16:00:00+00:00,0.86626,0.86635,0.86603,0.86622
2026-05-13 16:15:00+00:00,0.86618,0.86644,0.86603,0.86628
2026-05-13 16:30:00+00:00,0.86625,0.86644,0.8662,0.86634
2026-05-13 16:45:00+00:00,0.86629,0.86652,0.86623,0.86637
2026-05-13 17:00:00+00:00,0.86639,0.86644,0.86617,0.86628
2026-05-13 17:15:00+00:00,0.86626,0.86643,0.86624,0.8663
2026-05-13 17:30:00+00:00,0.86634,0.86637,0.86619,0.86622
2026-05-13 17:45:00+00:00,0.86628,0.86643,0.86614,0.86628
2026-05-13 18:00:00+00:00,0.86627,0.8663,0.86607,0.86615
2026-05-13 18:15:00+00:00,0.86613,0.86624,0.86606,0.86617
2026-05-13 18:30:00+00:00,0.86615,0.86622,0.86603,0.86617
2026-05-13 18:45:00+00:00,0.86614,0.86629,0.86595,0.8661
2026-05-13 19:00:00+00:00,0.8661,0.86613,0.86601,0.86611
2026-05-13 19:15:00+00:00,0.86609,0.86613,0.86601,0.86606
2026-05-13 19:30:00+00:00,0.86605,0.86618,0.86594,0.86606
2026-05-13 19:45:00+00:00,0.86605,0.86606,0.86591,0.86597
2026-05-13 20:00:00+00:00,0.86595,0.86606,0.86586,0.86601
2026-05-13 20:15:00+00:00,0.866,0.86602,0.86588,0.86599
2026-05-13 20:30:00+00:00,0.86597,0.86613,0.86589,0.86611
2026-05-13 20:45:00+00:00,0.86607,0.86622,0.86605,0.86611
2026-05-13 21:00:00+00:00,0.86615,0.86637,0.86593,0.86637
2026-05-13 21:15:00+00:00,0.86635,0.86648,0.86605,0.86618
2026-05-13 21:30:00+00:00,0.86632,0.8664,0.86599,0.86636
2026-05-13 21:45:00+00:00,0.86636,0.86647,0.86629,0.86645
2026-05-13 22:00:00+00:00,0.86642,0.86653,0.8661,0.86618
2026-05-13 22:15:00+00:00,0.86616,0.8662,0.86599,0.86609
2026-05-13 22:30:00+00:00,0.86605,0.86612,0.86598,0.86602
2026-05-13 22:45:00+00:00,0.86601,0.86625,0.86594,0.86623
2026-05-13 23:00:00+00:00,0.86619,0.86624,0.86607,0.86609
2026-05-13 23:15:00+00:00,0.86611,0.86615,0.86607,0.86614
2026-05-13 23:30:00+00:00,0.86612,0.8662,0.86605,0.86618
2026-05-13 23:45:00+00:00,0.86616,0.86619,0.86609,0.86613
2026-05-14 00:00:00+00:00,0.86614,0.86626,0.86593,0.86607
2026-05-14 00:15:00+00:00,0.86609,0.86614,0.86587,0.86594
2026-05-14 00:30:00+00:00,0.86591,0.86607,0.86587,0.86604
2026-05-14 00:45:00+00:00,0.86603,0.86609,0.86595,0.86606
2026-05-14 01:00:00+00:00,0.86603,0.86612,0.86589,0.86598
2026-05-14 01:15:00+00:00,0.86603,0.86616,0.86601,0.86607
2026-05-14 01:30:00+00:00,0.86608,0.86617,0.86594,0.86616
2026-05-14 01:45:00+00:00,0.86613,0.86629,0.86606,0.86619
2026-05-14 02:00:00+00:00,0.86625,0.86633,0.8661,0.86619
2026-05-14 02:15:00+00:00,0.86619,0.86619,0.86604,0.86609
2026-05-14 02:30:00+00:00,0.86607,0.86612,0.86601,0.8661
2026-05-14 02:45:00+00:00,0.86608,0.86618,0.86601,0.86612
2026-05-14 03:00:00+00:00,0.86611,0.86612,0.8659,0.86596
2026-05-14 03:15:00+00:00,0.86597,0.86601,0.86585,0.8659
2026-05-14 03:30:00+00:00,0.86587,0.86595,0.86582,0.86593
2026-05-14 03:45:00+00:00,0.86592,0.86597,0.86582,0.86585
2026-05-14 04:00:00+00:00,0.8659,0.86601,0.8658,0.86587
2026-05-14 04:15:00+00:00,0.86588,0.86595,0.86581,0.86592
2026-05-14 04:30:00+00:00,0.86591,0.86594,0.86584,0.86589
2026-05-14 04:45:00+00:00,0.86587,0.86597,0.8658,0.86593
2026-05-14 05:00:00+00:00,0.86591,0.86638,0.86587,0.8663
2026-05-14 05:15:00+00:00,0.86631,0.86654,0.86622,0.86651
2026-05-14 05:30:00+00:00,0.86645,0.8666,0.86643,0.86658
2026-05-14 05:45:00+00:00,0.86656,0.86664,0.86627,0.86638
2026-05-14 06:00:00+00:00,0.86642,0.86648,0.86587,0.86596
2026-05-14 06:15:00+00:00,0.866,0.86642,0.86597,0.86617
2026-05-14 06:30:00+00:00,0.86617,0.86631,0.86612,0.86626
2026-05-14 06:45:00+00:00,0.86624,0.86643,0.86595,0.86626
2026-05-14 07:00:00+00:00,0.86625,0.86657,0.8662,0.8664
2026-05-14 07:15:00+00:00,0.86648,0.86664,0.86629,0.86655
2026-05-14 07:30:00+00:00,0.86657,0.86676,0.86651,0.86653
2026-05-14 07:45:00+00:00,0.86656,0.86684,0.86643,0.86682
2026-05-14 08:00:00+00:00,0.86677,0.86698,0.8665,0.86652
2026-05-14 08:15:00+00:00,0.86656,0.86657,0.86637,0.86649
2026-05-14 08:30:00+00:00,0.86649,0.86662,0.86623,0.86636
2026-05-14 08:45:00+00:00,0.86636,0.86645,0.86626,0.86635
2026-05-14 09:00:00+00:00,0.86633,0.86641,0.86617,0.86632
2026-05-14 09:15:00+00:00,0.86632,0.86643,0.8662,0.86635
2026-05-14 09:30:00+00:00,0.86633,0.86647,0.86605,0.86619
2026-05-14 09:45:00+00:00,0.86615,0.8664,0.8661,0.86631
2026-05-14 10:00:00+00:00,0.86631,0.86653,0.86617,0.8664
2026-05-14 10:15:00+00:00,0.86631,0.86654,0.8663,0.86631
2026-05-14 10:30:00+00:00,0.86633,0.86644,0.86612,0.86642
2026-05-14 10:45:00+00:00,0.86637,0.86652,0.86627,0.86651
2026-05-14 11:00:00+00:00,0.86649,0.86659,0.86619,0.86624
2026-05-14 11:15:00+00:00,0.86623,0.86641,0.86602,0.86638
2026-05-14 11:30:00+00:00,0.86633,0.86641,0.86588,0.8659
2026-05-14 11:45:00+00:00,0.86592,0.86643,0.86584,0.86629
2026-05-14 12:00:00+00:00,0.86592,0.86672,0.86592,0.86614
2026-05-14 12:15:00+00:00,0.86619,0.86625,0.86586,0.86605
2026-05-14 12:30:00+00:00,0.86605,0.86618,0.86575,0.86589
2026-05-14 12:45:00+00:00,0.86592,0.86615,0.86587,0.86589
2026-05-14 13:00:00+00:00,0.86591,0.86604,0.86578,0.86602
2026-05-14 13:15:00+00:00,0.866,0.86627,0.86596,0.86614
2026-05-14 13:30:00+00:00,0.86611,0.86637,0.8659,0.86631
2026-05-14 13:45:00+00:00,0.86619,0.86659,0.86576,0.86598
2026-05-14 14:00:00+00:00,0.86596,0.86604,0.86571,0.86586
2026-05-14 14:15:00+00:00,0.86585,0.86605,0.86564,0.86579
2026-05-14 14:30:00+00:00,0.86579,0.86604,0.86569,0.86599
2026-05-14 14:45:00+00:00,0.86592,0.86638,0.86577,0.86627
2026-05-14 15:00:00+00:00,0.86617,0.86635,0.86579,0.8662
2026-05-14 15:15:00+00:00,0.86619,0.86625,0.86591,0.86613
2026-05-14 15:30:00+00:00,0.86607,0.86653,0.86604,0.86652
2026-05-14 15:45:00+00:00,0.8665,0.86652,0.86629,0.86637
2026-05-14 16:00:00+00:00,0.86635,0.86736,0.86632,0.86735
2026-05-14 16:15:00+00:00,0.86733,0.86845,0.86706,0.86812
2026-05-14 16:30:00+00:00,0.86818,0.86892,0.8681,0.86887
2026-05-14 16:45:00+00:00,0.8688,0.86902,0.86858,0.86865
2026-05-14 17:00:00+00:00,0.86868,0.86921,0.86841,0.86906
2026-05-14 17:15:00+00:00,0.86904,0.86982,0.86897,0.86974
2026-05-14 17:30:00+00:00,0.86976,0.87038,0.86973,0.87037
2026-05-14 17:45:00+00:00,0.87036,0.8708,0.87018,0.87075
2026-05-14 18:00:00+00:00,0.87067,0.87149,0.87065,0.87144
2026-05-14 18:15:00+00:00,0.87138,0.87181,0.8711,0.87113
2026-05-14 18:30:00+00:00,0.87118,0.87131,0.87094,0.87117
2026-05-14 18:45:00+00:00,0.8712,0.87122,0.87099,0.87113
2026-05-14 19:00:00+00:00,0.87112,0.87115,0.87083,0.871
2026-05-14 19:15:00+00:00,0.87098,0.87098,0.87076,0.87085
2026-05-14 19:30:00+00:00,0.87083,0.87124,0.87079,0.87113
2026-05-14 19:45:00+00:00,0.87111,0.87113,0.87088,0.87095
2026-05-14 20:00:00+00:00,0.87097,0.87111,0.87061,0.87103
2026-05-14 20:15:00+00:00,0.87104,0.87112,0.87072,0.87081
2026-05-14 20:30:00+00:00,0.87079,0.87087,0.87073,0.8708
2026-05-14 20:45:00+00:00,0.87081,0.87087,0.8707,0.87077
2026-05-14 21:00:00+00:00,0.87078,0.87101,0.86998,0.87075
2026-05-14 21:15:00+00:00,0.87073,0.87101,0.87045,0.87092
2026-05-14 21:30:00+00:00,0.87078,0.8709,0.87011,0.87066
2026-05-14 21:45:00+00:00,0.87066,0.87105,0.87064,0.87072
2026-05-14 22:00:00+00:00,0.87075,0.87102,0.87025,0.87101
2026-05-14 22:15:00+00:00,0.87099,0.87107,0.87092,0.87105
2026-05-14 22:30:00+00:00,0.87104,0.87105,0.87093,0.87101
2026-05-14 22:45:00+00:00,0.87102,0.87106,0.87093,0.87094
2026-05-14 23:00:00+00:00,0.87096,0.87132,0.87075,0.8713
2026-05-14 23:15:00+00:00,0.87125,0.87137,0.87114,0.87127
2026-05-14 23:30:00+00:00,0.87127,0.87127,0.87067,0.87071
2026-05-14 23:45:00+00:00,0.87077,0.87096,0.87051,0.87094
2026-05-15 00:00:00+00:00,0.87091,0.87116,0.87066,0.87092
2026-05-15 00:15:00+00:00,0.87089,0.87104,0.87077,0.87086
2026-05-15 00:30:00+00:00,0.87083,0.87121,0.87072,0.87119
2026-05-15 00:45:00+00:00,0.87117,0.87124,0.87097,0.87109
2026-05-15 01:00:00+00:00,0.87112,0.8712,0.87098,0.87113
2026-05-15 01:15:00+00:00,0.87115,0.8715,0.87111,0.87148
2026-05-15 01:30:00+00:00,0.87142,0.87157,0.87112,0.8713
2026-05-15 01:45:00+00:00,0.87129,0.8714,0.87118,0.87126
2026-05-15 02:00:00+00:00,0.87127,0.87157,0.87122,0.8715
2026-05-15 02:15:00+00:00,0.8715,0.87159,0.87139,0.87157
2026-05-15 02:30:00+00:00,0.87153,0.87159,0.87133,0.87141
2026-05-15 02:45:00+00:00,0.87139,0.8715,0.87106,0.87116
2026-05-15 03:00:00+00:00,0.87122,0.87133,0.87109,0.87115
2026-05-15 03:15:00+00:00,0.87115,0.87119,0.87105,0.87111
2026-05-15 03:30:00+00:00,0.87109,0.87123,0.87102,0.87121
2026-05-15 03:45:00+00:00,0.87119,0.87126,0.87109,0.87112
2026-05-15 04:00:00+00:00,0.87112,0.87138,0.8711,0.87133
2026-05-15 04:15:00+00:00,0.87135,0.87146,0.87126,0.87136
2026-05-15 04:30:00+00:00,0.87132,0.87146,0.8713,0.87144
2026-05-15 04:45:00+00:00,0.8714,0.87159,0.87134,0.87155
2026-05-15 05:00:00+00:00,0.87153,0.87201,0.87149,0.87198
2026-05-15 05:15:00+00:00,0.87194,0.87216,0.87191,0.87214
2026-05-15 05:30:00+00:00,0.87209,0.87216,0.87189,0.87206
2026-05-15 05:45:00+00:00,0.87203,0.87235,0.87162,0.87193
2026-05-15 06:00:00+00:00,0.87187,0.87223,0.87153,0.8719
2026-05-15 06:15:00+00:00,0.8718,0.8728,0.87177,0.87276
2026-05-15 06:30:00+00:00,0.87268,0.87275,0.87152,0.8716
2026-05-15 06:45:00+00:00,0.87159,0.87167,0.87119,0.8716
2026-05-15 07:00:00+00:00,0.87157,0.87173,0.87112,0.87113
2026-05-15 07:15:00+00:00,0.87113,0.87135,0.87058,0.87077
2026-05-15 07:30:00+00:00,0.87078,0.87094,0.87048,0.8707
2026-05-15 07:45:00+00:00,0.87068,0.87095,0.8706,0.87084
2026-05-15 08:00:00+00:00,0.8708,0.87112,0.87058,0.87103
2026-05-15 08:15:00+00:00,0.87104,0.87136,0.87095,0.87126
2026-05-15 08:30:00+00:00,0.87129,0.87156,0.87123,0.87127
2026-05-15 08:45:00+00:00,0.87133,0.87175,0.87131,0.87173
2026-05-15 09:00:00+00:00,0.87168,0.872,0.87155,0.87183
2026-05-15 09:15:00+00:00,0.87182,0.87199,0.87143,0.8717
2026-05-15 09:30:00+00:00,0.87173,0.8718,0.87123,0.87145
2026-05-15 09:45:00+00:00,0.87152,0.87156,0.87095,0.87114
2026-05-15 10:00:00+00:00,0.87106,0.87122,0.87071,0.87076
2026-05-15 10:15:00+00:00,0.87074,0.87116,0.87052,0.87078
2026-05-15 10:30:00+00:00,0.87075,0.87104,0.87064,0.87083
2026-05-15 10:45:00+00:00,0.87082,0.87101,0.87009,0.87065
2026-05-15 11:00:00+00:00,0.87064,0.87068,0.87008,0.8705
2026-05-15 11:15:00+00:00,0.87052,0.87055,0.87004,0.87019
2026-05-15 11:30:00+00:00,0.87027,0.87081,0.87024,0.8705
2026-05-15 11:45:00+00:00,0.87053,0.87066,0.87035,0.87058
2026-05-15 12:00:00+00:00,0.87056,0.87075,0.87043,0.87066
2026-05-15 12:15:00+00:00,0.87064,0.87079,0.87032,0.87075
2026-05-15 12:30:00+00:00,0.87071,0.87115,0.87066,0.87094
2026-05-15 12:45:00+00:00,0.87101,0.87111,0.87056,0.87059
2026-05-15 13:00:00+00:00,0.87062,0.8709,0.87037,0.87051
2026-05-15 13:15:00+00:00,0.87052,0.87069,0.87034,0.87064
2026-05-15 13:30:00+00:00,0.87061,0.87133,0.87038,0.87131
2026-05-15 13:45:00+00:00,0.87127,0.87143,0.87094,0.87135
2026-05-15 14:00:00+00:00,0.87133,0.87159,0.87104,0.8711
2026-05-15 14:15:00+00:00,0.8712,0.87135,0.87084,0.87132
2026-05-15 14:30:00+00:00,0.8713,0.8714,0.87101,0.87123
2026-05-15 14:45:00+00:00,0.87123,0.87142,0.87098,0.87142
2026-05-15 15:00:00+00:00,0.8714,0.87185,0.87121,0.87183
2026-05-15 15:15:00+00:00,0.87175,0.8726,0.87172,0.87259
2026-05-15 15:30:00+00:00,0.87257,0.87273,0.87243,0.8727
2026-05-15 15:45:00+00:00,0.87265,0.87278,0.87221,0.87224
2026-05-15 16:00:00+00:00,0.8723,0.8726,0.87204,0.87254
2026-05-15 16:15:00+00:00,0.8725,0.87274,0.87238,0.87267
2026-05-15 16:30:00+00:00,0.87263,0.87281,0.87233,0.87233
2026-05-15 16:45:00+00:00,0.87234,0.87245,0.87205,0.87245
2026-05-15 17:00:00+00:00,0.87244,0.87271,0.8723,0.87241
2026-05-15 17:15:00+00:00,0.87239,0.87257,0.8723,0.87242
2026-05-15 17:30:00+00:00,0.87239,0.8725,0.87213,0.87231
2026-05-15 17:45:00+00:00,0.87232,0.8724,0.87222,0.87233
2026-05-15 18:00:00+00:00,0.87235,0.87236,0.87213,0.87226
2026-05-15 18:15:00+00:00,0.87224,0.87247,0.87218,0.87233
2026-05-15 18:30:00+00:00,0.87232,0.87233,0.87199,0.87221
2026-05-15 18:45:00+00:00,0.87221,0.8725,0.87216,0.87233
2026-05-15 19:00:00+00:00,0.8724,0.87247,0.87232,0.87234
2026-05-15 19:15:00+00:00,0.87235,0.87236,0.87216,0.87229
2026-05-15 19:30:00+00:00,0.87227,0.87242,0.8722,0.8724
2026-05-15 19:45:00+00:00,0.87237,0.8726,0.87226,0.8725
2026-05-15 20:00:00+00:00,0.87253,0.87281,0.87244,0.87275
2026-05-15 20:15:00+00:00,0.87273,0.87281,0.87268,0.8728
2026-05-15 20:30:00+00:00,0.87278,0.87292,0.87271,0.8729
2026-05-15 20:45:00+00:00,0.8729,0.87297,0.87245,0.87246
2026-05-15 21:00:00+00:00,0.87246,0.8725,0.87196,0.87236
2026-05-15 21:15:00+00:00,0.87235,0.87239,0.87216,0.87227
2026-05-15 21:30:00+00:00,0.87234,0.87243,0.87218,0.87241
2026-05-15 21:45:00+00:00,0.8724,0.8724,0.87218,0.87227
2026-05-15 22:00:00+00:00,0.87231,0.87237,0.87193,0.87235
2026-05-15 22:15:00+00:00,0.87231,0.87235,0.87218,0.87234
2026-05-15 22:30:00+00:00,0.8723,0.87236,0.87216,0.87231
2026-05-15 22:45:00+00:00,0.87231,0.87237,0.87214,0.87229
2026-05-15 23:00:00+00:00,0.8723,0.87247,0.87192,0.87235
2026-05-15 23:15:00+00:00,0.87231,0.87235,0.87214,0.87233
2026-05-15 23:30:00+00:00,0.87229,0.87235,0.87214,0.87232
2026-05-15 23:45:00+00:00,0.87229,0.87237,0.87214,0.87222
2026-05-16 00:00:00+00:00,0.8723,0.87238,0.87221,0.87228
2026-05-16 00:15:00+00:00,0.87228,0.87237,0.87224,0.8723
2026-05-16 00:30:00+00:00,0.87227,0.87239,0.87221,0.8723
2026-05-16 00:45:00+00:00,0.87228,0.87238,0.87223,0.87228
2026-05-16 01:00:00+00:00,0.87228,0.87235,0.87226,0.87228
2026-05-16 01:15:00+00:00,0.87228,0.87236,0.87226,0.87231
2026-05-16 01:30:00+00:00,0.87227,0.87238,0.87222,0.8723
2026-05-16 01:45:00+00:00,0.87227,0.87232,0.87226,0.87228
2026-05-16 02:00:00+00:00,0.87228,0.87232,0.87224,0.87231
2026-05-16 02:15:00+00:00,0.87228,0.87232,0.87227,0.8723
2026-05-16 02:30:00+00:00,0.87228,0.87232,0.87217,0.87231
2026-05-16 02:45:00+00:00,0.87228,0.87232,0.87218,0.87229
2026-05-16 03:00:00+00:00,0.87228,0.87233,0.87228,0.87229
2026-05-16 03:15:00+00:00,0.87229,0.87231,0.87224,0.87228
2026-05-16 03:30:00+00:00,0.87227,0.87237,0.87226,0.87231
2026-05-16 03:45:00+00:00,0.87228,0.87233,0.87224,0.87231
2026-05-16 04:00:00+00:00,0.87229,0.87232,0.87223,0.87227
2026-05-16 04:15:00+00:00,0.87228,0.87236,0.87227,0.87231
2026-05-16 04:30:00+00:00,0.87229,0.87233,0.87226,0.87232
2026-05-16 04:45:00+00:00,0.8723,0.87233,0.87228,0.87231
2026-05-16 05:00:00+00:00,0.87229,0.87233,0.87221,0.87229
2026-05-16 05:15:00+00:00,0.8723,0.87233,0.87226,0.87229
2026-05-16 05:30:00+00:00,0.87229,0.87233,0.87228,0.87232
2026-05-16 05:45:00+00:00,0.8723,0.87233,0.87226,0.87231
2026-05-16 06:00:00+00:00,0.87229,0.87233,0.87228,0.87229
2026-05-16 06:15:00+00:00,0.87229,0.87235,0.87228,0.87231
2026-05-16 06:30:00+00:00,0.87231,0.87235,0.87227,0.87233
2026-05-16 06:45:00+00:00,0.8723,0.87235,0.87229,0.87233
2026-05-16 07:00:00+00:00,0.87231,0.87234,0.87225,0.8723
2026-05-16 07:15:00+00:00,0.87231,0.87235,0.87229,0.8723
2026-05-16 07:30:00+00:00,0.87231,0.87236,0.87226,0.87233
2026-05-16 07:45:00+00:00,0.87232,0.87234,0.87223,0.87232
2026-05-16 08:00:00+00:00,0.87229,0.87233,0.87228,0.87229
2026-05-16 08:15:00+00:00,0.8723,0.87233,0.8721,0.87229
2026-05-16 08:30:00+00:00,0.87229,0.87234,0.87228,0.87231
2026-05-16 08:45:00+00:00,0.8723,0.87243,0.8722,0.87231
2026-05-16 09:00:00+00:00,0.8723,0.87233,0.8722,0.87228
2026-05-16 09:15:00+00:00,0.87228,0.87234,0.87228,0.87229
2026-05-16 09:30:00+00:00,0.8723,0.87233,0.87216,0.87231
2026-05-16 09:45:00+00:00,0.87229,0.87233,0.87228,0.87232
2026-05-16 10:00:00+00:00,0.8723,0.87233,0.87218,0.8723
2026-05-16 10:15:00+00:00,0.87229,0.87234,0.87217,0.87231
2026-05-16 10:30:00+00:00,0.87229,0.87233,0.87228,0.8723
2026-05-16 10:45:00+00:00,0.8723,0.87233,0.87209,0.87231
2026-05-16 11:00:00+00:00,0.87229,0.87233,0.87228,0.8723
2026-05-16 11:15:00+00:00,0.8723,0.87233,0.87217,0.87229
2026-05-16 11:30:00+00:00,0.8723,0.87238,0.87211,0.87228
2026-05-16 11:45:00+00:00,0.87229,0.87234,0.87229,0.87232
2026-05-16 12:00:00+00:00,0.8723,0.87234,0.87212,0.8723
2026-05-16 12:15:00+00:00,0.87228,0.87232,0.87227,0.87228
2026-05-16 12:30:00+00:00,0.87228,0.87232,0.87213,0.87227
2026-05-16 12:45:00+00:00,0.87227,0.87231,0.87213,0.87227
2026-05-16 13:00:00+00:00,0.87225,0.87229,0.87224,0.87227
2026-05-16 13:15:00+00:00,0.87225,0.87229,0.87212,0.87225
2026-05-16 13:30:00+00:00,0.87226,0.87229,0.87224,0.87225
2026-05-16 13:45:00+00:00,0.87226,0.87229,0.87211,0.87226
2026-05-16 14:00:00+00:00,0.87225,0.87235,0.87224,0.8723
2026-05-16 14:15:00+00:00,0.87229,0.8724,0.87221,0.8723
2026-05-16 14:30:00+00:00,0.87229,0.87234,0.87225,0.87232
2026-05-16 14:45:00+00:00,0.87229,0.87233,0.87227,0.87231
2026-05-16 15:00:00+00:00,0.8723,0.87232,0.87211,0.87229
2026-05-16 15:15:00+00:00,0.87227,0.87233,0.87209,0.87226
2026-05-16 15:30:00+00:00,0.87227,0.87234,0.87226,0.87232
2026-05-16 15:45:00+00:00,0.87229,0.87233,0.87227,0.87229
2026-05-16 16:00:00+00:00,0.87229,0.87238,0.87202,0.87233
2026-05-16 16:15:00+00:00,0.87231,0.87235,0.87213,0.87232
2026-05-16 16:30:00+00:00,0.87231,0.87236,0.87211,0.87229
2026-05-16 16:45:00+00:00,0.87229,0.87233,0.87226,0.87231
2026-05-16 17:00:00+00:00,0.87229,0.87243,0.87204,0.87228
2026-05-16 17:15:00+00:00,0.87226,0.8723,0.87224,0.87227
2026-05-16 17:30:00+00:00,0.87226,0.8723,0.87209,0.87226
2026-05-16 17:45:00+00:00,0.87226,0.8723,0.87211,0.87226
2026-05-16 18:00:00+00:00,0.87226,0.87236,0.87199,0.87202
2026-05-16 18:15:00+00:00,0.87201,0.87229,0.87192,0.87227
2026-05-16 18:30:00+00:00,0.87225,0.87236,0.87222,0.8723
2026-05-16 18:45:00+00:00,0.8723,0.87234,0.87226,0.87228
2026-05-16 19:00:00+00:00,0.87228,0.87232,0.87208,0.87232
2026-05-16 19:15:00+00:00,0.87231,0.87234,0.87227,0.8723
2026-05-16 19:30:00+00:00,0.87228,0.87232,0.87209,0.87228
2026-05-16 19:45:00+00:00,0.87228,0.87232,0.87227,0.87227
2026-05-16 20:00:00+00:00,0.87228,0.87229,0.87192,0.87223
2026-05-16 20:15:00+00:00,0.87222,0.8723,0.87221,0.87228
2026-05-16 20:30:00+00:00,0.87226,0.87237,0.87216,0.87231
2026-05-16 20:45:00+00:00,0.87231,0.87234,0.87211,0.87227
2026-05-16 21:00:00+00:00,0.87227,0.87229,0.87202,0.87213
2026-05-16 21:15:00+00:00,0.87212,0.87217,0.87209,0.87215
2026-05-16 21:30:00+00:00,0.87213,0.87225,0.87207,0.87223
2026-05-16 21:45:00+00:00,0.87221,0.87227,0.87205,0.87222
2026-05-16 22:00:00+00:00,0.87223,0.87249,0.87193,0.87214
2026-05-16 22:15:00+00:00,0.87212,0.87216,0.87211,0.87214
2026-05-16 22:30:00+00:00,0.87212,0.87217,0.87198,0.87214
2026-05-16 22:45:00+00:00,0.87213,0.87217,0.87212,0.87212
2026-05-16 23:00:00+00:00,0.87213,0.87233,0.87197,0.87198
2026-05-16 23:15:00+00:00,0.87198,0.87213,0.87193,0.87212
2026-05-16 23:30:00+00:00,0.8721,0.87214,0.87209,0.87211
2026-05-16 23:45:00+00:00,0.8721,0.87215,0.87199,0.87211
2026-05-17 00:00:00+00:00,0.87212,0.87229,0.8721,0.87228
2026-05-17 00:15:00+00:00,0.87225,0.87228,0.87222,0.87225
2026-05-17 00:30:00+00:00,0.87224,0.87227,0.87211,0.87221
2026-05-17 00:45:00+00:00,0.8722,0.87224,0.87219,0.8722
2026-05-17 01:00:00+00:00,0.8722,0.87225,0.87211,0.87221
2026-05-17 01:15:00+00:00,0.87222,0.87225,0.8722,0.87223
2026-05-17 01:30:00+00:00,0.87222,0.87224,0.87211,0.87222
2026-05-17 01:45:00+00:00,0.8722,0.87229,0.8721,0.87223
2026-05-17 02:00:00+00:00,0.87223,0.87229,0.87222,0.87224
2026-05-17 02:15:00+00:00,0.87225,0.87231,0.87212,0.87228
2026-05-17 02:30:00+00:00,0.87227,0.87235,0.87226,0.87233
2026-05-17 02:45:00+00:00,0.87231,0.87235,0.87214,0.87231
2026-05-17 03:00:00+00:00,0.87231,0.87235,0.87212,0.87228
2026-05-17 03:15:00+00:00,0.87229,0.87235,0.87227,0.87229
2026-05-17 03:30:00+00:00,0.87229,0.87233,0.8721,0.87232
2026-05-17 03:45:00+00:00,0.8723,0.87234,0.87228,0.8723
2026-05-17 04:00:00+00:00,0.87229,0.87232,0.87226,0.87231
2026-05-17 04:15:00+00:00,0.87229,0.87234,0.87212,0.87227
2026-05-17 04:30:00+00:00,0.87227,0.87231,0.87225,0.87229
2026-05-17 04:45:00+00:00,0.87227,0.87231,0.87212,0.87226
2026-05-17 05:00:00+00:00,0.87225,0.8723,0.87224,0.87225
2026-05-17 05:15:00+00:00,0.87226,0.87228,0.87223,0.87224
2026-05-17 05:30:00+00:00,0.87224,0.87229,0.87222,0.87228
2026-05-17 05:45:00+00:00,0.87226,0.8723,0.87225,0.87227
2026-05-17 06:00:00+00:00,0.87226,0.87232,0.87214,0.87226
2026-05-17 06:15:00+00:00,0.87226,0.87234,0.87225,0.8723
2026-05-17 06:30:00+00:00,0.8723,0.87231,0.87226,0.87229
2026-05-17 06:45:00+00:00,0.87227,0.87231,0.87216,0.87227
2026-05-17 07:00:00+00:00,0.87225,0.87229,0.87224,0.87225
2026-05-17 07:15:00+00:00,0.87225,0.87229,0.87222,0.87223
2026-05-17 07:30:00+00:00,0.87224,0.87227,0.87222,0.87224
2026-05-17 07:45:00+00:00,0.87222,0.87227,0.87214,0.87225
2026-05-17 08:00:00+00:00,0.87223,0.87227,0.87214,0.87222
2026-05-17 08:15:00+00:00,0.87222,0.87228,0.8722,0.87223
2026-05-17 08:30:00+00:00,0.87224,0.87227,0.87216,0.87223
2026-05-17 08:45:00+00:00,0.87222,0.87226,0.87221,0.87224
2026-05-17 09:00:00+00:00,0.87222,0.87226,0.87216,0.87222
2026-05-17 09:15:00+00:00,0.87221,0.87225,0.87215,0.87219
2026-05-17 09:30:00+00:00,0.87219,0.87223,0.87218,0.87221
2026-05-17 09:45:00+00:00,0.87219,0.87223,0.87215,0.87221
2026-05-17 10:00:00+00:00,0.87219,0.87231,0.87218,0.87227
2026-05-17 10:15:00+00:00,0.87227,0.87231,0.87226,0.87226
2026-05-17 10:30:00+00:00,0.87227,0.87234,0.87225,0.87233
2026-05-17 10:45:00+00:00,0.87231,0.87236,0.87228,0.87231
2026-05-17 11:00:00+00:00,0.87229,0.87236,0.87228,0.87234
2026-05-17 11:15:00+00:00,0.87233,0.87237,0.87231,0.87232
2026-05-17 11:30:00+00:00,0.87233,0.87241,0.87224,0.87225
2026-05-17 11:45:00+00:00,0.87225,0.87229,0.87224,0.87227
2026-05-17 12:00:00+00:00,0.87225,0.87232,0.87224,0.87229
2026-05-17 12:15:00+00:00,0.87228,0.87234,0.87227,0.8723
2026-05-17 12:30:00+00:00,0.8723,0.87234,0.87229,0.8723
2026-05-17 12:45:00+00:00,0.8723,0.87234,0.87229,0.87232
2026-05-17 13:00:00+00:00,0.8723,0.87234,0.87229,0.87232
2026-05-17 13:15:00+00:00,0.8723,0.87237,0.87222,0.87223
2026-05-17 13:30:00+00:00,0.87223,0.87227,0.87222,0.87223
2026-05-17 13:45:00+00:00,0.87223,0.87227,0.87222,0.87224
2026-05-17 14:00:00+00:00,0.87223,0.87266,0.87201,0.87255
2026-05-17 14:15:00+00:00,0.87231,0.87253,0.87223,0.8724
2026-05-17 14:30:00+00:00,0.87238,0.87242,0.87237,0.87237
2026-05-17 14:45:00+00:00,0.87238,0.87244,0.87234,0.87236
2026-05-17 15:00:00+00:00,0.87235,0.8724,0.87226,0.87229
2026-05-17 15:15:00+00:00,0.87227,0.87231,0.87226,0.87227
2026-05-17 15:30:00+00:00,0.87227,0.87231,0.87226,0.87226
2026-05-17 15:45:00+00:00,0.87227,0.87231,0.87226,0.8723
2026-05-17 16:00:00+00:00,0.87229,0.87236,0.87207,0.8722
2026-05-17 16:15:00+00:00,0.87218,0.87222,0.87217,0.87219
2026-05-17 16:30:00+00:00,0.87218,0.87222,0.87213,0.87213
2026-05-17 16:45:00+00:00,0.87213,0.87217,0.87212,0.87215
2026-05-17 17:00:00+00:00,0.87213,0.87234,0.87212,0.87231
2026-05-17 17:15:00+00:00,0.87229,0.87234,0.87228,0.87232
2026-05-17 17:30:00+00:00,0.87231,0.87234,0.87228,0.87233
2026-05-17 17:45:00+00:00,0.8723,0.87235,0.87228,0.87232
2026-05-17 18:00:00+00:00,0.8723,0.87233,0.87214,0.87232
2026-05-17 18:15:00+00:00,0.87229,0.87234,0.87224,0.87231
2026-05-17 18:30:00+00:00,0.87228,0.87238,0.87205,0.87237
2026-05-17 18:45:00+00:00,0.87236,0.87241,0.87226,0.87226
2026-05-17 19:00:00+00:00,0.87228,0.87299,0.8719,0.87242
2026-05-17 19:15:00+00:00,0.87233,0.87304,0.87173,0.87232
2026-05-17 19:30:00+00:00,0.87221,0.87258,0.87189,0.87252
2026-05-17 19:45:00+00:00,0.87251,0.87252,0.87207,0.87233
2026-05-17 20:00:00+00:00,0.87226,0.87259,0.8719,0.87235
2026-05-17 20:15:00+00:00,0.87234,0.87247,0.87219,0.87245
2026-05-17 20:30:00+00:00,0.87241,0.87241,0.87228,0.87234
2026-05-17 20:45:00+00:00,0.87231,0.87244,0.87227,0.87234
2026-05-17 21:00:00+00:00,0.87234,0.8724,0.87212,0.87224
2026-05-17 21:15:00+00:00,0.87218,0.87239,0.87206,0.87233
2026-05-17 21:30:00+00:00,0.87223,0.87243,0.8721,0.87218
2026-05-17 21:45:00+00:00,0.87219,0.87239,0.87201,0.87238
2026-05-17 22:00:00+00:00,0.87235,0.87267,0.87221,0.87261
2026-05-17 22:15:00+00:00,0.8726,0.87291,0.87258,0.87286
2026-05-17 22:30:00+00:00,0.87284,0.87297,0.87275,0.87295
2026-05-17 22:45:00+00:00,0.87293,0.87298,0.87282,0.87288
2026-05-17 23:00:00+00:00,0.87288,0.8729,0.87245,0.87252
2026-05-17 23:15:00+00:00,0.87252,0.87261,0.87242,0.8726
2026-05-17 23:30:00+00:00,0.87258,0.87271,0.87231,0.87259
2026-05-17 23:45:00+00:00,0.87255,0.87263,0.87245,0.87262
2026-05-18 00:00:00+00:00,0.8726,0.87273,0.87237,0.87244
2026-05-18 00:15:00+00:00,0.87253,0.87266,0.87241,0.87265
2026-05-18 00:30:00+00:00,0.87263,0.87275,0.87242,0.87259
2026-05-18 00:45:00+00:00,0.87257,0.87266,0.8724,0.87245
2026-05-18 01:00:00+00:00,0.87248,0.87278,0.87241,0.87268
2026-05-18 01:15:00+00:00,0.87264,0.87283,0.87254,0.8727
2026-05-18 01:30:00+00:00,0.87267,0.87285,0.87262,0.8728
2026-05-18 01:45:00+00:00,0.87278,0.8729,0.87264,0.8727
2026-05-18 02:00:00+00:00,0.87271,0.87282,0.8726,0.87264
2026-05-18 02:15:00+00:00,0.87265,0.87276,0.87258,0.87267
2026-05-18 02:30:00+00:00,0.87266,0.87273,0.87256,0.87272
2026-05-18 02:45:00+00:00,0.87269,0.87292,0.87265,0.87276
2026-05-18 03:00:00+00:00,0.87277,0.87293,0.87276,0.87286
2026-05-18 03:15:00+00:00,0.87287,0.87301,0.87281,0.87289
2026-05-18 03:30:00+00:00,0.87286,0.87295,0.87275,0.87288
2026-05-18 03:45:00+00:00,0.87286,0.87302,0.87278,0.873
2026-05-18 04:00:00+00:00,0.87299,0.87308,0.87285,0.87293
2026-05-18 04:15:00+00:00,0.8729,0.87297,0.87277,0.87292
2026-05-18 04:30:00+00:00,0.87292,0.87298,0.87278,0.8728
2026-05-18 04:45:00+00:00,0.87284,0.87285,0.87265,0.87277
2026-05-18 05:00:00+00:00,0.87277,0.8728,0.87242,0.87244
2026-05-18 05:15:00+00:00,0.87248,0.87253,0.87228,0.87233
2026-05-18 05:30:00+00:00,0.87232,0.87235,0.87207,0.87221
2026-05-18 05:45:00+00:00,0.87219,0.8724,0.87213,0.87238
2026-05-18 06:00:00+00:00,0.87236,0.8725,0.87196,0.87197
2026-05-18 06:15:00+00:00,0.87199,0.8721,0.87152,0.87159
2026-05-18 06:30:00+00:00,0.8716,0.87174,0.87133,0.87153
2026-05-18 06:45:00+00:00,0.87158,0.87176,0.87104,0.87122
2026-05-18 07:00:00+00:00,0.8712,0.87146,0.87109,0.87144
2026-05-18 07:15:00+00:00,0.87141,0.87204,0.87134,0.87157
2026-05-18 07:30:00+00:00,0.87161,0.8717,0.87115,0.8714
2026-05-18 07:45:00+00:00,0.87138,0.87142,0.87098,0.87113
2026-05-18 08:00:00+00:00,0.87107,0.8712,0.87086,0.87117
2026-05-18 08:15:00+00:00,0.87112,0.87131,0.87069,0.8707
2026-05-18 08:30:00+00:00,0.87073,0.87082,0.86998,0.87042
2026-05-18 08:45:00+00:00,0.87039,0.87045,0.86987,0.87012
2026-05-18 09:00:00+00:00,0.87009,0.87054,0.86996,0.87042
2026-05-18 09:15:00+00:00,0.87043,0.87068,0.87024,0.8706
2026-05-18 09:30:00+00:00,0.87061,0.87084,0.87055,0.87083
2026-05-18 09:45:00+00:00,0.8708,0.87105,0.8707,0.87071
2026-05-18 10:00:00+00:00,0.87069,0.87095,0.87052,0.87077
2026-05-18 10:15:00+00:00,0.87076,0.87095,0.87071,0.87095
2026-05-18 10:30:00+00:00,0.87093,0.87108,0.87068,0.87099
2026-05-18 10:45:00+00:00,0.871,0.87113,0.87085,0.87109
2026-05-18 11:00:00+00:00,0.87106,0.8712,0.87071,0.87083
2026-05-18 11:15:00+00:00,0.87085,0.87098,0.87068,0.87086
2026-05-18 11:30:00+00:00,0.87093,0.87161,0.87038,0.87074
2026-05-18 11:45:00+00:00,0.87071,0.87085,0.8702,0.87043
2026-05-18 12:00:00+00:00,0.87047,0.87047,0.87008,0.87034
2026-05-18 12:15:00+00:00,0.8703,0.87033,0.86978,0.86979
2026-05-18 12:30:00+00:00,0.86982,0.87032,0.86973,0.86985
2026-05-18 12:45:00+00:00,0.86986,0.87019,0.8696,0.86975
2026-05-18 13:00:00+00:00,0.86972,0.87002,0.86956,0.87001
2026-05-18 13:15:00+00:00,0.86998,0.87008,0.86971,0.87006
2026-05-18 13:30:00+00:00,0.87002,0.87039,0.86992,0.87033
2026-05-18 13:45:00+00:00,0.87021,0.87034,0.86954,0.87005
2026-05-18 14:00:00+00:00,0.87002,0.87014,0.86971,0.86977
2026-05-18 14:15:00+00:00,0.86984,0.87022,0.8691,0.86912
2026-05-18 14:30:00+00:00,0.86916,0.86966,0.86915,0.8693
2026-05-18 14:45:00+00:00,0.8694,0.86947,0.86903,0.86925
2026-05-18 15:00:00+00:00,0.86924,0.86948,0.86874,0.86913
2026-05-18 15:15:00+00:00,0.8691,0.8692,0.8689,0.86915
2026-05-18 15:30:00+00:00,0.86909,0.86917,0.86859,0.86891
2026-05-18 15:45:00+00:00,0.86885,0.86901,0.86791,0.86794
2026-05-18 16:00:00+00:00,0.86801,0.86826,0.86673,0.86679
2026-05-18 16:15:00+00:00,0.86689,0.86777,0.86656,0.86774
2026-05-18 16:30:00+00:00,0.86766,0.86788,0.86753,0.86767
2026-05-18 16:45:00+00:00,0.86767,0.86774,0.86734,0.86762
2026-05-18 17:00:00+00:00,0.86758,0.86773,0.86726,0.86752
2026-05-18 17:15:00+00:00,0.86749,0.86767,0.8674,0.86753
2026-05-18 17:30:00+00:00,0.86752,0.86774,0.86746,0.86764
2026-05-18 17:45:00+00:00,0.86766,0.86785,0.86758,0.86783
2026-05-18 18:00:00+00:00,0.8678,0.86808,0.86772,0.86796
2026-05-18 18:15:00+00:00,0.86795,0.86807,0.86766,0.86781
2026-05-18 18:30:00+00:00,0.86786,0.86788,0.86753,0.86779
2026-05-18 18:45:00+00:00,0.8678,0.86792,0.86752,0.86785
2026-05-18 19:00:00+00:00,0.86784,0.8687,0.8673,0.8678
2026-05-18 19:15:00+00:00,0.86777,0.86792,0.86752,0.86781
2026-05-18 19:30:00+00:00,0.86776,0.86792,0.86767,0.86771
2026-05-18 19:45:00+00:00,0.86771,0.8678,0.86738,0.86743
2026-05-18 20:00:00+00:00,0.86753,0.86767,0.86741,0.86757
2026-05-18 20:15:00+00:00,0.86754,0.86778,0.86745,0.86777
2026-05-18 20:30:00+00:00,0.86773,0.86774,0.86755,0.86763
2026-05-18 20:45:00+00:00,0.86763,0.86775,0.86744,0.86767
2026-05-18 21:00:00+00:00,0.86761,0.86835,0.86747,0.86769
2026-05-18 21:15:00+00:00,0.86755,0.86796,0.86754,0.86791
2026-05-18 21:30:00+00:00,0.86778,0.86804,0.86761,0.8678
2026-05-18 21:45:00+00:00,0.86782,0.8683,0.86772,0.8682
2026-05-18 22:00:00+00:00,0.8682,0.86825,0.86779,0.86792
2026-05-18 22:15:00+00:00,0.86789,0.86795,0.86772,0.86785
2026-05-18 22:30:00+00:00,0.86783,0.86783,0.8677,0.86779
2026-05-18 22:45:00+00:00,0.86777,0.86782,0.86769,0.86774
2026-05-18 23:00:00+00:00,0.86776,0.86835,0.86745,0.86775
2026-05-18 23:15:00+00:00,0.86773,0.86779,0.86767,0.86775
2026-05-18 23:30:00+00:00,0.86773,0.86776,0.86756,0.86763
2026-05-18 23:45:00+00:00,0.86761,0.86778,0.86754,0.8677
2026-05-19 00:00:00+00:00,0.86773,0.86776,0.86746,0.86763
2026-05-19 00:15:00+00:00,0.86764,0.8678,0.86751,0.86761
2026-05-19 00:30:00+00:00,0.86759,0.86764,0.8674,0.86758
2026-05-19 00:45:00+00:00,0.86756,0.86774,0.86749,0.86769
2026-05-19 01:00:00+00:00,0.8677,0.86787,0.86761,0.86786
2026-05-19 01:15:00+00:00,0.86783,0.86795,0.86776,0.86789
2026-05-19 01:30:00+00:00,0.86787,0.86825,0.86785,0.86818
2026-05-19 01:45:00+00:00,0.86803,0.86817,0.86787,0.86802
2026-05-19 02:00:00+00:00,0.86802,0.86825,0.8678,0.86815
2026-05-19 02:15:00+00:00,0.86818,0.86826,0.86792,0.86795
2026-05-19 02:30:00+00:00,0.86799,0.86808,0.86783,0.86788
2026-05-19 02:45:00+00:00,0.86786,0.86801,0.86776,0.86785
2026-05-19 03:00:00+00:00,0.86784,0.86794,0.86772,0.86792
2026-05-19 03:15:00+00:00,0.86788,0.86797,0.86784,0.86791
2026-05-19 03:30:00+00:00,0.86788,0.86793,0.86774,0.86785
2026-05-19 03:45:00+00:00,0.86783,0.86791,0.86768,0.86786
2026-05-19 04:00:00+00:00,0.86787,0.86796,0.8678,0.86794
2026-05-19 04:15:00+00:00,0.86791,0.868,0.86783,0.86791
2026-05-19 04:30:00+00:00,0.86792,0.86795,0.86767,0.86783
2026-05-19 04:45:00+00:00,0.8678,0.868,0.86774,0.86796
2026-05-19 05:00:00+00:00,0.86794,0.86813,0.86787,0.86803
2026-05-19 05:15:00+00:00,0.86799,0.86821,0.86791,0.86806
2026-05-19 05:30:00+00:00,0.86809,0.86824,0.86786,0.86788
2026-05-19 05:45:00+00:00,0.86791,0.86806,0.86771,0.86781
2026-05-19 06:00:00+00:00,0.8678,0.86834,0.86761,0.86813
2026-05-19 06:15:00+00:00,0.86817,0.86834,0.86791,0.86794
2026-05-19 06:30:00+00:00,0.86799,0.86835,0.86791,0.86835
2026-05-19 06:45:00+00:00,0.86832,0.86864,0.86819,0.86835
2026-05-19 07:00:00+00:00,0.86829,0.86868,0.86819,0.86851
2026-05-19 07:15:00+00:00,0.86856,0.86857,0.86811,0.86828
2026-05-19 07:30:00+00:00,0.86831,0.86833,0.86803,0.86822
2026-05-19 07:45:00+00:00,0.86821,0.86828,0.86792,0.86814
2026-05-19 08:00:00+00:00,0.86811,0.8684,0.86803,0.86815
2026-05-19 08:15:00+00:00,0.86819,0.86836,0.868,0.86817
2026-05-19 08:30:00+00:00,0.86813,0.86826,0.86791,0.86808
2026-05-19 08:45:00+00:00,0.86804,0.8682,0.86784,0.86785
2026-05-19 09:00:00+00:00,0.86785,0.86794,0.8674,0.86764
2026-05-19 09:15:00+00:00,0.86758,0.86773,0.86724,0.86726
2026-05-19 09:30:00+00:00,0.8673,0.86732,0.86682,0.86702
2026-05-19 09:45:00+00:00,0.86698,0.86701,0.86667,0.86671
2026-05-19 10:00:00+00:00,0.86677,0.86713,0.86656,0.8671
2026-05-19 10:15:00+00:00,0.86703,0.86709,0.86655,0.86678
2026-05-19 10:30:00+00:00,0.86674,0.86699,0.86655,0.86694
2026-05-19 10:45:00+00:00,0.86691,0.8672,0.86665,0.86683
2026-05-19 11:00:00+00:00,0.86687,0.86695,0.86663,0.86668
2026-05-19 11:15:00+00:00,0.86671,0.86682,0.86649,0.86677
2026-05-19 11:30:00+00:00,0.86678,0.86691,0.86666,0.86683
2026-05-19 11:45:00+00:00,0.86683,0.86689,0.86659,0.86666
2026-05-19 12:00:00+00:00,0.86669,0.86679,0.86644,0.86653
2026-05-19 12:15:00+00:00,0.86656,0.86666,0.86634,0.86642
2026-05-19 12:30:00+00:00,0.8664,0.8664,0.86596,0.86609
2026-05-19 12:45:00+00:00,0.86616,0.86673,0.86611,0.8665
2026-05-19 13:00:00+00:00,0.86654,0.86689,0.86621,0.86672
2026-05-19 13:15:00+00:00,0.86673,0.86703,0.8666,0.86667
2026-05-19 13:30:00+00:00,0.86679,0.86689,0.86648,0.86664
2026-05-19 13:45:00+00:00,0.86659,0.8668,0.86639,0.86656
2026-05-19 14:00:00+00:00,0.86653,0.86697,0.86636,0.86681
2026-05-19 14:15:00+00:00,0.86674,0.86693,0.86653,0.86656
2026-05-19 14:30:00+00:00,0.8666,0.86675,0.86625,0.86631
2026-05-19 14:45:00+00:00,0.86641,0.86672,0.86591,0.86599
2026-05-19 15:00:00+00:00,0.86615,0.86615,0.86553,0.86584
2026-05-19 15:15:00+00:00,0.8658,0.8659,0.86568,0.8658
2026-05-19 15:30:00+00:00,0.86575,0.866,0.8656,0.86596
2026-05-19 15:45:00+00:00,0.8659,0.86605,0.86577,0.86593
2026-05-19 16:00:00+00:00,0.8659,0.86627,0.86575,0.86625
2026-05-19 16:15:00+00:00,0.86619,0.86627,0.86598,0.86618
2026-05-19 16:30:00+00:00,0.86613,0.86631,0.86599,0.8663
2026-05-19 16:45:00+00:00,0.86627,0.86643,0.86614,0.86633
2026-05-19 17:00:00+00:00,0.86636,0.86636,0.86582,0.86591
2026-05-19 17:15:00+00:00,0.86589,0.86595,0.86569,0.86583
2026-05-19 17:30:00+00:00,0.86581,0.86601,0.86574,0.8659
2026-05-19 17:45:00+00:00,0.8659,0.86598,0.86569,0.86594
2026-05-19 18:00:00+00:00,0.86592,0.86605,0.86585,0.8659
2026-05-19 18:15:00+00:00,0.86597,0.86618,0.86584,0.86616
2026-05-19 18:30:00+00:00,0.86614,0.8663,0.86592,0.86605
2026-05-19 18:45:00+00:00,0.86603,0.8661,0.8659,0.86596
2026-05-19 19:00:00+00:00,0.86603,0.86618,0.86582,0.86588
2026-05-19 19:15:00+00:00,0.86586,0.86603,0.86585,0.86602
2026-05-19 19:30:00+00:00,0.86598,0.86615,0.86596,0.86601
2026-05-19 19:45:00+00:00,0.86601,0.86614,0.86589,0.86612
2026-05-19 20:00:00+00:00,0.86609,0.86618,0.86602,0.86606
2026-05-19 20:15:00+00:00,0.86607,0.86613,0.86602,0.8661
2026-05-19 20:30:00+00:00,0.86608,0.86615,0.86596,0.866
2026-05-19 20:45:00+00:00,0.866,0.86655,0.86589,0.86652
2026-05-19 21:00:00+00:00,0.86648,0.86661,0.86574,0.86628
2026-05-19 21:15:00+00:00,0.86637,0.86637,0.86605,0.86621
2026-05-19 21:30:00+00:00,0.86622,0.86657,0.86609,0.86631
2026-05-19 21:45:00+00:00,0.86634,0.86645,0.86614,0.86621
2026-05-19 22:00:00+00:00,0.86624,0.86637,0.86611,0.86636
2026-05-19 22:15:00+00:00,0.86634,0.86654,0.86632,0.86651
2026-05-19 22:30:00+00:00,0.86649,0.86653,0.86638,0.86649
2026-05-19 22:45:00+00:00,0.86647,0.86655,0.86642,0.8665
2026-05-19 23:00:00+00:00,0.86648,0.86651,0.86638,0.86639
2026-05-19 23:15:00+00:00,0.8664,0.86647,0.86635,0.86642
2026-05-19 23:30:00+00:00,0.86639,0.86649,0.86633,0.86647
2026-05-19 23:45:00+00:00,0.86645,0.86652,0.86626,0.86649
2026-05-20 00:00:00+00:00,0.86644,0.86667,0.86636,0.86657
2026-05-20 00:15:00+00:00,0.86657,0.86661,0.86632,0.86646
2026-05-20 00:30:00+00:00,0.86645,0.86651,0.86615,0.86637
2026-05-20 00:45:00+00:00,0.86634,0.8666,0.86616,0.86657
2026-05-20 01:00:00+00:00,0.86651,0.86658,0.86631,0.86648
2026-05-20 01:15:00+00:00,0.86644,0.86662,0.86631,0.8666
2026-05-20 01:30:00+00:00,0.86655,0.86668,0.86642,0.86657
2026-05-20 01:45:00+00:00,0.86659,0.86669,0.86622,0.86625
2026-05-20 02:00:00+00:00,0.8663,0.86638,0.86625,0.86637
2026-05-20 02:15:00+00:00,0.86634,0.86642,0.86606,0.86621
2026-05-20 02:30:00+00:00,0.8662,0.86647,0.86603,0.86618
2026-05-20 02:45:00+00:00,0.86616,0.86619,0.86603,0.86612
2026-05-20 03:00:00+00:00,0.86611,0.8662,0.86598,0.86619
2026-05-20 03:15:00+00:00,0.86616,0.86623,0.86599,0.86601
2026-05-20 03:30:00+00:00,0.86605,0.86605,0.86577,0.86594
2026-05-20 03:45:00+00:00,0.86592,0.86597,0.86571,0.86587
2026-05-20 04:00:00+00:00,0.86583,0.86601,0.86572,0.86586
2026-05-20 04:15:00+00:00,0.86586,0.86601,0.86576,0.866
2026-05-20 04:30:00+00:00,0.86598,0.86606,0.86586,0.86599
2026-05-20 04:45:00+00:00,0.86594,0.86614,0.86593,0.86612
2026-05-20 05:00:00+00:00,0.8661,0.86618,0.86584,0.86593
2026-05-20 05:15:00+00:00,0.86595,0.86604,0.86573,0.86598
2026-05-20 05:30:00+00:00,0.8659,0.86595,0.8657,0.86593
2026-05-20 05:45:00+00:00,0.86591,0.86593,0.86561,0.86568
2026-05-20 06:00:00+00:00,0.8657,0.86652,0.86533,0.86623
2026-05-20 06:15:00+00:00,0.86623,0.86637,0.86552,0.86588
2026-05-20 06:30:00+00:00,0.86575,0.86647,0.86575,0.86641
2026-05-20 06:45:00+00:00,0.86634,0.86656,0.86623,0.86633
2026-05-20 07:00:00+00:00,0.86629,0.86657,0.86597,0.86619
2026-05-20 07:15:00+00:00,0.86623,0.86625,0.8656,0.86579
2026-05-20 07:30:00+00:00,0.8658,0.86602,0.86567,0.86595
2026-05-20 07:45:00+00:00,0.86592,0.86608,0.86569,0.86607
2026-05-20 08:00:00+00:00,0.86604,0.86616,0.86568,0.86595
2026-05-20 08:15:00+00:00,0.86592,0.86616,0.86568,0.86588
2026-05-20 08:30:00+00:00,0.86593,0.86622,0.86583,0.86599
2026-05-20 08:45:00+00:00,0.86598,0.86612,0.86589,0.86609
2026-05-20 09:00:00+00:00,0.86603,0.86613,0.86563,0.86581
2026-05-20 09:15:00+00:00,0.86584,0.86612,0.86566,0.8661
2026-05-20 09:30:00+00:00,0.86607,0.86614,0.86583,0.86592
2026-05-20 09:45:00+00:00,0.86592,0.86621,0.86575,0.86585
2026-05-20 10:00:00+00:00,0.86582,0.86616,0.86568,0.86591
2026-05-20 10:15:00+00:00,0.86597,0.86604,0.86578,0.86603
2026-05-20 10:30:00+00:00,0.866,0.86616,0.86583,0.866
2026-05-20 10:45:00+00:00,0.86599,0.86607,0.86582,0.86603
2026-05-20 11:00:00+00:00,0.866,0.866,0.86553,0.86561
2026-05-20 11:15:00+00:00,0.86558,0.86573,0.86552,0.86571
2026-05-20 11:30:00+00:00,0.86568,0.86579,0.86546,0.86576
2026-05-20 11:45:00+00:00,0.86571,0.8659,0.86557,0.86589
2026-05-20 12:00:00+00:00,0.86585,0.86589,0.86539,0.86551
2026-05-20 12:15:00+00:00,0.86548,0.86558,0.86525,0.86547
2026-05-20 12:30:00+00:00,0.86549,0.86565,0.86525,0.86551
2026-05-20 12:45:00+00:00,0.86548,0.8656,0.8652,0.8654
2026-05-20 13:00:00+00:00,0.86538,0.86554,0.86518,0.86538
2026-05-20 13:15:00+00:00,0.86537,0.86553,0.86518,0.8655
2026-05-20 13:30:00+00:00,0.86545,0.86548,0.8651,0.86536
2026-05-20 13:45:00+00:00,0.86534,0.86551,0.86497,0.8655
2026-05-20 14:00:00+00:00,0.86547,0.86577,0.86522,0.86567
2026-05-20 14:15:00+00:00,0.86547,0.867,0.86451,0.86536
2026-05-20 14:30:00+00:00,0.86537,0.86624,0.86492,0.86541
2026-05-20 14:45:00+00:00,0.86537,0.86565,0.86473,0.86482
2026-05-20 15:00:00+00:00,0.86498,0.86528,0.86454,0.86512
2026-05-20 15:15:00+00:00,0.86515,0.86765,0.86398,0.8645
2026-05-20 15:30:00+00:00,0.86456,0.8649,0.8643,0.86438
2026-05-20 15:45:00+00:00,0.86454,0.86468,0.86431,0.86448
2026-05-20 16:00:00+00:00,0.86453,0.86471,0.86407,0.86463
2026-05-20 16:15:00+00:00,0.86456,0.86515,0.86441,0.86487
2026-05-20 16:30:00+00:00,0.86485,0.86501,0.86475,0.86486
2026-05-20 16:45:00+00:00,0.86487,0.86504,0.86467,0.86484
2026-05-20 17:00:00+00:00,0.86489,0.86493,0.8644,0.86445
2026-05-20 17:15:00+00:00,0.8645,0.86478,0.8644,0.86474
2026-05-20 17:30:00+00:00,0.86472,0.86495,0.86451,0.86469
2026-05-20 17:45:00+00:00,0.86468,0.86489,0.86462,0.86471
2026-05-20 18:00:00+00:00,0.86481,0.86503,0.86465,0.86495
2026-05-20 18:15:00+00:00,0.86494,0.86513,0.86478,0.86511
2026-05-20 18:30:00+00:00,0.86504,0.86511,0.86494,0.86498
2026-05-20 18:45:00+00:00,0.86506,0.86528,0.86476,0.86525
2026-05-20 19:00:00+00:00,0.86521,0.86553,0.86506,0.86518
2026-05-20 19:15:00+00:00,0.86514,0.86523,0.86508,0.86516
2026-05-20 19:30:00+00:00,0.86512,0.8652,0.86496,0.86498
2026-05-20 19:45:00+00:00,0.86503,0.86533,0.86493,0.86519
2026-05-20 20:00:00+00:00,0.86525,0.86539,0.86515,0.86535
2026-05-20 20:15:00+00:00,0.86529,0.86531,0.86508,0.86528
2026-05-20 20:30:00+00:00,0.86526,0.86528,0.8651,0.86513
2026-05-20 20:45:00+00:00,0.86519,0.86539,0.86509,0.86537
2026-05-20 21:00:00+00:00,0.86536,0.86555,0.86476,0.86526
2026-05-20 21:15:00+00:00,0.86524,0.86537,0.86508,0.86513
2026-05-20 21:30:00+00:00,0.86518,0.86529,0.865,0.86527
2026-05-20 21:45:00+00:00,0.86521,0.86529,0.86505,0.86508
2026-05-20 22:00:00+00:00,0.86511,0.86551,0.86505,0.86539
2026-05-20 22:15:00+00:00,0.86537,0.86542,0.86522,0.86529
2026-05-20 22:30:00+00:00,0.86531,0.86543,0.86526,0.86536
2026-05-20 22:45:00+00:00,0.86534,0.86536,0.86524,0.8653
2026-05-20 23:00:00+00:00,0.86529,0.8655,0.86515,0.86528
2026-05-20 23:15:00+00:00,0.86525,0.86531,0.86517,0.8653
2026-05-20 23:30:00+00:00,0.86528,0.86536,0.86523,0.86532
2026-05-20 23:45:00+00:00,0.86531,0.8654,0.86524,0.86536
2026-05-21 00:00:00+00:00,0.86536,0.86552,0.86521,0.86551
2026-05-21 00:15:00+00:00,0.8655,0.8656,0.86528,0.86558
2026-05-21 00:30:00+00:00,0.86554,0.8656,0.86534,0.86536
2026-05-21 00:45:00+00:00,0.86539,0.86542,0.86525,0.8654
2026-05-21 01:00:00+00:00,0.86537,0.86558,0.8653,0.86544
2026-05-21 01:15:00+00:00,0.86541,0.86554,0.86528,0.86538
2026-05-21 01:30:00+00:00,0.86536,0.86551,0.86518,0.86535
2026-05-21 01:45:00+00:00,0.86532,0.86546,0.86519,0.86541
2026-05-21 02:00:00+00:00,0.8654,0.86552,0.86529,0.86535
2026-05-21 02:15:00+00:00,0.86538,0.86558,0.8653,0.86556
2026-05-21 02:30:00+00:00,0.86551,0.86569,0.86541,0.86568
2026-05-21 02:45:00+00:00,0.86564,0.8657,0.8653,0.86536
2026-05-21 03:00:00+00:00,0.86534,0.8654,0.86522,0.86538
2026-05-21 03:15:00+00:00,0.86535,0.86543,0.86528,0.86536
2026-05-21 03:30:00+00:00,0.86536,0.86542,0.86519,0.86538
2026-05-21 03:45:00+00:00,0.86534,0.86541,0.86523,0.86536
2026-05-21 04:00:00+00:00,0.86534,0.86546,0.86528,0.86534
2026-05-21 04:15:00+00:00,0.86537,0.86552,0.86535,0.86549
2026-05-21 04:30:00+00:00,0.86548,0.86548,0.86531,0.86539
2026-05-21 04:45:00+00:00,0.86538,0.86543,0.86524,0.86534
2026-05-21 05:00:00+00:00,0.86532,0.86533,0.86518,0.8652
2026-05-21 05:15:00+00:00,0.86522,0.86531,0.86507,0.86518
2026-05-21 05:30:00+00:00,0.86523,0.86528,0.8651,0.86524
2026-05-21 05:45:00+00:00,0.86522,0.86537,0.86512,0.86518
2026-05-21 06:00:00+00:00,0.86516,0.86534,0.86512,0.86516
2026-05-21 06:15:00+00:00,0.86519,0.86539,0.86496,0.86519
2026-05-21 06:30:00+00:00,0.86521,0.86526,0.86492,0.86497
2026-05-21 06:45:00+00:00,0.86506,0.86511,0.86485,0.86499
2026-05-21 07:00:00+00:00,0.86492,0.86497,0.8645,0.86475
2026-05-21 07:15:00+00:00,0.86473,0.86482,0.864,0.86434
2026-05-21 07:30:00+00:00,0.86431,0.8646,0.86431,0.86442
2026-05-21 07:45:00+00:00,0.86444,0.86448,0.86413,0.86423
2026-05-21 08:00:00+00:00,0.86425,0.86465,0.86413,0.86456
2026-05-21 08:15:00+00:00,0.86446,0.86522,0.86446,0.86507
2026-05-21 08:30:00+00:00,0.86513,0.86547,0.86497,0.86523
2026-05-21 08:45:00+00:00,0.86529,0.86553,0.86493,0.86504
2026-05-21 09:00:00+00:00,0.86501,0.86523,0.86486,0.865
2026-05-21 09:15:00+00:00,0.86502,0.86525,0.86483,0.86521
2026-05-21 09:30:00+00:00,0.86515,0.86529,0.86499,0.86513
2026-05-21 09:45:00+00:00,0.86512,0.86529,0.86496,0.86513
2026-05-21 10:00:00+00:00,0.8651,0.8651,0.86468,0.86482
2026-05-21 10:15:00+00:00,0.86484,0.86501,0.86433,0.86462
2026-05-21 10:30:00+00:00,0.86469,0.86495,0.86447,0.86452
2026-05-21 10:45:00+00:00,0.8646,0.86481,0.86444,0.86468
2026-05-21 11:00:00+00:00,0.86466,0.86476,0.86425,0.86438
2026-05-21 11:15:00+00:00,0.86436,0.86463,0.86409,0.86423
2026-05-21 11:30:00+00:00,0.86426,0.86431,0.86396,0.86424
2026-05-21 11:45:00+00:00,0.86422,0.86447,0.86383,0.86423
2026-05-21 12:00:00+00:00,0.86416,0.86457,0.86413,0.86446
2026-05-21 12:15:00+00:00,0.86441,0.86454,0.86417,0.86436
2026-05-21 12:30:00+00:00,0.86434,0.86463,0.86428,0.86452
2026-05-21 12:45:00+00:00,0.86453,0.86466,0.86413,0.8645
2026-05-21 13:00:00+00:00,0.86443,0.86492,0.86384,0.86482
2026-05-21 13:15:00+00:00,0.86479,0.86496,0.86427,0.86445
2026-05-21 13:30:00+00:00,0.86441,0.86457,0.86423,0.86437
2026-05-21 13:45:00+00:00,0.86442,0.86517,0.86438,0.86466
2026-05-21 14:00:00+00:00,0.86481,0.86513,0.86459,0.86509
2026-05-21 14:15:00+00:00,0.865,0.86514,0.86444,0.86461
2026-05-21 14:30:00+00:00,0.86458,0.86483,0.86411,0.86474
2026-05-21 14:45:00+00:00,0.86461,0.86486,0.86442,0.86446
2026-05-21 15:00:00+00:00,0.86453,0.86485,0.86418,0.86449
2026-05-21 15:15:00+00:00,0.86449,0.86475,0.86415,0.86429
2026-05-21 15:30:00+00:00,0.86431,0.86465,0.86422,0.86424
2026-05-21 15:45:00+00:00,0.86431,0.86462,0.86424,0.86446
2026-05-21 16:00:00+00:00,0.86445,0.86462,0.86432,0.86448
2026-05-21 16:15:00+00:00,0.86445,0.86484,0.86441,0.86478
2026-05-21 16:30:00+00:00,0.86476,0.86492,0.86469,0.86479
2026-05-21 16:45:00+00:00,0.86478,0.86495,0.86464,0.86488
2026-05-21 17:00:00+00:00,0.86487,0.86512,0.86425,0.86438
2026-05-21 17:15:00+00:00,0.86456,0.86577,0.86419,0.86482
2026-05-21 17:30:00+00:00,0.86478,0.86501,0.8645,0.86464
2026-05-21 17:45:00+00:00,0.86471,0.86488,0.86447,0.86456
2026-05-21 18:00:00+00:00,0.86472,0.86509,0.86444,0.86474
2026-05-21 18:15:00+00:00,0.86473,0.86479,0.8645,0.86465
2026-05-21 18:30:00+00:00,0.86462,0.86472,0.8644,0.86462
2026-05-21 18:45:00+00:00,0.86461,0.86506,0.86418,0.86484
2026-05-21 19:00:00+00:00,0.86486,0.86497,0.8645,0.8648
2026-05-21 19:15:00+00:00,0.86482,0.86492,0.8647,0.86479
2026-05-21 19:30:00+00:00,0.86477,0.86497,0.86467,0.86488
2026-05-21 19:45:00+00:00,0.86488,0.86515,0.86457,0.86502
2026-05-21 20:00:00+00:00,0.86498,0.86501,0.86456,0.86471
2026-05-21 20:15:00+00:00,0.86469,0.8648,0.8646,0.86478
2026-05-21 20:30:00+00:00,0.86476,0.86479,0.86464,0.86478
2026-05-21 20:45:00+00:00,0.86475,0.86508,0.86475,0.86507
2026-05-21 21:00:00+00:00,0.86506,0.86561,0.86486,0.86509
2026-05-21 21:15:00+00:00,0.86512,0.86528,0.86504,0.86512
2026-05-21 21:30:00+00:00,0.8651,0.86524,0.86497,0.86522
2026-05-21 21:45:00+00:00,0.86517,0.86528,0.86473,0.86504
2026-05-21 22:00:00+00:00,0.86506,0.86508,0.86479,0.86497
2026-05-21 22:15:00+00:00,0.86493,0.86504,0.86489,0.86498
2026-05-21 22:30:00+00:00,0.86497,0.86501,0.86492,0.86496
2026-05-21 22:45:00+00:00,0.86494,0.86499,0.86483,0.86488
2026-05-21 23:00:00+00:00,0.86488,0.86502,0.86483,0.86499
2026-05-21 23:15:00+00:00,0.86493,0.86499,0.86483,0.86491
2026-05-21 23:30:00+00:00,0.8649,0.86497,0.86486,0.86495
2026-05-21 23:45:00+00:00,0.86492,0.86497,0.86485,0.86492
2026-05-22 00:00:00+00:00,0.86493,0.86498,0.86473,0.86495
2026-05-22 00:15:00+00:00,0.86493,0.86501,0.86485,0.865
2026-05-22 00:30:00+00:00,0.86499,0.86512,0.86485,0.8651
2026-05-22 00:45:00+00:00,0.86508,0.86513,0.86491,0.86508
2026-05-22 01:00:00+00:00,0.86506,0.86518,0.86495,0.86505
2026-05-22 01:15:00+00:00,0.86506,0.86511,0.86487,0.86497
2026-05-22 01:30:00+00:00,0.86499,0.86504,0.86485,0.86488
2026-05-22 01:45:00+00:00,0.86492,0.86494,0.86472,0.86483
2026-05-22 02:00:00+00:00,0.8648,0.86485,0.86472,0.86477
2026-05-22 02:15:00+00:00,0.86478,0.86485,0.86472,0.8648
2026-05-22 02:30:00+00:00,0.86479,0.86489,0.86473,0.8648
2026-05-22 02:45:00+00:00,0.86479,0.8649,0.86467,0.86479
2026-05-22 03:00:00+00:00,0.86479,0.8649,0.86474,0.86481
2026-05-22 03:15:00+00:00,0.86483,0.86492,0.86479,0.86485
2026-05-22 03:30:00+00:00,0.86484,0.8649,0.86478,0.86485
2026-05-22 03:45:00+00:00,0.86483,0.86489,0.86478,0.86488
2026-05-22 04:00:00+00:00,0.86486,0.86495,0.86478,0.86481
2026-05-22 04:15:00+00:00,0.86482,0.86486,0.86475,0.86481
2026-05-22 04:30:00+00:00,0.86481,0.86489,0.86475,0.86482
2026-05-22 04:45:00+00:00,0.8648,0.86485,0.86472,0.86483
2026-05-22 05:00:00+00:00,0.86481,0.8649,0.86475,0.86486
2026-05-22 05:15:00+00:00,0.86485,0.86495,0.86479,0.86485
2026-05-22 05:30:00+00:00,0.86488,0.86489,0.86475,0.86489
2026-05-22 05:45:00+00:00,0.86486,0.86505,0.86472,0.86502
2026-05-22 06:00:00+00:00,0.86499,0.86523,0.86483,0.86497
2026-05-22 06:15:00+00:00,0.86502,0.86505,0.86478,0.86485
2026-05-22 06:30:00+00:00,0.86487,0.86498,0.86471,0.86492
2026-05-22 06:45:00+00:00,0.86486,0.86506,0.86476,0.86483
2026-05-22 07:00:00+00:00,0.86487,0.86491,0.8646,0.8648
2026-05-22 07:15:00+00:00,0.86485,0.86495,0.86461,0.86464
2026-05-22 07:30:00+00:00,0.86465,0.86474,0.8645,0.86471
2026-05-22 07:45:00+00:00,0.86468,0.86476,0.86459,0.86473
2026-05-22 08:00:00+00:00,0.8647,0.86477,0.86434,0.86444
2026-05-22 08:15:00+00:00,0.8644,0.86454,0.86423,0.86427
2026-05-22 08:30:00+00:00,0.86433,0.86459,0.86404,0.8643
2026-05-22 08:45:00+00:00,0.86429,0.86455,0.86419,0.86454
2026-05-22 09:00:00+00:00,0.86449,0.86462,0.86425,0.86434
2026-05-22 09:15:00+00:00,0.86438,0.86442,0.86412,0.86415
2026-05-22 09:30:00+00:00,0.86421,0.86438,0.86405,0.86434
2026-05-22 09:45:00+00:00,0.86429,0.86439,0.86416,0.86428
2026-05-22 10:00:00+00:00,0.86426,0.86427,0.86401,0.86419
2026-05-22 10:15:00+00:00,0.86419,0.86419,0.86393,0.86399
2026-05-22 10:30:00+00:00,0.86402,0.86419,0.8639,0.86405
2026-05-22 10:45:00+00:00,0.86405,0.86408,0.86379,0.86395
2026-05-22 11:00:00+00:00,0.86389,0.86404,0.86378,0.86395
2026-05-22 11:15:00+00:00,0.86393,0.86406,0.86386,0.86391
2026-05-22 11:30:00+00:00,0.86399,0.86418,0.86388,0.86398
2026-05-22 11:45:00+00:00,0.86401,0.8643,0.86397,0.86412
2026-05-22 12:00:00+00:00,0.8641,0.86467,0.86397,0.86434
2026-05-22 12:15:00+00:00,0.8643,0.86446,0.86394,0.86401
2026-05-22 12:30:00+00:00,0.86407,0.86415,0.86389,0.86397
2026-05-22 12:45:00+00:00,0.86401,0.86407,0.8637,0.86373
2026-05-22 13:00:00+00:00,0.86377,0.86383,0.86284,0.86334
2026-05-22 13:15:00+00:00,0.86325,0.86354,0.86311,0.86328
2026-05-22 13:30:00+00:00,0.86331,0.86368,0.86314,0.86336
2026-05-22 13:45:00+00:00,0.86341,0.86372,0.86325,0.86357
2026-05-22 14:00:00+00:00,0.8636,0.86373,0.86292,0.86366
2026-05-22 14:15:00+00:00,0.86354,0.864,0.86345,0.86398
2026-05-22 14:30:00+00:00,0.86393,0.86406,0.86356,0.86361
2026-05-22 14:45:00+00:00,0.8637,0.86389,0.86318,0.86327
2026-05-22 15:00:00+00:00,0.86334,0.86376,0.86321,0.86352
2026-05-22 15:15:00+00:00,0.86349,0.8637,0.86321,0.86336
2026-05-22 15:30:00+00:00,0.86332,0.86342,0.86302,0.86305
2026-05-22 15:45:00+00:00,0.86309,0.86346,0.86301,0.86343
2026-05-22 16:00:00+00:00,0.86339,0.86373,0.86335,0.86373
2026-05-22 16:15:00+00:00,0.86371,0.86376,0.86338,0.86348
2026-05-22 16:30:00+00:00,0.86347,0.86371,0.86332,0.86343
2026-05-22 16:45:00+00:00,0.86345,0.86369,0.86337,0.86358
2026-05-22 17:00:00+00:00,0.86361,0.86382,0.86351,0.8637
2026-05-22 17:15:00+00:00,0.86367,0.86396,0.86337,0.86376
2026-05-22 17:30:00+00:00,0.8637,0.86404,0.8633,0.86348
2026-05-22 17:45:00+00:00,0.86346,0.86357,0.86333,0.86352
2026-05-22 18:00:00+00:00,0.86352,0.86368,0.86327,0.86359
2026-05-22 18:15:00+00:00,0.86358,0.86361,0.86349,0.86357
2026-05-22 18:30:00+00:00,0.86355,0.86373,0.86348,0.8635
2026-05-22 18:45:00+00:00,0.8635,0.8636,0.86344,0.86347
2026-05-22 19:00:00+00:00,0.86349,0.86375,0.86326,0.86366
2026-05-22 19:15:00+00:00,0.86365,0.86378,0.86352,0.86367
2026-05-22 19:30:00+00:00,0.86365,0.86368,0.8635,0.86357
2026-05-22 19:45:00+00:00,0.8636,0.86367,0.86346,0.86348
2026-05-22 20:00:00+00:00,0.86353,0.86363,0.86336,0.86344
2026-05-22 20:15:00+00:00,0.86344,0.86347,0.86331,0.86338
2026-05-22 20:30:00+00:00,0.86336,0.86344,0.86313,0.86342
2026-05-22 20:45:00+00:00,0.8634,0.86392,0.86327,0.86391
2026-05-22 21:00:00+00:00,0.86388,0.86402,0.86292,0.86349
2026-05-22 21:15:00+00:00,0.86386,0.86395,0.86301,0.86384
2026-05-22 21:30:00+00:00,0.8638,0.86396,0.863,0.86388
2026-05-22 21:45:00+00:00,0.86378,0.86397,0.86305,0.8638
2026-05-22 22:00:00+00:00,0.8638,0.864,0.86309,0.86388
2026-05-22 22:15:00+00:00,0.86387,0.86394,0.86309,0.86387
2026-05-22 22:30:00+00:00,0.86385,0.86393,0.86314,0.86338
2026-05-22 22:45:00+00:00,0.86377,0.86398,0.86307,0.86384
2026-05-22 23:00:00+00:00,0.8638,0.86392,0.86312,0.86346
2026-05-22 23:15:00+00:00,0.86379,0.86388,0.86308,0.86385
2026-05-22 23:30:00+00:00,0.86382,0.86388,0.86306,0.86333
2026-05-22 23:45:00+00:00,0.86377,0.86387,0.86309,0.86332
2026-05-23 00:00:00+00:00,0.86376,0.86401,0.86311,0.86385
2026-05-23 00:15:00+00:00,0.86385,0.86389,0.8637,0.86387
2026-05-23 00:30:00+00:00,0.86385,0.86391,0.86381,0.86387
2026-05-23 00:45:00+00:00,0.86385,0.86389,0.8637,0.86385
2026-05-23 01:00:00+00:00,0.86385,0.86389,0.86384,0.86385
2026-05-23 01:15:00+00:00,0.86385,0.86389,0.86365,0.86387
2026-05-23 01:30:00+00:00,0.86385,0.86392,0.86363,0.86389
2026-05-23 01:45:00+00:00,0.86384,0.86389,0.86381,0.86385
2026-05-23 02:00:00+00:00,0.86385,0.86389,0.86368,0.86384
2026-05-23 02:15:00+00:00,0.86385,0.86389,0.86383,0.86385
2026-05-23 02:30:00+00:00,0.86385,0.86389,0.86363,0.86387
2026-05-23 02:45:00+00:00,0.86385,0.86389,0.86365,0.86386
2026-05-23 03:00:00+00:00,0.86384,0.86389,0.8638,0.86384
2026-05-23 03:15:00+00:00,0.86385,0.86389,0.86348,0.86387
2026-05-23 03:30:00+00:00,0.86385,0.86389,0.86384,0.86387
2026-05-23 03:45:00+00:00,0.86385,0.86391,0.86366,0.86386
2026-05-23 04:00:00+00:00,0.86385,0.86388,0.86362,0.86383
2026-05-23 04:15:00+00:00,0.86384,0.86389,0.86382,0.86384
2026-05-23 04:30:00+00:00,0.86385,0.86388,0.86368,0.86387
2026-05-23 04:45:00+00:00,0.86385,0.86388,0.86383,0.86386
2026-05-23 05:00:00+00:00,0.86385,0.8639,0.86361,0.86385
2026-05-23 05:15:00+00:00,0.86385,0.86388,0.86367,0.86386
2026-05-23 05:30:00+00:00,0.86383,0.86389,0.86382,0.86387
2026-05-23 05:45:00+00:00,0.86385,0.86389,0.86368,0.86387
2026-05-23 06:00:00+00:00,0.86385,0.86389,0.86384,0.86385
2026-05-23 06:15:00+00:00,0.86385,0.86391,0.86364,0.86384
2026-05-23 06:30:00+00:00,0.86385,0.8639,0.86358,0.86388
2026-05-23 06:45:00+00:00,0.86382,0.86389,0.8638,0.86387
2026-05-23 07:00:00+00:00,0.86385,0.86389,0.86362,0.86385
2026-05-23 07:15:00+00:00,0.86384,0.86389,0.86384,0.86384
2026-05-23 07:30:00+00:00,0.86385,0.86389,0.86365,0.86387
2026-05-23 07:45:00+00:00,0.86385,0.86389,0.86368,0.86388
2026-05-23 08:00:00+00:00,0.86384,0.86389,0.86382,0.86385
2026-05-23 08:15:00+00:00,0.86385,0.86393,0.86356,0.86385
2026-05-23 08:30:00+00:00,0.86385,0.86389,0.86383,0.86385
2026-05-23 08:45:00+00:00,0.86384,0.86388,0.86366,0.86387
2026-05-23 09:00:00+00:00,0.86385,0.8639,0.86371,0.86384
2026-05-23 09:15:00+00:00,0.86381,0.86389,0.86379,0.86384
2026-05-23 09:30:00+00:00,0.86385,0.86389,0.86362,0.86385
2026-05-23 09:45:00+00:00,0.86385,0.86389,0.86384,0.86387
2026-05-23 10:00:00+00:00,0.86385,0.86395,0.86358,0.86386
2026-05-23 10:15:00+00:00,0.86385,0.86389,0.86359,0.86385
2026-05-23 10:30:00+00:00,0.86383,0.86389,0.86379,0.86385
2026-05-23 10:45:00+00:00,0.86385,0.86388,0.86367,0.86386
2026-05-23 11:00:00+00:00,0.86385,0.86389,0.86383,0.86386
2026-05-23 11:15:00+00:00,0.86385,0.86388,0.86368,0.86385
2026-05-23 11:30:00+00:00,0.86385,0.86404,0.86356,0.86381
2026-05-23 11:45:00+00:00,0.86374,0.86388,0.8637,0.86386
2026-05-23 12:00:00+00:00,0.86385,0.86389,0.86368,0.8638
2026-05-23 12:15:00+00:00,0.86378,0.86386,0.86377,0.86384
2026-05-23 12:30:00+00:00,0.86383,0.86388,0.86363,0.86376
2026-05-23 12:45:00+00:00,0.86376,0.86387,0.86363,0.86367
2026-05-23 13:00:00+00:00,0.86374,0.86379,0.86366,0.86371
2026-05-23 13:15:00+00:00,0.86369,0.86381,0.86347,0.8637
2026-05-23 13:30:00+00:00,0.86369,0.86373,0.86368,0.86369
2026-05-23 13:45:00+00:00,0.86369,0.86373,0.86358,0.86366
2026-05-23 14:00:00+00:00,0.86364,0.86378,0.86327,0.86357
2026-05-23 14:15:00+00:00,0.86362,0.86366,0.86361,0.86363
2026-05-23 14:30:00+00:00,0.86362,0.86367,0.86355,0.86358
2026-05-23 14:45:00+00:00,0.86359,0.86366,0.86356,0.86361
2026-05-23 15:00:00+00:00,0.86361,0.86367,0.86344,0.86358
2026-05-23 15:15:00+00:00,0.86356,0.8636,0.86349,0.86351
2026-05-23 15:30:00+00:00,0.86354,0.86369,0.86351,0.86362
2026-05-23 15:45:00+00:00,0.86363,0.86367,0.86353,0.86359
2026-05-23 16:00:00+00:00,0.86359,0.86379,0.86317,0.86367
2026-05-23 16:15:00+00:00,0.86365,0.8637,0.86352,0.86362
2026-05-23 16:30:00+00:00,0.86361,0.86365,0.86343,0.86349
2026-05-23 16:45:00+00:00,0.8635,0.86384,0.86345,0.8638
2026-05-23 17:00:00+00:00,0.8638,0.86384,0.86362,0.86373
2026-05-23 17:15:00+00:00,0.86371,0.86375,0.8637,0.86373
2026-05-23 17:30:00+00:00,0.86371,0.86381,0.86357,0.86373
2026-05-23 17:45:00+00:00,0.86374,0.86385,0.86372,0.86379
2026-05-23 18:00:00+00:00,0.8638,0.86383,0.86365,0.8638
2026-05-23 18:15:00+00:00,0.86379,0.86386,0.86351,0.8638
2026-05-23 18:30:00+00:00,0.86378,0.86386,0.86376,0.86382
2026-05-23 18:45:00+00:00,0.86382,0.8639,0.86364,0.86374
2026-05-23 19:00:00+00:00,0.86375,0.86385,0.86373,0.86382
2026-05-23 19:15:00+00:00,0.86381,0.86383,0.86364,0.86376
2026-05-23 19:30:00+00:00,0.86374,0.86378,0.8636,0.86368
2026-05-23 19:45:00+00:00,0.86368,0.86372,0.86367,0.86367
2026-05-23 20:00:00+00:00,0.86368,0.86376,0.8635,0.86366
2026-05-23 20:15:00+00:00,0.86364,0.8639,0.86361,0.86389
2026-05-23 20:30:00+00:00,0.86385,0.86389,0.86372,0.86385
2026-05-23 20:45:00+00:00,0.86384,0.86389,0.86369,0.86383
2026-05-23 21:00:00+00:00,0.86384,0.86389,0.86381,0.86385
2026-05-23 21:15:00+00:00,0.86384,0.86388,0.86368,0.86386
2026-05-23 21:30:00+00:00,0.86384,0.86389,0.86362,0.86373
2026-05-23 21:45:00+00:00,0.86368,0.8639,0.86359,0.86386
2026-05-23 22:00:00+00:00,0.86386,0.8639,0.86365,0.86377
2026-05-23 22:15:00+00:00,0.86377,0.86381,0.86376,0.86379
2026-05-23 22:30:00+00:00,0.86377,0.86381,0.86362,0.86372
2026-05-23 22:45:00+00:00,0.8637,0.86383,0.86368,0.86375
2026-05-23 23:00:00+00:00,0.86375,0.86391,0.86354,0.86384
2026-05-23 23:15:00+00:00,0.86384,0.86392,0.86361,0.86372
2026-05-23 23:30:00+00:00,0.86371,0.86375,0.86369,0.86372
2026-05-23 23:45:00+00:00,0.86371,0.86374,0.86361,0.86365
2026-05-24 00:00:00+00:00,0.86365,0.86369,0.86364,0.86365
2026-05-24 00:15:00+00:00,0.86365,0.8637,0.86358,0.86362
2026-05-24 00:30:00+00:00,0.86361,0.86422,0.86339,0.86398
2026-05-24 00:45:00+00:00,0.86396,0.864,0.86395,0.86398
2026-05-24 01:00:00+00:00,0.86396,0.86398,0.86367,0.86374
2026-05-24 01:15:00+00:00,0.86374,0.86378,0.86373,0.86376
2026-05-24 01:30:00+00:00,0.86374,0.86374,0.86366,0.8637
2026-05-24 01:45:00+00:00,0.86368,0.86374,0.86361,0.86364
2026-05-24 02:00:00+00:00,0.86364,0.86379,0.86363,0.86374
2026-05-24 02:15:00+00:00,0.86374,0.86378,0.86366,0.8637
2026-05-24 02:30:00+00:00,0.86368,0.86409,0.86301,0.86379
2026-05-24 02:45:00+00:00,0.86377,0.864,0.86366,0.86386
2026-05-24 03:00:00+00:00,0.86385,0.86389,0.8637,0.86384
2026-05-24 03:15:00+00:00,0.86382,0.86388,0.86381,0.86384
2026-05-24 03:30:00+00:00,0.86384,0.86388,0.86367,0.86381
2026-05-24 03:45:00+00:00,0.86379,0.86387,0.86378,0.86384
2026-05-24 04:00:00+00:00,0.86383,0.86385,0.86364,0.86374
2026-05-24 04:15:00+00:00,0.86375,0.86384,0.86348,0.86365
2026-05-24 04:30:00+00:00,0.86365,0.86369,0.86364,0.86367
2026-05-24 04:45:00+00:00,0.86365,0.86369,0.86355,0.86363
2026-05-24 05:00:00+00:00,0.86361,0.86365,0.8636,0.86361
2026-05-24 05:15:00+00:00,0.86361,0.86363,0.86354,0.86357
2026-05-24 05:30:00+00:00,0.86358,0.86362,0.86352,0.86356
2026-05-24 05:45:00+00:00,0.86355,0.86359,0.86354,0.86357
2026-05-24 06:00:00+00:00,0.86355,0.86372,0.86305,0.8636
2026-05-24 06:15:00+00:00,0.8636,0.86364,0.86358,0.86359
2026-05-24 06:30:00+00:00,0.8636,0.86361,0.86352,0.86358
2026-05-24 06:45:00+00:00,0.86357,0.86371,0.86353,0.86364
2026-05-24 07:00:00+00:00,0.86362,0.86366,0.86361,0.86362
2026-05-24 07:15:00+00:00,0.86362,0.86366,0.86355,0.86358
2026-05-24 07:30:00+00:00,0.86358,0.86365,0.86349,0.86354
2026-05-24 07:45:00+00:00,0.86352,0.86359,0.86351,0.86357
2026-05-24 08:00:00+00:00,0.86355,0.86359,0.86351,0.86354
2026-05-24 08:15:00+00:00,0.86353,0.86357,0.86352,0.86352
2026-05-24 08:30:00+00:00,0.86353,0.86357,0.86349,0.86353
2026-05-24 08:45:00+00:00,0.86351,0.86355,0.8635,0.86353
2026-05-24 09:00:00+00:00,0.86351,0.86355,0.86349,0.86351
2026-05-24 09:15:00+00:00,0.8635,0.86354,0.86344,0.86345
2026-05-24 09:30:00+00:00,0.86346,0.86388,0.8634,0.86375
2026-05-24 09:45:00+00:00,0.86375,0.86382,0.86367,0.86371
2026-05-24 10:00:00+00:00,0.86369,0.86373,0.86368,0.8637
2026-05-24 10:15:00+00:00,0.86369,0.86373,0.86368,0.86369
2026-05-24 10:30:00+00:00,0.86369,0.86373,0.86368,0.86369
2026-05-24 10:45:00+00:00,0.86369,0.86373,0.86368,0.8637
2026-05-24 11:00:00+00:00,0.86369,0.86373,0.86368,0.86371
2026-05-24 11:15:00+00:00,0.86369,0.86373,0.86368,0.86369
2026-05-24 11:30:00+00:00,0.86369,0.86386,0.86339,0.86349
2026-05-24 11:45:00+00:00,0.86349,0.86353,0.86348,0.86351
2026-05-24 12:00:00+00:00,0.86349,0.86378,0.86336,0.86372
2026-05-24 12:15:00+00:00,0.8637,0.86381,0.86364,0.86379
2026-05-24 12:30:00+00:00,0.86377,0.86381,0.86376,0.86377
2026-05-24 12:45:00+00:00,0.86377,0.86381,0.86376,0.86379
2026-05-24 13:00:00+00:00,0.86377,0.86386,0.86376,0.86384
2026-05-24 13:15:00+00:00,0.86382,0.86398,0.86353,0.86364
2026-05-24 13:30:00+00:00,0.86363,0.86367,0.86362,0.86363
2026-05-24 13:45:00+00:00,0.86363,0.86367,0.86362,0.86365
2026-05-24 14:00:00+00:00,0.86363,0.86405,0.86356,0.86391
2026-05-24 14:15:00+00:00,0.86388,0.86392,0.86385,0.86387
2026-05-24 14:30:00+00:00,0.86386,0.8639,0.86385,0.86385
2026-05-24 14:45:00+00:00,0.86386,0.86397,0.86381,0.86392
2026-05-24 15:00:00+00:00,0.8639,0.86391,0.86361,0.86368
2026-05-24 15:15:00+00:00,0.86366,0.8637,0.86365,0.86368
2026-05-24 15:30:00+00:00,0.86366,0.86377,0.86365,0.86373
2026-05-24 15:45:00+00:00,0.86374,0.86378,0.86372,0.86374
2026-05-24 16:00:00+00:00,0.86374,0.86376,0.86371,0.86374
2026-05-24 16:15:00+00:00,0.86372,0.86378,0.8637,0.86377
2026-05-24 16:30:00+00:00,0.86374,0.86383,0.86352,0.86356
2026-05-24 16:45:00+00:00,0.86358,0.86373,0.86358,0.86368
2026-05-24 17:00:00+00:00,0.86369,0.86392,0.86362,0.86384
2026-05-24 17:15:00+00:00,0.86383,0.86389,0.86379,0.86387
2026-05-24 17:30:00+00:00,0.86385,0.86389,0.8638,0.86385
2026-05-24 17:45:00+00:00,0.86385,0.8639,0.8638,0.86385
2026-05-24 18:00:00+00:00,0.86386,0.86412,0.86329,0.86341
2026-05-24 18:15:00+00:00,0.86343,0.86366,0.86313,0.86348
2026-05-24 18:30:00+00:00,0.86341,0.86513,0.86297,0.86494
2026-05-24 18:45:00+00:00,0.86461,0.86573,0.86301,0.86562
2026-05-24 19:00:00+00:00,0.86543,0.86619,0.86283,0.8654
2026-05-24 19:15:00+00:00,0.86531,0.86748,0.86133,0.86256
2026-05-24 19:30:00+00:00,0.86509,0.866,0.86202,0.86367
2026-05-24 19:45:00+00:00,0.86387,0.86556,0.86081,0.86437
2026-05-24 20:00:00+00:00,0.86451,0.86558,0.86134,0.86463
2026-05-24 20:15:00+00:00,0.86446,0.86574,0.86149,0.86293
2026-05-24 20:30:00+00:00,0.86409,0.86499,0.86118,0.86467
2026-05-24 20:45:00+00:00,0.86441,0.86571,0.86205,0.86348
2026-05-24 21:00:00+00:00,0.86455,0.86534,0.86139,0.86411
2026-05-24 21:15:00+00:00,0.86466,0.86543,0.86229,0.86473
2026-05-24 21:30:00+00:00,0.86466,0.86498,0.86368,0.86427
2026-05-24 21:45:00+00:00,0.86436,0.86516,0.86389,0.86444
2026-05-24 22:00:00+00:00,0.86454,0.86477,0.86327,0.86344
2026-05-24 22:15:00+00:00,0.8634,0.86355,0.86328,0.86349
2026-05-24 22:30:00+00:00,0.86344,0.86367,0.86334,0.86364
2026-05-24 22:45:00+00:00,0.86363,0.86368,0.86347,0.86354
2026-05-24 23:00:00+00:00,0.86355,0.86359,0.86337,0.86339
2026-05-24 23:15:00+00:00,0.86342,0.86362,0.8634,0.86362
2026-05-24 23:30:00+00:00,0.86361,0.86366,0.86348,0.86359
2026-05-24 23:45:00+00:00,0.86357,0.86365,0.86346,0.86352
2026-05-25 00:00:00+00:00,0.86356,0.8636,0.86331,0.8635
2026-05-25 00:15:00+00:00,0.86348,0.86366,0.86336,0.86362
2026-05-25 00:30:00+00:00,0.8636,0.86368,0.86346,0.86365
2026-05-25 00:45:00+00:00,0.86361,0.86385,0.86309,0.86321
2026-05-25 01:00:00+00:00,0.86339,0.8635,0.86316,0.86343
2026-05-25 01:15:00+00:00,0.8633,0.86349,0.86316,0.86341
2026-05-25 01:30:00+00:00,0.86334,0.86348,0.86313,0.86334
2026-05-25 01:45:00+00:00,0.86329,0.86346,0.86323,0.86344
2026-05-25 02:00:00+00:00,0.86343,0.86357,0.8634,0.86343
2026-05-25 02:15:00+00:00,0.86351,0.86365,0.86347,0.8636
2026-05-25 02:30:00+00:00,0.86357,0.86361,0.86341,0.86356
2026-05-25 02:45:00+00:00,0.86355,0.86362,0.86345,0.86351
2026-05-25 03:00:00+00:00,0.86355,0.86367,0.86348,0.86355
2026-05-25 03:15:00+00:00,0.86359,0.8636,0.86346,0.86351
2026-05-25 03:30:00+00:00,0.86351,0.86362,0.86348,0.86356
2026-05-25 03:45:00+00:00,0.86354,0.86364,0.86346,0.86359
2026-05-25 04:00:00+00:00,0.86356,0.86363,0.86347,0.86359
2026-05-25 04:15:00+00:00,0.86356,0.86362,0.86349,0.86351
2026-05-25 04:30:00+00:00,0.86352,0.86359,0.86339,0.86344
2026-05-25 04:45:00+00:00,0.86346,0.86357,0.8634,0.86347
2026-05-25 05:00:00+00:00,0.86345,0.86349,0.86317,0.86324
2026-05-25 05:15:00+00:00,0.86329,0.86342,0.86325,0.86336
2026-05-25 05:30:00+00:00,0.86333,0.8634,0.86322,0.8633
2026-05-25 05:45:00+00:00,0.86329,0.86335,0.86313,0.86329
2026-05-25 06:00:00+00:00,0.86327,0.86344,0.86322,0.86334
2026-05-25 06:15:00+00:00,0.86332,0.86349,0.86326,0.86334
2026-05-25 06:30:00+00:00,0.8634,0.86351,0.86325,0.86344
2026-05-25 06:45:00+00:00,0.86339,0.86353,0.86307,0.86323
2026-05-25 07:00:00+00:00,0.86322,0.86337,0.86306,0.8631
2026-05-25 07:15:00+00:00,0.86317,0.86346,0.86296,0.86338
2026-05-25 07:30:00+00:00,0.86343,0.86357,0.86315,0.86328
2026-05-25 07:45:00+00:00,0.86334,0.8634,0.86295,0.86299
2026-05-25 08:00:00+00:00,0.86305,0.86314,0.86287,0.86304
2026-05-25 08:15:00+00:00,0.86302,0.86308,0.86291,0.86306
2026-05-25 08:30:00+00:00,0.86303,0.8633,0.86299,0.86329
2026-05-25 08:45:00+00:00,0.86328,0.86331,0.86293,0.86296
2026-05-25 09:00:00+00:00,0.86301,0.86301,0.8627,0.86281
2026-05-25 09:15:00+00:00,0.8628,0.8629,0.8627,0.86279
2026-05-25 09:30:00+00:00,0.86285,0.8629,0.86274,0.86279
2026-05-25 09:45:00+00:00,0.86282,0.86287,0.86265,0.86268
2026-05-25 10:00:00+00:00,0.8627,0.86298,0.8627,0.86296
2026-05-25 10:15:00+00:00,0.86294,0.8631,0.86292,0.86298
2026-05-25 10:30:00+00:00,0.86302,0.86309,0.86291,0.86303
2026-05-25 10:45:00+00:00,0.86304,0.86308,0.86295,0.86304
2026-05-25 11:00:00+00:00,0.863,0.86309,0.86295,0.86298
2026-05-25 11:15:00+00:00,0.863,0.863,0.86285,0.86287
2026-05-25 11:30:00+00:00,0.86287,0.86294,0.86264,0.86275
2026-05-25 11:45:00+00:00,0.86272,0.86276,0.86244,0.86252
2026-05-25 12:00:00+00:00,0.86257,0.86263,0.86246,0.8626
2026-05-25 12:15:00+00:00,0.86252,0.86264,0.86247,0.86255
2026-05-25 12:30:00+00:00,0.86254,0.86272,0.86244,0.86264
2026-05-25 12:45:00+00:00,0.86265,0.86284,0.86258,0.86275
2026-05-25 13:00:00+00:00,0.86276,0.86286,0.86263,0.86282
2026-05-25 13:15:00+00:00,0.86279,0.86283,0.86241,0.86244
2026-05-25 13:30:00+00:00,0.8625,0.8625,0.86227,0.86239
2026-05-25 13:45:00+00:00,0.86239,0.86252,0.86229,0.86251
2026-05-25 14:00:00+00:00,0.86248,0.86268,0.86245,0.86267
2026-05-25 14:15:00+00:00,0.86262,0.86265,0.86249,0.86254
2026-05-25 14:30:00+00:00,0.86252,0.86266,0.86246,0.86257
2026-05-25 14:45:00+00:00,0.86253,0.86266,0.86226,0.86228
2026-05-25 15:00:00+00:00,0.86232,0.8628,0.86223,0.86258
2026-05-25 15:15:00+00:00,0.86257,0.86265,0.86242,0.86249
2026-05-25 15:30:00+00:00,0.86255,0.86255,0.86231,0.86232
2026-05-25 15:45:00+00:00,0.86234,0.86243,0.86216,0.86226
2026-05-25 16:00:00+00:00,0.86226,0.8624,0.86209,0.86211
2026-05-25 16:15:00+00:00,0.86214,0.86219,0.86206,0.86214
2026-05-25 16:30:00+00:00,0.86212,0.86214,0.86194,0.86202
2026-05-25 16:45:00+00:00,0.86203,0.86211,0.86195,0.86202
2026-05-25 17:00:00+00:00,0.86203,0.86212,0.86198,0.86204
2026-05-25 17:15:00+00:00,0.86206,0.86215,0.86202,0.86213
2026-05-25 17:30:00+00:00,0.86208,0.86214,0.86199,0.86205
2026-05-25 17:45:00+00:00,0.86205,0.86218,0.86195,0.86208
2026-05-25 18:00:00+00:00,0.86211,0.86217,0.86199,0.86208
2026-05-25 18:15:00+00:00,0.86207,0.86214,0.86202,0.86209
2026-05-25 18:30:00+00:00,0.86208,0.86211,0.86194,0.862
2026-05-25 18:45:00+00:00,0.86201,0.86207,0.86198,0.86201
2026-05-25 19:00:00+00:00,0.86202,0.86215,0.86196,0.86205
2026-05-25 19:15:00+00:00,0.86201,0.86209,0.86196,0.86201
2026-05-25 19:30:00+00:00,0.86199,0.86208,0.86187,0.8619
2026-05-25 19:45:00+00:00,0.86194,0.86195,0.86179,0.8619
2026-05-25 20:00:00+00:00,0.86189,0.86199,0.86184,0.86194
2026-05-25 20:15:00+00:00,0.86194,0.86201,0.86187,0.86197
2026-05-25 20:30:00+00:00,0.86194,0.862,0.86186,0.86196
2026-05-25 20:45:00+00:00,0.86195,0.86207,0.8619,0.86201
2026-05-25 21:00:00+00:00,0.86203,0.86248,0.86188,0.86192
2026-05-25 21:15:00+00:00,0.86195,0.86237,0.86195,0.86203
2026-05-25 21:30:00+00:00,0.86203,0.86247,0.86182,0.86208
2026-05-25 21:45:00+00:00,0.86213,0.86217,0.86184,0.86194
2026-05-25 22:00:00+00:00,0.86196,0.86216,0.86191,0.86198
2026-05-25 22:15:00+00:00,0.86201,0.86213,0.86201,0.86208
2026-05-25 22:30:00+00:00,0.86207,0.86214,0.86195,0.86204
2026-05-25 22:45:00+00:00,0.86202,0.86212,0.86196,0.86211
2026-05-25 23:00:00+00:00,0.8621,0.86221,0.86202,0.86217
2026-05-25 23:15:00+00:00,0.86217,0.86226,0.86207,0.86225
2026-05-25 23:30:00+00:00,0.86222,0.86232,0.86207,0.86217
2026-05-25 23:45:00+00:00,0.86215,0.86224,0.86192,0.86224
2026-05-26 00:00:00+00:00,0.86222,0.86259,0.86211,0.86256
2026-05-26 00:15:00+00:00,0.86251,0.86258,0.86234,0.86236
2026-05-26 00:30:00+00:00,0.86239,0.86248,0.86234,0.86247
2026-05-26 00:45:00+00:00,0.86245,0.86257,0.86236,0.86251
2026-05-26 01:00:00+00:00,0.8625,0.8626,0.86239,0.86251
2026-05-26 01:15:00+00:00,0.86255,0.86263,0.8624,0.86256
2026-05-26 01:30:00+00:00,0.86257,0.86274,0.86248,0.86266
2026-05-26 01:45:00+00:00,0.86264,0.86264,0.86253,0.86256
2026-05-26 02:00:00+00:00,0.86258,0.86262,0.86242,0.86246
2026-05-26 02:15:00+00:00,0.86251,0.86257,0.86245,0.86253
2026-05-26 02:30:00+00:00,0.86251,0.86261,0.86249,0.8626
2026-05-26 02:45:00+00:00,0.86258,0.8627,0.8625,0.86261
2026-05-26 03:00:00+00:00,0.86263,0.86265,0.86252,0.86253
2026-05-26 03:15:00+00:00,0.86255,0.86263,0.86242,0.86255
2026-05-26 03:30:00+00:00,0.86252,0.86263,0.86245,0.86262
2026-05-26 03:45:00+00:00,0.86261,0.86269,0.86254,0.86268
2026-05-26 04:00:00+00:00,0.86266,0.86272,0.86258,0.86264
2026-05-26 04:15:00+00:00,0.86265,0.86272,0.86258,0.86267
2026-05-26 04:30:00+00:00,0.86267,0.86272,0.86259,0.86268
2026-05-26 04:45:00+00:00,0.86266,0.86275,0.86262,0.8627
2026-05-26 05:00:00+00:00,0.86268,0.8628,0.8626,0.86275
2026-05-26 05:15:00+00:00,0.86275,0.86289,0.86269,0.86287
2026-05-26 05:30:00+00:00,0.86286,0.86294,0.86276,0.86292
2026-05-26 05:45:00+00:00,0.86291,0.86298,0.86285,0.86296
2026-05-26 06:00:00+00:00,0.86293,0.86308,0.86285,0.86298
2026-05-26 06:15:00+00:00,0.86298,0.86303,0.86262,0.8627
2026-05-26 06:30:00+00:00,0.86287,0.86334,0.86282,0.86333
2026-05-26 06:45:00+00:00,0.8633,0.8634,0.86315,0.86325
2026-05-26 07:00:00+00:00,0.86328,0.86352,0.86294,0.86337
2026-05-26 07:15:00+00:00,0.86331,0.86368,0.86311,0.86367
2026-05-26 07:30:00+00:00,0.86364,0.86396,0.86337,0.86379
2026-05-26 07:45:00+00:00,0.86376,0.86393,0.86361,0.86364
2026-05-26 08:00:00+00:00,0.86367,0.86375,0.86339,0.86356
2026-05-26 08:15:00+00:00,0.86352,0.86386,0.86345,0.86371
2026-05-26 08:30:00+00:00,0.86374,0.8638,0.86347,0.86361
2026-05-26 08:45:00+00:00,0.86361,0.86373,0.86349,0.86352
2026-05-26 09:00:00+00:00,0.86356,0.86363,0.86333,0.86354
2026-05-26 09:15:00+00:00,0.86353,0.86379,0.86334,0.86357
2026-05-26 09:30:00+00:00,0.86358,0.86371,0.86336,0.8637
2026-05-26 09:45:00+00:00,0.86369,0.86371,0.86339,0.86348
2026-05-26 10:00:00+00:00,0.86347,0.86367,0.86341,0.86362
2026-05-26 10:15:00+00:00,0.86361,0.86371,0.86349,0.8635
2026-05-26 10:30:00+00:00,0.86353,0.86359,0.8631,0.86332
2026-05-26 10:45:00+00:00,0.86333,0.86343,0.86313,0.86327
2026-05-26 11:00:00+00:00,0.86324,0.86338,0.86312,0.86337
2026-05-26 11:15:00+00:00,0.86331,0.86349,0.8632,0.86341
2026-05-26 11:30:00+00:00,0.86344,0.86376,0.86322,0.86373
2026-05-26 11:45:00+00:00,0.86369,0.86388,0.86367,0.86377
2026-05-26 12:00:00+00:00,0.86381,0.86391,0.86361,0.86374
2026-05-26 12:15:00+00:00,0.86368,0.86379,0.86338,0.8635
2026-05-26 12:30:00+00:00,0.86348,0.86385,0.86348,0.86367
2026-05-26 12:45:00+00:00,0.86374,0.86381,0.86357,0.86377
2026-05-26 13:00:00+00:00,0.86373,0.86378,0.86354,0.86365
2026-05-26 13:15:00+00:00,0.86362,0.86378,0.86344,0.86349
2026-05-26 13:30:00+00:00,0.86359,0.86372,0.86344,0.8636
2026-05-26 13:45:00+00:00,0.86362,0.86376,0.86311,0.86339
2026-05-26 14:00:00+00:00,0.86341,0.86371,0.86324,0.86352
2026-05-26 14:15:00+00:00,0.86348,0.86363,0.86336,0.86355
2026-05-26 14:30:00+00:00,0.8635,0.86366,0.86325,0.86364
2026-05-26 14:45:00+00:00,0.86362,0.86423,0.86354,0.86422
2026-05-26 15:00:00+00:00,0.86419,0.86463,0.86409,0.86458
2026-05-26 15:15:00+00:00,0.86456,0.86479,0.86438,0.86452
2026-05-26 15:30:00+00:00,0.86456,0.86473,0.86434,0.86465
2026-05-26 15:45:00+00:00,0.86466,0.86488,0.8646,0.86486
2026-05-26 16:00:00+00:00,0.86482,0.86489,0.86472,0.86482
2026-05-26 16:15:00+00:00,0.86479,0.86486,0.86457,0.86477
2026-05-26 16:30:00+00:00,0.86475,0.86491,0.86466,0.8649
2026-05-26 16:45:00+00:00,0.86487,0.86491,0.86466,0.86475
2026-05-26 17:00:00+00:00,0.86479,0.86485,0.86453,0.86466
2026-05-26 17:15:00+00:00,0.86463,0.86474,0.86461,0.86471
2026-05-26 17:30:00+00:00,0.86467,0.86489,0.86454,0.86486
2026-05-26 17:45:00+00:00,0.86485,0.86488,0.86466,0.86482
2026-05-26 18:00:00+00:00,0.86482,0.86496,0.86478,0.86488
2026-05-26 18:15:00+00:00,0.86488,0.86499,0.86484,0.86498
2026-05-26 18:30:00+00:00,0.86495,0.86502,0.8649,0.86499
2026-05-26 18:45:00+00:00,0.86499,0.86505,0.86492,0.86503
2026-05-26 19:00:00+00:00,0.865,0.86509,0.86483,0.86508
2026-05-26 19:15:00+00:00,0.86505,0.86506,0.8649,0.86499
2026-05-26 19:30:00+00:00,0.86497,0.865,0.86482,0.8649
2026-05-26 19:45:00+00:00,0.8649,0.86498,0.86483,0.86488
2026-05-26 20:00:00+00:00,0.86492,0.86498,0.86461,0.86467
2026-05-26 20:15:00+00:00,0.86467,0.86489,0.86467,0.86488
2026-05-26 20:30:00+00:00,0.86486,0.86492,0.86475,0.86489
2026-05-26 20:45:00+00:00,0.86489,0.86505,0.86485,0.86497
2026-05-26 21:00:00+00:00,0.86501,0.86511,0.86466,0.86492
2026-05-26 21:15:00+00:00,0.86485,0.86505,0.86485,0.86502
2026-05-26 21:30:00+00:00,0.865,0.86502,0.86463,0.86475
2026-05-26 21:45:00+00:00,0.86474,0.86495,0.86462,0.86485
2026-05-26 22:00:00+00:00,0.86487,0.86509,0.86479,0.86493
2026-05-26 22:15:00+00:00,0.86497,0.8651,0.8649,0.86499
2026-05-26 22:30:00+00:00,0.86497,0.86506,0.86492,0.86495
2026-05-26 22:45:00+00:00,0.86495,0.86502,0.86488,0.8649
2026-05-26 23:00:00+00:00,0.8649,0.86505,0.86486,0.86498
2026-05-26 23:15:00+00:00,0.86494,0.86498,0.86483,0.86493
2026-05-26 23:30:00+00:00,0.86491,0.86493,0.86481,0.86488
2026-05-26 23:45:00+00:00,0.86483,0.86491,0.86479,0.86488
2026-05-27 00:00:00+00:00,0.86487,0.86498,0.8648,0.86489
2026-05-27 00:15:00+00:00,0.86492,0.86502,0.86487,0.86494
2026-05-27 00:30:00+00:00,0.86496,0.86505,0.86487,0.86497
2026-05-27 00:45:00+00:00,0.86495,0.86504,0.86491,0.86493
2026-05-27 01:00:00+00:00,0.86496,0.86506,0.8649,0.86499
2026-05-27 01:15:00+00:00,0.86501,0.86509,0.86493,0.86505
2026-05-27 01:30:00+00:00,0.86503,0.86515,0.86489,0.86505
2026-05-27 01:45:00+00:00,0.86502,0.86521,0.865,0.86517
2026-05-27 02:00:00+00:00,0.86517,0.86525,0.86503,0.86516
2026-05-27 02:15:00+00:00,0.86514,0.86521,0.86506,0.86508
2026-05-27 02:30:00+00:00,0.86511,0.86514,0.86498,0.86508
2026-05-27 02:45:00+00:00,0.86506,0.86515,0.86499,0.86513
2026-05-27 03:00:00+00:00,0.86512,0.86529,0.86495,0.86501
2026-05-27 03:15:00+00:00,0.86503,0.86507,0.86494,0.86506
2026-05-27 03:30:00+00:00,0.86503,0.86506,0.86493,0.86503
2026-05-27 03:45:00+00:00,0.86501,0.86508,0.86493,0.86503
2026-05-27 04:00:00+00:00,0.86502,0.8651,0.86498,0.86507
2026-05-27 04:15:00+00:00,0.86506,0.86521,0.86504,0.86519
2026-05-27 04:30:00+00:00,0.86516,0.86527,0.86512,0.86525
2026-05-27 04:45:00+00:00,0.86524,0.86529,0.86519,0.86525
2026-05-27 05:00:00+00:00,0.86523,0.86535,0.86521,0.86524
2026-05-27 05:15:00+00:00,0.86526,0.86538,0.86522,0.86533
2026-05-27 05:30:00+00:00,0.86533,0.86538,0.86524,0.86536
2026-05-27 05:45:00+00:00,0.86534,0.86544,0.8652,0.86529
2026-05-27 06:00:00+00:00,0.8653,0.86556,0.86524,0.86553
2026-05-27 06:15:00+00:00,0.8655,0.86575,0.86543,0.86571
2026-05-27 06:30:00+00:00,0.86567,0.86578,0.8656,0.86568
2026-05-27 06:45:00+00:00,0.86566,0.86581,0.86548,0.8657
2026-05-27 07:00:00+00:00,0.86567,0.86588,0.86558,0.86568
2026-05-27 07:15:00+00:00,0.86572,0.86604,0.86561,0.86591
2026-05-27 07:30:00+00:00,0.86594,0.86616,0.86578,0.86613
2026-05-27 07:45:00+00:00,0.86607,0.86628,0.86586,0.86596
2026-05-27 08:00:00+00:00,0.86601,0.86605,0.86567,0.86572
2026-05-27 08:15:00+00:00,0.8658,0.86625,0.86565,0.86612
2026-05-27 08:30:00+00:00,0.86614,0.86623,0.86598,0.86605
2026-05-27 08:45:00+00:00,0.86608,0.86621,0.86587,0.86592
2026-05-27 09:00:00+00:00,0.86595,0.86608,0.86563,0.8658
2026-05-27 09:15:00+00:00,0.86578,0.86594,0.86569,0.86592
2026-05-27 09:30:00+00:00,0.86587,0.86599,0.86575,0.86592
2026-05-27 09:45:00+00:00,0.86592,0.86614,0.86583,0.86604
2026-05-27 10:00:00+00:00,0.86599,0.86615,0.86584,0.8661
2026-05-27 10:15:00+00:00,0.86608,0.86624,0.86591,0.86605
2026-05-27 10:30:00+00:00,0.86605,0.8661,0.86581,0.86588
2026-05-27 10:45:00+00:00,0.8659,0.86599,0.86573,0.86592
2026-05-27 11:00:00+00:00,0.86591,0.86627,0.86585,0.86611
2026-05-27 11:15:00+00:00,0.86614,0.86624,0.86597,0.86622
2026-05-27 11:30:00+00:00,0.86622,0.86624,0.86601,0.8661
2026-05-27 11:45:00+00:00,0.86612,0.86628,0.86603,0.86627
2026-05-27 12:00:00+00:00,0.86623,0.86643,0.86614,0.86642
2026-05-27 12:15:00+00:00,0.86638,0.86727,0.86599,0.86653
2026-05-27 12:30:00+00:00,0.86645,0.86681,0.8664,0.86656
2026-05-27 12:45:00+00:00,0.86659,0.86673,0.86623,0.86658
2026-05-27 13:00:00+00:00,0.86656,0.86656,0.86595,0.86605
2026-05-27 13:15:00+00:00,0.86603,0.86619,0.86579,0.86584
2026-05-27 13:30:00+00:00,0.86593,0.86612,0.86572,0.86601
2026-05-27 13:45:00+00:00,0.86606,0.8662,0.86573,0.86588
2026-05-27 14:00:00+00:00,0.86583,0.86602,0.86547,0.86597
2026-05-27 14:15:00+00:00,0.86586,0.86616,0.86568,0.86614
2026-05-27 14:30:00+00:00,0.86612,0.86634,0.8658,0.86604
2026-05-27 14:45:00+00:00,0.86602,0.86663,0.86576,0.86623
2026-05-27 15:00:00+00:00,0.86633,0.86654,0.86614,0.86631
2026-05-27 15:15:00+00:00,0.86628,0.86645,0.86617,0.86642
2026-05-27 15:30:00+00:00,0.86638,0.86646,0.86615,0.86627
2026-05-27 15:45:00+00:00,0.86628,0.86638,0.86606,0.8661
2026-05-27 16:00:00+00:00,0.86612,0.86632,0.86588,0.86622
2026-05-27 16:15:00+00:00,0.86621,0.86625,0.8659,0.866
2026-05-27 16:30:00+00:00,0.86598,0.86623,0.8659,0.86622
2026-05-27 16:45:00+00:00,0.8662,0.86622,0.86599,0.86605
2026-05-27 17:00:00+00:00,0.86607,0.86622,0.86563,0.86617
2026-05-27 17:15:00+00:00,0.86616,0.86628,0.866,0.86627
2026-05-27 17:30:00+00:00,0.86625,0.86634,0.86607,0.86624
2026-05-27 17:45:00+00:00,0.86625,0.86628,0.86589,0.8659
2026-05-27 18:00:00+00:00,0.86593,0.86604,0.86583,0.86598
2026-05-27 18:15:00+00:00,0.86595,0.866,0.86565,0.86583
2026-05-27 18:30:00+00:00,0.8658,0.86604,0.86572,0.86602
2026-05-27 18:45:00+00:00,0.86598,0.86603,0.86587,0.8659
2026-05-27 19:00:00+00:00,0.86592,0.86602,0.86586,0.86598
2026-05-27 19:15:00+00:00,0.86597,0.86605,0.86589,0.86596
2026-05-27 19:30:00+00:00,0.86594,0.866,0.86576,0.86586
2026-05-27 19:45:00+00:00,0.86585,0.86597,0.86573,0.86583
2026-05-27 20:00:00+00:00,0.86581,0.86592,0.86568,0.86578
2026-05-27 20:15:00+00:00,0.86576,0.86587,0.86575,0.86586
2026-05-27 20:30:00+00:00,0.86584,0.86587,0.86566,0.86577
2026-05-27 20:45:00+00:00,0.86574,0.86586,0.86566,0.86585
2026-05-27 21:00:00+00:00,0.86583,0.86658,0.86551,0.866
2026-05-27 21:15:00+00:00,0.86623,0.86636,0.86585,0.86629
2026-05-27 21:30:00+00:00,0.86627,0.86632,0.86586,0.86614
2026-05-27 21:45:00+00:00,0.86613,0.86617,0.86584,0.86608
2026-05-27 22:00:00+00:00,0.86596,0.86611,0.86592,0.86593
2026-05-27 22:15:00+00:00,0.86596,0.86603,0.86588,0.86599
2026-05-27 22:30:00+00:00,0.86597,0.86606,0.86585,0.866
2026-05-27 22:45:00+00:00,0.86597,0.866,0.86579,0.86581
2026-05-27 23:00:00+00:00,0.86584,0.86596,0.86579,0.86589
2026-05-27 23:15:00+00:00,0.86591,0.86605,0.86565,0.86595
2026-05-27 23:30:00+00:00,0.86594,0.86605,0.8658,0.86602
2026-05-27 23:45:00+00:00,0.866,0.86605,0.86564,0.86595
2026-05-28 00:00:00+00:00,0.86593,0.86615,0.86587,0.86607
2026-05-28 00:15:00+00:00,0.86609,0.86622,0.86602,0.86621
2026-05-28 00:30:00+00:00,0.86618,0.86625,0.86603,0.86623
2026-05-28 00:45:00+00:00,0.86621,0.86646,0.86614,0.86641
2026-05-28 01:00:00+00:00,0.86632,0.86645,0.86626,0.8664
2026-05-28 01:15:00+00:00,0.86638,0.86645,0.8663,0.86643
2026-05-28 01:30:00+00:00,0.86642,0.86651,0.86626,0.8665
2026-05-28 01:45:00+00:00,0.86648,0.86661,0.86633,0.86648
2026-05-28 02:00:00+00:00,0.86647,0.86653,0.86636,0.8664
2026-05-28 02:15:00+00:00,0.86642,0.8665,0.86636,0.8664
2026-05-28 02:30:00+00:00,0.8664,0.86652,0.8663,0.86648
2026-05-28 02:45:00+00:00,0.86646,0.86653,0.86641,0.86651
2026-05-28 03:00:00+00:00,0.86649,0.86663,0.86634,0.86649
2026-05-28 03:15:00+00:00,0.86654,0.8666,0.86626,0.86651
2026-05-28 03:30:00+00:00,0.86652,0.86673,0.86625,0.86672
2026-05-28 03:45:00+00:00,0.86667,0.86689,0.8666,0.86678
2026-05-28 04:00:00+00:00,0.86676,0.86683,0.86659,0.86674
2026-05-28 04:15:00+00:00,0.86671,0.86677,0.86652,0.86659
2026-05-28 04:30:00+00:00,0.86663,0.86666,0.86647,0.86661
2026-05-28 04:45:00+00:00,0.86657,0.86661,0.86645,0.86655
2026-05-28 05:00:00+00:00,0.86653,0.8666,0.86631,0.86641
2026-05-28 05:15:00+00:00,0.8664,0.86653,0.86632,0.86635
2026-05-28 05:30:00+00:00,0.86636,0.86641,0.86602,0.86611
2026-05-28 05:45:00+00:00,0.86607,0.86617,0.86601,0.8661
2026-05-28 06:00:00+00:00,0.86607,0.86626,0.86605,0.86623
2026-05-28 06:15:00+00:00,0.86618,0.86632,0.86605,0.86612
2026-05-28 06:30:00+00:00,0.86621,0.86628,0.86574,0.86583
2026-05-28 06:45:00+00:00,0.86584,0.86629,0.86576,0.86622
2026-05-28 07:00:00+00:00,0.86621,0.86634,0.86599,0.86626
2026-05-28 07:15:00+00:00,0.86623,0.86657,0.86612,0.86639
2026-05-28 07:30:00+00:00,0.86645,0.86646,0.86624,0.86643
2026-05-28 07:45:00+00:00,0.8664,0.86651,0.8663,0.86636
2026-05-28 08:00:00+00:00,0.8664,0.86652,0.86616,0.86626
2026-05-28 08:15:00+00:00,0.86643,0.86658,0.8663,0.86642
2026-05-28 08:30:00+00:00,0.86645,0.86671,0.8664,0.86668
2026-05-28 08:45:00+00:00,0.86663,0.86677,0.86648,0.86675
2026-05-28 09:00:00+00:00,0.86671,0.86678,0.86648,0.8665
2026-05-28 09:15:00+00:00,0.86653,0.86671,0.86638,0.86668
2026-05-28 09:30:00+00:00,0.86663,0.86697,0.86653,0.86694
2026-05-28 09:45:00+00:00,0.86688,0.8671,0.86682,0.86696
2026-05-28 10:00:00+00:00,0.86694,0.8671,0.86675,0.86701
2026-05-28 10:15:00+00:00,0.86699,0.86714,0.86686,0.86692
2026-05-28 10:30:00+00:00,0.86695,0.86707,0.86672,0.86692
2026-05-28 10:45:00+00:00,0.86696,0.86707,0.86658,0.86666
2026-05-28 11:00:00+00:00,0.86675,0.86675,0.86647,0.86655
2026-05-28 11:15:00+00:00,0.8665,0.86657,0.86635,0.86654
2026-05-28 11:30:00+00:00,0.86648,0.86661,0.86623,0.86643
2026-05-28 11:45:00+00:00,0.86641,0.86677,0.86624,0.86677
2026-05-28 12:00:00+00:00,0.86676,0.86676,0.86635,0.86673
2026-05-28 12:15:00+00:00,0.86668,0.86699,0.86661,0.86698
2026-05-28 12:30:00+00:00,0.86695,0.86737,0.8666,0.86686
2026-05-28 12:45:00+00:00,0.86684,0.86715,0.86674,0.86715
2026-05-28 13:00:00+00:00,0.86713,0.86727,0.86694,0.86707
2026-05-28 13:15:00+00:00,0.86715,0.86729,0.86691,0.86705
2026-05-28 13:30:00+00:00,0.86701,0.86709,0.86682,0.86696
2026-05-28 13:45:00+00:00,0.86692,0.86709,0.86671,0.86707
2026-05-28 14:00:00+00:00,0.86702,0.86815,0.86583,0.86615
2026-05-28 14:15:00+00:00,0.86673,0.86748,0.86603,0.86737
2026-05-28 14:30:00+00:00,0.8673,0.86741,0.86688,0.86728
2026-05-28 14:45:00+00:00,0.86725,0.86739,0.86688,0.86727
2026-05-28 15:00:00+00:00,0.86721,0.86738,0.8669,0.86711
2026-05-28 15:15:00+00:00,0.86715,0.86735,0.86696,0.86733
2026-05-28 15:30:00+00:00,0.86731,0.86737,0.86705,0.86724
2026-05-28 15:45:00+00:00,0.86725,0.86729,0.86696,0.86698
2026-05-28 16:00:00+00:00,0.86702,0.86708,0.86679,0.86681
2026-05-28 16:15:00+00:00,0.86683,0.86723,0.86678,0.86706
2026-05-28 16:30:00+00:00,0.86702,0.86717,0.86693,0.86713
2026-05-28 16:45:00+00:00,0.86711,0.86721,0.86688,0.8669
2026-05-28 17:00:00+00:00,0.86695,0.86699,0.86665,0.86679
2026-05-28 17:15:00+00:00,0.86677,0.86691,0.86671,0.86682
2026-05-28 17:30:00+00:00,0.8668,0.86687,0.86662,0.86676
2026-05-28 17:45:00+00:00,0.86673,0.86688,0.86667,0.86668
2026-05-28 18:00:00+00:00,0.8667,0.86682,0.86657,0.86676
2026-05-28 18:15:00+00:00,0.86673,0.86692,0.86644,0.86682
2026-05-28 18:30:00+00:00,0.86677,0.86683,0.86669,0.8668
2026-05-28 18:45:00+00:00,0.86679,0.86679,0.86654,0.86658
2026-05-28 19:00:00+00:00,0.86666,0.86676,0.86653,0.86672
2026-05-28 19:15:00+00:00,0.86669,0.86674,0.86661,0.86673
2026-05-28 19:30:00+00:00,0.86671,0.86675,0.86654,0.86673
2026-05-28 19:45:00+00:00,0.86671,0.86677,0.86656,0.86673
2026-05-28 20:00:00+00:00,0.86671,0.86676,0.8664,0.86659
2026-05-28 20:15:00+00:00,0.86657,0.86664,0.8665,0.86664
2026-05-28 20:30:00+00:00,0.86662,0.86667,0.8665,0.86656
2026-05-28 20:45:00+00:00,0.86655,0.86663,0.86648,0.86659
2026-05-28 21:00:00+00:00,0.86658,0.86698,0.86632,0.86673
2026-05-28 21:15:00+00:00,0.86686,0.86697,0.86656,0.86672
2026-05-28 21:30:00+00:00,0.86677,0.86683,0.8667,0.86672
2026-05-28 21:45:00+00:00,0.86675,0.86687,0.86664,0.86668
2026-05-28 22:00:00+00:00,0.86675,0.86678,0.8665,0.86661
2026-05-28 22:15:00+00:00,0.86662,0.86672,0.86658,0.86667
2026-05-28 22:30:00+00:00,0.86666,0.86673,0.8666,0.86671
2026-05-28 22:45:00+00:00,0.86669,0.86681,0.86666,0.86677
2026-05-28 23:00:00+00:00,0.86675,0.86687,0.86662,0.86667
2026-05-28 23:15:00+00:00,0.8667,0.86677,0.86662,0.86673
2026-05-28 23:30:00+00:00,0.86665,0.86674,0.86659,0.86673
2026-05-28 23:45:00+00:00,0.8667,0.86676,0.86665,0.86674
2026-05-29 00:00:00+00:00,0.86673,0.86682,0.86665,0.86677
2026-05-29 00:15:00+00:00,0.86678,0.86681,0.86662,0.86672
2026-05-29 00:30:00+00:00,0.86672,0.86682,0.86663,0.86675
2026-05-29 00:45:00+00:00,0.86672,0.86675,0.86649,0.86668
2026-05-29 01:00:00+00:00,0.86666,0.86692,0.86662,0.86678
2026-05-29 01:15:00+00:00,0.86682,0.86683,0.86649,0.86653
2026-05-29 01:30:00+00:00,0.8666,0.86662,0.8664,0.86656
2026-05-29 01:45:00+00:00,0.86653,0.86655,0.86629,0.86641
2026-05-29 02:00:00+00:00,0.8664,0.86647,0.86631,0.86639
2026-05-29 02:15:00+00:00,0.86642,0.86655,0.86641,0.8665
2026-05-29 02:30:00+00:00,0.8665,0.8666,0.86644,0.86655
2026-05-29 02:45:00+00:00,0.86653,0.86658,0.86641,0.86655
2026-05-29 03:00:00+00:00,0.86653,0.86659,0.86633,0.86649
2026-05-29 03:15:00+00:00,0.86647,0.86656,0.86639,0.86642
2026-05-29 03:30:00+00:00,0.86644,0.86651,0.86625,0.86639
2026-05-29 03:45:00+00:00,0.86637,0.86646,0.86632,0.86637
2026-05-29 04:00:00+00:00,0.86635,0.86642,0.86623,0.86626
2026-05-29 04:15:00+00:00,0.86632,0.86632,0.86611,0.86613
2026-05-29 04:30:00+00:00,0.86617,0.8663,0.86607,0.86627
2026-05-29 04:45:00+00:00,0.8662,0.86625,0.866,0.86615
2026-05-29 05:00:00+00:00,0.86613,0.86625,0.86604,0.86624
2026-05-29 05:15:00+00:00,0.86623,0.86627,0.86612,0.86613
2026-05-29 05:30:00+00:00,0.86617,0.86634,0.86612,0.86618
2026-05-29 05:45:00+00:00,0.86623,0.86634,0.86619,0.86631
2026-05-29 06:00:00+00:00,0.86629,0.8666,0.86628,0.86644
2026-05-29 06:15:00+00:00,0.86645,0.86658,0.86638,0.86644
2026-05-29 06:30:00+00:00,0.86649,0.86697,0.86642,0.86683
2026-05-29 06:45:00+00:00,0.86686,0.86701,0.86677,0.86693
2026-05-29 07:00:00+00:00,0.86687,0.86728,0.86684,0.86726
2026-05-29 07:15:00+00:00,0.86719,0.8675,0.86716,0.86738
2026-05-29 07:30:00+00:00,0.86735,0.86755,0.86721,0.86723
2026-05-29 07:45:00+00:00,0.86727,0.86738,0.86703,0.86721
2026-05-29 08:00:00+00:00,0.86718,0.86719,0.86679,0.86703
2026-05-29 08:15:00+00:00,0.86701,0.86726,0.86699,0.86723
2026-05-29 08:30:00+00:00,0.86718,0.8674,0.86715,0.86738
2026-05-29 08:45:00+00:00,0.86733,0.86742,0.86688,0.86695
2026-05-29 09:00:00+00:00,0.86696,0.86743,0.86688,0.86741
2026-05-29 09:15:00+00:00,0.86739,0.86748,0.86721,0.86741
2026-05-29 09:30:00+00:00,0.86742,0.86768,0.86735,0.86765
2026-05-29 09:45:00+00:00,0.86761,0.86771,0.86741,0.86765
2026-05-29 10:00:00+00:00,0.8676,0.86809,0.86748,0.86801
2026-05-29 10:15:00+00:00,0.86799,0.86809,0.86761,0.86787
2026-05-29 10:30:00+00:00,0.86781,0.86809,0.86781,0.86798
2026-05-29 10:45:00+00:00,0.86799,0.86816,0.86775,0.86776
2026-05-29 11:00:00+00:00,0.86778,0.86784,0.86758,0.86774
2026-05-29 11:15:00+00:00,0.86771,0.86781,0.86751,0.86764
2026-05-29 11:30:00+00:00,0.86759,0.86776,0.86741,0.86745
2026-05-29 11:45:00+00:00,0.86751,0.86762,0.86726,0.86749
2026-05-29 12:00:00+00:00,0.86744,0.86744,0.8671,0.86732
2026-05-29 12:15:00+00:00,0.86724,0.8675,0.86713,0.86748
2026-05-29 12:30:00+00:00,0.86747,0.86756,0.8672,0.86722
2026-05-29 12:45:00+00:00,0.86724,0.8673,0.86701,0.86715
2026-05-29 13:00:00+00:00,0.86718,0.8672,0.86689,0.86707
2026-05-29 13:15:00+00:00,0.86705,0.86705,0.86662,0.86664
2026-05-29 13:30:00+00:00,0.86665,0.86685,0.86646,0.86656
2026-05-29 13:45:00+00:00,0.86657,0.86675,0.86626,0.86674
2026-05-29 14:00:00+00:00,0.86672,0.86679,0.86634,0.86639
2026-05-29 14:15:00+00:00,0.86646,0.86666,0.86621,0.86664
2026-05-29 14:30:00+00:00,0.8666,0.86705,0.86643,0.86676
2026-05-29 14:45:00+00:00,0.86671,0.86687,0.86566,0.86574
2026-05-29 15:00:00+00:00,0.86588,0.86613,0.86555,0.86606
2026-05-29 15:15:00+00:00,0.86605,0.86657,0.86588,0.86653
2026-05-29 15:30:00+00:00,0.86649,0.86686,0.86626,0.86658
2026-05-29 15:45:00+00:00,0.86667,0.86688,0.86648,0.86652
2026-05-29 16:00:00+00:00,0.8666,0.86688,0.86651,0.86663
2026-05-29 16:15:00+00:00,0.86662,0.86662,0.86628,0.86632
2026-05-29 16:30:00+00:00,0.86631,0.86674,0.86621,0.86673
2026-05-29 16:45:00+00:00,0.8667,0.8668,0.86646,0.86669
2026-05-29 17:00:00+00:00,0.86665,0.86678,0.8665,0.86663
2026-05-29 17:15:00+00:00,0.86658,0.86677,0.86645,0.86675
2026-05-29 17:30:00+00:00,0.86672,0.86676,0.86652,0.86665
2026-05-29 17:45:00+00:00,0.86663,0.86679,0.86649,0.86669
2026-05-29 18:00:00+00:00,0.86674,0.86675,0.86649,0.86655
2026-05-29 18:15:00+00:00,0.86656,0.8667,0.86646,0.86667
2026-05-29 18:30:00+00:00,0.86665,0.8667,0.8665,0.86666
2026-05-29 18:45:00+00:00,0.86662,0.86672,0.86647,0.86655
2026-05-29 19:00:00+00:00,0.8666,0.86666,0.86645,0.86649
2026-05-29 19:15:00+00:00,0.86652,0.8666,0.86637,0.86648
2026-05-29 19:30:00+00:00,0.86647,0.86654,0.86617,0.86622
2026-05-29 19:45:00+00:00,0.86621,0.86625,0.86604,0.86607
2026-05-29 20:00:00+00:00,0.8661,0.86628,0.86604,0.86626
2026-05-29 20:15:00+00:00,0.86622,0.8663,0.86614,0.86627
2026-05-29 20:30:00+00:00,0.86624,0.86645,0.86624,0.8664
2026-05-29 20:45:00+00:00,0.86637,0.86666,0.86633,0.86662
2026-05-29 21:00:00+00:00,0.86658,0.86687,0.86637,0.86651
2026-05-29 21:15:00+00:00,0.86661,0.86666,0.86643,0.86663
2026-05-29 21:30:00+00:00,0.86661,0.86675,0.86639,0.86673
2026-05-29 21:45:00+00:00,0.86668,0.86675,0.86641,0.86661
2026-05-29 22:00:00+00:00,0.86661,0.86704,0.86639,0.86661
2026-05-29 22:15:00+00:00,0.86661,0.86665,0.86638,0.86663
2026-05-29 22:30:00+00:00,0.86662,0.86668,0.86638,0.86665
2026-05-29 22:45:00+00:00,0.86663,0.86669,0.86639,0.86663
2026-05-29 23:00:00+00:00,0.86663,0.86698,0.8664,0.86648
2026-05-29 23:15:00+00:00,0.86662,0.86669,0.86641,0.8665
2026-05-29 23:30:00+00:00,0.86663,0.86668,0.8664,0.86664
2026-05-29 23:45:00+00:00,0.86662,0.86669,0.86641,0.8665
2026-05-30 00:00:00+00:00,0.86663,0.86667,0.86641,0.86645
2026-05-30 00:15:00+00:00,0.86645,0.86652,0.86642,0.86645
2026-05-30 00:30:00+00:00,0.86645,0.86651,0.86643,0.86649
2026-05-30 00:45:00+00:00,0.86644,0.86651,0.86642,0.86649
2026-05-30 01:00:00+00:00,0.86645,0.86652,0.86644,0.86648
2026-05-30 01:15:00+00:00,0.86645,0.86653,0.86638,0.86649
2026-05-30 01:30:00+00:00,0.86644,0.86661,0.86638,0.86649
2026-05-30 01:45:00+00:00,0.86644,0.86652,0.86641,0.86649
2026-05-30 02:00:00+00:00,0.86644,0.86651,0.86641,0.86643
2026-05-30 02:15:00+00:00,0.86643,0.86651,0.86642,0.86644
2026-05-30 02:30:00+00:00,0.86644,0.86651,0.8664,0.86649
2026-05-30 02:45:00+00:00,0.86644,0.86651,0.86635,0.86649
2026-05-30 03:00:00+00:00,0.86645,0.86651,0.86643,0.86643
2026-05-30 03:15:00+00:00,0.86644,0.86652,0.86637,0.86644
2026-05-30 03:30:00+00:00,0.86644,0.86651,0.86642,0.86648
2026-05-30 03:45:00+00:00,0.86642,0.86652,0.86641,0.86649
2026-05-30 04:00:00+00:00,0.86644,0.86651,0.8664,0.86644
2026-05-30 04:15:00+00:00,0.86644,0.86659,0.86642,0.86649
2026-05-30 04:30:00+00:00,0.86644,0.86653,0.86636,0.86644
2026-05-30 04:45:00+00:00,0.86643,0.86651,0.86641,0.86648
2026-05-30 05:00:00+00:00,0.86644,0.86651,0.86639,0.86643
2026-05-30 05:15:00+00:00,0.86643,0.86652,0.86637,0.86644
2026-05-30 05:30:00+00:00,0.86644,0.86651,0.86642,0.86644
2026-05-30 05:45:00+00:00,0.86644,0.86652,0.86641,0.8665
2026-05-30 06:00:00+00:00,0.86645,0.86652,0.86642,0.86645
2026-05-30 06:15:00+00:00,0.86644,0.86651,0.86643,0.86645
2026-05-30 06:30:00+00:00,0.86645,0.86654,0.86642,0.86649
2026-05-30 06:45:00+00:00,0.86644,0.86651,0.86643,0.86649
2026-05-30 07:00:00+00:00,0.86645,0.86651,0.86643,0.86648
2026-05-30 07:15:00+00:00,0.86644,0.86651,0.86643,0.86644
2026-05-30 07:30:00+00:00,0.86645,0.86651,0.86643,0.86644
2026-05-30 07:45:00+00:00,0.86644,0.86651,0.86636,0.8665
2026-05-30 08:00:00+00:00,0.86645,0.86652,0.86643,0.86644
2026-05-30 08:15:00+00:00,0.86643,0.86653,0.86637,0.86649
2026-05-30 08:30:00+00:00,0.86644,0.86654,0.86637,0.86642
2026-05-30 08:45:00+00:00,0.86643,0.86651,0.86634,0.86649
2026-05-30 09:00:00+00:00,0.86644,0.86651,0.86637,0.86649
2026-05-30 09:15:00+00:00,0.86643,0.86658,0.86642,0.86644
2026-05-30 09:30:00+00:00,0.86644,0.86651,0.86641,0.86642
2026-05-30 09:45:00+00:00,0.86644,0.86651,0.86643,0.86648
2026-05-30 10:00:00+00:00,0.86644,0.86653,0.86642,0.86649
2026-05-30 10:15:00+00:00,0.86644,0.86652,0.86641,0.86645
2026-05-30 10:30:00+00:00,0.86645,0.86651,0.86642,0.86642
2026-05-30 10:45:00+00:00,0.86643,0.86652,0.86637,0.86648
2026-05-30 11:00:00+00:00,0.86643,0.86651,0.86642,0.86648
2026-05-30 11:15:00+00:00,0.86643,0.86651,0.86638,0.86644
2026-05-30 11:30:00+00:00,0.86644,0.8665,0.86639,0.8664
2026-05-30 11:45:00+00:00,0.86642,0.86646,0.8664,0.86642
2026-05-30 12:00:00+00:00,0.86642,0.86646,0.86634,0.86645
2026-05-30 12:15:00+00:00,0.86643,0.86647,0.86642,0.86643
2026-05-30 12:30:00+00:00,0.86643,0.86647,0.86636,0.86642
2026-05-30 12:45:00+00:00,0.86642,0.86647,0.86637,0.86643
2026-05-30 13:00:00+00:00,0.86643,0.86646,0.86641,0.86644
2026-05-30 13:15:00+00:00,0.86642,0.86646,0.86637,0.86642
2026-05-30 13:30:00+00:00,0.86641,0.86653,0.8664,0.86644
2026-05-30 13:45:00+00:00,0.86644,0.86649,0.86636,0.86645
2026-05-30 14:00:00+00:00,0.86645,0.86648,0.86641,0.86644
2026-05-30 14:15:00+00:00,0.86643,0.86646,0.86641,0.86643
2026-05-30 14:30:00+00:00,0.86642,0.86651,0.86641,0.86643
2026-05-30 14:45:00+00:00,0.86643,0.86647,0.86642,0.86643
2026-05-30 15:00:00+00:00,0.86643,0.86647,0.8664,0.86643
2026-05-30 15:15:00+00:00,0.86641,0.86645,0.86638,0.86643
2026-05-30 15:30:00+00:00,0.86641,0.86646,0.86641,0.86642
2026-05-30 15:45:00+00:00,0.86642,0.86646,0.86637,0.86641
2026-05-30 16:00:00+00:00,0.86641,0.86651,0.86616,0.86644
2026-05-30 16:15:00+00:00,0.86643,0.86647,0.86638,0.86644
2026-05-30 16:30:00+00:00,0.86642,0.86647,0.86637,0.86644
2026-05-30 16:45:00+00:00,0.86644,0.86645,0.86639,0.8664
2026-05-30 17:00:00+00:00,0.86641,0.8666,0.86599,0.86634
2026-05-30 17:15:00+00:00,0.86633,0.86637,0.86632,0.86635
2026-05-30 17:30:00+00:00,0.86633,0.86642,0.86625,0.86639
2026-05-30 17:45:00+00:00,0.86639,0.86644,0.86636,0.86643
2026-05-30 18:00:00+00:00,0.8664,0.86642,0.86598,0.86624
2026-05-30 18:15:00+00:00,0.86622,0.86637,0.86611,0.86636
2026-05-30 18:30:00+00:00,0.86633,0.86642,0.86633,0.86639
2026-05-30 18:45:00+00:00,0.86638,0.86644,0.86634,0.8664
2026-05-30 19:00:00+00:00,0.86641,0.86643,0.86599,0.8664
2026-05-30 19:15:00+00:00,0.86637,0.86644,0.86637,0.86642
2026-05-30 19:30:00+00:00,0.8664,0.86646,0.86637,0.86643
2026-05-30 19:45:00+00:00,0.86642,0.86646,0.86641,0.86641
2026-05-30 20:00:00+00:00,0.86642,0.86669,0.86599,0.86626
2026-05-30 20:15:00+00:00,0.86626,0.86642,0.8662,0.8664
2026-05-30 20:30:00+00:00,0.86639,0.86644,0.86638,0.86642
2026-05-30 20:45:00+00:00,0.86641,0.86645,0.86635,0.86641
2026-05-30 21:00:00+00:00,0.86641,0.86643,0.866,0.86612
2026-05-30 21:15:00+00:00,0.86613,0.86631,0.86606,0.86628
2026-05-30 21:30:00+00:00,0.86627,0.86642,0.86626,0.8664
2026-05-30 21:45:00+00:00,0.86638,0.86642,0.86629,0.86639
2026-05-30 22:00:00+00:00,0.86639,0.86659,0.86608,0.86641
2026-05-30 22:15:00+00:00,0.86642,0.86647,0.86641,0.86644
2026-05-30 22:30:00+00:00,0.86643,0.86646,0.86635,0.86644
2026-05-30 22:45:00+00:00,0.86642,0.86646,0.86636,0.86643
2026-05-30 23:00:00+00:00,0.86643,0.86644,0.866,0.86613
2026-05-30 23:15:00+00:00,0.86614,0.86636,0.86608,0.86632
2026-05-30 23:30:00+00:00,0.86632,0.86647,0.8663,0.86645
2026-05-30 23:45:00+00:00,0.86643,0.86647,0.86637,0.86643
2026-05-31 00:00:00+00:00,0.86643,0.86646,0.86637,0.86638
2026-05-31 00:15:00+00:00,0.86642,0.86652,0.86635,0.86642
2026-05-31 00:30:00+00:00,0.86643,0.86646,0.86636,0.86645
2026-05-31 00:45:00+00:00,0.86643,0.86647,0.86641,0.86644
2026-05-31 01:00:00+00:00,0.86643,0.86654,0.86641,0.86643
2026-05-31 01:15:00+00:00,0.86643,0.86647,0.86642,0.86643
2026-05-31 01:30:00+00:00,0.86643,0.86646,0.8664,0.86644
2026-05-31 01:45:00+00:00,0.86643,0.86646,0.8664,0.86643
2026-05-31 02:00:00+00:00,0.86642,0.86646,0.86641,0.86642
2026-05-31 02:15:00+00:00,0.86642,0.86646,0.86639,0.86641
2026-05-31 02:30:00+00:00,0.86641,0.86653,0.8664,0.86646
2026-05-31 02:45:00+00:00,0.86644,0.86647,0.86637,0.86644
2026-05-31 03:00:00+00:00,0.86643,0.86647,0.86637,0.86643
2026-05-31 03:15:00+00:00,0.86643,0.86647,0.86641,0.86642
2026-05-31 03:30:00+00:00,0.86643,0.86646,0.86637,0.86644
2026-05-31 03:45:00+00:00,0.86642,0.86653,0.86642,0.86645
2026-05-31 04:00:00+00:00,0.86643,0.86647,0.86636,0.86643
2026-05-31 04:15:00+00:00,0.86643,0.86646,0.86637,0.86641
2026-05-31 04:30:00+00:00,0.86641,0.86645,0.8664,0.86642
2026-05-31 04:45:00+00:00,0.86641,0.86645,0.86638,0.86644
2026-05-31 05:00:00+00:00,0.86642,0.86646,0.8664,0.86643
2026-05-31 05:15:00+00:00,0.86643,0.86647,0.86637,0.86642
2026-05-31 05:30:00+00:00,0.86643,0.86647,0.86637,0.86643
2026-05-31 05:45:00+00:00,0.86643,0.86647,0.86641,0.86645
2026-05-31 06:00:00+00:00,0.86643,0.86652,0.86636,0.86642
2026-05-31 06:15:00+00:00,0.86641,0.86645,0.8664,0.86641
2026-05-31 06:30:00+00:00,0.86641,0.86652,0.86634,0.86648
2026-05-31 06:45:00+00:00,0.86648,0.8665,0.86643,0.86647
2026-05-31 07:00:00+00:00,0.86645,0.86649,0.86644,0.86646
2026-05-31 07:15:00+00:00,0.86645,0.86649,0.86642,0.86643
2026-05-31 07:30:00+00:00,0.86644,0.86648,0.86642,0.86642
2026-05-31 07:45:00+00:00,0.86643,0.86644,0.86637,0.86643
2026-05-31 08:00:00+00:00,0.86641,0.86651,0.86628,0.86636
2026-05-31 08:15:00+00:00,0.86633,0.86641,0.86633,0.86637
2026-05-31 08:30:00+00:00,0.86637,0.86649,0.86629,0.86643
2026-05-31 08:45:00+00:00,0.86643,0.86647,0.86642,0.86645
2026-05-31 09:00:00+00:00,0.86643,0.86646,0.86641,0.86644
2026-05-31 09:15:00+00:00,0.86643,0.86647,0.86642,0.86642
2026-05-31 09:30:00+00:00,0.86643,0.86646,0.86641,0.86642
2026-05-31 09:45:00+00:00,0.86643,0.86646,0.86641,0.86643
2026-05-31 10:00:00+00:00,0.86642,0.86646,0.86641,0.86644
2026-05-31 10:15:00+00:00,0.86642,0.86646,0.86641,0.86642
2026-05-31 10:30:00+00:00,0.86642,0.86653,0.86637,0.86649
2026-05-31 10:45:00+00:00,0.86649,0.86653,0.86648,0.86651
2026-05-31 11:00:00+00:00,0.86649,0.86653,0.86648,0.86651
2026-05-31 11:15:00+00:00,0.86649,0.86653,0.86648,0.8665
2026-05-31 11:30:00+00:00,0.86649,0.86653,0.8664,0.86644
2026-05-31 11:45:00+00:00,0.86645,0.86649,0.86644,0.86645
2026-05-31 12:00:00+00:00,0.86645,0.86649,0.86644,0.86647
2026-05-31 12:15:00+00:00,0.86645,0.86649,0.86644,0.86646
2026-05-31 12:30:00+00:00,0.86645,0.86654,0.86644,0.86649
2026-05-31 12:45:00+00:00,0.8665,0.86654,0.86648,0.8665
2026-05-31 13:00:00+00:00,0.8665,0.86654,0.86632,0.86639
2026-05-31 13:15:00+00:00,0.86637,0.86674,0.86635,0.8664
2026-05-31 13:30:00+00:00,0.86639,0.86667,0.86637,0.86641
2026-05-31 13:45:00+00:00,0.86642,0.86646,0.86641,0.86642
2026-05-31 14:00:00+00:00,0.86642,0.86662,0.86637,0.8665
2026-05-31 14:15:00+00:00,0.86649,0.86652,0.86646,0.86649
2026-05-31 14:30:00+00:00,0.86648,0.86652,0.86647,0.86648
2026-05-31 14:45:00+00:00,0.86648,0.8666,0.8664,0.86646
2026-05-31 15:00:00+00:00,0.86646,0.86674,0.86639,0.86649
2026-05-31 15:15:00+00:00,0.86648,0.86658,0.86647,0.86656
2026-05-31 15:30:00+00:00,0.86654,0.86658,0.86653,0.86654
2026-05-31 15:45:00+00:00,0.86654,0.86658,0.86647,0.86648
2026-05-31 16:00:00+00:00,0.86649,0.86663,0.86604,0.86646
2026-05-31 16:15:00+00:00,0.86644,0.8665,0.86644,0.86648
2026-05-31 16:30:00+00:00,0.86647,0.86659,0.86638,0.86644
2026-05-31 16:45:00+00:00,0.86642,0.86659,0.86641,0.86646
2026-05-31 17:00:00+00:00,0.86647,0.86658,0.86614,0.8665
2026-05-31 17:15:00+00:00,0.86648,0.86651,0.86643,0.8665
2026-05-31 17:30:00+00:00,0.86647,0.86652,0.86646,0.86648
2026-05-31 17:45:00+00:00,0.86647,0.86652,0.86643,0.86647
2026-05-31 18:00:00+00:00,0.86648,0.86665,0.86619,0.8665
2026-05-31 18:15:00+00:00,0.86648,0.86661,0.86636,0.86652
2026-05-31 18:30:00+00:00,0.86646,0.86654,0.86642,0.86652
2026-05-31 18:45:00+00:00,0.86647,0.86688,0.86634,0.86685
2026-05-31 19:00:00+00:00,0.86678,0.86701,0.86553,0.86601
2026-05-31 19:15:00+00:00,0.86607,0.8667,0.86587,0.86628
2026-05-31 19:30:00+00:00,0.86621,0.86661,0.86603,0.86607
2026-05-31 19:45:00+00:00,0.86613,0.86679,0.86574,0.8663
2026-05-31 20:00:00+00:00,0.86621,0.86697,0.86571,0.86639
2026-05-31 20:15:00+00:00,0.86643,0.86699,0.8661,0.86654
2026-05-31 20:30:00+00:00,0.86635,0.86681,0.86614,0.8666
2026-05-31 20:45:00+00:00,0.86626,0.86674,0.8661,0.86624
2026-05-31 21:00:00+00:00,0.86625,0.86664,0.86603,0.86606
2026-05-31 21:15:00+00:00,0.86613,0.86672,0.86599,0.86613
2026-05-31 21:30:00+00:00,0.86601,0.86626,0.86593,0.86611
2026-05-31 21:45:00+00:00,0.86607,0.8668,0.86594,0.86658
2026-05-31 22:00:00+00:00,0.86659,0.86671,0.86615,0.86658
2026-05-31 22:15:00+00:00,0.86658,0.86664,0.86648,0.86656
2026-05-31 22:30:00+00:00,0.86653,0.86664,0.86648,0.86656
2026-05-31 22:45:00+00:00,0.86655,0.86663,0.86652,0.86657
2026-05-31 23:00:00+00:00,0.86657,0.86662,0.86646,0.86654
2026-05-31 23:15:00+00:00,0.86655,0.86658,0.86647,0.86649
2026-05-31 23:30:00+00:00,0.86652,0.86654,0.86632,0.8665
2026-05-31 23:45:00+00:00,0.86645,0.86645,0.8658,0.86592
2026-06-01 00:00:00+00:00,0.86596,0.8662,0.86586,0.86611
2026-06-01 00:15:00+00:00,0.86614,0.86622,0.86597,0.86615
2026-06-01 00:30:00+00:00,0.86613,0.8662,0.86603,0.86611
2026-06-01 00:45:00+00:00,0.86609,0.86613,0.86587,0.8659
2026-06-01 01:00:00+00:00,0.86595,0.86595,0.86569,0.86577
2026-06-01 01:15:00+00:00,0.86574,0.86585,0.8656,0.86573
2026-06-01 01:30:00+00:00,0.8657,0.86578,0.86553,0.8656
2026-06-01 01:45:00+00:00,0.86557,0.86562,0.8655,0.8656
2026-06-01 02:00:00+00:00,0.86559,0.86563,0.8654,0.86541
2026-06-01 02:15:00+00:00,0.86542,0.86552,0.86539,0.86547
2026-06-01 02:30:00+00:00,0.86548,0.86558,0.86543,0.86555
2026-06-01 02:45:00+00:00,0.86554,0.86562,0.8655,0.8656
2026-06-01 03:00:00+00:00,0.86558,0.8656,0.86544,0.8655
2026-06-01 03:15:00+00:00,0.8655,0.86564,0.86537,0.86554
2026-06-01 03:30:00+00:00,0.86555,0.86558,0.86536,0.86551
2026-06-01 03:45:00+00:00,0.86549,0.86576,0.86549,0.86574
2026-06-01 04:00:00+00:00,0.86572,0.86576,0.86557,0.86568
2026-06-01 04:15:00+00:00,0.86565,0.8657,0.86556,0.86562
2026-06-01 04:30:00+00:00,0.86561,0.86564,0.86553,0.86558
2026-06-01 04:45:00+00:00,0.86557,0.86562,0.86548,0.86561
2026-06-01 05:00:00+00:00,0.86559,0.86566,0.86543,0.86546
2026-06-01 05:15:00+00:00,0.86552,0.86556,0.86543,0.86546
2026-06-01 05:30:00+00:00,0.86548,0.86552,0.86539,0.86544
2026-06-01 05:45:00+00:00,0.86543,0.86547,0.86533,0.86544
2026-06-01 06:00:00+00:00,0.86542,0.86556,0.86527,0.86545
2026-06-01 06:15:00+00:00,0.86544,0.86572,0.86538,0.8656
2026-06-01 06:30:00+00:00,0.86563,0.86563,0.86522,0.86539
2026-06-01 06:45:00+00:00,0.8654,0.86578,0.86516,0.86576
2026-06-01 07:00:00+00:00,0.86568,0.86605,0.86542,0.86586
2026-06-01 07:15:00+00:00,0.86591,0.866,0.86563,0.86588
2026-06-01 07:30:00+00:00,0.86585,0.86589,0.8656,0.86587
2026-06-01 07:45:00+00:00,0.86584,0.86609,0.86581,0.86608
2026-06-01 08:00:00+00:00,0.86604,0.86608,0.86569,0.86573
2026-06-01 08:15:00+00:00,0.86574,0.8658,0.86546,0.86556
2026-06-01 08:30:00+00:00,0.86558,0.86566,0.86533,0.86535
2026-06-01 08:45:00+00:00,0.86538,0.86549,0.86509,0.86541
2026-06-01 09:00:00+00:00,0.86536,0.86551,0.86508,0.86519
2026-06-01 09:15:00+00:00,0.86521,0.86543,0.86513,0.86538
2026-06-01 09:30:00+00:00,0.86539,0.86568,0.86534,0.86539
2026-06-01 09:45:00+00:00,0.8654,0.86565,0.86535,0.86564
2026-06-01 10:00:00+00:00,0.86562,0.86574,0.86546,0.86552
2026-06-01 10:15:00+00:00,0.86558,0.86569,0.86543,0.8655
2026-06-01 10:30:00+00:00,0.86552,0.86558,0.86526,0.86526
2026-06-01 10:45:00+00:00,0.86527,0.86531,0.86506,0.86519
2026-06-01 11:00:00+00:00,0.86516,0.86527,0.86479,0.86492
2026-06-01 11:15:00+00:00,0.86483,0.86506,0.86479,0.86496
2026-06-01 11:30:00+00:00,0.86499,0.86506,0.86482,0.86498
2026-06-01 11:45:00+00:00,0.86496,0.86504,0.86484,0.86491
2026-06-01 12:00:00+00:00,0.86497,0.86504,0.86478,0.86501
2026-06-01 12:15:00+00:00,0.86498,0.86516,0.86493,0.86514
2026-06-01 12:30:00+00:00,0.8651,0.86517,0.86486,0.86508
2026-06-01 12:45:00+00:00,0.86501,0.86511,0.86487,0.86501
2026-06-01 13:00:00+00:00,0.86504,0.86551,0.86486,0.86539
2026-06-01 13:15:00+00:00,0.86531,0.86566,0.86491,0.86549
2026-06-01 13:30:00+00:00,0.86546,0.86572,0.86523,0.86541
2026-06-01 13:45:00+00:00,0.86554,0.86585,0.86531,0.86547
2026-06-01 14:00:00+00:00,0.86556,0.86573,0.86527,0.86535
2026-06-01 14:15:00+00:00,0.86532,0.86548,0.86515,0.86525
2026-06-01 14:30:00+00:00,0.86523,0.86542,0.86506,0.86523
2026-06-01 14:45:00+00:00,0.86523,0.86528,0.86452,0.86455
2026-06-01 15:00:00+00:00,0.86461,0.86481,0.86452,0.86474
2026-06-01 15:15:00+00:00,0.86472,0.86474,0.86431,0.86438
2026-06-01 15:30:00+00:00,0.86437,0.86462,0.86405,0.86444
2026-06-01 15:45:00+00:00,0.86442,0.86457,0.86424,0.86433
2026-06-01 16:00:00+00:00,0.86432,0.86434,0.86401,0.86427
2026-06-01 16:15:00+00:00,0.86424,0.86443,0.86419,0.86436
2026-06-01 16:30:00+00:00,0.86433,0.86435,0.86388,0.86416
2026-06-01 16:45:00+00:00,0.86412,0.86421,0.86382,0.86398
2026-06-01 17:00:00+00:00,0.86399,0.8642,0.86385,0.86409
2026-06-01 17:15:00+00:00,0.86406,0.86414,0.86376,0.86387
2026-06-01 17:30:00+00:00,0.86385,0.86421,0.86364,0.86406
2026-06-01 17:45:00+00:00,0.86397,0.86415,0.86387,0.86402
2026-06-01 18:00:00+00:00,0.86409,0.86418,0.86397,0.86406
2026-06-01 18:15:00+00:00,0.86408,0.86417,0.86403,0.86414
2026-06-01 18:30:00+00:00,0.86412,0.86425,0.86402,0.86422
2026-06-01 18:45:00+00:00,0.86421,0.86432,0.86415,0.86419
2026-06-01 19:00:00+00:00,0.86425,0.86443,0.86413,0.86421
2026-06-01 19:15:00+00:00,0.86425,0.8643,0.86416,0.86426
2026-06-01 19:30:00+00:00,0.86425,0.86431,0.86417,0.86423
2026-06-01 19:45:00+00:00,0.86421,0.86433,0.86408,0.86424
2026-06-01 20:00:00+00:00,0.86424,0.86437,0.86419,0.86434
2026-06-01 20:15:00+00:00,0.86432,0.86437,0.86425,0.86432
2026-06-01 20:30:00+00:00,0.8643,0.86442,0.86427,0.8644
2026-06-01 20:45:00+00:00,0.86438,0.86454,0.86432,0.86453
2026-06-01 21:00:00+00:00,0.86452,0.86456,0.86413,0.86423
2026-06-01 21:15:00+00:00,0.86425,0.86463,0.86417,0.86452
2026-06-01 21:30:00+00:00,0.86451,0.86458,0.86411,0.86445
2026-06-01 21:45:00+00:00,0.86441,0.86475,0.86432,0.86472
2026-06-01 22:00:00+00:00,0.86465,0.86465,0.86434,0.86445
2026-06-01 22:15:00+00:00,0.86448,0.86464,0.86444,0.86455
2026-06-01 22:30:00+00:00,0.86454,0.86456,0.86446,0.86451
2026-06-01 22:45:00+00:00,0.8645,0.86452,0.86443,0.86449
2026-06-01 23:00:00+00:00,0.86449,0.86456,0.8644,0.86451
2026-06-01 23:15:00+00:00,0.86449,0.86455,0.86446,0.86449
2026-06-01 23:30:00+00:00,0.86449,0.86458,0.86442,0.86454
2026-06-01 23:45:00+00:00,0.86452,0.86454,0.86441,0.86448
2026-06-02 00:00:00+00:00,0.86447,0.86449,0.86415,0.86428
2026-06-02 00:15:00+00:00,0.8643,0.86435,0.86422,0.86433
2026-06-02 00:30:00+00:00,0.86432,0.86444,0.86424,0.86439
2026-06-02 00:45:00+00:00,0.86437,0.86455,0.86429,0.86452
2026-06-02 01:00:00+00:00,0.86451,0.86464,0.86442,0.86444
2026-06-02 01:15:00+00:00,0.86449,0.86461,0.86442,0.86454
2026-06-02 01:30:00+00:00,0.86454,0.86455,0.86434,0.8645
2026-06-02 01:45:00+00:00,0.86445,0.86464,0.86428,0.86463
2026-06-02 02:00:00+00:00,0.8646,0.8647,0.86452,0.86462
2026-06-02 02:15:00+00:00,0.86463,0.86471,0.86461,0.86465
2026-06-02 02:30:00+00:00,0.86465,0.86466,0.86449,0.86456
2026-06-02 02:45:00+00:00,0.86455,0.86459,0.8645,0.86453
2026-06-02 03:00:00+00:00,0.86452,0.8646,0.86448,0.86458
2026-06-02 03:15:00+00:00,0.86455,0.86459,0.86445,0.86454
2026-06-02 03:30:00+00:00,0.86452,0.86459,0.86448,0.86454
2026-06-02 03:45:00+00:00,0.86452,0.86459,0.86445,0.86449
2026-06-02 04:00:00+00:00,0.8645,0.86457,0.86444,0.86456
2026-06-02 04:15:00+00:00,0.86455,0.86462,0.86447,0.86448
2026-06-02 04:30:00+00:00,0.86449,0.86452,0.86435,0.86436
2026-06-02 04:45:00+00:00,0.86438,0.86444,0.86429,0.86443
2026-06-02 05:00:00+00:00,0.86441,0.86444,0.8643,0.86439
2026-06-02 05:15:00+00:00,0.86438,0.86446,0.86424,0.86427
2026-06-02 05:30:00+00:00,0.8643,0.86436,0.86418,0.8643
2026-06-02 05:45:00+00:00,0.86429,0.86446,0.86426,0.86445
2026-06-02 06:00:00+00:00,0.86442,0.86461,0.8642,0.86424
2026-06-02 06:15:00+00:00,0.86428,0.86436,0.86413,0.86422
2026-06-02 06:30:00+00:00,0.86423,0.86447,0.86417,0.86446
2026-06-02 06:45:00+00:00,0.86444,0.86453,0.86431,0.86439
2026-06-02 07:00:00+00:00,0.86441,0.86453,0.86419,0.86431
2026-06-02 07:15:00+00:00,0.86437,0.86468,0.86433,0.86443
2026-06-02 07:30:00+00:00,0.86446,0.86461,0.8643,0.86439
2026-06-02 07:45:00+00:00,0.86439,0.8647,0.86428,0.86467
2026-06-02 08:00:00+00:00,0.86466,0.86488,0.86456,0.86476
2026-06-02 08:15:00+00:00,0.86475,0.86487,0.86458,0.86472
2026-06-02 08:30:00+00:00,0.86478,0.86493,0.86471,0.86481
2026-06-02 08:45:00+00:00,0.86485,0.86501,0.86479,0.86481
2026-06-02 09:00:00+00:00,0.86482,0.86485,0.86447,0.8645
2026-06-02 09:15:00+00:00,0.86456,0.86464,0.8644,0.86452
2026-06-02 09:30:00+00:00,0.86451,0.86471,0.86441,0.86458
2026-06-02 09:45:00+00:00,0.86465,0.86466,0.86436,0.86442
2026-06-02 10:00:00+00:00,0.8644,0.86461,0.86415,0.86428
2026-06-02 10:15:00+00:00,0.86425,0.86442,0.86404,0.86438
2026-06-02 10:30:00+00:00,0.86437,0.86453,0.86432,0.86451
2026-06-02 10:45:00+00:00,0.86449,0.86456,0.86435,0.86453
2026-06-02 11:00:00+00:00,0.8645,0.86458,0.86443,0.86458
2026-06-02 11:15:00+00:00,0.86454,0.86477,0.86451,0.86472
2026-06-02 11:30:00+00:00,0.86472,0.86494,0.8647,0.86483
2026-06-02 11:45:00+00:00,0.86487,0.86493,0.86452,0.86464
2026-06-02 12:00:00+00:00,0.86463,0.8648,0.86455,0.86471
2026-06-02 12:15:00+00:00,0.86469,0.86485,0.86459,0.86462
2026-06-02 12:30:00+00:00,0.86464,0.86488,0.8645,0.86476
2026-06-02 12:45:00+00:00,0.86476,0.86485,0.86465,0.86474
2026-06-02 13:00:00+00:00,0.86474,0.86484,0.86447,0.86449
2026-06-02 13:15:00+00:00,0.86453,0.86472,0.8643,0.8645
2026-06-02 13:30:00+00:00,0.86445,0.86445,0.86408,0.86428
2026-06-02 13:45:00+00:00,0.86426,0.86445,0.86408,0.86443
2026-06-02 14:00:00+00:00,0.86438,0.86449,0.864,0.86437
2026-06-02 14:15:00+00:00,0.86435,0.86435,0.8641,0.86423
2026-06-02 14:30:00+00:00,0.86422,0.86434,0.86398,0.86412
2026-06-02 14:45:00+00:00,0.86417,0.86448,0.86398,0.86423
2026-06-02 15:00:00+00:00,0.86431,0.86435,0.86374,0.86392
2026-06-02 15:15:00+00:00,0.8639,0.86394,0.86344,0.86351
2026-06-02 15:30:00+00:00,0.86357,0.86394,0.86356,0.8639
2026-06-02 15:45:00+00:00,0.86384,0.86394,0.86359,0.8636
2026-06-02 16:00:00+00:00,0.86361,0.86367,0.86331,0.86344
2026-06-02 16:15:00+00:00,0.86342,0.86349,0.86326,0.86342
2026-06-02 16:30:00+00:00,0.86339,0.86353,0.86322,0.86352
2026-06-02 16:45:00+00:00,0.8635,0.86364,0.86338,0.86358
2026-06-02 17:00:00+00:00,0.86355,0.8636,0.86337,0.86345
2026-06-02 17:15:00+00:00,0.86347,0.8636,0.86344,0.86357
2026-06-02 17:30:00+00:00,0.86354,0.86354,0.86332,0.86339
2026-06-02 17:45:00+00:00,0.86339,0.86352,0.86333,0.86345
2026-06-02 18:00:00+00:00,0.86346,0.86353,0.86329,0.86345
2026-06-02 18:15:00+00:00,0.86344,0.86354,0.86312,0.86332
2026-06-02 18:30:00+00:00,0.8633,0.86354,0.86327,0.86351
2026-06-02 18:45:00+00:00,0.8635,0.86356,0.86328,0.8633
2026-06-02 19:00:00+00:00,0.86333,0.86356,0.86327,0.86355
2026-06-02 19:15:00+00:00,0.86353,0.86363,0.86339,0.86363
2026-06-02 19:30:00+00:00,0.86362,0.8637,0.86354,0.86362
2026-06-02 19:45:00+00:00,0.86361,0.86367,0.86353,0.86366
2026-06-02 20:00:00+00:00,0.86364,0.86378,0.86358,0.86367
2026-06-02 20:15:00+00:00,0.86369,0.8638,0.86364,0.86375
2026-06-02 20:30:00+00:00,0.86373,0.86378,0.86362,0.86371
2026-06-02 20:45:00+00:00,0.86369,0.86391,0.86356,0.8639
2026-06-02 21:00:00+00:00,0.86388,0.86388,0.86339,0.8637
2026-06-02 21:15:00+00:00,0.86365,0.86388,0.86362,0.86373
2026-06-02 21:30:00+00:00,0.8638,0.86392,0.86372,0.86384
2026-06-02 21:45:00+00:00,0.86383,0.86395,0.86365,0.8637
2026-06-02 22:00:00+00:00,0.86377,0.86378,0.86345,0.86362
2026-06-02 22:15:00+00:00,0.86359,0.86367,0.86353,0.86358
2026-06-02 22:30:00+00:00,0.86361,0.8637,0.86356,0.8637
2026-06-02 22:45:00+00:00,0.86367,0.86371,0.86354,0.86368
2026-06-02 23:00:00+00:00,0.86367,0.86373,0.86355,0.86361
2026-06-02 23:15:00+00:00,0.86362,0.86381,0.86355,0.86378
2026-06-02 23:30:00+00:00,0.86375,0.86392,0.86361,0.86382
2026-06-02 23:45:00+00:00,0.86379,0.86389,0.8637,0.86387
2026-06-03 00:00:00+00:00,0.86386,0.86388,0.86365,0.86371
2026-06-03 00:15:00+00:00,0.86373,0.86379,0.86364,0.86372
2026-06-03 00:30:00+00:00,0.86373,0.86376,0.86358,0.86369
2026-06-03 00:45:00+00:00,0.86366,0.86369,0.86351,0.86367
2026-06-03 01:00:00+00:00,0.86365,0.86369,0.86347,0.86357
2026-06-03 01:15:00+00:00,0.86359,0.86366,0.8635,0.86358
2026-06-03 01:30:00+00:00,0.86361,0.86367,0.86346,0.86353
2026-06-03 01:45:00+00:00,0.86351,0.86361,0.86338,0.86355
2026-06-03 02:00:00+00:00,0.86352,0.86358,0.86342,0.86343
2026-06-03 02:15:00+00:00,0.86345,0.8635,0.86336,0.86343
2026-06-03 02:30:00+00:00,0.86345,0.86359,0.86337,0.86351
2026-06-03 02:45:00+00:00,0.8635,0.86368,0.86338,0.86363
2026-06-03 03:00:00+00:00,0.8636,0.86379,0.86358,0.86375
2026-06-03 03:15:00+00:00,0.86375,0.86383,0.86364,0.86373
2026-06-03 03:30:00+00:00,0.86374,0.86378,0.86366,0.86373
2026-06-03 03:45:00+00:00,0.86372,0.86375,0.86357,0.86367
2026-06-03 04:00:00+00:00,0.86365,0.86376,0.8636,0.86373
2026-06-03 04:15:00+00:00,0.86372,0.86376,0.86361,0.86364
2026-06-03 04:30:00+00:00,0.86368,0.86376,0.86362,0.86372
2026-06-03 04:45:00+00:00,0.86371,0.86376,0.86364,0.86372
2026-06-03 05:00:00+00:00,0.86369,0.86375,0.86364,0.8637
2026-06-03 05:15:00+00:00,0.86369,0.86375,0.86351,0.86373
2026-06-03 05:30:00+00:00,0.86369,0.86391,0.86364,0.8639
2026-06-03 05:45:00+00:00,0.86387,0.86393,0.86377,0.86391
2026-06-03 06:00:00+00:00,0.86389,0.86408,0.86375,0.86407
2026-06-03 06:15:00+00:00,0.86404,0.86432,0.86397,0.86417
2026-06-03 06:30:00+00:00,0.86418,0.86426,0.8637,0.86383
2026-06-03 06:45:00+00:00,0.8638,0.86388,0.86363,0.86367
2026-06-03 07:00:00+00:00,0.86372,0.86382,0.86358,0.86376
2026-06-03 07:15:00+00:00,0.86374,0.86386,0.8637,0.86377
2026-06-03 07:30:00+00:00,0.86378,0.864,0.86328,0.86333
2026-06-03 07:45:00+00:00,0.8634,0.86355,0.86325,0.86337
2026-06-03 08:00:00+00:00,0.86345,0.86345,0.86319,0.86339
2026-06-03 08:15:00+00:00,0.86336,0.8635,0.86328,0.86329
2026-06-03 08:30:00+00:00,0.86331,0.86357,0.86316,0.8634
2026-06-03 08:45:00+00:00,0.86344,0.8636,0.86325,0.86351
2026-06-03 09:00:00+00:00,0.8635,0.86368,0.86342,0.86353
2026-06-03 09:15:00+00:00,0.86358,0.86373,0.86341,0.86354
2026-06-03 09:30:00+00:00,0.86351,0.8637,0.86342,0.86364
2026-06-03 09:45:00+00:00,0.86358,0.86367,0.8635,0.86364
2026-06-03 10:00:00+00:00,0.8636,0.86381,0.8633,0.86347
2026-06-03 10:15:00+00:00,0.86341,0.86379,0.8634,0.86377
2026-06-03 10:30:00+00:00,0.86373,0.86399,0.86369,0.86397
2026-06-03 10:45:00+00:00,0.86394,0.864,0.86362,0.86367
2026-06-03 11:00:00+00:00,0.86366,0.86368,0.8635,0.86358
2026-06-03 11:15:00+00:00,0.86355,0.86374,0.86351,0.86366
2026-06-03 11:30:00+00:00,0.86367,0.86391,0.86363,0.86389
2026-06-03 11:45:00+00:00,0.86386,0.86403,0.86359,0.86376
2026-06-03 12:00:00+00:00,0.86371,0.86382,0.86352,0.86354
2026-06-03 12:15:00+00:00,0.86356,0.86378,0.86348,0.86354
2026-06-03 12:30:00+00:00,0.86358,0.8638,0.86344,0.86373
2026-06-03 12:45:00+00:00,0.86368,0.86378,0.86346,0.86362
2026-06-03 13:00:00+00:00,0.86357,0.86374,0.86354,0.86362
2026-06-03 13:15:00+00:00,0.86361,0.86413,0.86357,0.86395
2026-06-03 13:30:00+00:00,0.86393,0.86415,0.86389,0.86413
2026-06-03 13:45:00+00:00,0.86409,0.86428,0.86402,0.86411
2026-06-03 14:00:00+00:00,0.86412,0.8643,0.86393,0.86421
2026-06-03 14:15:00+00:00,0.86411,0.8642,0.86395,0.86406
2026-06-03 14:30:00+00:00,0.86403,0.86411,0.86368,0.86379
2026-06-03 14:45:00+00:00,0.86379,0.8644,0.86369,0.86425
2026-06-03 15:00:00+00:00,0.86416,0.8643,0.86401,0.86415
2026-06-03 15:15:00+00:00,0.86415,0.86428,0.86394,0.86414
2026-06-03 15:30:00+00:00,0.8641,0.8641,0.86366,0.86371
2026-06-03 15:45:00+00:00,0.86371,0.86397,0.86362,0.8638
2026-06-03 16:00:00+00:00,0.86381,0.86413,0.86364,0.86406
2026-06-03 16:15:00+00:00,0.86405,0.86434,0.864,0.86415
2026-06-03 16:30:00+00:00,0.86418,0.86435,0.86404,0.86431
2026-06-03 16:45:00+00:00,0.86429,0.86439,0.86408,0.86416
2026-06-03 17:00:00+00:00,0.86421,0.86427,0.86401,0.86426
2026-06-03 17:15:00+00:00,0.86422,0.86441,0.86415,0.86435
2026-06-03 17:30:00+00:00,0.86432,0.86452,0.86432,0.8645
2026-06-03 17:45:00+00:00,0.86446,0.86455,0.86434,0.86445
2026-06-03 18:00:00+00:00,0.86448,0.8646,0.86437,0.86453
2026-06-03 18:15:00+00:00,0.86453,0.86457,0.8644,0.86452
2026-06-03 18:30:00+00:00,0.86449,0.86457,0.86442,0.86448
2026-06-03 18:45:00+00:00,0.86446,0.86457,0.86442,0.86449
2026-06-03 19:00:00+00:00,0.86451,0.86455,0.86438,0.86443
2026-06-03 19:15:00+00:00,0.86443,0.86452,0.86425,0.86438
2026-06-03 19:30:00+00:00,0.86436,0.86439,0.86425,0.86431
2026-06-03 19:45:00+00:00,0.8643,0.86434,0.86418,0.86432
2026-06-03 20:00:00+00:00,0.86431,0.86433,0.86413,0.86431
2026-06-03 20:15:00+00:00,0.86428,0.86454,0.86427,0.86453
2026-06-03 20:30:00+00:00,0.8645,0.86458,0.86444,0.86449
2026-06-03 20:45:00+00:00,0.86448,0.8645,0.86432,0.86445
2026-06-03 21:00:00+00:00,0.86444,0.86468,0.8641,0.86435
2026-06-03 21:15:00+00:00,0.86433,0.86451,0.86419,0.86441
2026-06-03 21:30:00+00:00,0.86447,0.86452,0.86427,0.86439
2026-06-03 21:45:00+00:00,0.86433,0.86477,0.86428,0.86441
2026-06-03 22:00:00+00:00,0.86436,0.86463,0.86429,0.86452
2026-06-03 22:15:00+00:00,0.8645,0.86458,0.86445,0.86449
2026-06-03 22:30:00+00:00,0.86449,0.86466,0.86449,0.86463
2026-06-03 22:45:00+00:00,0.86461,0.86512,0.86436,0.86458
2026-06-03 23:00:00+00:00,0.86465,0.86481,0.86452,0.86471
2026-06-03 23:15:00+00:00,0.86467,0.86481,0.86466,0.86474
2026-06-03 23:30:00+00:00,0.86474,0.8648,0.86464,0.86473
2026-06-03 23:45:00+00:00,0.86471,0.8648,0.86457,0.86472
2026-06-04 00:00:00+00:00,0.86469,0.86474,0.86447,0.86456
2026-06-04 00:15:00+00:00,0.86458,0.86476,0.86449,0.86458
2026-06-04 00:30:00+00:00,0.8646,0.86461,0.86436,0.86455
2026-06-04 00:45:00+00:00,0.86451,0.86469,0.86439,0.86463
2026-06-04 01:00:00+00:00,0.86462,0.86462,0.86439,0.86457
2026-06-04 01:15:00+00:00,0.86455,0.86468,0.86445,0.86466
2026-06-04 01:30:00+00:00,0.86462,0.86475,0.86459,0.86466
2026-06-04 01:45:00+00:00,0.86465,0.86473,0.86456,0.86466
2026-06-04 02:00:00+00:00,0.86462,0.86482,0.86459,0.86472
2026-06-04 02:15:00+00:00,0.86473,0.86476,0.86462,0.8647
2026-06-04 02:30:00+00:00,0.86472,0.86481,0.8647,0.86479
2026-06-04 02:45:00+00:00,0.86478,0.86482,0.86468,0.86475
2026-06-04 03:00:00+00:00,0.86473,0.86477,0.86456,0.86465
2026-06-04 03:15:00+00:00,0.86468,0.86482,0.86463,0.86473
2026-06-04 03:30:00+00:00,0.86475,0.86481,0.86466,0.86477
2026-06-04 03:45:00+00:00,0.86476,0.86482,0.86459,0.86465
2026-06-04 04:00:00+00:00,0.86463,0.86465,0.86446,0.86456
2026-06-04 04:15:00+00:00,0.86454,0.86461,0.8645,0.86453
2026-06-04 04:30:00+00:00,0.86456,0.86495,0.86443,0.8645
2026-06-04 04:45:00+00:00,0.86451,0.86458,0.86437,0.86445
2026-06-04 05:00:00+00:00,0.86443,0.86451,0.86432,0.86449
2026-06-04 05:15:00+00:00,0.86448,0.86468,0.86445,0.86467
2026-06-04 05:30:00+00:00,0.86465,0.86481,0.86453,0.86461
2026-06-04 05:45:00+00:00,0.8646,0.86469,0.86453,0.86455
2026-06-04 06:00:00+00:00,0.86457,0.8647,0.86444,0.86453
2026-06-04 06:15:00+00:00,0.86451,0.86463,0.86442,0.86453
2026-06-04 06:30:00+00:00,0.86453,0.86471,0.86437,0.86463
2026-06-04 06:45:00+00:00,0.86462,0.86484,0.86441,0.86465
2026-06-04 07:00:00+00:00,0.86466,0.86482,0.86454,0.8648
2026-06-04 07:15:00+00:00,0.86478,0.86488,0.86451,0.86484
2026-06-04 07:30:00+00:00,0.86478,0.865,0.86461,0.86473
2026-06-04 07:45:00+00:00,0.86477,0.86489,0.86444,0.86449
2026-06-04 08:00:00+00:00,0.8645,0.86459,0.86425,0.86435
2026-06-04 08:15:00+00:00,0.86434,0.86449,0.86422,0.86429
2026-06-04 08:30:00+00:00,0.86435,0.86455,0.86426,0.8644
2026-06-04 08:45:00+00:00,0.86438,0.8647,0.86433,0.86467
2026-06-04 09:00:00+00:00,0.86459,0.86496,0.86459,0.86487
2026-06-04 09:15:00+00:00,0.86485,0.86501,0.86478,0.86481
2026-06-04 09:30:00+00:00,0.86486,0.86511,0.86472,0.86508
2026-06-04 09:45:00+00:00,0.86504,0.8653,0.86502,0.86518
2026-06-04 10:00:00+00:00,0.86517,0.86557,0.86517,0.8654
2026-06-04 10:15:00+00:00,0.86537,0.86556,0.86524,0.86536
2026-06-04 10:30:00+00:00,0.86535,0.86557,0.86525,0.86546
2026-06-04 10:45:00+00:00,0.86547,0.8655,0.86513,0.86515
2026-06-04 11:00:00+00:00,0.86518,0.86519,0.86486,0.86503
2026-06-04 11:15:00+00:00,0.86501,0.86504,0.86476,0.86486
2026-06-04 11:30:00+00:00,0.8649,0.86511,0.86475,0.86499
2026-06-04 11:45:00+00:00,0.86501,0.86516,0.86487,0.86501
2026-06-04 12:00:00+00:00,0.86499,0.86514,0.86466,0.86497
2026-06-04 12:15:00+00:00,0.86493,0.86502,0.86481,0.86491
2026-06-04 12:30:00+00:00,0.8649,0.86497,0.86482,0.86489
2026-06-04 12:45:00+00:00,0.86493,0.86501,0.86474,0.86479
2026-06-04 13:00:00+00:00,0.86487,0.86512,0.86471,0.86508
2026-06-04 13:15:00+00:00,0.86506,0.86506,0.8648,0.86485
2026-06-04 13:30:00+00:00,0.86487,0.86535,0.8648,0.86515
2026-06-04 13:45:00+00:00,0.86515,0.86523,0.86497,0.86512
2026-06-04 14:00:00+00:00,0.86509,0.86531,0.86497,0.86508
2026-06-04 14:15:00+00:00,0.86505,0.86534,0.86504,0.86533
2026-06-04 14:30:00+00:00,0.86531,0.86545,0.86522,0.86532
2026-06-04 14:45:00+00:00,0.86539,0.86567,0.86504,0.86508
2026-06-04 15:00:00+00:00,0.86514,0.86537,0.865,0.86519
2026-06-04 15:15:00+00:00,0.86517,0.86529,0.86502,0.86527
2026-06-04 15:30:00+00:00,0.86521,0.86545,0.86518,0.86541
2026-06-04 15:45:00+00:00,0.86538,0.8655,0.86515,0.86518
2026-06-04 16:00:00+00:00,0.86524,0.86549,0.86519,0.86529
2026-06-04 16:15:00+00:00,0.86528,0.86529,0.86508,0.86523
2026-06-04 16:30:00+00:00,0.86521,0.86541,0.86513,0.86534
2026-06-04 16:45:00+00:00,0.86533,0.86533,0.86507,0.86512
2026-06-04 17:00:00+00:00,0.86515,0.86522,0.86507,0.86519
2026-06-04 17:15:00+00:00,0.86519,0.86534,0.86509,0.86518
2026-06-04 17:30:00+00:00,0.86516,0.86533,0.86513,0.86528
2026-06-04 17:45:00+00:00,0.86527,0.86549,0.86521,0.86548
2026-06-04 18:00:00+00:00,0.86547,0.86552,0.86536,0.86545
2026-06-04 18:15:00+00:00,0.86543,0.86546,0.8652,0.86531
2026-06-04 18:30:00+00:00,0.86528,0.86537,0.86516,0.86525
2026-06-04 18:45:00+00:00,0.86523,0.86524,0.86507,0.86518
2026-06-04 19:00:00+00:00,0.86515,0.86524,0.86507,0.86512
2026-06-04 19:15:00+00:00,0.86512,0.86517,0.86503,0.86509
2026-06-04 19:30:00+00:00,0.86508,0.86511,0.86495,0.86506
2026-06-04 19:45:00+00:00,0.86504,0.86512,0.86492,0.86507
2026-06-04 20:00:00+00:00,0.86508,0.86512,0.86494,0.86504
2026-06-04 20:15:00+00:00,0.86502,0.86507,0.86488,0.86501
2026-06-04 20:30:00+00:00,0.86498,0.86503,0.8649,0.86499
2026-06-04 20:45:00+00:00,0.86497,0.86502,0.8649,0.86499
2026-06-04 21:00:00+00:00,0.86497,0.86527,0.86483,0.86499
2026-06-04 21:15:00+00:00,0.86501,0.86512,0.86489,0.86501
2026-06-04 21:30:00+00:00,0.86501,0.86524,0.86473,0.86479
2026-06-04 21:45:00+00:00,0.86477,0.8652,0.8647,0.86518
2026-06-04 22:00:00+00:00,0.86514,0.86519,0.86491,0.86496
2026-06-04 22:15:00+00:00,0.86497,0.86512,0.86493,0.86504
2026-06-04 22:30:00+00:00,0.86505,0.86512,0.86498,0.86506
2026-06-04 22:45:00+00:00,0.86504,0.8651,0.86497,0.86505
2026-06-04 23:00:00+00:00,0.86504,0.86512,0.86494,0.86504
2026-06-04 23:15:00+00:00,0.86506,0.86519,0.86503,0.86513
2026-06-04 23:30:00+00:00,0.8651,0.8652,0.86502,0.86509
2026-06-04 23:45:00+00:00,0.86506,0.8652,0.86503,0.86514
2026-06-05 00:00:00+00:00,0.86513,0.86533,0.86511,0.86532
2026-06-05 00:15:00+00:00,0.8653,0.86533,0.86521,0.8653
2026-06-05 00:30:00+00:00,0.86528,0.86528,0.86511,0.86519
2026-06-05 00:45:00+00:00,0.86517,0.86524,0.86507,0.86514
2026-06-05 01:00:00+00:00,0.86516,0.86527,0.86507,0.86521
2026-06-05 01:15:00+00:00,0.86521,0.86538,0.86516,0.86528
2026-06-05 01:30:00+00:00,0.86531,0.86536,0.86514,0.86525
2026-06-05 01:45:00+00:00,0.86522,0.8653,0.86507,0.8652
2026-06-05 02:00:00+00:00,0.86518,0.86522,0.86505,0.86514
2026-06-05 02:15:00+00:00,0.86513,0.86518,0.86505,0.86507
2026-06-05 02:30:00+00:00,0.86508,0.86517,0.86497,0.86517
2026-06-05 02:45:00+00:00,0.86515,0.86524,0.86511,0.86521
2026-06-05 03:00:00+00:00,0.86519,0.86523,0.8651,0.86519
2026-06-05 03:15:00+00:00,0.86518,0.86522,0.86497,0.86512
2026-06-05 03:30:00+00:00,0.8651,0.86511,0.86501,0.86506
2026-06-05 03:45:00+00:00,0.86505,0.86508,0.86498,0.86506
2026-06-05 04:00:00+00:00,0.86504,0.8651,0.86496,0.865
2026-06-05 04:15:00+00:00,0.86499,0.86504,0.86487,0.86502
2026-06-05 04:30:00+00:00,0.86501,0.86504,0.86489,0.86494
2026-06-05 04:45:00+00:00,0.86493,0.86498,0.86487,0.86497
2026-06-05 05:00:00+00:00,0.86495,0.86505,0.86492,0.86504
2026-06-05 05:15:00+00:00,0.86502,0.86505,0.86494,0.86499
2026-06-05 05:30:00+00:00,0.86499,0.86512,0.86495,0.86502
2026-06-05 05:45:00+00:00,0.86502,0.86525,0.865,0.86524
2026-06-05 06:00:00+00:00,0.86519,0.86526,0.86492,0.86513
2026-06-05 06:15:00+00:00,0.86509,0.86526,0.86492,0.86516
2026-06-05 06:30:00+00:00,0.86519,0.86523,0.86498,0.86502
2026-06-05 06:45:00+00:00,0.86504,0.8651,0.86487,0.86509
2026-06-05 07:00:00+00:00,0.86508,0.86516,0.86496,0.8651
2026-06-05 07:15:00+00:00,0.86507,0.86526,0.86507,0.8652
2026-06-05 07:30:00+00:00,0.8652,0.86541,0.86509,0.86531
2026-06-05 07:45:00+00:00,0.86531,0.86538,0.86513,0.86519
2026-06-05 08:00:00+00:00,0.86518,0.86553,0.86507,0.86539
2026-06-05 08:15:00+00:00,0.86535,0.86538,0.86485,0.86487
2026-06-05 08:30:00+00:00,0.8649,0.86499,0.86484,0.86491
2026-06-05 08:45:00+00:00,0.86493,0.86498,0.86482,0.86488
2026-06-05 09:00:00+00:00,0.86487,0.86502,0.86448,0.86455
2026-06-05 09:15:00+00:00,0.86467,0.86488,0.86441,0.86457
2026-06-05 09:30:00+00:00,0.86462,0.86465,0.86444,0.86463
2026-06-05 09:45:00+00:00,0.86462,0.86465,0.86436,0.86438
2026-06-05 10:00:00+00:00,0.86441,0.86451,0.86419,0.86421
2026-06-05 10:15:00+00:00,0.86425,0.86425,0.86376,0.86378
2026-06-05 10:30:00+00:00,0.8638,0.86396,0.86356,0.86394
2026-06-05 10:45:00+00:00,0.86393,0.86399,0.86373,0.86389
2026-06-05 11:00:00+00:00,0.86386,0.86396,0.86376,0.8639
2026-06-05 11:15:00+00:00,0.86385,0.86407,0.8638,0.86395
2026-06-05 11:30:00+00:00,0.86392,0.86403,0.86371,0.86403
2026-06-05 11:45:00+00:00,0.86402,0.86436,0.86385,0.86423
2026-06-05 12:00:00+00:00,0.86428,0.86446,0.86426,0.86432
2026-06-05 12:15:00+00:00,0.86433,0.86447,0.8642,0.86445
2026-06-05 12:30:00+00:00,0.86439,0.86491,0.86275,0.86419
2026-06-05 12:45:00+00:00,0.86412,0.86445,0.86395,0.8642
2026-06-05 13:00:00+00:00,0.86434,0.86516,0.86389,0.86449
2026-06-05 13:15:00+00:00,0.86457,0.86468,0.86387,0.86426
2026-06-05 13:30:00+00:00,0.8642,0.86443,0.86404,0.8642
2026-06-05 13:45:00+00:00,0.86423,0.86448,0.86324,0.86348
2026-06-05 14:00:00+00:00,0.86343,0.86397,0.86312,0.86344
2026-06-05 14:15:00+00:00,0.8635,0.8636,0.86331,0.86352
2026-06-05 14:30:00+00:00,0.8635,0.86365,0.86299,0.86331
2026-06-05 14:45:00+00:00,0.86329,0.86373,0.86305,0.86364
2026-06-05 15:00:00+00:00,0.86356,0.86356,0.8631,0.86323
2026-06-05 15:15:00+00:00,0.86323,0.86349,0.86315,0.86338
2026-06-05 15:30:00+00:00,0.86334,0.8634,0.86284,0.86328
2026-06-05 15:45:00+00:00,0.86327,0.86343,0.86317,0.86323
2026-06-05 16:00:00+00:00,0.86329,0.86385,0.8631,0.86382
2026-06-05 16:15:00+00:00,0.86381,0.8639,0.86351,0.86353
2026-06-05 16:30:00+00:00,0.86355,0.86377,0.86329,0.86374
2026-06-05 16:45:00+00:00,0.86367,0.86384,0.86339,0.86342
2026-06-05 17:00:00+00:00,0.8635,0.86355,0.86323,0.86343
2026-06-05 17:15:00+00:00,0.8634,0.8635,0.86324,0.86344
2026-06-05 17:30:00+00:00,0.86342,0.86361,0.86335,0.86359
2026-06-05 17:45:00+00:00,0.86357,0.86386,0.86353,0.86378
2026-06-05 18:00:00+00:00,0.86379,0.864,0.86346,0.86394
2026-06-05 18:15:00+00:00,0.86391,0.86395,0.86368,0.86389
2026-06-05 18:30:00+00:00,0.86388,0.86402,0.86374,0.864
2026-06-05 18:45:00+00:00,0.86398,0.86414,0.86384,0.86393
2026-06-05 19:00:00+00:00,0.86397,0.86403,0.86375,0.86393
2026-06-05 19:15:00+00:00,0.86393,0.86416,0.86384,0.86409
2026-06-05 19:30:00+00:00,0.86408,0.86419,0.86397,0.86418
2026-06-05 19:45:00+00:00,0.86416,0.86421,0.86397,0.86403
2026-06-05 20:00:00+00:00,0.86406,0.86421,0.86382,0.86399
2026-06-05 20:15:00+00:00,0.86402,0.86417,0.86392,0.86394
2026-06-05 20:30:00+00:00,0.86397,0.86414,0.86386,0.86406
2026-06-05 20:45:00+00:00,0.86402,0.86403,0.86365,0.86368
2026-06-05 21:00:00+00:00,0.86374,0.86393,0.8629,0.86373
2026-06-05 21:15:00+00:00,0.86378,0.86395,0.86359,0.86384
2026-06-05 21:30:00+00:00,0.86383,0.86392,0.86358,0.86385
2026-06-05 21:45:00+00:00,0.86383,0.86389,0.86357,0.86383
2026-06-05 22:00:00+00:00,0.86383,0.86418,0.86159,0.86367
2026-06-05 22:15:00+00:00,0.86383,0.86387,0.86359,0.86385
2026-06-05 22:30:00+00:00,0.86383,0.864,0.86359,0.86399
2026-06-05 22:45:00+00:00,0.86396,0.86401,0.86367,0.8638
2026-06-05 23:00:00+00:00,0.86389,0.86397,0.86181,0.86396
2026-06-05 23:15:00+00:00,0.86394,0.86397,0.86357,0.86383
2026-06-05 23:30:00+00:00,0.86383,0.86387,0.86359,0.86385
2026-06-05 23:45:00+00:00,0.86383,0.86387,0.86359,0.86384
2026-06-06 00:00:00+00:00,0.86383,0.86387,0.86354,0.86364
2026-06-06 00:15:00+00:00,0.86366,0.8637,0.86362,0.86364
2026-06-06 00:30:00+00:00,0.86365,0.86369,0.86362,0.86367
2026-06-06 00:45:00+00:00,0.86365,0.86369,0.86363,0.86367
2026-06-06 01:00:00+00:00,0.86365,0.86369,0.86364,0.86365
2026-06-06 01:15:00+00:00,0.86365,0.8637,0.86363,0.86365
2026-06-06 01:30:00+00:00,0.86365,0.86371,0.86358,0.86367
2026-06-06 01:45:00+00:00,0.86366,0.86369,0.86364,0.86367
2026-06-06 02:00:00+00:00,0.86365,0.8637,0.86363,0.86365
2026-06-06 02:15:00+00:00,0.86365,0.86369,0.86362,0.86365
2026-06-06 02:30:00+00:00,0.86365,0.8637,0.86363,0.86366
2026-06-06 02:45:00+00:00,0.86365,0.8637,0.86362,0.86368
2026-06-06 03:00:00+00:00,0.86366,0.86369,0.86362,0.86366
2026-06-06 03:15:00+00:00,0.86365,0.86373,0.86359,0.86365
2026-06-06 03:30:00+00:00,0.86365,0.86369,0.86362,0.86366
2026-06-06 03:45:00+00:00,0.86365,0.8638,0.86362,0.86366
2026-06-06 04:00:00+00:00,0.86364,0.86371,0.86362,0.86365
2026-06-06 04:15:00+00:00,0.86365,0.86373,0.86362,0.86365
2026-06-06 04:30:00+00:00,0.86365,0.86383,0.86362,0.86367
2026-06-06 04:45:00+00:00,0.86365,0.86369,0.86364,0.86367
2026-06-06 05:00:00+00:00,0.86365,0.86375,0.86359,0.86366
2026-06-06 05:15:00+00:00,0.86365,0.86369,0.86363,0.86364
2026-06-06 05:30:00+00:00,0.86365,0.86369,0.86359,0.86366
2026-06-06 05:45:00+00:00,0.86364,0.8637,0.86361,0.86365
2026-06-06 06:00:00+00:00,0.86364,0.86368,0.86361,0.86366
2026-06-06 06:15:00+00:00,0.86365,0.86368,0.86361,0.86363
2026-06-06 06:30:00+00:00,0.86364,0.86373,0.86357,0.86362
2026-06-06 06:45:00+00:00,0.86366,0.86368,0.86361,0.86365
2026-06-06 07:00:00+00:00,0.86364,0.86378,0.86356,0.86365
2026-06-06 07:15:00+00:00,0.86364,0.86368,0.86361,0.86363
2026-06-06 07:30:00+00:00,0.86364,0.86369,0.86361,0.86366
2026-06-06 07:45:00+00:00,0.86364,0.86369,0.8636,0.86366
2026-06-06 08:00:00+00:00,0.86364,0.86368,0.86362,0.86366
2026-06-06 08:15:00+00:00,0.86365,0.86372,0.86359,0.86363
2026-06-06 08:30:00+00:00,0.86364,0.86368,0.86362,0.86363
2026-06-06 08:45:00+00:00,0.86364,0.86368,0.86361,0.86364
2026-06-06 09:00:00+00:00,0.86363,0.86369,0.86361,0.86367
2026-06-06 09:15:00+00:00,0.86365,0.86369,0.86363,0.86364
2026-06-06 09:30:00+00:00,0.86363,0.86375,0.86361,0.86366
2026-06-06 09:45:00+00:00,0.86364,0.86368,0.86362,0.86364
2026-06-06 10:00:00+00:00,0.86363,0.86374,0.86358,0.86367
2026-06-06 10:15:00+00:00,0.86365,0.86368,0.86362,0.86363
2026-06-06 10:30:00+00:00,0.86364,0.86368,0.86362,0.86366
2026-06-06 10:45:00+00:00,0.86364,0.86369,0.86361,0.86363
2026-06-06 11:00:00+00:00,0.86364,0.86368,0.86362,0.86366
2026-06-06 11:15:00+00:00,0.86365,0.86369,0.86361,0.86365
2026-06-06 11:30:00+00:00,0.86363,0.86383,0.86351,0.86363
2026-06-06 11:45:00+00:00,0.86369,0.86369,0.86363,0.86365
2026-06-06 12:00:00+00:00,0.86365,0.86372,0.86364,0.86369
2026-06-06 12:15:00+00:00,0.86367,0.86371,0.86366,0.86369
2026-06-06 12:30:00+00:00,0.86367,0.86371,0.86365,0.86367
2026-06-06 12:45:00+00:00,0.86367,0.86371,0.86364,0.86369
2026-06-06 13:00:00+00:00,0.86366,0.86371,0.86361,0.86369
2026-06-06 13:15:00+00:00,0.86367,0.86384,0.8635,0.86369
2026-06-06 13:30:00+00:00,0.86367,0.86371,0.86363,0.86365
2026-06-06 13:45:00+00:00,0.86366,0.86372,0.8636,0.86367
2026-06-06 14:00:00+00:00,0.86367,0.8637,0.86361,0.86369
2026-06-06 14:15:00+00:00,0.86368,0.86371,0.86362,0.86369
2026-06-06 14:30:00+00:00,0.86367,0.8637,0.86359,0.86367
2026-06-06 14:45:00+00:00,0.86367,0.8637,0.86362,0.86363
2026-06-06 15:00:00+00:00,0.86365,0.86385,0.8635,0.86368
2026-06-06 15:15:00+00:00,0.86367,0.86381,0.86361,0.8637
2026-06-06 15:30:00+00:00,0.86368,0.86371,0.86361,0.86367
2026-06-06 15:45:00+00:00,0.86367,0.8637,0.86359,0.86363
2026-06-06 16:00:00+00:00,0.86366,0.86371,0.8631,0.86369
2026-06-06 16:15:00+00:00,0.86368,0.86373,0.86361,0.86372
2026-06-06 16:30:00+00:00,0.86366,0.86381,0.86349,0.8638
2026-06-06 16:45:00+00:00,0.86377,0.86377,0.86358,0.86364
2026-06-06 17:00:00+00:00,0.86367,0.86409,0.86306,0.86372
2026-06-06 17:15:00+00:00,0.86367,0.86373,0.8636,0.86367
2026-06-06 17:30:00+00:00,0.86366,0.86371,0.8636,0.86368
2026-06-06 17:45:00+00:00,0.86367,0.86371,0.8636,0.8637
2026-06-06 18:00:00+00:00,0.86367,0.86371,0.86305,0.86363
2026-06-06 18:15:00+00:00,0.86366,0.86385,0.8635,0.86369
2026-06-06 18:30:00+00:00,0.86368,0.8637,0.86361,0.86368
2026-06-06 18:45:00+00:00,0.86367,0.86371,0.86359,0.86369
2026-06-06 19:00:00+00:00,0.86367,0.86371,0.86305,0.86363
2026-06-06 19:15:00+00:00,0.86366,0.8637,0.86361,0.86369
2026-06-06 19:30:00+00:00,0.86367,0.86371,0.8636,0.86369
2026-06-06 19:45:00+00:00,0.86367,0.86371,0.86361,0.86367
2026-06-06 20:00:00+00:00,0.86367,0.86383,0.86298,0.86367
2026-06-06 20:15:00+00:00,0.86367,0.86371,0.86361,0.86369
2026-06-06 20:30:00+00:00,0.86367,0.86371,0.86361,0.86368
2026-06-06 20:45:00+00:00,0.86366,0.86371,0.8636,0.86367
2026-06-06 21:00:00+00:00,0.86367,0.86397,0.86303,0.86363
2026-06-06 21:15:00+00:00,0.86367,0.86371,0.86359,0.86369
2026-06-06 21:30:00+00:00,0.86367,0.86377,0.8635,0.86374
2026-06-06 21:45:00+00:00,0.86363,0.86384,0.86352,0.86368
2026-06-06 22:00:00+00:00,0.86367,0.86371,0.86308,0.86367
2026-06-06 22:15:00+00:00,0.86367,0.86371,0.86358,0.86365
2026-06-06 22:30:00+00:00,0.86365,0.86369,0.8636,0.86367
2026-06-06 22:45:00+00:00,0.86365,0.86369,0.86361,0.86366
2026-06-06 23:00:00+00:00,0.86365,0.86369,0.86316,0.86365
2026-06-06 23:15:00+00:00,0.86365,0.86385,0.86348,0.86363
2026-06-06 23:30:00+00:00,0.86366,0.86371,0.86362,0.86368
2026-06-06 23:45:00+00:00,0.86366,0.86384,0.86365,0.86369
2026-06-07 00:00:00+00:00,0.86368,0.86384,0.86366,0.86367
2026-06-07 00:15:00+00:00,0.86367,0.86389,0.86365,0.86369
2026-06-07 00:30:00+00:00,0.86369,0.86384,0.86366,0.8637
2026-06-07 00:45:00+00:00,0.86369,0.86373,0.86367,0.8637
2026-06-07 01:00:00+00:00,0.86369,0.86388,0.86366,0.86376
2026-06-07 01:15:00+00:00,0.86376,0.8638,0.86375,0.86375
2026-06-07 01:30:00+00:00,0.86376,0.86378,0.86373,0.86375
2026-06-07 01:45:00+00:00,0.86374,0.86378,0.86371,0.86374
2026-06-07 02:00:00+00:00,0.86372,0.86376,0.86371,0.86374
2026-06-07 02:15:00+00:00,0.86372,0.86376,0.8637,0.86371
2026-06-07 02:30:00+00:00,0.86371,0.86375,0.86368,0.86371
2026-06-07 02:45:00+00:00,0.86369,0.86377,0.86368,0.86375
2026-06-07 03:00:00+00:00,0.86373,0.86377,0.86366,0.86372
2026-06-07 03:15:00+00:00,0.86372,0.86375,0.86362,0.86368
2026-06-07 03:30:00+00:00,0.86368,0.86374,0.86367,0.86371
2026-06-07 03:45:00+00:00,0.86368,0.86374,0.86366,0.86372
2026-06-07 04:00:00+00:00,0.8637,0.86382,0.86368,0.8637
2026-06-07 04:15:00+00:00,0.86369,0.86377,0.86365,0.86372
2026-06-07 04:30:00+00:00,0.86372,0.86376,0.86371,0.86374
2026-06-07 04:45:00+00:00,0.86372,0.86376,0.8637,0.86373
2026-06-07 05:00:00+00:00,0.86371,0.86375,0.8637,0.86372
2026-06-07 05:15:00+00:00,0.86371,0.86374,0.86369,0.8637
2026-06-07 05:30:00+00:00,0.8637,0.86374,0.86368,0.86369
2026-06-07 05:45:00+00:00,0.86369,0.86373,0.86368,0.86371
2026-06-07 06:00:00+00:00,0.86369,0.86379,0.86346,0.86374
2026-06-07 06:15:00+00:00,0.86373,0.86377,0.86372,0.86372
2026-06-07 06:30:00+00:00,0.86373,0.86375,0.8637,0.86371
2026-06-07 06:45:00+00:00,0.86371,0.86375,0.86369,0.86372
2026-06-07 07:00:00+00:00,0.8637,0.86376,0.86369,0.86375
2026-06-07 07:15:00+00:00,0.86369,0.8638,0.86369,0.86375
2026-06-07 07:30:00+00:00,0.86375,0.86379,0.86371,0.86372
2026-06-07 07:45:00+00:00,0.86372,0.86379,0.8637,0.86376
2026-06-07 08:00:00+00:00,0.86376,0.8638,0.86367,0.86376
2026-06-07 08:15:00+00:00,0.86374,0.86378,0.86373,0.86376
2026-06-07 08:30:00+00:00,0.86374,0.86378,0.86371,0.86372
2026-06-07 08:45:00+00:00,0.86373,0.86377,0.86371,0.86374
2026-06-07 09:00:00+00:00,0.86373,0.86375,0.8637,0.86373
2026-06-07 09:15:00+00:00,0.86371,0.86375,0.86368,0.86369
2026-06-07 09:30:00+00:00,0.86369,0.86373,0.86368,0.86368
2026-06-07 09:45:00+00:00,0.86369,0.86373,0.86367,0.8637
2026-06-07 10:00:00+00:00,0.86368,0.86372,0.86367,0.8637
2026-06-07 10:15:00+00:00,0.86368,0.86372,0.86367,0.86369
2026-06-07 10:30:00+00:00,0.86368,0.86379,0.86362,0.86368
2026-06-07 10:45:00+00:00,0.8637,0.86379,0.8637,0.86375
2026-06-07 11:00:00+00:00,0.86375,0.86379,0.86374,0.86377
2026-06-07 11:15:00+00:00,0.86375,0.86379,0.86374,0.86376
2026-06-07 11:30:00+00:00,0.86375,0.8638,0.8629,0.86317
2026-06-07 11:45:00+00:00,0.86318,0.86322,0.86317,0.86318
2026-06-07 12:00:00+00:00,0.86318,0.86322,0.86317,0.8632
2026-06-07 12:15:00+00:00,0.86318,0.86322,0.86317,0.86319
2026-06-07 12:30:00+00:00,0.86318,0.86322,0.86317,0.86318
2026-06-07 12:45:00+00:00,0.86318,0.86322,0.86317,0.86318
2026-06-07 13:00:00+00:00,0.86318,0.86322,0.86317,0.86319
2026-06-07 13:15:00+00:00,0.86318,0.8636,0.86271,0.86315
2026-06-07 13:30:00+00:00,0.86298,0.86332,0.86298,0.86322
2026-06-07 13:45:00+00:00,0.86322,0.86326,0.86321,0.86321
2026-06-07 14:00:00+00:00,0.86322,0.86391,0.86317,0.8637
2026-06-07 14:15:00+00:00,0.86365,0.86372,0.86364,0.86367
2026-06-07 14:30:00+00:00,0.86365,0.8637,0.86364,0.86366
2026-06-07 14:45:00+00:00,0.86366,0.86369,0.8631,0.8632
2026-06-07 15:00:00+00:00,0.86321,0.86323,0.86258,0.86275
2026-06-07 15:15:00+00:00,0.86275,0.86278,0.86273,0.86277
2026-06-07 15:30:00+00:00,0.86275,0.86305,0.86273,0.86275
2026-06-07 15:45:00+00:00,0.86274,0.86318,0.86274,0.86304
2026-06-07 16:00:00+00:00,0.86304,0.86344,0.86293,0.86319
2026-06-07 16:15:00+00:00,0.86319,0.86335,0.86318,0.8633
2026-06-07 16:30:00+00:00,0.86315,0.86347,0.86252,0.86293
2026-06-07 16:45:00+00:00,0.86292,0.86313,0.86289,0.86306
2026-06-07 17:00:00+00:00,0.86307,0.86378,0.86165,0.86362
2026-06-07 17:15:00+00:00,0.86362,0.86371,0.86362,0.86367
2026-06-07 17:30:00+00:00,0.86365,0.86369,0.86363,0.86366
2026-06-07 17:45:00+00:00,0.86365,0.86368,0.86363,0.86363
2026-06-07 18:00:00+00:00,0.86364,0.86368,0.86306,0.86364
2026-06-07 18:15:00+00:00,0.86364,0.86367,0.86302,0.86367
2026-06-07 18:30:00+00:00,0.86365,0.86369,0.86363,0.86366
2026-06-07 18:45:00+00:00,0.86364,0.86369,0.86363,0.86366
2026-06-07 19:00:00+00:00,0.86365,0.86407,0.86286,0.86359
2026-06-07 19:15:00+00:00,0.8636,0.86438,0.8624,0.86407
2026-06-07 19:30:00+00:00,0.864,0.86414,0.86332,0.86337
2026-06-07 19:45:00+00:00,0.86343,0.86469,0.86318,0.86392
2026-06-07 20:00:00+00:00,0.8641,0.8648,0.86305,0.86395
2026-06-07 20:15:00+00:00,0.86393,0.86484,0.86337,0.86429
2026-06-07 20:30:00+00:00,0.86378,0.86484,0.86339,0.86436
2026-06-07 20:45:00+00:00,0.86386,0.86491,0.86344,0.86349
2026-06-07 21:00:00+00:00,0.86359,0.86476,0.86315,0.86455
2026-06-07 21:15:00+00:00,0.86412,0.8647,0.86363,0.86405
2026-06-07 21:30:00+00:00,0.86406,0.86473,0.86363,0.86386
2026-06-07 21:45:00+00:00,0.86385,0.86473,0.86352,0.86385
2026-06-07 22:00:00+00:00,0.86387,0.8644,0.86387,0.8643
2026-06-07 22:15:00+00:00,0.86417,0.86431,0.86398,0.86413
2026-06-07 22:30:00+00:00,0.86413,0.86423,0.86393,0.8641
2026-06-07 22:45:00+00:00,0.86408,0.86418,0.86394,0.86415
2026-06-07 23:00:00+00:00,0.86413,0.86421,0.86406,0.86412
2026-06-07 23:15:00+00:00,0.86415,0.86418,0.86401,0.8641
2026-06-07 23:30:00+00:00,0.8641,0.86417,0.86397,0.86405
2026-06-07 23:45:00+00:00,0.86404,0.86416,0.86396,0.86408
2026-06-08 00:00:00+00:00,0.86406,0.86413,0.86392,0.86401
2026-06-08 00:15:00+00:00,0.86404,0.86404,0.86387,0.8639
2026-06-08 00:30:00+00:00,0.86394,0.86404,0.8639,0.864
2026-06-08 00:45:00+00:00,0.86399,0.86413,0.86395,0.86398
2026-06-08 01:00:00+00:00,0.86402,0.86411,0.86388,0.86402
2026-06-08 01:15:00+00:00,0.86404,0.86438,0.86381,0.86403
2026-06-08 01:30:00+00:00,0.8642,0.86453,0.86387,0.86435
2026-06-08 01:45:00+00:00,0.86433,0.86439,0.86397,0.86428
2026-06-08 02:00:00+00:00,0.86426,0.86446,0.86415,0.8644
2026-06-08 02:15:00+00:00,0.8644,0.86453,0.86428,0.86435
2026-06-08 02:30:00+00:00,0.86442,0.86448,0.86424,0.86444
2026-06-08 02:45:00+00:00,0.86443,0.86443,0.86413,0.86418
2026-06-08 03:00:00+00:00,0.86423,0.86437,0.8641,0.86436
2026-06-08 03:15:00+00:00,0.86434,0.86444,0.86426,0.86429
2026-06-08 03:30:00+00:00,0.86435,0.86444,0.86431,0.86436
2026-06-08 03:45:00+00:00,0.86439,0.86446,0.86429,0.86442
2026-06-08 04:00:00+00:00,0.8644,0.86448,0.86424,0.86436
2026-06-08 04:15:00+00:00,0.86434,0.86435,0.86417,0.86425
2026-06-08 04:30:00+00:00,0.86427,0.86448,0.86419,0.86446
2026-06-08 04:45:00+00:00,0.86441,0.86451,0.86432,0.86447
2026-06-08 05:00:00+00:00,0.86445,0.86455,0.86435,0.86454
2026-06-08 05:15:00+00:00,0.8645,0.86464,0.86432,0.86436
2026-06-08 05:30:00+00:00,0.86443,0.86452,0.86421,0.86435
2026-06-08 05:45:00+00:00,0.86438,0.8645,0.86411,0.86432
2026-06-08 06:00:00+00:00,0.86431,0.86466,0.86411,0.86434
2026-06-08 06:15:00+00:00,0.86437,0.86467,0.86431,0.8645
2026-06-08 06:30:00+00:00,0.86452,0.86467,0.86437,0.86454
2026-06-08 06:45:00+00:00,0.8645,0.86458,0.86417,0.86432
2026-06-08 07:00:00+00:00,0.86441,0.86442,0.86402,0.86409
2026-06-08 07:15:00+00:00,0.86415,0.86422,0.86357,0.86372
2026-06-08 07:30:00+00:00,0.86372,0.86406,0.86354,0.86405
2026-06-08 07:45:00+00:00,0.86402,0.86426,0.86381,0.864
2026-06-08 08:00:00+00:00,0.86413,0.86429,0.86386,0.86427
2026-06-08 08:15:00+00:00,0.86423,0.86423,0.86377,0.86386
2026-06-08 08:30:00+00:00,0.86388,0.86409,0.86365,0.86393
2026-06-08 08:45:00+00:00,0.86397,0.86423,0.86381,0.86392
2026-06-08 09:00:00+00:00,0.86392,0.864,0.86365,0.86399
2026-06-08 09:15:00+00:00,0.86397,0.86415,0.86383,0.86412
2026-06-08 09:30:00+00:00,0.86407,0.86453,0.86385,0.86404
2026-06-08 09:45:00+00:00,0.86403,0.86429,0.86386,0.86395
2026-06-08 10:00:00+00:00,0.86395,0.86416,0.86369,0.86393
2026-06-08 10:15:00+00:00,0.86392,0.86418,0.86381,0.86391
2026-06-08 10:30:00+00:00,0.86398,0.86456,0.86368,0.86395
2026-06-08 10:45:00+00:00,0.86395,0.86406,0.86367,0.8638
2026-06-08 11:00:00+00:00,0.86385,0.86402,0.86325,0.8633
2026-06-08 11:15:00+00:00,0.86336,0.86365,0.86316,0.86353
2026-06-08 11:30:00+00:00,0.86351,0.86365,0.86328,0.86341
2026-06-08 11:45:00+00:00,0.86342,0.86356,0.86326,0.86335
2026-06-08 12:00:00+00:00,0.86343,0.86369,0.8634,0.86365
2026-06-08 12:15:00+00:00,0.86363,0.86405,0.8635,0.86392
2026-06-08 12:30:00+00:00,0.86393,0.86445,0.86387,0.86407
2026-06-08 12:45:00+00:00,0.86421,0.86472,0.86408,0.86467
2026-06-08 13:00:00+00:00,0.86459,0.86484,0.86419,0.86431
2026-06-08 13:15:00+00:00,0.8643,0.86477,0.86421,0.8645
2026-06-08 13:30:00+00:00,0.86447,0.86471,0.86433,0.86455
2026-06-08 13:45:00+00:00,0.86452,0.86459,0.86427,0.86438
2026-06-08 14:00:00+00:00,0.86445,0.86457,0.86421,0.86456
2026-06-08 14:15:00+00:00,0.86452,0.86465,0.86418,0.86449
2026-06-08 14:30:00+00:00,0.86445,0.86483,0.86434,0.8646
2026-06-08 14:45:00+00:00,0.86463,0.86502,0.86445,0.865
2026-06-08 15:00:00+00:00,0.86496,0.86516,0.86467,0.86507
2026-06-08 15:15:00+00:00,0.86493,0.86513,0.86482,0.86489
2026-06-08 15:30:00+00:00,0.86499,0.86513,0.86482,0.86504
2026-06-08 15:45:00+00:00,0.86502,0.8651,0.86485,0.86491
2026-06-08 16:00:00+00:00,0.86495,0.86509,0.86485,0.86501
2026-06-08 16:15:00+00:00,0.86501,0.86504,0.86476,0.86495
2026-06-08 16:30:00+00:00,0.86492,0.86499,0.86469,0.86486
2026-06-08 16:45:00+00:00,0.86483,0.86497,0.86471,0.86477
2026-06-08 17:00:00+00:00,0.86488,0.86492,0.86468,0.86488
2026-06-08 17:15:00+00:00,0.86486,0.86487,0.86471,0.8648
2026-06-08 17:30:00+00:00,0.86474,0.8648,0.86456,0.86469
2026-06-08 17:45:00+00:00,0.86467,0.86479,0.86456,0.86465
2026-06-08 18:00:00+00:00,0.86464,0.86469,0.86443,0.86453
2026-06-08 18:15:00+00:00,0.86454,0.86455,0.86436,0.86444
2026-06-08 18:30:00+00:00,0.86442,0.86449,0.86421,0.86437
2026-06-08 18:45:00+00:00,0.86435,0.86439,0.86417,0.86424
2026-06-08 19:00:00+00:00,0.86429,0.86445,0.86415,0.86434
2026-06-08 19:15:00+00:00,0.86438,0.86444,0.86426,0.86442
2026-06-08 19:30:00+00:00,0.8644,0.86446,0.86424,0.8643
2026-06-08 19:45:00+00:00,0.86436,0.86443,0.86426,0.86442
2026-06-08 20:00:00+00:00,0.86438,0.86442,0.86418,0.86434
2026-06-08 20:15:00+00:00,0.86433,0.86447,0.86422,0.86441
2026-06-08 20:30:00+00:00,0.8644,0.8644,0.86428,0.86437
2026-06-08 20:45:00+00:00,0.86435,0.86463,0.86428,0.86461
2026-06-08 21:00:00+00:00,0.8646,0.86516,0.86446,0.8645
2026-06-08 21:15:00+00:00,0.86453,0.86484,0.86419,0.86458
2026-06-08 21:30:00+00:00,0.86455,0.86473,0.86449,0.86472
2026-06-08 21:45:00+00:00,0.8647,0.86481,0.86461,0.86475
2026-06-08 22:00:00+00:00,0.86477,0.86481,0.86452,0.86456
2026-06-08 22:15:00+00:00,0.86459,0.86468,0.86456,0.86463
2026-06-08 22:30:00+00:00,0.86462,0.86466,0.86455,0.8646
2026-06-08 22:45:00+00:00,0.86457,0.86465,0.86455,0.86457
2026-06-08 23:00:00+00:00,0.86456,0.86468,0.86453,0.86459
2026-06-08 23:15:00+00:00,0.86458,0.8646,0.86441,0.86456
2026-06-08 23:30:00+00:00,0.86454,0.86462,0.86444,0.86457
2026-06-08 23:45:00+00:00,0.86455,0.86465,0.86446,0.8646
2026-06-09 00:00:00+00:00,0.86459,0.86475,0.86453,0.86462
2026-06-09 00:15:00+00:00,0.86464,0.86474,0.86453,0.86467
2026-06-09 00:30:00+00:00,0.86468,0.86475,0.8646,0.8647
2026-06-09 00:45:00+00:00,0.86468,0.86474,0.86459,0.8647
2026-06-09 01:00:00+00:00,0.86465,0.86476,0.86456,0.86461
2026-06-09 01:15:00+00:00,0.86464,0.86467,0.86444,0.86447
2026-06-09 01:30:00+00:00,0.8645,0.86451,0.86431,0.86442
2026-06-09 01:45:00+00:00,0.86441,0.86444,0.86427,0.86438
2026-06-09 02:00:00+00:00,0.86436,0.86439,0.86421,0.8643
2026-06-09 02:15:00+00:00,0.86427,0.86442,0.86415,0.86432
2026-06-09 02:30:00+00:00,0.86434,0.86443,0.86426,0.86438
2026-06-09 02:45:00+00:00,0.86437,0.8644,0.86427,0.86437
2026-06-09 03:00:00+00:00,0.86434,0.8644,0.86423,0.86434
2026-06-09 03:15:00+00:00,0.86432,0.86442,0.86417,0.86431
2026-06-09 03:30:00+00:00,0.86434,0.86438,0.86421,0.86426
2026-06-09 03:45:00+00:00,0.86426,0.86431,0.86417,0.8643
2026-06-09 04:00:00+00:00,0.86427,0.86444,0.86427,0.86436
2026-06-09 04:15:00+00:00,0.86437,0.86438,0.86428,0.86437
2026-06-09 04:30:00+00:00,0.86434,0.86441,0.86425,0.86435
2026-06-09 04:45:00+00:00,0.86434,0.86443,0.8641,0.86425
2026-06-09 05:00:00+00:00,0.86423,0.86423,0.86387,0.86402
2026-06-09 05:15:00+00:00,0.86401,0.86414,0.86397,0.86399
2026-06-09 05:30:00+00:00,0.86403,0.86413,0.86387,0.864
2026-06-09 05:45:00+00:00,0.86404,0.8641,0.86389,0.86405
2026-06-09 06:00:00+00:00,0.86403,0.86415,0.86377,0.86391
2026-06-09 06:15:00+00:00,0.86388,0.86396,0.86372,0.8639
2026-06-09 06:30:00+00:00,0.86387,0.86404,0.86372,0.8639
2026-06-09 06:45:00+00:00,0.86387,0.86399,0.86379,0.86397
2026-06-09 07:00:00+00:00,0.86396,0.86403,0.86373,0.86387
2026-06-09 07:15:00+00:00,0.86383,0.86383,0.86339,0.86345
2026-06-09 07:30:00+00:00,0.86347,0.86358,0.86328,0.86336
2026-06-09 07:45:00+00:00,0.8634,0.86345,0.86306,0.86334
2026-06-09 08:00:00+00:00,0.86332,0.86332,0.86271,0.86294
2026-06-09 08:15:00+00:00,0.86285,0.86313,0.86283,0.86311
2026-06-09 08:30:00+00:00,0.86307,0.86317,0.86284,0.86305
2026-06-09 08:45:00+00:00,0.86308,0.8634,0.86303,0.86331
2026-06-09 09:00:00+00:00,0.86328,0.86343,0.86313,0.86327
2026-06-09 09:15:00+00:00,0.86323,0.86334,0.86301,0.86327
2026-06-09 09:30:00+00:00,0.86323,0.86353,0.86321,0.86351
2026-06-09 09:45:00+00:00,0.86348,0.86365,0.86348,0.86362
2026-06-09 10:00:00+00:00,0.86359,0.86372,0.86329,0.86359
2026-06-09 10:15:00+00:00,0.86357,0.86366,0.86329,0.86338
2026-06-09 10:30:00+00:00,0.86337,0.86357,0.86329,0.86351
2026-06-09 10:45:00+00:00,0.86352,0.86367,0.86329,0.86333
2026-06-09 11:00:00+00:00,0.8634,0.86356,0.86328,0.86353
2026-06-09 11:15:00+00:00,0.86351,0.8636,0.86343,0.86358
2026-06-09 11:30:00+00:00,0.86355,0.86362,0.86336,0.86358
2026-06-09 11:45:00+00:00,0.86354,0.86369,0.86327,0.86339
2026-06-09 12:00:00+00:00,0.86339,0.86352,0.8632,0.8633
2026-06-09 12:15:00+00:00,0.86327,0.86352,0.86324,0.8635
2026-06-09 12:30:00+00:00,0.86348,0.86365,0.86332,0.86347
2026-06-09 12:45:00+00:00,0.86352,0.8636,0.86338,0.86356
2026-06-09 13:00:00+00:00,0.86356,0.86378,0.86338,0.86349
2026-06-09 13:15:00+00:00,0.86352,0.86353,0.86335,0.86338
2026-06-09 13:30:00+00:00,0.86342,0.86345,0.8631,0.86331
2026-06-09 13:45:00+00:00,0.8633,0.86353,0.86283,0.86327
2026-06-09 14:00:00+00:00,0.86331,0.86369,0.86286,0.86319
2026-06-09 14:15:00+00:00,0.86315,0.86335,0.86294,0.86309
2026-06-09 14:30:00+00:00,0.86307,0.86331,0.86274,0.86288
2026-06-09 14:45:00+00:00,0.86286,0.8633,0.86281,0.86319
2026-06-09 15:00:00+00:00,0.86318,0.86322,0.86285,0.86297
2026-06-09 15:15:00+00:00,0.86296,0.86339,0.86286,0.86337
2026-06-09 15:30:00+00:00,0.86329,0.8636,0.86311,0.86323
2026-06-09 15:45:00+00:00,0.86322,0.86336,0.86306,0.86313
2026-06-09 16:00:00+00:00,0.86316,0.86341,0.86292,0.863
2026-06-09 16:15:00+00:00,0.86304,0.86325,0.86289,0.86324
2026-06-09 16:30:00+00:00,0.86321,0.86335,0.86243,0.86322
2026-06-09 16:45:00+00:00,0.86311,0.86338,0.86284,0.86306
2026-06-09 17:00:00+00:00,0.86308,0.86321,0.86275,0.86311
2026-06-09 17:15:00+00:00,0.86306,0.86311,0.86271,0.86287
2026-06-09 17:30:00+00:00,0.86284,0.86304,0.86279,0.86293
2026-06-09 17:45:00+00:00,0.8629,0.86303,0.86273,0.86292
2026-06-09 18:00:00+00:00,0.86291,0.86296,0.86273,0.86293
2026-06-09 18:15:00+00:00,0.86291,0.86301,0.86277,0.86292
2026-06-09 18:30:00+00:00,0.8629,0.86295,0.86263,0.86271
2026-06-09 18:45:00+00:00,0.86269,0.86275,0.86259,0.86263
2026-06-09 19:00:00+00:00,0.86266,0.86277,0.86255,0.86262
2026-06-09 19:15:00+00:00,0.86264,0.86267,0.86251,0.86261
2026-06-09 19:30:00+00:00,0.86261,0.86261,0.86249,0.86256
2026-06-09 19:45:00+00:00,0.86254,0.86264,0.8624,0.86258
2026-06-09 20:00:00+00:00,0.86255,0.86282,0.86253,0.86278
2026-06-09 20:15:00+00:00,0.86279,0.86285,0.86256,0.86263
2026-06-09 20:30:00+00:00,0.86262,0.8628,0.86254,0.86278
2026-06-09 20:45:00+00:00,0.86276,0.86289,0.86268,0.86288
2026-06-09 21:00:00+00:00,0.86287,0.8635,0.86265,0.86271
2026-06-09 21:15:00+00:00,0.8628,0.86304,0.86253,0.86281
2026-06-09 21:30:00+00:00,0.86278,0.86292,0.86251,0.8629
2026-06-09 21:45:00+00:00,0.86282,0.8631,0.86278,0.86301
2026-06-09 22:00:00+00:00,0.86306,0.86306,0.86263,0.86272
2026-06-09 22:15:00+00:00,0.86273,0.86284,0.86262,0.86283
2026-06-09 22:30:00+00:00,0.86282,0.86289,0.86262,0.86268
2026-06-09 22:45:00+00:00,0.86277,0.86279,0.86263,0.86278
2026-06-09 23:00:00+00:00,0.86276,0.86282,0.86269,0.86278
2026-06-09 23:15:00+00:00,0.86276,0.86285,0.86265,0.86284
2026-06-09 23:30:00+00:00,0.86282,0.86292,0.86274,0.86292
2026-06-09 23:45:00+00:00,0.8629,0.8629,0.86254,0.86258
2026-06-10 00:00:00+00:00,0.86264,0.86279,0.86253,0.86271
2026-06-10 00:15:00+00:00,0.86274,0.86278,0.86263,0.86271
2026-06-10 00:30:00+00:00,0.86271,0.86281,0.86247,0.86276
2026-06-10 00:45:00+00:00,0.86275,0.86299,0.86254,0.86261
2026-06-10 01:00:00+00:00,0.86271,0.86285,0.86257,0.86275
2026-06-10 01:15:00+00:00,0.86273,0.86284,0.86255,0.86259
2026-06-10 01:30:00+00:00,0.86265,0.86272,0.86252,0.86271
2026-06-10 01:45:00+00:00,0.86269,0.86273,0.86247,0.86272
2026-06-10 02:00:00+00:00,0.86269,0.86279,0.86263,0.86267
2026-06-10 02:15:00+00:00,0.86269,0.86278,0.86262,0.86263
2026-06-10 02:30:00+00:00,0.86266,0.86272,0.86255,0.86268
2026-06-10 02:45:00+00:00,0.86267,0.8627,0.86255,0.86269
2026-06-10 03:00:00+00:00,0.86265,0.8629,0.86265,0.86271
2026-06-10 03:15:00+00:00,0.86272,0.86278,0.86259,0.86271
2026-06-10 03:30:00+00:00,0.86269,0.86276,0.86264,0.86273
2026-06-10 03:45:00+00:00,0.86272,0.86284,0.86255,0.86271
2026-06-10 04:00:00+00:00,0.86269,0.86281,0.86263,0.86278
2026-06-10 04:15:00+00:00,0.86276,0.86284,0.86268,0.86273
2026-06-10 04:30:00+00:00,0.86276,0.86287,0.8626,0.86281
2026-06-10 04:45:00+00:00,0.86282,0.8629,0.86275,0.86284
2026-06-10 05:00:00+00:00,0.86281,0.86289,0.8627,0.86285
2026-06-10 05:15:00+00:00,0.86281,0.86303,0.86273,0.86285
2026-06-10 05:30:00+00:00,0.86288,0.86299,0.86272,0.86273
2026-06-10 05:45:00+00:00,0.86277,0.86291,0.8627,0.86281
2026-06-10 06:00:00+00:00,0.86279,0.86287,0.8626,0.86279
2026-06-10 06:15:00+00:00,0.86275,0.86285,0.86261,0.86268
2026-06-10 06:30:00+00:00,0.86271,0.86276,0.86255,0.8627
2026-06-10 06:45:00+00:00,0.86268,0.8629,0.86248,0.86288
2026-06-10 07:00:00+00:00,0.86281,0.86315,0.86262,0.86307
2026-06-10 07:15:00+00:00,0.863,0.86318,0.86286,0.86299
2026-06-10 07:30:00+00:00,0.86299,0.86304,0.86281,0.86294
2026-06-10 07:45:00+00:00,0.86296,0.86306,0.86276,0.8628
2026-06-10 08:00:00+00:00,0.86282,0.86302,0.86275,0.86286
2026-06-10 08:15:00+00:00,0.86283,0.86298,0.86271,0.8628
2026-06-10 08:30:00+00:00,0.86282,0.86282,0.86253,0.86258
2026-06-10 08:45:00+00:00,0.86261,0.86303,0.8625,0.86299
2026-06-10 09:00:00+00:00,0.8629,0.86332,0.8629,0.86328
2026-06-10 09:15:00+00:00,0.86321,0.86332,0.86299,0.86303
2026-06-10 09:30:00+00:00,0.86303,0.86307,0.8627,0.86272
2026-06-10 09:45:00+00:00,0.86278,0.86296,0.86255,0.8627
2026-06-10 10:00:00+00:00,0.86265,0.86281,0.86243,0.8626
2026-06-10 10:15:00+00:00,0.86258,0.86266,0.8625,0.8626
2026-06-10 10:30:00+00:00,0.86257,0.86258,0.8624,0.8625
2026-06-10 10:45:00+00:00,0.86253,0.86264,0.86234,0.8626
2026-06-10 11:00:00+00:00,0.86254,0.86291,0.8619,0.86243
2026-06-10 11:15:00+00:00,0.86241,0.86256,0.86206,0.86238
2026-06-10 11:30:00+00:00,0.86234,0.86253,0.86227,0.86248
2026-06-10 11:45:00+00:00,0.86246,0.86247,0.86215,0.86225
2026-06-10 12:00:00+00:00,0.86229,0.86245,0.86213,0.86225
2026-06-10 12:15:00+00:00,0.86224,0.86236,0.86209,0.86231
2026-06-10 12:30:00+00:00,0.86223,0.86302,0.86188,0.86239
2026-06-10 12:45:00+00:00,0.86234,0.86269,0.86218,0.8626
2026-06-10 13:00:00+00:00,0.86254,0.86266,0.86219,0.86257
2026-06-10 13:15:00+00:00,0.86252,0.86265,0.86227,0.86231
2026-06-10 13:30:00+00:00,0.86237,0.86255,0.86217,0.86218
2026-06-10 13:45:00+00:00,0.86219,0.86234,0.86194,0.86227
2026-06-10 14:00:00+00:00,0.86223,0.86233,0.86207,0.86211
2026-06-10 14:15:00+00:00,0.86212,0.86261,0.86182,0.86235
2026-06-10 14:30:00+00:00,0.86233,0.86241,0.86192,0.86208
2026-06-10 14:45:00+00:00,0.86208,0.86224,0.86191,0.86202
2026-06-10 15:00:00+00:00,0.86205,0.86238,0.86191,0.86236
2026-06-10 15:15:00+00:00,0.86231,0.86267,0.86223,0.86245
2026-06-10 15:30:00+00:00,0.86247,0.86288,0.86239,0.86278
2026-06-10 15:45:00+00:00,0.86277,0.86304,0.86199,0.86251
2026-06-10 16:00:00+00:00,0.86256,0.86311,0.86249,0.86283
2026-06-10 16:15:00+00:00,0.86288,0.86305,0.86269,0.86297
2026-06-10 16:30:00+00:00,0.86291,0.86298,0.86276,0.86292
2026-06-10 16:45:00+00:00,0.8629,0.86295,0.86273,0.86294
2026-06-10 17:00:00+00:00,0.86292,0.86298,0.86263,0.86287
2026-06-10 17:15:00+00:00,0.8629,0.86296,0.86275,0.86294
2026-06-10 17:30:00+00:00,0.86292,0.86297,0.86275,0.86284
2026-06-10 17:45:00+00:00,0.86282,0.86301,0.86267,0.86271
2026-06-10 18:00:00+00:00,0.86272,0.86285,0.86265,0.86283
2026-06-10 18:15:00+00:00,0.8628,0.86302,0.86272,0.86298
2026-06-10 18:30:00+00:00,0.86295,0.86314,0.86283,0.86312
2026-06-10 18:45:00+00:00,0.8631,0.86329,0.86293,0.86313
2026-06-10 19:00:00+00:00,0.86311,0.86329,0.86296,0.86322
2026-06-10 19:15:00+00:00,0.86323,0.86329,0.86316,0.86323
2026-06-10 19:30:00+00:00,0.86324,0.86326,0.86306,0.86316
2026-06-10 19:45:00+00:00,0.86311,0.86316,0.86294,0.86308
2026-06-10 20:00:00+00:00,0.86304,0.86315,0.86294,0.86305
2026-06-10 20:15:00+00:00,0.86304,0.86312,0.86295,0.86303
2026-06-10 20:30:00+00:00,0.863,0.86311,0.86292,0.86308
2026-06-10 20:45:00+00:00,0.86306,0.86306,0.86288,0.86296
2026-06-10 21:00:00+00:00,0.86294,0.86297,0.86246,0.86296
2026-06-10 21:15:00+00:00,0.86293,0.86313,0.86251,0.86292
2026-06-10 21:30:00+00:00,0.86286,0.86304,0.86274,0.86282
2026-06-10 21:45:00+00:00,0.86281,0.86311,0.8627,0.86282
2026-06-10 22:00:00+00:00,0.86279,0.86334,0.86266,0.86322
2026-06-10 22:15:00+00:00,0.86318,0.86327,0.8631,0.86325
2026-06-10 22:30:00+00:00,0.86322,0.86333,0.86314,0.86329
2026-06-10 22:45:00+00:00,0.86326,0.86337,0.8631,0.86317
2026-06-10 23:00:00+00:00,0.86329,0.8634,0.86308,0.86327
2026-06-10 23:15:00+00:00,0.86333,0.86372,0.8631,0.86327
2026-06-10 23:30:00+00:00,0.86331,0.86343,0.86313,0.86335
2026-06-10 23:45:00+00:00,0.86333,0.86337,0.86309,0.86324
2026-06-11 00:00:00+00:00,0.86327,0.86349,0.86316,0.86332
2026-06-11 00:15:00+00:00,0.86335,0.86345,0.86317,0.86328
2026-06-11 00:30:00+00:00,0.8633,0.86344,0.86325,0.86337
2026-06-11 00:45:00+00:00,0.86335,0.8634,0.8632,0.86331
2026-06-11 01:00:00+00:00,0.86329,0.86351,0.86304,0.8631
2026-06-11 01:15:00+00:00,0.86311,0.86313,0.86287,0.8629
2026-06-11 01:30:00+00:00,0.86293,0.86299,0.86279,0.86295
2026-06-11 01:45:00+00:00,0.86294,0.86322,0.86289,0.86321
2026-06-11 02:00:00+00:00,0.86319,0.86326,0.86303,0.86316
2026-06-11 02:15:00+00:00,0.8632,0.86325,0.86302,0.86308
2026-06-11 02:30:00+00:00,0.86314,0.86323,0.86306,0.86315
2026-06-11 02:45:00+00:00,0.86314,0.86317,0.86301,0.86312
2026-06-11 03:00:00+00:00,0.86309,0.86318,0.86296,0.86314
2026-06-11 03:15:00+00:00,0.86313,0.86316,0.86305,0.86311
2026-06-11 03:30:00+00:00,0.86312,0.86314,0.86298,0.86307
2026-06-11 03:45:00+00:00,0.86305,0.86308,0.86292,0.86302
2026-06-11 04:00:00+00:00,0.86299,0.86301,0.86283,0.86297
2026-06-11 04:15:00+00:00,0.86295,0.86306,0.86288,0.86302
2026-06-11 04:30:00+00:00,0.863,0.86304,0.8628,0.86281
2026-06-11 04:45:00+00:00,0.86283,0.86292,0.86273,0.86288
2026-06-11 05:00:00+00:00,0.86284,0.86295,0.86275,0.86288
2026-06-11 05:15:00+00:00,0.86285,0.86296,0.86277,0.86292
2026-06-11 05:30:00+00:00,0.86292,0.86297,0.86281,0.86289
2026-06-11 05:45:00+00:00,0.86291,0.86297,0.86279,0.86293
2026-06-11 06:00:00+00:00,0.86288,0.86307,0.86279,0.86295
2026-06-11 06:15:00+00:00,0.86293,0.86301,0.8628,0.86291
2026-06-11 06:30:00+00:00,0.86295,0.86308,0.86271,0.86285
2026-06-11 06:45:00+00:00,0.86282,0.8629,0.86266,0.86275
2026-06-11 07:00:00+00:00,0.86276,0.86297,0.86265,0.86283
2026-06-11 07:15:00+00:00,0.86277,0.86299,0.86269,0.86278
2026-06-11 07:30:00+00:00,0.86286,0.86293,0.86262,0.86272
2026-06-11 07:45:00+00:00,0.86279,0.86288,0.86265,0.86268
2026-06-11 08:00:00+00:00,0.86272,0.86277,0.86243,0.8626
2026-06-11 08:15:00+00:00,0.86253,0.86294,0.86253,0.86283
2026-06-11 08:30:00+00:00,0.86288,0.86309,0.86279,0.86306
2026-06-11 08:45:00+00:00,0.86303,0.86321,0.86289,0.86294
2026-06-11 09:00:00+00:00,0.86297,0.86323,0.86289,0.86301
2026-06-11 09:15:00+00:00,0.86306,0.86314,0.86286,0.86299
2026-06-11 09:30:00+00:00,0.86296,0.86314,0.86292,0.86311
2026-06-11 09:45:00+00:00,0.86308,0.86317,0.86276,0.86302
2026-06-11 10:00:00+00:00,0.86298,0.86308,0.86275,0.86291
2026-06-11 10:15:00+00:00,0.863,0.86309,0.86285,0.86307
2026-06-11 10:30:00+00:00,0.86305,0.86314,0.86291,0.86309
2026-06-11 10:45:00+00:00,0.86306,0.86317,0.86294,0.86315
2026-06-11 11:00:00+00:00,0.86312,0.86349,0.86308,0.86348
2026-06-11 11:15:00+00:00,0.86345,0.86351,0.86328,0.86334
2026-06-11 11:30:00+00:00,0.86332,0.86358,0.86325,0.86335
2026-06-11 11:45:00+00:00,0.86339,0.86348,0.86326,0.86335
2026-06-11 12:00:00+00:00,0.86332,0.86341,0.86308,0.86313
2026-06-11 12:15:00+00:00,0.86321,0.86374,0.86293,0.8634
2026-06-11 12:30:00+00:00,0.8633,0.86366,0.86308,0.86352
2026-06-11 12:45:00+00:00,0.86362,0.86398,0.86333,0.86383
2026-06-11 13:00:00+00:00,0.86376,0.86395,0.86325,0.86344
2026-06-11 13:15:00+00:00,0.86348,0.86381,0.86324,0.86368
2026-06-11 13:30:00+00:00,0.8636,0.86381,0.86335,0.8636
2026-06-11 13:45:00+00:00,0.86365,0.86383,0.86322,0.86336
2026-06-11 14:00:00+00:00,0.86341,0.86383,0.86313,0.86379
2026-06-11 14:15:00+00:00,0.86377,0.86388,0.86348,0.86386
2026-06-11 14:30:00+00:00,0.86378,0.86411,0.86377,0.86395
2026-06-11 14:45:00+00:00,0.86392,0.86429,0.86384,0.86425
2026-06-11 15:00:00+00:00,0.86419,0.86441,0.86355,0.86377
2026-06-11 15:15:00+00:00,0.86376,0.86384,0.8635,0.86371
2026-06-11 15:30:00+00:00,0.86368,0.86374,0.86324,0.86345
2026-06-11 15:45:00+00:00,0.86343,0.86368,0.86333,0.86357
2026-06-11 16:00:00+00:00,0.86354,0.86356,0.86307,0.86315
2026-06-11 16:15:00+00:00,0.86316,0.86342,0.86312,0.8634
2026-06-11 16:30:00+00:00,0.86337,0.86354,0.86317,0.86331
2026-06-11 16:45:00+00:00,0.8633,0.8633,0.8631,0.86322
2026-06-11 17:00:00+00:00,0.86322,0.86331,0.86294,0.86302
2026-06-11 17:15:00+00:00,0.86306,0.86449,0.86295,0.86402
2026-06-11 17:30:00+00:00,0.86314,0.86394,0.86231,0.86292
2026-06-11 17:45:00+00:00,0.86288,0.86305,0.86234,0.86263
2026-06-11 18:00:00+00:00,0.86269,0.86328,0.86238,0.8628
2026-06-11 18:15:00+00:00,0.86276,0.86303,0.86257,0.86288
2026-06-11 18:30:00+00:00,0.86289,0.86297,0.86259,0.86291
2026-06-11 18:45:00+00:00,0.86284,0.86291,0.8625,0.86267
2026-06-11 19:00:00+00:00,0.86272,0.86302,0.86253,0.86282
2026-06-11 19:15:00+00:00,0.86269,0.86293,0.86254,0.86289
2026-06-11 19:30:00+00:00,0.86285,0.86326,0.86246,0.8629
2026-06-11 19:45:00+00:00,0.86288,0.86308,0.86259,0.86302
2026-06-11 20:00:00+00:00,0.86299,0.8632,0.86285,0.86302
2026-06-11 20:15:00+00:00,0.86299,0.86302,0.8627,0.86286
2026-06-11 20:30:00+00:00,0.86286,0.86309,0.86286,0.86304
2026-06-11 20:45:00+00:00,0.86302,0.86324,0.86293,0.86305
2026-06-11 21:00:00+00:00,0.86307,0.86341,0.86267,0.86297
2026-06-11 21:15:00+00:00,0.86292,0.86316,0.86254,0.86313
2026-06-11 21:30:00+00:00,0.86308,0.86317,0.86289,0.863
2026-06-11 21:45:00+00:00,0.86298,0.86308,0.86257,0.86306
2026-06-11 22:00:00+00:00,0.86299,0.86314,0.86251,0.86276
2026-06-11 22:15:00+00:00,0.86274,0.86279,0.86255,0.86264
2026-06-11 22:30:00+00:00,0.86268,0.86293,0.86264,0.86291
2026-06-11 22:45:00+00:00,0.86287,0.86303,0.86276,0.86299
2026-06-11 23:00:00+00:00,0.86296,0.86312,0.86279,0.86294
2026-06-11 23:15:00+00:00,0.86298,0.86304,0.86282,0.86299
2026-06-11 23:30:00+00:00,0.86297,0.86301,0.86283,0.86292
2026-06-11 23:45:00+00:00,0.86291,0.86297,0.8628,0.86285
2026-06-12 00:00:00+00:00,0.86288,0.86298,0.86266,0.8628
2026-06-12 00:15:00+00:00,0.8628,0.86283,0.86264,0.86271
2026-06-12 00:30:00+00:00,0.86272,0.86281,0.86256,0.86277
2026-06-12 00:45:00+00:00,0.86276,0.86296,0.86272,0.86294
2026-06-12 01:00:00+00:00,0.86289,0.86296,0.8627,0.86284
2026-06-12 01:15:00+00:00,0.86287,0.86292,0.86272,0.86274
2026-06-12 01:30:00+00:00,0.86278,0.8629,0.86264,0.86276
2026-06-12 01:45:00+00:00,0.86274,0.8629,0.86268,0.86281
2026-06-12 02:00:00+00:00,0.86279,0.86284,0.86261,0.86263
2026-06-12 02:15:00+00:00,0.86266,0.86287,0.86256,0.86285
2026-06-12 02:30:00+00:00,0.86282,0.86293,0.86265,0.86268
2026-06-12 02:45:00+00:00,0.86268,0.86283,0.86263,0.86283
2026-06-12 03:00:00+00:00,0.86281,0.86282,0.86264,0.86278
2026-06-12 03:15:00+00:00,0.86276,0.86281,0.86268,0.86271
2026-06-12 03:30:00+00:00,0.86273,0.86292,0.86259,0.86266
2026-06-12 03:45:00+00:00,0.86265,0.86275,0.86246,0.8627
2026-06-12 04:00:00+00:00,0.86266,0.86274,0.86254,0.86268
2026-06-12 04:15:00+00:00,0.86265,0.86272,0.86259,0.86262
2026-06-12 04:30:00+00:00,0.86264,0.86272,0.86255,0.86267
2026-06-12 04:45:00+00:00,0.86267,0.86284,0.86259,0.86283
2026-06-12 05:00:00+00:00,0.86277,0.86304,0.86271,0.86292
2026-06-12 05:15:00+00:00,0.8629,0.863,0.86275,0.86278
2026-06-12 05:30:00+00:00,0.86283,0.86293,0.86274,0.86284
2026-06-12 05:45:00+00:00,0.86287,0.86297,0.86267,0.86283
2026-06-12 06:00:00+00:00,0.8628,0.86293,0.86252,0.86269
2026-06-12 06:15:00+00:00,0.86266,0.86273,0.86249,0.86262
2026-06-12 06:30:00+00:00,0.86263,0.86334,0.86252,0.86331
2026-06-12 06:45:00+00:00,0.86328,0.8634,0.86305,0.86328
2026-06-12 07:00:00+00:00,0.86329,0.86335,0.86285,0.86292
2026-06-12 07:15:00+00:00,0.86297,0.86329,0.86294,0.86326
2026-06-12 07:30:00+00:00,0.86324,0.86365,0.8631,0.86359
2026-06-12 07:45:00+00:00,0.86351,0.86379,0.86333,0.86361
2026-06-12 08:00:00+00:00,0.86353,0.86354,0.86318,0.86346
2026-06-12 08:15:00+00:00,0.86342,0.86383,0.86308,0.86335
2026-06-12 08:30:00+00:00,0.86331,0.86344,0.86305,0.86311
2026-06-12 08:45:00+00:00,0.86317,0.86329,0.86286,0.86309
2026-06-12 09:00:00+00:00,0.86305,0.86322,0.86295,0.86301
2026-06-12 09:15:00+00:00,0.86305,0.8634,0.86292,0.86329
2026-06-12 09:30:00+00:00,0.86327,0.86336,0.86297,0.86326
2026-06-12 09:45:00+00:00,0.86332,0.86336,0.86308,0.86318
2026-06-12 10:00:00+00:00,0.86319,0.86327,0.86305,0.86326
2026-06-12 10:15:00+00:00,0.8632,0.86338,0.86265,0.86303
2026-06-12 10:30:00+00:00,0.86301,0.86329,0.86282,0.86292
2026-06-12 10:45:00+00:00,0.86293,0.86311,0.86272,0.8631
2026-06-12 11:00:00+00:00,0.86307,0.86307,0.86285,0.86287
2026-06-12 11:15:00+00:00,0.86289,0.86293,0.86277,0.86286
2026-06-12 11:30:00+00:00,0.86287,0.86307,0.8627,0.86295
2026-06-12 11:45:00+00:00,0.86297,0.86301,0.86259,0.86294
2026-06-12 12:00:00+00:00,0.8629,0.86317,0.86285,0.86317
2026-06-12 12:15:00+00:00,0.86314,0.86343,0.86294,0.86341
2026-06-12 12:30:00+00:00,0.86336,0.8635,0.86324,0.86326
2026-06-12 12:45:00+00:00,0.86329,0.86344,0.8631,0.86329
2026-06-12 13:00:00+00:00,0.86333,0.86352,0.8632,0.86347
2026-06-12 13:15:00+00:00,0.86346,0.86359,0.86319,0.86345
2026-06-12 13:30:00+00:00,0.86343,0.86347,0.86268,0.86334
2026-06-12 13:45:00+00:00,0.86328,0.86363,0.86319,0.86347
2026-06-12 14:00:00+00:00,0.86343,0.86354,0.86309,0.86326
2026-06-12 14:15:00+00:00,0.86322,0.86354,0.86312,0.86332
2026-06-12 14:30:00+00:00,0.86337,0.86356,0.86323,0.86351
2026-06-12 14:45:00+00:00,0.86347,0.86406,0.86282,0.8629
2026-06-12 15:00:00+00:00,0.86301,0.86312,0.8626,0.86308
2026-06-12 15:15:00+00:00,0.863,0.86317,0.86289,0.86302
2026-06-12 15:30:00+00:00,0.863,0.86331,0.86282,0.86326
2026-06-12 15:45:00+00:00,0.86319,0.86322,0.86279,0.86281
2026-06-12 16:00:00+00:00,0.86286,0.86333,0.86273,0.86301
2026-06-12 16:15:00+00:00,0.86288,0.86306,0.86278,0.86286
2026-06-12 16:30:00+00:00,0.86286,0.86295,0.86275,0.86277
2026-06-12 16:45:00+00:00,0.86279,0.86285,0.8627,0.86284
2026-06-12 17:00:00+00:00,0.86283,0.86285,0.86246,0.8626
2026-06-12 17:15:00+00:00,0.86261,0.86278,0.86253,0.86276
2026-06-12 17:30:00+00:00,0.86271,0.86282,0.86263,0.86278
2026-06-12 17:45:00+00:00,0.86275,0.86277,0.86259,0.86271
2026-06-12 18:00:00+00:00,0.86269,0.86286,0.8626,0.8628
2026-06-12 18:15:00+00:00,0.86276,0.86284,0.86269,0.86271
2026-06-12 18:30:00+00:00,0.86274,0.86281,0.86264,0.86278
2026-06-12 18:45:00+00:00,0.86277,0.86284,0.86262,0.86268
2026-06-12 19:00:00+00:00,0.86278,0.86285,0.86255,0.86268
2026-06-12 19:15:00+00:00,0.8627,0.86275,0.86254,0.86268
2026-06-12 19:30:00+00:00,0.86265,0.86274,0.86249,0.8627
2026-06-12 19:45:00+00:00,0.86267,0.86287,0.86261,0.86283
2026-06-12 20:00:00+00:00,0.86281,0.86293,0.86278,0.86289
2026-06-12 20:15:00+00:00,0.8629,0.863,0.86283,0.86295
2026-06-12 20:30:00+00:00,0.86295,0.86312,0.86283,0.86311
2026-06-12 20:45:00+00:00,0.86309,0.86318,0.86277,0.86293
2026-06-12 21:00:00+00:00,0.86292,0.86353,0.8624,0.8632
2026-06-12 21:15:00+00:00,0.86319,0.86353,0.86269,0.86298
2026-06-12 21:30:00+00:00,0.86314,0.86353,0.86267,0.86341
2026-06-12 21:45:00+00:00,0.86317,0.86354,0.86283,0.86337
2026-06-12 22:00:00+00:00,0.86325,0.86354,0.86282,0.86304
2026-06-12 22:15:00+00:00,0.86317,0.86353,0.86275,0.86305
2026-06-12 22:30:00+00:00,0.86323,0.86355,0.86277,0.86318
2026-06-12 22:45:00+00:00,0.86318,0.86349,0.86273,0.86326
2026-06-12 23:00:00+00:00,0.86322,0.86354,0.86264,0.86315
2026-06-12 23:15:00+00:00,0.86317,0.86354,0.86298,0.8632
2026-06-12 23:30:00+00:00,0.86323,0.86349,0.86315,0.8634
2026-06-12 23:45:00+00:00,0.86325,0.86349,0.86315,0.86324
2026-06-13 00:00:00+00:00,0.86322,0.86349,0.86264,0.86289
2026-06-13 00:15:00+00:00,0.86289,0.86326,0.86277,0.86289
2026-06-13 00:30:00+00:00,0.86289,0.86293,0.86286,0.8629
2026-06-13 00:45:00+00:00,0.86289,0.86301,0.86279,0.8629
2026-06-13 01:00:00+00:00,0.86288,0.86293,0.86286,0.86289
2026-06-13 01:15:00+00:00,0.86289,0.86307,0.8628,0.86288
2026-06-13 01:30:00+00:00,0.86289,0.86374,0.86277,0.86286
2026-06-13 01:45:00+00:00,0.86294,0.86295,0.86284,0.8629
2026-06-13 02:00:00+00:00,0.86289,0.86305,0.86279,0.8629
2026-06-13 02:15:00+00:00,0.86289,0.86293,0.86286,0.86288
2026-06-13 02:30:00+00:00,0.86289,0.86351,0.86279,0.8629
2026-06-13 02:45:00+00:00,0.86289,0.86313,0.8628,0.86292
2026-06-13 03:00:00+00:00,0.86291,0.86293,0.86285,0.8629
2026-06-13 03:15:00+00:00,0.86288,0.86315,0.86278,0.86288
2026-06-13 03:30:00+00:00,0.86289,0.86293,0.86287,0.8629
2026-06-13 03:45:00+00:00,0.86289,0.86353,0.86282,0.8629
2026-06-13 04:00:00+00:00,0.86289,0.86385,0.86283,0.86294
2026-06-13 04:15:00+00:00,0.86292,0.86294,0.86283,0.86289
2026-06-13 04:30:00+00:00,0.86289,0.86303,0.86278,0.86289
2026-06-13 04:45:00+00:00,0.86289,0.86293,0.86287,0.86291
2026-06-13 05:00:00+00:00,0.86289,0.86359,0.86274,0.8629
2026-06-13 05:15:00+00:00,0.86288,0.86379,0.86281,0.86285
2026-06-13 05:30:00+00:00,0.8629,0.86293,0.86287,0.86288
2026-06-13 05:45:00+00:00,0.86289,0.86322,0.86279,0.8629
2026-06-13 06:00:00+00:00,0.86289,0.86293,0.86284,0.8629
2026-06-13 06:15:00+00:00,0.86289,0.86297,0.86279,0.86289
2026-06-13 06:30:00+00:00,0.86289,0.86316,0.8627,0.86286
2026-06-13 06:45:00+00:00,0.86295,0.86295,0.86286,0.86291
2026-06-13 07:00:00+00:00,0.86289,0.86356,0.86278,0.86291
2026-06-13 07:15:00+00:00,0.86289,0.86293,0.86286,0.86289
2026-06-13 07:30:00+00:00,0.86289,0.86363,0.86282,0.86287
2026-06-13 07:45:00+00:00,0.86289,0.86349,0.86279,0.86285
2026-06-13 08:00:00+00:00,0.86292,0.86293,0.86283,0.86289
2026-06-13 08:15:00+00:00,0.86288,0.86319,0.86276,0.8629
2026-06-13 08:30:00+00:00,0.86289,0.86292,0.86281,0.86287
2026-06-13 08:45:00+00:00,0.86289,0.8638,0.86283,0.8629
2026-06-13 09:00:00+00:00,0.86288,0.86369,0.86282,0.86286
2026-06-13 09:15:00+00:00,0.86292,0.86293,0.86283,0.8629
2026-06-13 09:30:00+00:00,0.86289,0.8633,0.8628,0.86288
2026-06-13 09:45:00+00:00,0.86289,0.86293,0.86286,0.86289
2026-06-13 10:00:00+00:00,0.86289,0.86375,0.86281,0.8629
2026-06-13 10:15:00+00:00,0.86288,0.86326,0.86283,0.86294
2026-06-13 10:30:00+00:00,0.86292,0.86293,0.86283,0.86288
2026-06-13 10:45:00+00:00,0.86288,0.86374,0.86282,0.86289
2026-06-13 11:00:00+00:00,0.86289,0.86293,0.86284,0.86289
2026-06-13 11:15:00+00:00,0.86288,0.86328,0.86279,0.8629
2026-06-13 11:30:00+00:00,0.86289,0.86388,0.86285,0.86309
2026-06-13 11:45:00+00:00,0.86303,0.86306,0.86288,0.86289
2026-06-13 12:00:00+00:00,0.86289,0.86381,0.86285,0.86296
2026-06-13 12:15:00+00:00,0.86295,0.86299,0.86278,0.86291
2026-06-13 12:30:00+00:00,0.8629,0.86377,0.86289,0.86294
2026-06-13 12:45:00+00:00,0.86294,0.86379,0.8629,0.86303
2026-06-13 13:00:00+00:00,0.86298,0.86302,0.86289,0.86293
2026-06-13 13:15:00+00:00,0.86291,0.86382,0.86284,0.86311
2026-06-13 13:30:00+00:00,0.86309,0.86313,0.86308,0.8631
2026-06-13 13:45:00+00:00,0.86309,0.86369,0.86306,0.86311
2026-06-13 14:00:00+00:00,0.86312,0.86368,0.86264,0.86304
2026-06-13 14:15:00+00:00,0.86299,0.86303,0.86294,0.86302
2026-06-13 14:30:00+00:00,0.863,0.86371,0.86291,0.86301
2026-06-13 14:45:00+00:00,0.863,0.86304,0.86299,0.863
2026-06-13 15:00:00+00:00,0.863,0.86367,0.86291,0.86315
2026-06-13 15:15:00+00:00,0.86313,0.86373,0.86295,0.86308
2026-06-13 15:30:00+00:00,0.86303,0.86307,0.86301,0.86304
2026-06-13 15:45:00+00:00,0.86303,0.86364,0.86301,0.86306
2026-06-13 16:00:00+00:00,0.86307,0.86309,0.86245,0.86287
2026-06-13 16:15:00+00:00,0.86287,0.86357,0.86286,0.86296
2026-06-13 16:30:00+00:00,0.86294,0.86359,0.86284,0.86339
2026-06-13 16:45:00+00:00,0.86303,0.86314,0.86286,0.86298
2026-06-13 17:00:00+00:00,0.86298,0.86362,0.86279,0.8629
2026-06-13 17:15:00+00:00,0.86291,0.86293,0.86288,0.86291
2026-06-13 17:30:00+00:00,0.86289,0.86379,0.86282,0.86294
2026-06-13 17:45:00+00:00,0.86292,0.86378,0.86291,0.86292
2026-06-13 18:00:00+00:00,0.86292,0.86305,0.86278,0.86287
2026-06-13 18:15:00+00:00,0.86287,0.86383,0.86282,0.86308
2026-06-13 18:30:00+00:00,0.86307,0.86311,0.86306,0.86309
2026-06-13 18:45:00+00:00,0.86307,0.86367,0.86296,0.86303
2026-06-13 19:00:00+00:00,0.86302,0.8637,0.86275,0.86283
2026-06-13 19:15:00+00:00,0.86285,0.86298,0.86285,0.86293
2026-06-13 19:30:00+00:00,0.86291,0.86361,0.86289,0.86296
2026-06-13 19:45:00+00:00,0.86294,0.86298,0.86288,0.86292
2026-06-13 20:00:00+00:00,0.86291,0.86369,0.86284,0.86296
2026-06-13 20:15:00+00:00,0.86297,0.86359,0.86294,0.86297
2026-06-13 20:30:00+00:00,0.86297,0.86308,0.8629,0.86295
2026-06-13 20:45:00+00:00,0.86294,0.86373,0.86288,0.863
2026-06-13 21:00:00+00:00,0.86299,0.86303,0.86283,0.86288
2026-06-13 21:15:00+00:00,0.86288,0.86349,0.86287,0.86295
2026-06-13 21:30:00+00:00,0.86295,0.86368,0.86254,0.86346
2026-06-13 21:45:00+00:00,0.86301,0.86362,0.86301,0.86308
2026-06-13 22:00:00+00:00,0.86306,0.86364,0.86269,0.86292
2026-06-13 22:15:00+00:00,0.86293,0.86296,0.86291,0.86292
2026-06-13 22:30:00+00:00,0.86293,0.86357,0.86288,0.86297
2026-06-13 22:45:00+00:00,0.86295,0.86368,0.86289,0.86342
2026-06-13 23:00:00+00:00,0.86293,0.8637,0.86284,0.86288
2026-06-13 23:15:00+00:00,0.86288,0.86359,0.86287,0.86307
2026-06-13 23:30:00+00:00,0.86307,0.86311,0.86306,0.86309
2026-06-13 23:45:00+00:00,0.86307,0.86355,0.86306,0.86312
2026-06-14 00:00:00+00:00,0.8631,0.86314,0.86309,0.86312
2026-06-14 00:15:00+00:00,0.8631,0.86347,0.8631,0.86324
2026-06-14 00:30:00+00:00,0.86325,0.86357,0.86323,0.86332
2026-06-14 00:45:00+00:00,0.8633,0.86334,0.86329,0.86332
2026-06-14 01:00:00+00:00,0.8633,0.86358,0.86325,0.86329
2026-06-14 01:15:00+00:00,0.86329,0.86333,0.86328,0.86328
2026-06-14 01:30:00+00:00,0.86329,0.86356,0.86325,0.86328
2026-06-14 01:45:00+00:00,0.86328,0.86349,0.86326,0.86331
2026-06-14 02:00:00+00:00,0.86329,0.86333,0.86328,0.8633
2026-06-14 02:15:00+00:00,0.86329,0.86346,0.86328,0.8633
2026-06-14 02:30:00+00:00,0.8633,0.86334,0.86249,0.86302
2026-06-14 02:45:00+00:00,0.86302,0.86353,0.86302,0.86323
2026-06-14 03:00:00+00:00,0.86321,0.86352,0.8632,0.86325
2026-06-14 03:15:00+00:00,0.86324,0.86328,0.86323,0.86323
2026-06-14 03:30:00+00:00,0.86324,0.86351,0.86323,0.86326
2026-06-14 03:45:00+00:00,0.86326,0.8633,0.86325,0.86328
2026-06-14 04:00:00+00:00,0.86326,0.86348,0.86326,0.8633
2026-06-14 04:15:00+00:00,0.86328,0.86342,0.86322,0.86332
2026-06-14 04:30:00+00:00,0.86332,0.86336,0.86331,0.86332
2026-06-14 04:45:00+00:00,0.86332,0.86344,0.86332,0.86334
2026-06-14 05:00:00+00:00,0.86333,0.86337,0.86331,0.86334
2026-06-14 05:15:00+00:00,0.86333,0.86342,0.86332,0.86333
2026-06-14 05:30:00+00:00,0.86333,0.8634,0.86332,0.86333
2026-06-14 05:45:00+00:00,0.86334,0.86338,0.86332,0.86335
2026-06-14 06:00:00+00:00,0.86334,0.86364,0.86249,0.86321
2026-06-14 06:15:00+00:00,0.86319,0.86329,0.86302,0.86307
2026-06-14 06:30:00+00:00,0.86307,0.86366,0.86304,0.86312
2026-06-14 06:45:00+00:00,0.86313,0.86359,0.86312,0.86319
2026-06-14 07:00:00+00:00,0.86317,0.86321,0.86316,0.86319
2026-06-14 07:15:00+00:00,0.86317,0.86355,0.86316,0.86322
2026-06-14 07:30:00+00:00,0.86321,0.86325,0.86316,0.86317
2026-06-14 07:45:00+00:00,0.86318,0.86347,0.86307,0.8633
2026-06-14 08:00:00+00:00,0.86328,0.86346,0.86327,0.86332
2026-06-14 08:15:00+00:00,0.8633,0.86334,0.86329,0.86331
2026-06-14 08:30:00+00:00,0.8633,0.86342,0.86329,0.8633
2026-06-14 08:45:00+00:00,0.86331,0.86335,0.8633,0.86331
2026-06-14 09:00:00+00:00,0.86331,0.86343,0.86331,0.86334
2026-06-14 09:15:00+00:00,0.86332,0.86339,0.86328,0.86332
2026-06-14 09:30:00+00:00,0.86331,0.86334,0.86329,0.8633
2026-06-14 09:45:00+00:00,0.86331,0.86337,0.86329,0.86331
2026-06-14 10:00:00+00:00,0.86332,0.86335,0.8633,0.86333
2026-06-14 10:15:00+00:00,0.86332,0.86335,0.8633,0.86333
2026-06-14 10:30:00+00:00,0.86332,0.86335,0.8633,0.86331
2026-06-14 10:45:00+00:00,0.86332,0.86335,0.8633,0.86331
2026-06-14 11:00:00+00:00,0.86332,0.86335,0.8633,0.86333
2026-06-14 11:15:00+00:00,0.86332,0.86335,0.8633,0.86333
2026-06-14 11:30:00+00:00,0.86332,0.8639,0.86307,0.86363
2026-06-14 11:45:00+00:00,0.86363,0.86367,0.86361,0.86362
2026-06-14 12:00:00+00:00,0.86363,0.86366,0.86361,0.86364
2026-06-14 12:15:00+00:00,0.86363,0.86367,0.86361,0.86365
2026-06-14 12:30:00+00:00,0.86363,0.86366,0.86334,0.86344
2026-06-14 12:45:00+00:00,0.86343,0.86347,0.86342,0.86343
2026-06-14 13:00:00+00:00,0.86343,0.86347,0.86342,0.86345
2026-06-14 13:15:00+00:00,0.86343,0.86371,0.86266,0.86343
2026-06-14 13:30:00+00:00,0.86341,0.86345,0.86339,0.86341
2026-06-14 13:45:00+00:00,0.86341,0.86345,0.86339,0.8634
2026-06-14 14:00:00+00:00,0.86341,0.86343,0.86273,0.86286
2026-06-14 14:15:00+00:00,0.86285,0.8629,0.86285,0.86288
2026-06-14 14:30:00+00:00,0.86286,0.8629,0.86284,0.86287
2026-06-14 14:45:00+00:00,0.86286,0.8629,0.86285,0.86286
2026-06-14 15:00:00+00:00,0.86286,0.86363,0.8623,0.86318
2026-06-14 15:15:00+00:00,0.86318,0.86321,0.86316,0.86319
2026-06-14 15:30:00+00:00,0.86318,0.86321,0.86316,0.86319
2026-06-14 15:45:00+00:00,0.86318,0.86321,0.86316,0.86317
2026-06-14 16:00:00+00:00,0.86318,0.86319,0.86277,0.86286
2026-06-14 16:15:00+00:00,0.86286,0.8629,0.86285,0.86288
2026-06-14 16:30:00+00:00,0.86286,0.86362,0.86237,0.86328
2026-06-14 16:45:00+00:00,0.86326,0.8633,0.86325,0.86326
2026-06-14 17:00:00+00:00,0.86326,0.8638,0.86243,0.86285
2026-06-14 17:15:00+00:00,0.86286,0.8629,0.86282,0.86288
2026-06-14 17:30:00+00:00,0.86287,0.8629,0.86281,0.86289
2026-06-14 17:45:00+00:00,0.86286,0.86286,0.8628,0.86283
2026-06-14 18:00:00+00:00,0.86283,0.86286,0.86272,0.86282
2026-06-14 18:15:00+00:00,0.86283,0.86337,0.86262,0.86282
2026-06-14 18:30:00+00:00,0.86281,0.86289,0.86278,0.86287
2026-06-14 18:45:00+00:00,0.86285,0.8629,0.86279,0.86284
2026-06-14 19:00:00+00:00,0.86284,0.86316,0.86254,0.86305
2026-06-14 19:15:00+00:00,0.863,0.86377,0.86255,0.86291
2026-06-14 19:30:00+00:00,0.86294,0.86382,0.8629,0.86359
2026-06-14 19:45:00+00:00,0.86316,0.86388,0.86262,0.86318
2026-06-14 20:00:00+00:00,0.86311,0.86357,0.86195,0.86345
2026-06-14 20:15:00+00:00,0.86337,0.86385,0.86209,0.86324
2026-06-14 20:30:00+00:00,0.86317,0.86461,0.86181,0.86318
2026-06-14 20:45:00+00:00,0.86306,0.86365,0.86189,0.86246
2026-06-14 21:00:00+00:00,0.86254,0.8636,0.8625,0.86354
2026-06-14 21:15:00+00:00,0.86346,0.8643,0.86232,0.86394
2026-06-14 21:30:00+00:00,0.86399,0.86441,0.86398,0.86419
2026-06-14 21:45:00+00:00,0.86407,0.86467,0.86363,0.86402
2026-06-14 22:00:00+00:00,0.86388,0.86413,0.86307,0.86343
2026-06-14 22:15:00+00:00,0.86354,0.86372,0.86329,0.8634
2026-06-14 22:30:00+00:00,0.86344,0.86345,0.86295,0.86317
2026-06-14 22:45:00+00:00,0.86313,0.86314,0.86288,0.86295
2026-06-14 23:00:00+00:00,0.86293,0.86302,0.86266,0.86296
2026-06-14 23:15:00+00:00,0.86294,0.86307,0.86288,0.86296
2026-06-14 23:30:00+00:00,0.86299,0.86305,0.86285,0.86288
2026-06-14 23:45:00+00:00,0.86292,0.86299,0.86265,0.86278
2026-06-15 00:00:00+00:00,0.86274,0.86284,0.86257,0.86273
2026-06-15 00:15:00+00:00,0.86268,0.86272,0.86248,0.86252
2026-06-15 00:30:00+00:00,0.86259,0.86269,0.86239,0.86253
2026-06-15 00:45:00+00:00,0.86253,0.86276,0.86247,0.86274
2026-06-15 01:00:00+00:00,0.86271,0.8629,0.86258,0.86279
2026-06-15 01:15:00+00:00,0.86281,0.86287,0.8627,0.86285
2026-06-15 01:30:00+00:00,0.86283,0.86296,0.86278,0.86295
2026-06-15 01:45:00+00:00,0.86292,0.86313,0.86282,0.8631
2026-06-15 02:00:00+00:00,0.86302,0.86321,0.86287,0.86312
2026-06-15 02:15:00+00:00,0.86309,0.86321,0.86304,0.86311
2026-06-15 02:30:00+00:00,0.86312,0.86326,0.86302,0.86316
2026-06-15 02:45:00+00:00,0.86314,0.86317,0.86304,0.86311
2026-06-15 03:00:00+00:00,0.86309,0.86317,0.86301,0.86311
2026-06-15 03:15:00+00:00,0.86309,0.86311,0.863,0.86309
2026-06-15 03:30:00+00:00,0.86308,0.86312,0.86297,0.86303
2026-06-15 03:45:00+00:00,0.86303,0.86327,0.86299,0.86327
2026-06-15 04:00:00+00:00,0.86325,0.86334,0.86317,0.86331
2026-06-15 04:15:00+00:00,0.8633,0.86333,0.86323,0.86325
2026-06-15 04:30:00+00:00,0.86327,0.8634,0.86327,0.86338
2026-06-15 04:45:00+00:00,0.86336,0.86342,0.86328,0.86338
2026-06-15 05:00:00+00:00,0.86336,0.86363,0.8633,0.86353
2026-06-15 05:15:00+00:00,0.86345,0.86345,0.86327,0.86329
2026-06-15 05:30:00+00:00,0.86331,0.86343,0.86323,0.86336
2026-06-15 05:45:00+00:00,0.86333,0.86351,0.86321,0.86346
2026-06-15 06:00:00+00:00,0.86335,0.86352,0.86316,0.86339
2026-06-15 06:15:00+00:00,0.86336,0.86342,0.86314,0.86332
2026-06-15 06:30:00+00:00,0.86329,0.86369,0.86315,0.86354
2026-06-15 06:45:00+00:00,0.86356,0.86368,0.86336,0.86341
2026-06-15 07:00:00+00:00,0.86345,0.86387,0.86317,0.8638
2026-06-15 07:15:00+00:00,0.86371,0.86397,0.86362,0.86379
2026-06-15 07:30:00+00:00,0.86378,0.86428,0.86378,0.86405
2026-06-15 07:45:00+00:00,0.86403,0.86429,0.86382,0.86393
2026-06-15 08:00:00+00:00,0.86398,0.86427,0.86395,0.86417
2026-06-15 08:15:00+00:00,0.86412,0.86426,0.864,0.86405
2026-06-15 08:30:00+00:00,0.86413,0.86432,0.86402,0.86418
2026-06-15 08:45:00+00:00,0.86419,0.86434,0.86397,0.86427
2026-06-15 09:00:00+00:00,0.86427,0.86455,0.86416,0.86436
2026-06-15 09:15:00+00:00,0.86434,0.86434,0.86403,0.86428
2026-06-15 09:30:00+00:00,0.86423,0.86452,0.86423,0.86431
2026-06-15 09:45:00+00:00,0.86434,0.86463,0.86424,0.86452
2026-06-15 10:00:00+00:00,0.86453,0.86453,0.86427,0.86444
2026-06-15 10:15:00+00:00,0.86443,0.86462,0.86436,0.86447
2026-06-15 10:30:00+00:00,0.8645,0.8647,0.86444,0.86469
2026-06-15 10:45:00+00:00,0.86468,0.86495,0.86447,0.86493
2026-06-15 11:00:00+00:00,0.86489,0.86494,0.86466,0.86469
2026-06-15 11:15:00+00:00,0.86472,0.86483,0.86453,0.86476
2026-06-15 11:30:00+00:00,0.86472,0.86493,0.8646,0.86489
2026-06-15 11:45:00+00:00,0.86482,0.86513,0.86475,0.86488
2026-06-15 12:00:00+00:00,0.86494,0.86494,0.86464,0.8649
2026-06-15 12:15:00+00:00,0.86486,0.86497,0.86472,0.86496
2026-06-15 12:30:00+00:00,0.8649,0.86518,0.86482,0.86514
2026-06-15 12:45:00+00:00,0.86512,0.86529,0.86479,0.86482
2026-06-15 13:00:00+00:00,0.86489,0.86498,0.86468,0.86473
2026-06-15 13:15:00+00:00,0.86474,0.86478,0.86435,0.86442
2026-06-15 13:30:00+00:00,0.8644,0.86487,0.86428,0.86484
2026-06-15 13:45:00+00:00,0.86478,0.86483,0.86447,0.86453
2026-06-15 14:00:00+00:00,0.86459,0.8647,0.8642,0.86426
2026-06-15 14:15:00+00:00,0.86437,0.86444,0.86408,0.86435
2026-06-15 14:30:00+00:00,0.8643,0.86458,0.86398,0.86403
2026-06-15 14:45:00+00:00,0.86405,0.8641,0.86342,0.86355
2026-06-15 15:00:00+00:00,0.86363,0.86375,0.86345,0.86366
2026-06-15 15:15:00+00:00,0.86368,0.86384,0.86336,0.86355
2026-06-15 15:30:00+00:00,0.86353,0.86378,0.86338,0.86376
2026-06-15 15:45:00+00:00,0.86374,0.86399,0.86357,0.8639
2026-06-15 16:00:00+00:00,0.86394,0.86401,0.86373,0.86387
2026-06-15 16:15:00+00:00,0.86381,0.86401,0.86373,0.86395
2026-06-15 16:30:00+00:00,0.86394,0.86406,0.86378,0.86393
2026-06-15 16:45:00+00:00,0.86391,0.86416,0.8639,0.86414
2026-06-15 17:00:00+00:00,0.86409,0.8641,0.86389,0.86393
2026-06-15 17:15:00+00:00,0.86399,0.86402,0.86384,0.8639
2026-06-15 17:30:00+00:00,0.86393,0.86393,0.86372,0.86392
2026-06-15 17:45:00+00:00,0.8639,0.86392,0.86373,0.86381
2026-06-15 18:00:00+00:00,0.8638,0.86401,0.86374,0.86391
2026-06-15 18:15:00+00:00,0.86395,0.86407,0.86388,0.86396
2026-06-15 18:30:00+00:00,0.86401,0.86413,0.86386,0.8641
2026-06-15 18:45:00+00:00,0.86408,0.86417,0.86394,0.86406
2026-06-15 19:00:00+00:00,0.86405,0.86421,0.86387,0.86419
2026-06-15 19:15:00+00:00,0.86417,0.86421,0.86408,0.86411
2026-06-15 19:30:00+00:00,0.86416,0.86423,0.86398,0.86404
2026-06-15 19:45:00+00:00,0.86403,0.86411,0.86383,0.86392
2026-06-15 20:00:00+00:00,0.86402,0.86415,0.86386,0.86408
2026-06-15 20:15:00+00:00,0.8641,0.86435,0.86408,0.86424
2026-06-15 20:30:00+00:00,0.86426,0.86435,0.86416,0.86429
2026-06-15 20:45:00+00:00,0.86426,0.86434,0.86402,0.8641
2026-06-15 21:00:00+00:00,0.86408,0.86493,0.86395,0.86402
2026-06-15 21:15:00+00:00,0.86405,0.86417,0.86392,0.86414
2026-06-15 21:30:00+00:00,0.86409,0.8643,0.86393,0.86429
2026-06-15 21:45:00+00:00,0.86427,0.86453,0.8641,0.86441
2026-06-15 22:00:00+00:00,0.86436,0.86444,0.86393,0.86409
2026-06-15 22:15:00+00:00,0.86408,0.86418,0.86393,0.86411
2026-06-15 22:30:00+00:00,0.86412,0.86418,0.86406,0.86413
2026-06-15 22:45:00+00:00,0.86411,0.86418,0.86402,0.8641
2026-06-15 23:00:00+00:00,0.86408,0.86416,0.86399,0.86409
2026-06-15 23:15:00+00:00,0.86407,0.86421,0.864,0.86416
2026-06-15 23:30:00+00:00,0.86413,0.86419,0.86405,0.86415
2026-06-15 23:45:00+00:00,0.8641,0.86419,0.86398,0.86407
2026-06-16 00:00:00+00:00,0.86405,0.8642,0.86398,0.86415
2026-06-16 00:15:00+00:00,0.86414,0.8642,0.86407,0.86413
2026-06-16 00:30:00+00:00,0.86414,0.86425,0.86411,0.86424
2026-06-16 00:45:00+00:00,0.86421,0.86431,0.86415,0.86428
2026-06-16 01:00:00+00:00,0.86422,0.86432,0.86408,0.86428
2026-06-16 01:15:00+00:00,0.86424,0.86436,0.86417,0.86426
2026-06-16 01:30:00+00:00,0.86426,0.86439,0.86415,0.86439
2026-06-16 01:45:00+00:00,0.86437,0.86446,0.86412,0.86439
2026-06-16 02:00:00+00:00,0.86437,0.86457,0.86425,0.86453
2026-06-16 02:15:00+00:00,0.86452,0.86462,0.86445,0.86449
2026-06-16 02:30:00+00:00,0.8645,0.86459,0.86445,0.86451
2026-06-16 02:45:00+00:00,0.86449,0.86455,0.86442,0.86449
2026-06-16 03:00:00+00:00,0.86447,0.86451,0.86434,0.86447
2026-06-16 03:15:00+00:00,0.86446,0.86451,0.86434,0.86446
2026-06-16 03:30:00+00:00,0.86444,0.86448,0.86438,0.8644
2026-06-16 03:45:00+00:00,0.8644,0.86449,0.86436,0.86449
2026-06-16 04:00:00+00:00,0.86448,0.86448,0.86427,0.86433
2026-06-16 04:15:00+00:00,0.86439,0.86455,0.8643,0.86447
2026-06-16 04:30:00+00:00,0.86444,0.86455,0.86428,0.86437
2026-06-16 04:45:00+00:00,0.86437,0.8644,0.86424,0.86434
2026-06-16 05:00:00+00:00,0.86432,0.86434,0.86415,0.86423
2026-06-16 05:15:00+00:00,0.86421,0.86421,0.86408,0.86412
2026-06-16 05:30:00+00:00,0.86413,0.86426,0.86406,0.86421
2026-06-16 05:45:00+00:00,0.86422,0.86436,0.86412,0.86435
2026-06-16 06:00:00+00:00,0.86431,0.86441,0.8641,0.86431
2026-06-16 06:15:00+00:00,0.86429,0.86453,0.8642,0.86441
2026-06-16 06:30:00+00:00,0.86436,0.86457,0.8642,0.86424
2026-06-16 06:45:00+00:00,0.86432,0.8644,0.86415,0.86426
2026-06-16 07:00:00+00:00,0.86428,0.86445,0.86402,0.86422
2026-06-16 07:15:00+00:00,0.86419,0.86437,0.86407,0.86425
2026-06-16 07:30:00+00:00,0.86424,0.86456,0.86423,0.86447
2026-06-16 07:45:00+00:00,0.86444,0.86452,0.86416,0.86425
2026-06-16 08:00:00+00:00,0.86428,0.8646,0.86414,0.86446
2026-06-16 08:15:00+00:00,0.86451,0.86462,0.86431,0.86456
2026-06-16 08:30:00+00:00,0.86455,0.86469,0.86439,0.86454
2026-06-16 08:45:00+00:00,0.86453,0.86476,0.86448,0.86455
2026-06-16 09:00:00+00:00,0.86462,0.86475,0.86444,0.86471
2026-06-16 09:15:00+00:00,0.86462,0.86495,0.86462,0.8648
2026-06-16 09:30:00+00:00,0.8648,0.86481,0.86445,0.86463
2026-06-16 09:45:00+00:00,0.86468,0.86477,0.8646,0.86475
2026-06-16 10:00:00+00:00,0.86471,0.86497,0.86463,0.86486
2026-06-16 10:15:00+00:00,0.86485,0.86509,0.8648,0.86507
2026-06-16 10:30:00+00:00,0.86504,0.86512,0.86491,0.86496
2026-06-16 10:45:00+00:00,0.86495,0.86506,0.86452,0.86455
2026-06-16 11:00:00+00:00,0.86462,0.8649,0.86453,0.86487
2026-06-16 11:15:00+00:00,0.86486,0.86486,0.86454,0.86464
2026-06-16 11:30:00+00:00,0.86463,0.86484,0.86451,0.86481
2026-06-16 11:45:00+00:00,0.86474,0.86486,0.86454,0.86464
2026-06-16 12:00:00+00:00,0.86465,0.86489,0.86456,0.86477
2026-06-16 12:15:00+00:00,0.86468,0.86475,0.86439,0.86469
2026-06-16 12:30:00+00:00,0.86466,0.86482,0.86452,0.86481
2026-06-16 12:45:00+00:00,0.86477,0.86482,0.86441,0.86465
2026-06-16 13:00:00+00:00,0.86463,0.86494,0.86457,0.86489
2026-06-16 13:15:00+00:00,0.86488,0.86506,0.86478,0.86489
2026-06-16 13:30:00+00:00,0.86487,0.8649,0.86457,0.86468
2026-06-16 13:45:00+00:00,0.86467,0.86469,0.8643,0.86435
2026-06-16 14:00:00+00:00,0.86442,0.86467,0.8639,0.86442
2026-06-16 14:15:00+00:00,0.86441,0.86451,0.86426,0.86448
2026-06-16 14:30:00+00:00,0.86445,0.86469,0.86425,0.8646
2026-06-16 14:45:00+00:00,0.86458,0.86473,0.86435,0.86443
2026-06-16 15:00:00+00:00,0.86449,0.86456,0.86431,0.86449
2026-06-16 15:15:00+00:00,0.86447,0.86463,0.86435,0.86456
2026-06-16 15:30:00+00:00,0.86452,0.86468,0.86435,0.86453
2026-06-16 15:45:00+00:00,0.86451,0.86493,0.86421,0.8644
2026-06-16 16:00:00+00:00,0.86439,0.86454,0.8642,0.86447
2026-06-16 16:15:00+00:00,0.86445,0.86471,0.86441,0.86469
2026-06-16 16:30:00+00:00,0.86467,0.86478,0.86458,0.86474
2026-06-16 16:45:00+00:00,0.86471,0.86479,0.86456,0.86472
2026-06-16 17:00:00+00:00,0.86472,0.86487,0.86464,0.86472
2026-06-16 17:15:00+00:00,0.86477,0.8649,0.86468,0.86489
2026-06-16 17:30:00+00:00,0.86488,0.86492,0.86478,0.86483
2026-06-16 17:45:00+00:00,0.86485,0.86489,0.86465,0.86472
2026-06-16 18:00:00+00:00,0.86471,0.86476,0.86454,0.86464
2026-06-16 18:15:00+00:00,0.86465,0.86474,0.86457,0.8646
2026-06-16 18:30:00+00:00,0.86464,0.86467,0.86448,0.86462
2026-06-16 18:45:00+00:00,0.8646,0.86471,0.86452,0.86468
2026-06-16 19:00:00+00:00,0.86467,0.86469,0.86448,0.86456
2026-06-16 19:15:00+00:00,0.8646,0.86465,0.86454,0.86462
2026-06-16 19:30:00+00:00,0.8646,0.86462,0.86443,0.86449
2026-06-16 19:45:00+00:00,0.86451,0.86474,0.86447,0.86473
2026-06-16 20:00:00+00:00,0.86471,0.86484,0.8647,0.86475
2026-06-16 20:15:00+00:00,0.86477,0.8648,0.86463,0.86464
2026-06-16 20:30:00+00:00,0.86465,0.86476,0.86461,0.86472
2026-06-16 20:45:00+00:00,0.8647,0.86475,0.86455,0.86457
2026-06-16 21:00:00+00:00,0.86459,0.86485,0.86407,0.86482
2026-06-16 21:15:00+00:00,0.86478,0.86494,0.8645,0.86468
2026-06-16 21:30:00+00:00,0.86483,0.86488,0.86453,0.86468
2026-06-16 21:45:00+00:00,0.86466,0.86502,0.86452,0.86479
2026-06-16 22:00:00+00:00,0.86481,0.86481,0.86441,0.86463
2026-06-16 22:15:00+00:00,0.86466,0.86476,0.86463,0.86475
2026-06-16 22:30:00+00:00,0.86473,0.86486,0.86469,0.86486
2026-06-16 22:45:00+00:00,0.86483,0.86488,0.86476,0.86482
2026-06-16 23:00:00+00:00,0.8648,0.86487,0.86471,0.8648
2026-06-16 23:15:00+00:00,0.86479,0.86484,0.86468,0.86481
2026-06-16 23:30:00+00:00,0.86479,0.86485,0.86472,0.8648
2026-06-16 23:45:00+00:00,0.86479,0.86487,0.86467,0.86475
2026-06-17 00:00:00+00:00,0.86478,0.8649,0.8647,0.86473
2026-06-17 00:15:00+00:00,0.86475,0.8649,0.86471,0.86488
2026-06-17 00:30:00+00:00,0.86486,0.86488,0.86475,0.8648
2026-06-17 00:45:00+00:00,0.8648,0.86488,0.8647,0.86487
2026-06-17 01:00:00+00:00,0.86483,0.86487,0.86464,0.86475
2026-06-17 01:15:00+00:00,0.86473,0.86479,0.86463,0.86465
2026-06-17 01:30:00+00:00,0.86466,0.86477,0.86457,0.86475
2026-06-17 01:45:00+00:00,0.86473,0.86483,0.86459,0.86483
2026-06-17 02:00:00+00:00,0.8648,0.86499,0.86478,0.86492
2026-06-17 02:15:00+00:00,0.8649,0.86491,0.86471,0.86472
2026-06-17 02:30:00+00:00,0.86475,0.86481,0.86464,0.86477
2026-06-17 02:45:00+00:00,0.86477,0.86477,0.86461,0.86477
2026-06-17 03:00:00+00:00,0.86474,0.86479,0.86461,0.86474
2026-06-17 03:15:00+00:00,0.86471,0.8648,0.86468,0.86472
2026-06-17 03:30:00+00:00,0.86473,0.8648,0.86465,0.86467
2026-06-17 03:45:00+00:00,0.8647,0.86476,0.86464,0.86471
2026-06-17 04:00:00+00:00,0.86469,0.86473,0.86459,0.86467
2026-06-17 04:15:00+00:00,0.86466,0.8647,0.86454,0.86464
2026-06-17 04:30:00+00:00,0.86462,0.86465,0.86454,0.86459
2026-06-17 04:45:00+00:00,0.86461,0.86464,0.86449,0.86461
2026-06-17 05:00:00+00:00,0.86458,0.86464,0.86447,0.8646
2026-06-17 05:15:00+00:00,0.86458,0.86476,0.86448,0.86466
2026-06-17 05:30:00+00:00,0.86467,0.86484,0.86457,0.86479
2026-06-17 05:45:00+00:00,0.86479,0.86483,0.86455,0.86474
2026-06-17 06:00:00+00:00,0.86469,0.86528,0.86468,0.86525
2026-06-17 06:15:00+00:00,0.86518,0.86525,0.86491,0.86512
2026-06-17 06:30:00+00:00,0.86511,0.86543,0.86503,0.86529
2026-06-17 06:45:00+00:00,0.86531,0.86546,0.86518,0.86542
2026-06-17 07:00:00+00:00,0.8654,0.8656,0.86526,0.86558
2026-06-17 07:15:00+00:00,0.86556,0.86562,0.86523,0.86531
2026-06-17 07:30:00+00:00,0.8653,0.86534,0.86514,0.86515
2026-06-17 07:45:00+00:00,0.86516,0.86516,0.86489,0.86497
2026-06-17 08:00:00+00:00,0.86495,0.86518,0.86472,0.86512
2026-06-17 08:15:00+00:00,0.86499,0.86516,0.86481,0.86503
2026-06-17 08:30:00+00:00,0.865,0.86507,0.86486,0.86502
2026-06-17 08:45:00+00:00,0.86502,0.86503,0.86473,0.86475
2026-06-17 09:00:00+00:00,0.86478,0.86488,0.86461,0.8648
2026-06-17 09:15:00+00:00,0.86476,0.86515,0.86475,0.86492
2026-06-17 09:30:00+00:00,0.8649,0.86496,0.86474,0.86476
2026-06-17 09:45:00+00:00,0.86481,0.86497,0.86474,0.86488
2026-06-17 10:00:00+00:00,0.86485,0.86493,0.86475,0.86487
2026-06-17 10:15:00+00:00,0.86485,0.86489,0.86464,0.8647
2026-06-17 10:30:00+00:00,0.86468,0.86484,0.86459,0.86469
2026-06-17 10:45:00+00:00,0.86469,0.86483,0.86449,0.86479
2026-06-17 11:00:00+00:00,0.86476,0.86476,0.8644,0.86449
2026-06-17 11:15:00+00:00,0.86452,0.86476,0.86443,0.86465
2026-06-17 11:30:00+00:00,0.86463,0.86479,0.86439,0.86453
2026-06-17 11:45:00+00:00,0.86455,0.86481,0.86446,0.86477
2026-06-17 12:00:00+00:00,0.86472,0.86481,0.86455,0.86464
2026-06-17 12:15:00+00:00,0.86462,0.86491,0.86457,0.86487
2026-06-17 12:30:00+00:00,0.86485,0.86494,0.86462,0.86477
2026-06-17 12:45:00+00:00,0.86476,0.86488,0.86468,0.86485
2026-06-17 13:00:00+00:00,0.86482,0.86486,0.86459,0.86475
2026-06-17 13:15:00+00:00,0.86474,0.86481,0.86459,0.86471
2026-06-17 13:30:00+00:00,0.8647,0.86488,0.86459,0.86484
2026-06-17 13:45:00+00:00,0.8648,0.86513,0.86472,0.86503
2026-06-17 14:00:00+00:00,0.86505,0.86516,0.86484,0.86497
2026-06-17 14:15:00+00:00,0.865,0.8651,0.86476,0.86509
2026-06-17 14:30:00+00:00,0.86506,0.86528,0.86486,0.86496
2026-06-17 14:45:00+00:00,0.86502,0.8654,0.86467,0.86538
2026-06-17 15:00:00+00:00,0.86535,0.86569,0.8652,0.86541
2026-06-17 15:15:00+00:00,0.86545,0.86556,0.86526,0.86554
2026-06-17 15:30:00+00:00,0.86551,0.86552,0.86525,0.86536
2026-06-17 15:45:00+00:00,0.86534,0.86553,0.86522,0.86538
2026-06-17 16:00:00+00:00,0.86539,0.86557,0.86528,0.86555
2026-06-17 16:15:00+00:00,0.86551,0.86559,0.86535,0.86552
2026-06-17 16:30:00+00:00,0.86549,0.86555,0.86531,0.86533
2026-06-17 16:45:00+00:00,0.86534,0.86538,0.86514,0.86536
2026-06-17 17:00:00+00:00,0.86534,0.86535,0.86503,0.86508
2026-06-17 17:15:00+00:00,0.86511,0.86532,0.86508,0.86526
2026-06-17 17:30:00+00:00,0.86526,0.86549,0.86518,0.86548
2026-06-17 17:45:00+00:00,0.86546,0.86546,0.86511,0.86522
2026-06-17 18:00:00+00:00,0.86519,0.86645,0.8625,0.86481
2026-06-17 18:15:00+00:00,0.86475,0.86504,0.8645,0.86485
2026-06-17 18:30:00+00:00,0.86484,0.86553,0.86423,0.8648
2026-06-17 18:45:00+00:00,0.86482,0.86529,0.86456,0.86472
2026-06-17 19:00:00+00:00,0.86493,0.86624,0.86425,0.86609
2026-06-17 19:15:00+00:00,0.86581,0.8661,0.86527,0.86573
2026-06-17 19:30:00+00:00,0.86561,0.86586,0.86498,0.86562
2026-06-17 19:45:00+00:00,0.86549,0.86583,0.8651,0.86534
2026-06-17 20:00:00+00:00,0.86531,0.86535,0.8648,0.86528
2026-06-17 20:15:00+00:00,0.86527,0.86542,0.86483,0.86514
2026-06-17 20:30:00+00:00,0.8651,0.86528,0.86471,0.86515
2026-06-17 20:45:00+00:00,0.86517,0.86522,0.86473,0.86513
2026-06-17 21:00:00+00:00,0.86506,0.86591,0.86445,0.86535
2026-06-17 21:15:00+00:00,0.86532,0.86547,0.86471,0.86511
2026-06-17 21:30:00+00:00,0.86509,0.86552,0.86475,0.86552
2026-06-17 21:45:00+00:00,0.86549,0.86581,0.86477,0.86575
2026-06-17 22:00:00+00:00,0.86563,0.86564,0.86498,0.86504
2026-06-17 22:15:00+00:00,0.86517,0.86554,0.86512,0.86536
2026-06-17 22:30:00+00:00,0.86533,0.8654,0.86526,0.86535
2026-06-17 22:45:00+00:00,0.86534,0.86535,0.86513,0.86531
2026-06-17 23:00:00+00:00,0.86529,0.86537,0.86482,0.86526
2026-06-17 23:15:00+00:00,0.86522,0.86528,0.86505,0.86517
2026-06-17 23:30:00+00:00,0.86515,0.86529,0.86504,0.86526
2026-06-17 23:45:00+00:00,0.86522,0.86524,0.86502,0.86521
2026-06-18 00:00:00+00:00,0.86519,0.86537,0.8648,0.86487
2026-06-18 00:15:00+00:00,0.86493,0.86506,0.86485,0.86497
2026-06-18 00:30:00+00:00,0.86497,0.86511,0.86485,0.86494
2026-06-18 00:45:00+00:00,0.865,0.86549,0.86486,0.86548
2026-06-18 01:00:00+00:00,0.86546,0.86549,0.86523,0.86539
2026-06-18 01:15:00+00:00,0.86535,0.86538,0.86512,0.86516
2026-06-18 01:30:00+00:00,0.86517,0.86521,0.86504,0.86514
2026-06-18 01:45:00+00:00,0.86515,0.86532,0.86504,0.86527
2026-06-18 02:00:00+00:00,0.86524,0.86531,0.86511,0.86514
2026-06-18 02:15:00+00:00,0.86516,0.86526,0.8651,0.86519
2026-06-18 02:30:00+00:00,0.8652,0.86528,0.86512,0.86523
2026-06-18 02:45:00+00:00,0.86521,0.86525,0.86508,0.86524
2026-06-18 03:00:00+00:00,0.86523,0.86525,0.86508,0.8652
2026-06-18 03:15:00+00:00,0.86518,0.86535,0.8651,0.86534
2026-06-18 03:30:00+00:00,0.86531,0.86537,0.86523,0.86534
2026-06-18 03:45:00+00:00,0.86531,0.86535,0.8652,0.86532
2026-06-18 04:00:00+00:00,0.86529,0.8654,0.8652,0.86538
2026-06-18 04:15:00+00:00,0.86536,0.86549,0.86531,0.86544
2026-06-18 04:30:00+00:00,0.86544,0.86555,0.86536,0.8654
2026-06-18 04:45:00+00:00,0.86547,0.86554,0.8654,0.86551
2026-06-18 05:00:00+00:00,0.86549,0.8656,0.86544,0.86557
2026-06-18 05:15:00+00:00,0.86555,0.86555,0.86532,0.86548
2026-06-18 05:30:00+00:00,0.86544,0.86556,0.86538,0.86544
2026-06-18 05:45:00+00:00,0.86543,0.86554,0.86529,0.86541
2026-06-18 06:00:00+00:00,0.8654,0.86562,0.86502,0.8654
2026-06-18 06:15:00+00:00,0.8653,0.86547,0.86506,0.86528
2026-06-18 06:30:00+00:00,0.86523,0.86535,0.86486,0.86499
2026-06-18 06:45:00+00:00,0.86502,0.86535,0.86484,0.86531
2026-06-18 07:00:00+00:00,0.8653,0.86572,0.86511,0.86556
2026-06-18 07:15:00+00:00,0.86554,0.86582,0.86527,0.86572
2026-06-18 07:30:00+00:00,0.86565,0.86614,0.86564,0.86592
2026-06-18 07:45:00+00:00,0.86599,0.86611,0.86563,0.86586
2026-06-18 08:00:00+00:00,0.86583,0.86628,0.86573,0.86625
2026-06-18 08:15:00+00:00,0.86617,0.86644,0.86605,0.86638
2026-06-18 08:30:00+00:00,0.86636,0.86661,0.86591,0.86658
2026-06-18 08:45:00+00:00,0.86653,0.86724,0.86644,0.86703
2026-06-18 09:00:00+00:00,0.86707,0.8671,0.8665,0.86698
2026-06-18 09:15:00+00:00,0.86691,0.86713,0.86651,0.86693
2026-06-18 09:30:00+00:00,0.86687,0.86738,0.86672,0.86699
2026-06-18 09:45:00+00:00,0.86692,0.86696,0.86658,0.86683
2026-06-18 10:00:00+00:00,0.86681,0.86713,0.86657,0.86667
2026-06-18 10:15:00+00:00,0.86665,0.86698,0.86629,0.86659
2026-06-18 10:30:00+00:00,0.86648,0.8667,0.86628,0.86644
2026-06-18 10:45:00+00:00,0.86642,0.86667,0.86624,0.86637
2026-06-18 11:00:00+00:00,0.86645,0.86744,0.86638,0.86722
2026-06-18 11:15:00+00:00,0.86716,0.86727,0.86681,0.86724
2026-06-18 11:30:00+00:00,0.86718,0.86745,0.86681,0.8671
2026-06-18 11:45:00+00:00,0.86714,0.86762,0.8671,0.86739
2026-06-18 12:00:00+00:00,0.86739,0.86753,0.86634,0.86666
2026-06-18 12:15:00+00:00,0.8666,0.86697,0.86609,0.86616
2026-06-18 12:30:00+00:00,0.86626,0.86655,0.86599,0.86652
2026-06-18 12:45:00+00:00,0.86644,0.86679,0.86632,0.8665
2026-06-18 13:00:00+00:00,0.86661,0.86699,0.86656,0.86682
2026-06-18 13:15:00+00:00,0.86684,0.86696,0.86647,0.86679
2026-06-18 13:30:00+00:00,0.86669,0.86684,0.8664,0.86654
2026-06-18 13:45:00+00:00,0.86666,0.86673,0.86624,0.86662
2026-06-18 14:00:00+00:00,0.86659,0.86681,0.8663,0.86679
2026-06-18 14:15:00+00:00,0.86674,0.86679,0.86644,0.8665
2026-06-18 14:30:00+00:00,0.86658,0.86677,0.8663,0.86661
2026-06-18 14:45:00+00:00,0.86665,0.86697,0.86641,0.8667
2026-06-18 15:00:00+00:00,0.86677,0.86714,0.86657,0.867
2026-06-18 15:15:00+00:00,0.86707,0.86729,0.86691,0.86719
2026-06-18 15:30:00+00:00,0.86715,0.86736,0.86692,0.86731
2026-06-18 15:45:00+00:00,0.86726,0.86736,0.86692,0.86706
2026-06-18 16:00:00+00:00,0.86714,0.8676,0.86697,0.86746
2026-06-18 16:15:00+00:00,0.86754,0.8679,0.86738,0.86769
2026-06-18 16:30:00+00:00,0.86768,0.8677,0.86723,0.86744
2026-06-18 16:45:00+00:00,0.86741,0.86746,0.86702,0.86731
2026-06-18 17:00:00+00:00,0.86726,0.8674,0.86709,0.86733
2026-06-18 17:15:00+00:00,0.8673,0.86737,0.86715,0.86728
2026-06-18 17:30:00+00:00,0.86732,0.86753,0.8672,0.86747
2026-06-18 17:45:00+00:00,0.86745,0.86776,0.86725,0.86772
2026-06-18 18:00:00+00:00,0.86772,0.86803,0.86759,0.86782
2026-06-18 18:15:00+00:00,0.86783,0.86795,0.86773,0.86794
2026-06-18 18:30:00+00:00,0.8679,0.86798,0.86782,0.86791
2026-06-18 18:45:00+00:00,0.8679,0.86795,0.86767,0.86791
2026-06-18 19:00:00+00:00,0.86783,0.8682,0.86773,0.86811
2026-06-18 19:15:00+00:00,0.86806,0.86812,0.86773,0.86793
2026-06-18 19:30:00+00:00,0.86794,0.86805,0.86773,0.86787
2026-06-18 19:45:00+00:00,0.8679,0.86805,0.86775,0.86799
2026-06-18 20:00:00+00:00,0.86797,0.86807,0.86781,0.86799
2026-06-18 20:15:00+00:00,0.86796,0.8681,0.86784,0.86809
2026-06-18 20:30:00+00:00,0.86806,0.86811,0.86776,0.86789
2026-06-18 20:45:00+00:00,0.86787,0.86787,0.86765,0.86767
2026-06-18 21:00:00+00:00,0.86769,0.86811,0.86703,0.86773
2026-06-18 21:15:00+00:00,0.86765,0.86814,0.86752,0.86808
2026-06-18 21:30:00+00:00,0.868,0.86817,0.86731,0.86787
2026-06-18 21:45:00+00:00,0.86785,0.8682,0.86742,0.86752
2026-06-18 22:00:00+00:00,0.86767,0.86808,0.86754,0.86799
2026-06-18 22:15:00+00:00,0.86802,0.86809,0.86782,0.86787
2026-06-18 22:30:00+00:00,0.86789,0.86794,0.86781,0.86789
2026-06-18 22:45:00+00:00,0.86788,0.86807,0.86786,0.86806
2026-06-18 23:00:00+00:00,0.86801,0.86812,0.8678,0.86798
2026-06-18 23:15:00+00:00,0.86796,0.86807,0.86786,0.86795
2026-06-18 23:30:00+00:00,0.86799,0.86806,0.86782,0.86785
2026-06-18 23:45:00+00:00,0.86789,0.86799,0.8678,0.86795
2026-06-19 00:00:00+00:00,0.86793,0.86812,0.86785,0.86788
2026-06-19 00:15:00+00:00,0.86793,0.86809,0.86787,0.86789
2026-06-19 00:30:00+00:00,0.86794,0.86811,0.86778,0.86785
2026-06-19 00:45:00+00:00,0.86787,0.86788,0.86767,0.86778
2026-06-19 01:00:00+00:00,0.86776,0.86785,0.86763,0.86784
2026-06-19 01:15:00+00:00,0.86782,0.86801,0.86774,0.86792
2026-06-19 01:30:00+00:00,0.86793,0.86798,0.86777,0.86795
2026-06-19 01:45:00+00:00,0.86793,0.86804,0.86785,0.86801
2026-06-19 02:00:00+00:00,0.86797,0.86805,0.86786,0.86792
2026-06-19 02:15:00+00:00,0.86791,0.86802,0.86766,0.8677
2026-06-19 02:30:00+00:00,0.86773,0.86777,0.86759,0.86772
2026-06-19 02:45:00+00:00,0.86772,0.86781,0.86762,0.86771
2026-06-19 03:00:00+00:00,0.86769,0.8679,0.86761,0.86788
2026-06-19 03:15:00+00:00,0.86783,0.86797,0.86755,0.86775
2026-06-19 03:30:00+00:00,0.86784,0.86792,0.86765,0.86769
2026-06-19 03:45:00+00:00,0.86772,0.86778,0.86758,0.86773
2026-06-19 04:00:00+00:00,0.86771,0.8678,0.86759,0.86774
2026-06-19 04:15:00+00:00,0.86773,0.86773,0.8674,0.86757
2026-06-19 04:30:00+00:00,0.86754,0.86799,0.86754,0.86788
2026-06-19 04:45:00+00:00,0.8679,0.86812,0.86766,0.86784
2026-06-19 05:00:00+00:00,0.86781,0.86783,0.86747,0.86771
2026-06-19 05:15:00+00:00,0.86768,0.86772,0.86726,0.86735
2026-06-19 05:30:00+00:00,0.86741,0.86763,0.86671,0.86673
2026-06-19 05:45:00+00:00,0.86677,0.86678,0.86615,0.86633
2026-06-19 06:00:00+00:00,0.86633,0.86684,0.86631,0.86636
2026-06-19 06:15:00+00:00,0.86645,0.86678,0.86619,0.86677
2026-06-19 06:30:00+00:00,0.86673,0.86716,0.86636,0.86679
2026-06-19 06:45:00+00:00,0.86685,0.86715,0.86675,0.86696
2026-06-19 07:00:00+00:00,0.86699,0.86711,0.86654,0.86691
2026-06-19 07:15:00+00:00,0.86687,0.86761,0.86682,0.86757
2026-06-19 07:30:00+00:00,0.86754,0.86754,0.867,0.86722
2026-06-19 07:45:00+00:00,0.86718,0.86752,0.86708,0.8675
2026-06-19 08:00:00+00:00,0.86749,0.86777,0.86731,0.86736
2026-06-19 08:15:00+00:00,0.86744,0.86745,0.86666,0.86674
2026-06-19 08:30:00+00:00,0.86678,0.86684,0.86631,0.86654
2026-06-19 08:45:00+00:00,0.86652,0.86671,0.86629,0.86633
2026-06-19 09:00:00+00:00,0.86634,0.86641,0.86597,0.86622
2026-06-19 09:15:00+00:00,0.86623,0.86638,0.86585,0.86624
2026-06-19 09:30:00+00:00,0.86623,0.86632,0.86588,0.866
2026-06-19 09:45:00+00:00,0.866,0.86606,0.8657,0.86598
2026-06-19 10:00:00+00:00,0.86594,0.86618,0.86579,0.86614
2026-06-19 10:15:00+00:00,0.86612,0.86628,0.86595,0.86621
2026-06-19 10:30:00+00:00,0.8662,0.86639,0.8661,0.86638
2026-06-19 10:45:00+00:00,0.86635,0.8665,0.86617,0.86618
2026-06-19 11:00:00+00:00,0.8662,0.86635,0.86589,0.86623
2026-06-19 11:15:00+00:00,0.86621,0.8663,0.86606,0.8661
2026-06-19 11:30:00+00:00,0.86615,0.86656,0.86604,0.86645
2026-06-19 11:45:00+00:00,0.86641,0.86655,0.86621,0.86638
2026-06-19 12:00:00+00:00,0.86634,0.86662,0.86633,0.86647
2026-06-19 12:15:00+00:00,0.86654,0.8668,0.86651,0.86678
2026-06-19 12:30:00+00:00,0.86671,0.86687,0.86661,0.86672
2026-06-19 12:45:00+00:00,0.86671,0.86714,0.86637,0.86665
2026-06-19 13:00:00+00:00,0.8666,0.86682,0.86642,0.86657
2026-06-19 13:15:00+00:00,0.86654,0.86699,0.86637,0.86673
2026-06-19 13:30:00+00:00,0.86682,0.86712,0.86669,0.8671
2026-06-19 13:45:00+00:00,0.86708,0.86722,0.86684,0.86701
2026-06-19 14:00:00+00:00,0.86698,0.86743,0.86687,0.86722
2026-06-19 14:15:00+00:00,0.86725,0.86725,0.8668,0.8669
2026-06-19 14:30:00+00:00,0.86687,0.86699,0.86654,0.86659
2026-06-19 14:45:00+00:00,0.8667,0.86753,0.8663,0.86666
2026-06-19 15:00:00+00:00,0.86678,0.86752,0.86667,0.8673
2026-06-19 15:15:00+00:00,0.86734,0.86735,0.86697,0.86708
2026-06-19 15:30:00+00:00,0.86707,0.86733,0.86685,0.86721
2026-06-19 15:45:00+00:00,0.86719,0.86719,0.86694,0.86707
2026-06-19 16:00:00+00:00,0.86709,0.86738,0.86709,0.86711
2026-06-19 16:15:00+00:00,0.86715,0.86721,0.86693,0.86714
2026-06-19 16:30:00+00:00,0.86713,0.86713,0.86686,0.86703
2026-06-19 16:45:00+00:00,0.86699,0.86709,0.86692,0.86698
2026-06-19 17:00:00+00:00,0.86699,0.86712,0.86684,0.86689
2026-06-19 17:15:00+00:00,0.86692,0.86696,0.86673,0.86688
2026-06-19 17:30:00+00:00,0.86687,0.867,0.86668,0.86699
2026-06-19 17:45:00+00:00,0.86696,0.86725,0.86676,0.86724
2026-06-19 18:00:00+00:00,0.86721,0.86729,0.86702,0.86706
2026-06-19 18:15:00+00:00,0.86711,0.86728,0.8671,0.86718
2026-06-19 18:30:00+00:00,0.86722,0.86732,0.86713,0.86731
2026-06-19 18:45:00+00:00,0.86727,0.86746,0.86716,0.86726
2026-06-19 19:00:00+00:00,0.8673,0.86743,0.86718,0.86719
2026-06-19 19:15:00+00:00,0.86721,0.86751,0.86712,0.86724
2026-06-19 19:30:00+00:00,0.86721,0.86739,0.86719,0.86737
2026-06-19 19:45:00+00:00,0.86734,0.8675,0.86704,0.86745
2026-06-19 20:00:00+00:00,0.86738,0.86741,0.86701,0.8671
2026-06-19 20:15:00+00:00,0.86709,0.8672,0.86694,0.86712
2026-06-19 20:30:00+00:00,0.86708,0.8673,0.86702,0.86715
2026-06-19 20:45:00+00:00,0.86716,0.86768,0.86664,0.86673
2026-06-19 21:00:00+00:00,0.8669,0.86753,0.86649,0.8671
2026-06-19 21:15:00+00:00,0.86712,0.86754,0.86707,0.8674
2026-06-19 21:30:00+00:00,0.86717,0.86756,0.86707,0.86745
2026-06-19 21:45:00+00:00,0.86723,0.86757,0.86711,0.86742
2026-06-19 22:00:00+00:00,0.86721,0.86755,0.86708,0.86743
2026-06-19 22:15:00+00:00,0.86721,0.86756,0.86706,0.8674
2026-06-19 22:30:00+00:00,0.8672,0.86756,0.86704,0.86744
2026-06-19 22:45:00+00:00,0.86721,0.86754,0.86717,0.86738
2026-06-19 23:00:00+00:00,0.86719,0.86775,0.86716,0.8672
2026-06-19 23:15:00+00:00,0.8672,0.86755,0.86716,0.86719
2026-06-19 23:30:00+00:00,0.86719,0.86756,0.86717,0.86719
2026-06-19 23:45:00+00:00,0.86718,0.86753,0.86718,0.8674
2026-06-20 00:00:00+00:00,0.8672,0.86751,0.86713,0.86722
2026-06-20 00:15:00+00:00,0.86721,0.86737,0.86718,0.86721
2026-06-20 00:30:00+00:00,0.86722,0.86725,0.86719,0.86722
2026-06-20 00:45:00+00:00,0.86721,0.86759,0.86715,0.86723
2026-06-20 01:00:00+00:00,0.86721,0.86738,0.867,0.8672
2026-06-20 01:15:00+00:00,0.86718,0.86749,0.86717,0.8672
2026-06-20 01:30:00+00:00,0.86721,0.86752,0.86715,0.86722
2026-06-20 01:45:00+00:00,0.8672,0.86725,0.86719,0.86722
2026-06-20 02:00:00+00:00,0.86721,0.86757,0.86718,0.86722
2026-06-20 02:15:00+00:00,0.86721,0.86724,0.86718,0.86719
2026-06-20 02:30:00+00:00,0.86721,0.86751,0.86716,0.8672
2026-06-20 02:45:00+00:00,0.8672,0.86744,0.86718,0.86723
2026-06-20 03:00:00+00:00,0.86721,0.86731,0.86701,0.8672
2026-06-20 03:15:00+00:00,0.86718,0.86751,0.86715,0.86719
2026-06-20 03:30:00+00:00,0.8672,0.86725,0.86719,0.8672
2026-06-20 03:45:00+00:00,0.8672,0.86762,0.86717,0.86722
2026-06-20 04:00:00+00:00,0.8672,0.86751,0.86718,0.86723
2026-06-20 04:15:00+00:00,0.86722,0.86725,0.86717,0.86722
2026-06-20 04:30:00+00:00,0.86722,0.86747,0.86717,0.8672
2026-06-20 04:45:00+00:00,0.8672,0.86725,0.86718,0.86721
2026-06-20 05:00:00+00:00,0.8672,0.8675,0.86715,0.86723
2026-06-20 05:15:00+00:00,0.86721,0.86741,0.86718,0.86723
2026-06-20 05:30:00+00:00,0.86722,0.86726,0.86719,0.8672
2026-06-20 05:45:00+00:00,0.8672,0.86748,0.86718,0.86721
2026-06-20 06:00:00+00:00,0.86721,0.86726,0.86719,0.86724
2026-06-20 06:15:00+00:00,0.86722,0.86742,0.86717,0.86722
2026-06-20 06:30:00+00:00,0.86721,0.86742,0.86692,0.86721
2026-06-20 06:45:00+00:00,0.86719,0.86724,0.86718,0.86719
2026-06-20 07:00:00+00:00,0.8672,0.86752,0.86717,0.86723
2026-06-20 07:15:00+00:00,0.86721,0.86725,0.86719,0.86723
2026-06-20 07:30:00+00:00,0.86721,0.86748,0.86719,0.86723
2026-06-20 07:45:00+00:00,0.86721,0.8675,0.86713,0.86719
2026-06-20 08:00:00+00:00,0.86724,0.86724,0.86718,0.86723
2026-06-20 08:15:00+00:00,0.86721,0.86756,0.86717,0.86722
2026-06-20 08:30:00+00:00,0.8672,0.86724,0.86718,0.8672
2026-06-20 08:45:00+00:00,0.8672,0.86763,0.86718,0.86718
2026-06-20 09:00:00+00:00,0.86719,0.8676,0.86719,0.86721
2026-06-20 09:15:00+00:00,0.86723,0.86729,0.86698,0.8672
2026-06-20 09:30:00+00:00,0.86718,0.86759,0.86714,0.86721
2026-06-20 09:45:00+00:00,0.86721,0.86725,0.86719,0.86719
2026-06-20 10:00:00+00:00,0.8672,0.86736,0.86696,0.86719
2026-06-20 10:15:00+00:00,0.86716,0.86751,0.86716,0.86722
2026-06-20 10:30:00+00:00,0.86723,0.86725,0.86719,0.86721
2026-06-20 10:45:00+00:00,0.86721,0.86762,0.86694,0.8672
2026-06-20 11:00:00+00:00,0.86717,0.86724,0.86717,0.86722
2026-06-20 11:15:00+00:00,0.86721,0.86749,0.86715,0.86722
2026-06-20 11:30:00+00:00,0.8672,0.8676,0.86717,0.86723
2026-06-20 11:45:00+00:00,0.86722,0.86725,0.8672,0.86721
2026-06-20 12:00:00+00:00,0.86722,0.86766,0.86717,0.86727
2026-06-20 12:15:00+00:00,0.86725,0.86727,0.86721,0.86724
2026-06-20 12:30:00+00:00,0.86722,0.86765,0.86721,0.86723
2026-06-20 12:45:00+00:00,0.86722,0.86752,0.86721,0.8673
2026-06-20 13:00:00+00:00,0.86728,0.86732,0.86726,0.86728
2026-06-20 13:15:00+00:00,0.86728,0.86758,0.86723,0.86726
2026-06-20 13:30:00+00:00,0.86724,0.86736,0.86699,0.86705
2026-06-20 13:45:00+00:00,0.86703,0.86752,0.86698,0.86719
2026-06-20 14:00:00+00:00,0.86719,0.8676,0.86718,0.86729
2026-06-20 14:15:00+00:00,0.86727,0.86727,0.86694,0.86708
2026-06-20 14:30:00+00:00,0.86707,0.86761,0.86705,0.8672
2026-06-20 14:45:00+00:00,0.86718,0.86722,0.86717,0.86718
2026-06-20 15:00:00+00:00,0.86718,0.86762,0.86692,0.86701
2026-06-20 15:15:00+00:00,0.86701,0.86761,0.867,0.86716
2026-06-20 15:30:00+00:00,0.86712,0.8672,0.86712,0.86718
2026-06-20 15:45:00+00:00,0.86716,0.86762,0.86689,0.86701
2026-06-20 16:00:00+00:00,0.86699,0.86729,0.86697,0.86721
2026-06-20 16:15:00+00:00,0.86721,0.86763,0.8672,0.86723
2026-06-20 16:30:00+00:00,0.86721,0.86765,0.8669,0.86747
2026-06-20 16:45:00+00:00,0.8671,0.8674,0.8671,0.86721
2026-06-20 17:00:00+00:00,0.86721,0.8673,0.8672,0.86725
2026-06-20 17:15:00+00:00,0.86725,0.86729,0.86722,0.86725
2026-06-20 17:30:00+00:00,0.86723,0.86732,0.86718,0.86728
2026-06-20 17:45:00+00:00,0.86726,0.86728,0.86721,0.86726
2026-06-20 18:00:00+00:00,0.86722,0.86732,0.86722,0.86725
2026-06-20 18:15:00+00:00,0.86725,0.86761,0.86719,0.86722
2026-06-20 18:30:00+00:00,0.86722,0.86739,0.86683,0.86696
2026-06-20 18:45:00+00:00,0.86694,0.86764,0.86681,0.86714
2026-06-20 19:00:00+00:00,0.86713,0.86765,0.86708,0.86715
2026-06-20 19:15:00+00:00,0.86717,0.86729,0.86717,0.86723
2026-06-20 19:30:00+00:00,0.86723,0.86764,0.86722,0.86732
2026-06-20 19:45:00+00:00,0.8673,0.86734,0.86729,0.86731
2026-06-20 20:00:00+00:00,0.8673,0.86759,0.86725,0.86725
2026-06-20 20:15:00+00:00,0.86726,0.86761,0.86716,0.86723
2026-06-20 20:30:00+00:00,0.86724,0.86734,0.86724,0.86731
2026-06-20 20:45:00+00:00,0.8673,0.86761,0.86728,0.86737
2026-06-20 21:00:00+00:00,0.86735,0.8674,0.86735,0.86736
2026-06-20 21:15:00+00:00,0.86736,0.86761,0.86735,0.8674
2026-06-20 21:30:00+00:00,0.86741,0.86756,0.86732,0.8675
2026-06-20 21:45:00+00:00,0.86737,0.86757,0.86728,0.86731
2026-06-20 22:00:00+00:00,0.86729,0.86759,0.86714,0.86724
2026-06-20 22:15:00+00:00,0.86724,0.86727,0.8672,0.86721
2026-06-20 22:30:00+00:00,0.86721,0.86766,0.8672,0.86723
2026-06-20 22:45:00+00:00,0.86722,0.86762,0.8671,0.86748
2026-06-20 23:00:00+00:00,0.8672,0.86762,0.86714,0.86722
2026-06-20 23:15:00+00:00,0.86721,0.86765,0.86717,0.86721
2026-06-20 23:30:00+00:00,0.86722,0.86725,0.8672,0.86723
2026-06-20 23:45:00+00:00,0.86721,0.86764,0.8672,0.86728
2026-06-21 00:00:00+00:00,0.86726,0.8673,0.86722,0.86724
2026-06-21 00:15:00+00:00,0.86723,0.86763,0.86722,0.8673
2026-06-21 00:30:00+00:00,0.8673,0.86761,0.86719,0.86727
2026-06-21 00:45:00+00:00,0.86728,0.86732,0.86725,0.86728
2026-06-21 01:00:00+00:00,0.86726,0.8676,0.8672,0.86724
2026-06-21 01:15:00+00:00,0.86723,0.86726,0.86721,0.86721
2026-06-21 01:30:00+00:00,0.86722,0.86762,0.86719,0.86722
2026-06-21 01:45:00+00:00,0.86722,0.86755,0.86717,0.86731
2026-06-21 02:00:00+00:00,0.86729,0.86733,0.86728,0.86731
2026-06-21 02:15:00+00:00,0.86729,0.86755,0.86725,0.86734
2026-06-21 02:30:00+00:00,0.86735,0.86739,0.86712,0.8672
2026-06-21 02:45:00+00:00,0.86721,0.86758,0.8672,0.86723
2026-06-21 03:00:00+00:00,0.86721,0.86759,0.86712,0.86725
2026-06-21 03:15:00+00:00,0.86723,0.86727,0.86722,0.86723
2026-06-21 03:30:00+00:00,0.86723,0.86759,0.86722,0.86729
2026-06-21 03:45:00+00:00,0.8673,0.86737,0.8672,0.86725
2026-06-21 04:00:00+00:00,0.86723,0.86751,0.86722,0.86732
2026-06-21 04:15:00+00:00,0.8673,0.86749,0.86724,0.86726
2026-06-21 04:30:00+00:00,0.86725,0.86729,0.86724,0.86725
2026-06-21 04:45:00+00:00,0.86725,0.86753,0.86722,0.86734
2026-06-21 05:00:00+00:00,0.86732,0.86736,0.8673,0.86734
2026-06-21 05:15:00+00:00,0.86732,0.86754,0.86731,0.86738
2026-06-21 05:30:00+00:00,0.86737,0.86755,0.86736,0.8674
2026-06-21 05:45:00+00:00,0.86741,0.86745,0.8674,0.86741
2026-06-21 06:00:00+00:00,0.86741,0.86759,0.86713,0.86727
2026-06-21 06:15:00+00:00,0.86725,0.86729,0.86724,0.86726
2026-06-21 06:30:00+00:00,0.86725,0.86755,0.86723,0.86724
2026-06-21 06:45:00+00:00,0.86725,0.86756,0.86721,0.8673
2026-06-21 07:00:00+00:00,0.8673,0.86734,0.86729,0.86732
2026-06-21 07:15:00+00:00,0.8673,0.86753,0.86729,0.86737
2026-06-21 07:30:00+00:00,0.86736,0.8674,0.86732,0.86732
2026-06-21 07:45:00+00:00,0.86733,0.86734,0.86726,0.86728
2026-06-21 08:00:00+00:00,0.86728,0.8675,0.86717,0.8673
2026-06-21 08:15:00+00:00,0.86728,0.86732,0.86727,0.8673
2026-06-21 08:30:00+00:00,0.86728,0.86751,0.86727,0.86734
2026-06-21 08:45:00+00:00,0.86734,0.86738,0.86733,0.86734
2026-06-21 09:00:00+00:00,0.86734,0.86743,0.86733,0.8674
2026-06-21 09:15:00+00:00,0.86739,0.8675,0.86734,0.86742
2026-06-21 09:30:00+00:00,0.8674,0.86744,0.86739,0.8674
2026-06-21 09:45:00+00:00,0.8674,0.86751,0.86738,0.86743
2026-06-21 10:00:00+00:00,0.86744,0.86751,0.86734,0.86738
2026-06-21 10:15:00+00:00,0.86737,0.86749,0.86714,0.86724
2026-06-21 10:30:00+00:00,0.86722,0.86726,0.86721,0.86723
2026-06-21 10:45:00+00:00,0.86722,0.86726,0.86721,0.86722
2026-06-21 11:00:00+00:00,0.86722,0.86726,0.86721,0.86724
2026-06-21 11:15:00+00:00,0.86722,0.86726,0.86721,0.86724
2026-06-21 11:30:00+00:00,0.86722,0.86726,0.8663,0.86658
2026-06-21 11:45:00+00:00,0.86657,0.86661,0.86656,0.86656
2026-06-21 12:00:00+00:00,0.86657,0.86661,0.86656,0.86657
2026-06-21 12:15:00+00:00,0.86657,0.86661,0.86656,0.86659
2026-06-21 12:30:00+00:00,0.86657,0.86661,0.86656,0.86658
2026-06-21 12:45:00+00:00,0.86657,0.86661,0.86656,0.86656
2026-06-21 13:00:00+00:00,0.86657,0.86661,0.86656,0.86657
2026-06-21 13:15:00+00:00,0.86657,0.86713,0.86619,0.86648
2026-06-21 13:30:00+00:00,0.86646,0.86655,0.86643,0.86653
2026-06-21 13:45:00+00:00,0.86651,0.86655,0.8665,0.86651
2026-06-21 14:00:00+00:00,0.86651,0.86681,0.86638,0.86677
2026-06-21 14:15:00+00:00,0.86677,0.86681,0.86675,0.86677
2026-06-21 14:30:00+00:00,0.86676,0.8668,0.86674,0.86677
2026-06-21 14:45:00+00:00,0.86676,0.86689,0.86674,0.86685
2026-06-21 15:00:00+00:00,0.86685,0.86689,0.86615,0.86685
2026-06-21 15:15:00+00:00,0.86686,0.86689,0.86684,0.86687
2026-06-21 15:30:00+00:00,0.86686,0.86689,0.86684,0.86687
2026-06-21 15:45:00+00:00,0.86686,0.86689,0.86684,0.86686
2026-06-21 16:00:00+00:00,0.86686,0.86706,0.86684,0.867
2026-06-21 16:15:00+00:00,0.86701,0.86705,0.867,0.86703
2026-06-21 16:30:00+00:00,0.86701,0.86705,0.86625,0.86642
2026-06-21 16:45:00+00:00,0.8664,0.86644,0.86639,0.8664
2026-06-21 17:00:00+00:00,0.8664,0.86736,0.86622,0.86704
2026-06-21 17:15:00+00:00,0.86705,0.86708,0.86702,0.86704
2026-06-21 17:30:00+00:00,0.86704,0.86708,0.86702,0.86706
2026-06-21 17:45:00+00:00,0.86704,0.86706,0.86701,0.86703
2026-06-21 18:00:00+00:00,0.86702,0.86724,0.86696,0.86717
2026-06-21 18:15:00+00:00,0.86717,0.86722,0.86652,0.8671
2026-06-21 18:30:00+00:00,0.8671,0.86729,0.86679,0.86726
2026-06-21 18:45:00+00:00,0.8672,0.86766,0.86716,0.86753
2026-06-21 19:00:00+00:00,0.86725,0.8684,0.86696,0.86755
2026-06-21 19:15:00+00:00,0.8676,0.86974,0.86552,0.86801
2026-06-21 19:30:00+00:00,0.86828,0.87,0.86799,0.86822
2026-06-21 19:45:00+00:00,0.86862,0.86917,0.86801,0.86868
2026-06-21 20:00:00+00:00,0.86864,0.87021,0.86839,0.8691
2026-06-21 20:15:00+00:00,0.8689,0.86978,0.86821,0.86929
2026-06-21 20:30:00+00:00,0.86881,0.87038,0.86795,0.86847
2026-06-21 20:45:00+00:00,0.86862,0.8698,0.86785,0.86902
2026-06-21 21:00:00+00:00,0.86871,0.86983,0.8683,0.86856
2026-06-21 21:15:00+00:00,0.86859,0.86965,0.86781,0.86866
2026-06-21 21:30:00+00:00,0.86838,0.86928,0.86828,0.86869
2026-06-21 21:45:00+00:00,0.86876,0.86909,0.86844,0.86891
2026-06-21 22:00:00+00:00,0.86881,0.86885,0.86785,0.86806
2026-06-21 22:15:00+00:00,0.86806,0.86815,0.86776,0.86791
2026-06-21 22:30:00+00:00,0.86799,0.86803,0.86785,0.86799
2026-06-21 22:45:00+00:00,0.86797,0.86797,0.86779,0.86788
2026-06-21 23:00:00+00:00,0.86786,0.86803,0.86779,0.86788
2026-06-21 23:15:00+00:00,0.86794,0.86801,0.8678,0.86784
2026-06-21 23:30:00+00:00,0.86784,0.86798,0.86775,0.86793
2026-06-21 23:45:00+00:00,0.86792,0.86803,0.86781,0.86796
2026-06-22 00:00:00+00:00,0.86791,0.86815,0.86748,0.86752
2026-06-22 00:15:00+00:00,0.86758,0.86765,0.86739,0.86753
2026-06-22 00:30:00+00:00,0.86751,0.86751,0.86716,0.86732
2026-06-22 00:45:00+00:00,0.8673,0.86743,0.86711,0.86719
2026-06-22 01:00:00+00:00,0.86721,0.86747,0.86691,0.86708
2026-06-22 01:15:00+00:00,0.86706,0.86727,0.86686,0.86712
2026-06-22 01:30:00+00:00,0.86716,0.86726,0.86698,0.86713
2026-06-22 01:45:00+00:00,0.86713,0.86728,0.86705,0.86727
2026-06-22 02:00:00+00:00,0.86724,0.86725,0.86694,0.86707
2026-06-22 02:15:00+00:00,0.86705,0.8672,0.86686,0.8671
2026-06-22 02:30:00+00:00,0.86711,0.86718,0.86684,0.8669
2026-06-22 02:45:00+00:00,0.86691,0.86701,0.86688,0.86697
2026-06-22 03:00:00+00:00,0.86695,0.86709,0.86674,0.86691
2026-06-22 03:15:00+00:00,0.86688,0.86694,0.86672,0.86689
2026-06-22 03:30:00+00:00,0.86688,0.86699,0.86675,0.86696
2026-06-22 03:45:00+00:00,0.86691,0.86718,0.86683,0.86715
2026-06-22 04:00:00+00:00,0.86708,0.86729,0.86697,0.86727
2026-06-22 04:15:00+00:00,0.8672,0.86755,0.8672,0.86747
2026-06-22 04:30:00+00:00,0.86747,0.8675,0.86725,0.86735
2026-06-22 04:45:00+00:00,0.86735,0.86746,0.86712,0.86743
2026-06-22 05:00:00+00:00,0.86739,0.86744,0.86718,0.86728
2026-06-22 05:15:00+00:00,0.86724,0.86729,0.86701,0.86709
2026-06-22 05:30:00+00:00,0.86706,0.86718,0.86695,0.86706
2026-06-22 05:45:00+00:00,0.86703,0.86719,0.86692,0.86713
2026-06-22 06:00:00+00:00,0.86713,0.86736,0.86684,0.86702
2026-06-22 06:15:00+00:00,0.86697,0.86756,0.86689,0.8674
2026-06-22 06:30:00+00:00,0.86738,0.86758,0.86724,0.86756
2026-06-22 06:45:00+00:00,0.86754,0.86774,0.86734,0.86742
2026-06-22 07:00:00+00:00,0.86748,0.86769,0.86706,0.86708
2026-06-22 07:15:00+00:00,0.86712,0.86751,0.86703,0.86748
2026-06-22 07:30:00+00:00,0.86746,0.86778,0.86721,0.86745
2026-06-22 07:45:00+00:00,0.86747,0.86776,0.86731,0.86772
2026-06-22 08:00:00+00:00,0.86764,0.86783,0.86736,0.86764
2026-06-22 08:15:00+00:00,0.8677,0.86802,0.86669,0.86762
2026-06-22 08:30:00+00:00,0.8676,0.86772,0.86701,0.86761
2026-06-22 08:45:00+00:00,0.8676,0.8676,0.86684,0.867
2026-06-22 09:00:00+00:00,0.86701,0.86727,0.8665,0.86664
2026-06-22 09:15:00+00:00,0.86663,0.86667,0.86636,0.8666
2026-06-22 09:30:00+00:00,0.86656,0.8666,0.86608,0.86616
2026-06-22 09:45:00+00:00,0.86622,0.86623,0.8659,0.86619
2026-06-22 10:00:00+00:00,0.86616,0.86621,0.86527,0.86553
2026-06-22 10:15:00+00:00,0.86559,0.86563,0.86498,0.86546
2026-06-22 10:30:00+00:00,0.86544,0.86565,0.86529,0.86541
2026-06-22 10:45:00+00:00,0.86545,0.86555,0.86526,0.86541
2026-06-22 11:00:00+00:00,0.86545,0.86568,0.86515,0.86531
2026-06-22 11:15:00+00:00,0.86531,0.86531,0.86495,0.86521
2026-06-22 11:30:00+00:00,0.86513,0.86525,0.86489,0.86495
2026-06-22 11:45:00+00:00,0.86499,0.86502,0.86477,0.86488
2026-06-22 12:00:00+00:00,0.8649,0.86528,0.86434,0.86458
2026-06-22 12:15:00+00:00,0.86452,0.86479,0.86431,0.86452
2026-06-22 12:30:00+00:00,0.86445,0.86448,0.86351,0.86353
2026-06-22 12:45:00+00:00,0.86354,0.86403,0.86336,0.864
2026-06-22 13:00:00+00:00,0.86394,0.86426,0.86252,0.86283
2026-06-22 13:15:00+00:00,0.86287,0.86306,0.86253,0.86301
2026-06-22 13:30:00+00:00,0.86297,0.86358,0.86289,0.86349
2026-06-22 13:45:00+00:00,0.86344,0.86355,0.86314,0.86325
2026-06-22 14:00:00+00:00,0.86332,0.86332,0.86234,0.8627
2026-06-22 14:15:00+00:00,0.86275,0.86284,0.86238,0.86282
2026-06-22 14:30:00+00:00,0.8628,0.86362,0.86266,0.86358
2026-06-22 14:45:00+00:00,0.8635,0.86369,0.86285,0.86293
2026-06-22 15:00:00+00:00,0.86308,0.8633,0.86288,0.86329
2026-06-22 15:15:00+00:00,0.86325,0.86329,0.86289,0.86323
2026-06-22 15:30:00+00:00,0.86317,0.8632,0.86289,0.86319
2026-06-22 15:45:00+00:00,0.86316,0.86316,0.86267,0.86296
2026-06-22 16:00:00+00:00,0.86296,0.86306,0.86277,0.86289
2026-06-22 16:15:00+00:00,0.86291,0.86301,0.86274,0.86297
2026-06-22 16:30:00+00:00,0.86294,0.86311,0.86285,0.86299
2026-06-22 16:45:00+00:00,0.86295,0.86308,0.86288,0.86296
2026-06-22 17:00:00+00:00,0.863,0.86323,0.86296,0.86317
2026-06-22 17:15:00+00:00,0.86316,0.86318,0.86297,0.86302
2026-06-22 17:30:00+00:00,0.8631,0.86317,0.86296,0.86306
2026-06-22 17:45:00+00:00,0.86306,0.86309,0.86288,0.86296
2026-06-22 18:00:00+00:00,0.86295,0.86309,0.86289,0.86302
2026-06-22 18:15:00+00:00,0.86303,0.86309,0.86274,0.86277
2026-06-22 18:30:00+00:00,0.86281,0.86291,0.86272,0.86281
2026-06-22 18:45:00+00:00,0.86279,0.86285,0.86253,0.86264
2026-06-22 19:00:00+00:00,0.86263,0.86273,0.8625,0.86259
2026-06-22 19:15:00+00:00,0.86259,0.86259,0.86228,0.86235
2026-06-22 19:30:00+00:00,0.86234,0.86241,0.86223,0.86239
2026-06-22 19:45:00+00:00,0.86236,0.86253,0.86222,0.86249
2026-06-22 20:00:00+00:00,0.86244,0.86255,0.86237,0.86254
2026-06-22 20:15:00+00:00,0.86252,0.86262,0.86239,0.8625
2026-06-22 20:30:00+00:00,0.86254,0.86258,0.86244,0.86246
2026-06-22 20:45:00+00:00,0.86249,0.86259,0.86242,0.86254
2026-06-22 21:00:00+00:00,0.86252,0.86287,0.86192,0.86236
2026-06-22 21:15:00+00:00,0.86238,0.86262,0.86222,0.86252
2026-06-22 21:30:00+00:00,0.86248,0.86252,0.86225,0.86235
2026-06-22 21:45:00+00:00,0.86234,0.86242,0.86202,0.86223
2026-06-22 22:00:00+00:00,0.86224,0.86262,0.86224,0.86246
2026-06-22 22:15:00+00:00,0.86248,0.86255,0.8624,0.86244
2026-06-22 22:30:00+00:00,0.86246,0.86262,0.86246,0.86262
2026-06-22 22:45:00+00:00,0.8626,0.86269,0.86253,0.86259
2026-06-22 23:00:00+00:00,0.86256,0.86274,0.86248,0.86258
2026-06-22 23:15:00+00:00,0.86257,0.86262,0.86245,0.86248
2026-06-22 23:30:00+00:00,0.86252,0.86261,0.86245,0.86253
2026-06-22 23:45:00+00:00,0.86256,0.86263,0.86248,0.86262
2026-06-23 00:00:00+00:00,0.8626,0.86267,0.86245,0.86265
2026-06-23 00:15:00+00:00,0.86264,0.86288,0.86258,0.86286
2026-06-23 00:30:00+00:00,0.86282,0.86292,0.8626,0.86268
2026-06-23 00:45:00+00:00,0.86267,0.86276,0.86248,0.86275
2026-06-23 01:00:00+00:00,0.86273,0.86288,0.86261,0.8628
2026-06-23 01:15:00+00:00,0.86279,0.86284,0.86267,0.86281
2026-06-23 01:30:00+00:00,0.86277,0.86285,0.86266,0.86278
2026-06-23 01:45:00+00:00,0.86278,0.86299,0.86271,0.8628
2026-06-23 02:00:00+00:00,0.86279,0.86296,0.86275,0.86289
2026-06-23 02:15:00+00:00,0.86287,0.86297,0.86273,0.86276
2026-06-23 02:30:00+00:00,0.86279,0.86285,0.86271,0.86274
2026-06-23 02:45:00+00:00,0.86277,0.86293,0.86269,0.86286
2026-06-23 03:00:00+00:00,0.86284,0.86301,0.86281,0.86286
2026-06-23 03:15:00+00:00,0.86289,0.86298,0.8626,0.86282
2026-06-23 03:30:00+00:00,0.86279,0.86294,0.86272,0.86289
2026-06-23 03:45:00+00:00,0.86289,0.86297,0.86268,0.8627
2026-06-23 04:00:00+00:00,0.86273,0.86282,0.86263,0.86276
2026-06-23 04:15:00+00:00,0.86275,0.86279,0.86264,0.86277
2026-06-23 04:30:00+00:00,0.86274,0.86292,0.8627,0.86284
2026-06-23 04:45:00+00:00,0.86286,0.86298,0.86272,0.86279
2026-06-23 05:00:00+00:00,0.86283,0.86296,0.86276,0.86287
2026-06-23 05:15:00+00:00,0.86284,0.86313,0.86283,0.86303
2026-06-23 05:30:00+00:00,0.86307,0.86312,0.86268,0.86294
2026-06-23 05:45:00+00:00,0.86293,0.86303,0.86257,0.86258
2026-06-23 06:00:00+00:00,0.86261,0.86303,0.86255,0.863
2026-06-23 06:15:00+00:00,0.86294,0.86311,0.86281,0.86292
2026-06-23 06:30:00+00:00,0.86294,0.86338,0.86287,0.86314
2026-06-23 06:45:00+00:00,0.86319,0.86337,0.86308,0.86312
2026-06-23 07:00:00+00:00,0.86314,0.86351,0.86288,0.86311
2026-06-23 07:15:00+00:00,0.8631,0.86353,0.86301,0.86347
2026-06-23 07:30:00+00:00,0.86341,0.86353,0.8627,0.86281
2026-06-23 07:45:00+00:00,0.86287,0.86319,0.86279,0.8628
2026-06-23 08:00:00+00:00,0.86284,0.86293,0.86244,0.8628
2026-06-23 08:15:00+00:00,0.86273,0.86299,0.86241,0.86279
2026-06-23 08:30:00+00:00,0.86275,0.86324,0.86261,0.863
2026-06-23 08:45:00+00:00,0.86296,0.86314,0.86282,0.86301
2026-06-23 09:00:00+00:00,0.86297,0.86323,0.86264,0.86317
2026-06-23 09:15:00+00:00,0.86316,0.86322,0.86288,0.86297
2026-06-23 09:30:00+00:00,0.86296,0.86296,0.86253,0.86271
2026-06-23 09:45:00+00:00,0.86268,0.86287,0.86246,0.86248
2026-06-23 10:00:00+00:00,0.86252,0.86301,0.86249,0.86283
2026-06-23 10:15:00+00:00,0.86287,0.86306,0.86258,0.86297
2026-06-23 10:30:00+00:00,0.86293,0.86299,0.86272,0.86276
2026-06-23 10:45:00+00:00,0.86282,0.86286,0.86235,0.86237
2026-06-23 11:00:00+00:00,0.8624,0.86243,0.86207,0.86229
2026-06-23 11:15:00+00:00,0.86225,0.86229,0.86203,0.86225
2026-06-23 11:30:00+00:00,0.86224,0.86231,0.86204,0.8622
2026-06-23 11:45:00+00:00,0.86216,0.86224,0.86181,0.86194
2026-06-23 12:00:00+00:00,0.86198,0.86222,0.86151,0.86157
2026-06-23 12:15:00+00:00,0.86167,0.86174,0.86136,0.86171
2026-06-23 12:30:00+00:00,0.86169,0.86189,0.86154,0.86176
2026-06-23 12:45:00+00:00,0.8618,0.86216,0.86169,0.86201
2026-06-23 13:00:00+00:00,0.86208,0.86231,0.86195,0.86217
2026-06-23 13:15:00+00:00,0.86214,0.86241,0.86198,0.86212
2026-06-23 13:30:00+00:00,0.86213,0.86254,0.86209,0.86232
2026-06-23 13:45:00+00:00,0.86236,0.86241,0.86174,0.86188
2026-06-23 14:00:00+00:00,0.86191,0.86222,0.86181,0.86195
2026-06-23 14:15:00+00:00,0.86201,0.86205,0.86148,0.86184
2026-06-23 14:30:00+00:00,0.86183,0.86236,0.86161,0.86234
2026-06-23 14:45:00+00:00,0.86227,0.86251,0.86198,0.86218
2026-06-23 15:00:00+00:00,0.86211,0.8625,0.8621,0.8624
2026-06-23 15:15:00+00:00,0.86232,0.86257,0.86225,0.86245
2026-06-23 15:30:00+00:00,0.86251,0.86282,0.86236,0.86267
2026-06-23 15:45:00+00:00,0.86267,0.8631,0.86267,0.86307
2026-06-23 16:00:00+00:00,0.86302,0.86305,0.86265,0.86269
2026-06-23 16:15:00+00:00,0.86276,0.86289,0.86249,0.86274
2026-06-23 16:30:00+00:00,0.86269,0.86295,0.86263,0.86285
2026-06-23 16:45:00+00:00,0.86287,0.86298,0.86277,0.86295
2026-06-23 17:00:00+00:00,0.86292,0.86308,0.86274,0.8628
2026-06-23 17:15:00+00:00,0.86285,0.86301,0.86282,0.86296
2026-06-23 17:30:00+00:00,0.86293,0.86299,0.86269,0.86283
2026-06-23 17:45:00+00:00,0.86279,0.8629,0.86276,0.86288
2026-06-23 18:00:00+00:00,0.86286,0.86297,0.86282,0.86292
2026-06-23 18:15:00+00:00,0.86293,0.86302,0.86284,0.86294
2026-06-23 18:30:00+00:00,0.86296,0.8632,0.86278,0.8629
2026-06-23 18:45:00+00:00,0.86287,0.86292,0.86268,0.86282
2026-06-23 19:00:00+00:00,0.86279,0.86285,0.86237,0.86249
2026-06-23 19:15:00+00:00,0.86246,0.86258,0.86238,0.86247
2026-06-23 19:30:00+00:00,0.86249,0.86257,0.86218,0.86236
2026-06-23 19:45:00+00:00,0.86234,0.86242,0.86228,0.86239
2026-06-23 20:00:00+00:00,0.86238,0.86243,0.86198,0.86202
2026-06-23 20:15:00+00:00,0.86203,0.86211,0.86188,0.862
2026-06-23 20:30:00+00:00,0.86196,0.86206,0.86191,0.86206
2026-06-23 20:45:00+00:00,0.86204,0.86213,0.86201,0.8621
2026-06-23 21:00:00+00:00,0.86207,0.86249,0.86186,0.86202
2026-06-23 21:15:00+00:00,0.86214,0.86222,0.86197,0.86214
2026-06-23 21:30:00+00:00,0.86216,0.86222,0.86197,0.86221
2026-06-23 21:45:00+00:00,0.86217,0.8623,0.86199,0.86229
2026-06-23 22:00:00+00:00,0.86226,0.86233,0.86202,0.86212
2026-06-23 22:15:00+00:00,0.86212,0.86218,0.86207,0.86212
2026-06-23 22:30:00+00:00,0.86214,0.86221,0.86208,0.86218
2026-06-23 22:45:00+00:00,0.86216,0.86225,0.86212,0.86222
2026-06-23 23:00:00+00:00,0.8622,0.8623,0.86212,0.86226
2026-06-23 23:15:00+00:00,0.86225,0.86232,0.86218,0.86222
2026-06-23 23:30:00+00:00,0.86225,0.86235,0.86214,0.86222
2026-06-23 23:45:00+00:00,0.86225,0.86231,0.86199,0.86215
2026-06-24 00:00:00+00:00,0.86212,0.86218,0.8619,0.86196
2026-06-24 00:15:00+00:00,0.86206,0.86215,0.86192,0.86198
2026-06-24 00:30:00+00:00,0.86201,0.86208,0.86188,0.86195
2026-06-24 00:45:00+00:00,0.86195,0.86204,0.86182,0.86196
2026-06-24 01:00:00+00:00,0.86194,0.86217,0.86176,0.86203
2026-06-24 01:15:00+00:00,0.86201,0.86208,0.86186,0.86195
2026-06-24 01:30:00+00:00,0.86194,0.86203,0.86176,0.86178
2026-06-24 01:45:00+00:00,0.86182,0.86192,0.86173,0.86181
2026-06-24 02:00:00+00:00,0.86178,0.86184,0.86164,0.86178
2026-06-24 02:15:00+00:00,0.86174,0.86176,0.86147,0.8615
2026-06-24 02:30:00+00:00,0.86155,0.86178,0.86153,0.86176
2026-06-24 02:45:00+00:00,0.86173,0.86185,0.86156,0.86162
2026-06-24 03:00:00+00:00,0.86173,0.86189,0.86142,0.86147
2026-06-24 03:15:00+00:00,0.86145,0.86149,0.8611,0.86112
2026-06-24 03:30:00+00:00,0.86114,0.86138,0.86111,0.86119
2026-06-24 03:45:00+00:00,0.86122,0.86129,0.86113,0.86124
2026-06-24 04:00:00+00:00,0.86123,0.86136,0.86106,0.86135
2026-06-24 04:15:00+00:00,0.86129,0.86146,0.86122,0.86125
2026-06-24 04:30:00+00:00,0.86131,0.86133,0.86116,0.86122
2026-06-24 04:45:00+00:00,0.86123,0.86135,0.86117,0.8613
2026-06-24 05:00:00+00:00,0.86129,0.8614,0.86125,0.86132
2026-06-24 05:15:00+00:00,0.8613,0.86145,0.86125,0.86143
2026-06-24 05:30:00+00:00,0.86142,0.86152,0.86132,0.86135
2026-06-24 05:45:00+00:00,0.8614,0.86153,0.86131,0.86151
2026-06-24 06:00:00+00:00,0.86149,0.86169,0.86109,0.86112
2026-06-24 06:15:00+00:00,0.86116,0.86149,0.86088,0.86133
2026-06-24 06:30:00+00:00,0.86139,0.86167,0.86132,0.86152
2026-06-24 06:45:00+00:00,0.86153,0.86164,0.86132,0.86142
2026-06-24 07:00:00+00:00,0.86146,0.86164,0.86109,0.86134
2026-06-24 07:15:00+00:00,0.8613,0.86142,0.86094,0.86101
2026-06-24 07:30:00+00:00,0.861,0.861,0.86037,0.86081
2026-06-24 07:45:00+00:00,0.86084,0.86103,0.86059,0.86088
2026-06-24 08:00:00+00:00,0.8608,0.86103,0.86028,0.86086
2026-06-24 08:15:00+00:00,0.86086,0.86105,0.86044,0.86097
2026-06-24 08:30:00+00:00,0.86087,0.86101,0.86013,0.86044
2026-06-24 08:45:00+00:00,0.86046,0.8608,0.86028,0.8605
2026-06-24 09:00:00+00:00,0.86051,0.86072,0.86022,0.86067
2026-06-24 09:15:00+00:00,0.86058,0.86086,0.86037,0.86072
2026-06-24 09:30:00+00:00,0.86068,0.86122,0.8606,0.8612
2026-06-24 09:45:00+00:00,0.86116,0.86118,0.86087,0.86115
2026-06-24 10:00:00+00:00,0.86111,0.86148,0.86108,0.86147
2026-06-24 10:15:00+00:00,0.86144,0.86196,0.86137,0.86195
2026-06-24 10:30:00+00:00,0.8619,0.86198,0.86163,0.8617
2026-06-24 10:45:00+00:00,0.8618,0.86197,0.86162,0.86195
2026-06-24 11:00:00+00:00,0.86191,0.86229,0.86182,0.86213
2026-06-24 11:15:00+00:00,0.86209,0.86232,0.862,0.86215
2026-06-24 11:30:00+00:00,0.86212,0.86212,0.86171,0.86188
2026-06-24 11:45:00+00:00,0.86185,0.86189,0.86118,0.86161
2026-06-24 12:00:00+00:00,0.86157,0.86182,0.86145,0.86169
2026-06-24 12:15:00+00:00,0.86163,0.86196,0.86145,0.86157
2026-06-24 12:30:00+00:00,0.86156,0.86186,0.86116,0.86173
2026-06-24 12:45:00+00:00,0.86161,0.86178,0.86134,0.86149
2026-06-24 13:00:00+00:00,0.86157,0.8617,0.86127,0.86167
2026-06-24 13:15:00+00:00,0.86162,0.86171,0.86115,0.86126
2026-06-24 13:30:00+00:00,0.86131,0.86188,0.86117,0.86166
2026-06-24 13:45:00+00:00,0.86174,0.86208,0.86123,0.862
2026-06-24 14:00:00+00:00,0.86192,0.86254,0.86179,0.86228
2026-06-24 14:15:00+00:00,0.86233,0.86255,0.86204,0.86237
2026-06-24 14:30:00+00:00,0.86235,0.8626,0.86213,0.86255
2026-06-24 14:45:00+00:00,0.86253,0.86291,0.86212,0.86286
2026-06-24 15:00:00+00:00,0.86277,0.86288,0.86235,0.86284
2026-06-24 15:15:00+00:00,0.86278,0.86294,0.86227,0.86253
2026-06-24 15:30:00+00:00,0.86261,0.86261,0.86225,0.86239
2026-06-24 15:45:00+00:00,0.86235,0.86264,0.86214,0.8625
2026-06-24 16:00:00+00:00,0.86254,0.86262,0.86228,0.86231
2026-06-24 16:15:00+00:00,0.8624,0.86263,0.86226,0.86247
2026-06-24 16:30:00+00:00,0.8625,0.8627,0.86236,0.86248
2026-06-24 16:45:00+00:00,0.86255,0.86262,0.86241,0.86251
2026-06-24 17:00:00+00:00,0.8625,0.86259,0.86216,0.86252
2026-06-24 17:15:00+00:00,0.86247,0.86266,0.86233,0.86264
2026-06-24 17:30:00+00:00,0.86262,0.86288,0.86248,0.86268
2026-06-24 17:45:00+00:00,0.86264,0.86283,0.86259,0.86275
2026-06-24 18:00:00+00:00,0.86271,0.86291,0.86259,0.86274
2026-06-24 18:15:00+00:00,0.8627,0.86276,0.86259,0.86266
2026-06-24 18:30:00+00:00,0.86266,0.86279,0.86254,0.86275
2026-06-24 18:45:00+00:00,0.86273,0.86284,0.86252,0.86281
2026-06-24 19:00:00+00:00,0.86273,0.8629,0.86268,0.86286
2026-06-24 19:15:00+00:00,0.86286,0.86288,0.8627,0.86287
2026-06-24 19:30:00+00:00,0.86284,0.86289,0.8627,0.86287
2026-06-24 19:45:00+00:00,0.86285,0.86288,0.86261,0.86271
2026-06-24 20:00:00+00:00,0.8627,0.86272,0.86245,0.8625
2026-06-24 20:15:00+00:00,0.86252,0.86265,0.86244,0.86263
2026-06-24 20:30:00+00:00,0.8626,0.86271,0.8625,0.86261
2026-06-24 20:45:00+00:00,0.86263,0.86281,0.86247,0.86249
2026-06-24 21:00:00+00:00,0.86251,0.86303,0.86244,0.86265
2026-06-24 21:15:00+00:00,0.86282,0.86282,0.86225,0.8627
2026-06-24 21:30:00+00:00,0.86268,0.86297,0.86213,0.86283
2026-06-24 21:45:00+00:00,0.86281,0.86287,0.86239,0.86271
2026-06-24 22:00:00+00:00,0.86267,0.86276,0.8626,0.8627
2026-06-24 22:15:00+00:00,0.86269,0.8627,0.86258,0.86258
2026-06-24 22:30:00+00:00,0.86259,0.86263,0.86251,0.86252
2026-06-24 22:45:00+00:00,0.86252,0.86259,0.86243,0.86254
2026-06-24 23:00:00+00:00,0.86252,0.86259,0.86241,0.86257
2026-06-24 23:15:00+00:00,0.86256,0.86264,0.8625,0.86253
2026-06-24 23:30:00+00:00,0.86257,0.86265,0.86245,0.86252
2026-06-24 23:45:00+00:00,0.86252,0.86256,0.86237,0.86247
2026-06-25 00:00:00+00:00,0.86244,0.8626,0.86234,0.86248
2026-06-25 00:15:00+00:00,0.86246,0.86251,0.86224,0.86233
2026-06-25 00:30:00+00:00,0.86234,0.86246,0.86229,0.86236
2026-06-25 00:45:00+00:00,0.86236,0.86259,0.86234,0.8625
2026-06-25 01:00:00+00:00,0.86249,0.86267,0.86237,0.86247
2026-06-25 01:15:00+00:00,0.86244,0.86259,0.86212,0.8623
2026-06-25 01:30:00+00:00,0.8623,0.86239,0.86212,0.86232
2026-06-25 01:45:00+00:00,0.86233,0.86245,0.8622,0.86239
2026-06-25 02:00:00+00:00,0.86237,0.86241,0.86218,0.86236
2026-06-25 02:15:00+00:00,0.86234,0.8624,0.86226,0.86235
2026-06-25 02:30:00+00:00,0.86234,0.86241,0.86222,0.86227
2026-06-25 02:45:00+00:00,0.86232,0.86241,0.86226,0.86234
2026-06-25 03:00:00+00:00,0.86233,0.86247,0.86227,0.86246
2026-06-25 03:15:00+00:00,0.86244,0.86245,0.86225,0.86234
2026-06-25 03:30:00+00:00,0.86239,0.86257,0.86233,0.86251
2026-06-25 03:45:00+00:00,0.86252,0.86267,0.8624,0.86256
2026-06-25 04:00:00+00:00,0.86254,0.86262,0.86234,0.86242
2026-06-25 04:15:00+00:00,0.8624,0.86247,0.86234,0.86236
2026-06-25 04:30:00+00:00,0.86241,0.86244,0.86226,0.86238
2026-06-25 04:45:00+00:00,0.86238,0.86244,0.8623,0.86238
2026-06-25 05:00:00+00:00,0.86235,0.86239,0.86208,0.86226
2026-06-25 05:15:00+00:00,0.86223,0.8624,0.86215,0.86227
2026-06-25 05:30:00+00:00,0.86226,0.86238,0.86219,0.86222
2026-06-25 05:45:00+00:00,0.86224,0.86234,0.86209,0.86232
2026-06-25 06:00:00+00:00,0.8623,0.86239,0.8621,0.8623
2026-06-25 06:15:00+00:00,0.86228,0.8625,0.86221,0.86247
2026-06-25 06:30:00+00:00,0.86246,0.86253,0.86213,0.86225
2026-06-25 06:45:00+00:00,0.86229,0.86237,0.86184,0.86185
2026-06-25 07:00:00+00:00,0.86189,0.86203,0.86141,0.8615
2026-06-25 07:15:00+00:00,0.86166,0.86183,0.86121,0.86159
2026-06-25 07:30:00+00:00,0.86152,0.86161,0.86128,0.86156
2026-06-25 07:45:00+00:00,0.86155,0.86168,0.86142,0.86144
2026-06-25 08:00:00+00:00,0.86148,0.8619,0.86143,0.8617
2026-06-25 08:15:00+00:00,0.86166,0.86174,0.86146,0.86153
2026-06-25 08:30:00+00:00,0.86154,0.86184,0.8615,0.86173
2026-06-25 08:45:00+00:00,0.86172,0.86213,0.86162,0.86182
2026-06-25 09:00:00+00:00,0.86183,0.86192,0.86149,0.86172
2026-06-25 09:15:00+00:00,0.86168,0.86192,0.86156,0.86189
2026-06-25 09:30:00+00:00,0.86182,0.86203,0.86165,0.86171
2026-06-25 09:45:00+00:00,0.86182,0.86192,0.86161,0.86174
2026-06-25 10:00:00+00:00,0.86174,0.86202,0.8616,0.86199
2026-06-25 10:15:00+00:00,0.86193,0.86202,0.86176,0.86192
2026-06-25 10:30:00+00:00,0.8619,0.86195,0.86156,0.86176
2026-06-25 10:45:00+00:00,0.86172,0.86187,0.86152,0.86154
2026-06-25 11:00:00+00:00,0.86157,0.86175,0.86144,0.86166
2026-06-25 11:15:00+00:00,0.86168,0.86175,0.86143,0.86157
2026-06-25 11:30:00+00:00,0.86156,0.86173,0.8614,0.86158
2026-06-25 11:45:00+00:00,0.86153,0.86187,0.86146,0.86184
2026-06-25 12:00:00+00:00,0.86178,0.86199,0.86159,0.86197
2026-06-25 12:15:00+00:00,0.86194,0.86214,0.86182,0.86199
2026-06-25 12:30:00+00:00,0.86201,0.8627,0.86151,0.862
2026-06-25 12:45:00+00:00,0.86187,0.86198,0.86146,0.86179
2026-06-25 13:00:00+00:00,0.86172,0.86195,0.86144,0.86146
2026-06-25 13:15:00+00:00,0.8615,0.86165,0.86118,0.86133
2026-06-25 13:30:00+00:00,0.8613,0.86159,0.86109,0.86155
2026-06-25 13:45:00+00:00,0.86145,0.8617,0.86124,0.86158
2026-06-25 14:00:00+00:00,0.86155,0.86188,0.86097,0.86135
2026-06-25 14:15:00+00:00,0.8614,0.86172,0.86112,0.86157
2026-06-25 14:30:00+00:00,0.86158,0.86207,0.86144,0.86203
2026-06-25 14:45:00+00:00,0.862,0.86218,0.86135,0.86151
2026-06-25 15:00:00+00:00,0.86163,0.86182,0.86126,0.86172
2026-06-25 15:15:00+00:00,0.86168,0.86191,0.86154,0.86185
2026-06-25 15:30:00+00:00,0.86183,0.86183,0.86147,0.86168
2026-06-25 15:45:00+00:00,0.86172,0.86179,0.86139,0.86141
2026-06-25 16:00:00+00:00,0.86144,0.86157,0.8613,0.86141
2026-06-25 16:15:00+00:00,0.86138,0.86147,0.86121,0.86136
2026-06-25 16:30:00+00:00,0.86137,0.86149,0.86115,0.86135
2026-06-25 16:45:00+00:00,0.8613,0.86153,0.86119,0.86135
2026-06-25 17:00:00+00:00,0.86133,0.86161,0.86124,0.86154
2026-06-25 17:15:00+00:00,0.86152,0.86153,0.86136,0.86145
2026-06-25 17:30:00+00:00,0.86145,0.86166,0.86139,0.86159
2026-06-25 17:45:00+00:00,0.86156,0.86168,0.86146,0.86152
2026-06-25 18:00:00+00:00,0.86158,0.86197,0.86137,0.86183
2026-06-25 18:15:00+00:00,0.86184,0.86191,0.86162,0.86174
2026-06-25 18:30:00+00:00,0.86174,0.86187,0.86154,0.86186
2026-06-25 18:45:00+00:00,0.86184,0.86191,0.86152,0.86171
2026-06-25 19:00:00+00:00,0.86165,0.86174,0.86152,0.86156
2026-06-25 19:15:00+00:00,0.86159,0.86183,0.8615,0.8616
2026-06-25 19:30:00+00:00,0.86163,0.86185,0.86135,0.86173
2026-06-25 19:45:00+00:00,0.86172,0.86182,0.86155,0.86169
2026-06-25 20:00:00+00:00,0.86166,0.86178,0.86149,0.86168
2026-06-25 20:15:00+00:00,0.86173,0.86179,0.86164,0.86173
2026-06-25 20:30:00+00:00,0.86174,0.86188,0.86167,0.86183
2026-06-25 20:45:00+00:00,0.86182,0.86203,0.86172,0.86203
2026-06-25 21:00:00+00:00,0.862,0.8621,0.86112,0.86163
2026-06-25 21:15:00+00:00,0.86157,0.86199,0.86131,0.86165
2026-06-25 21:30:00+00:00,0.8617,0.86207,0.86163,0.86182
2026-06-25 21:45:00+00:00,0.8618,0.86208,0.86141,0.86207
2026-06-25 22:00:00+00:00,0.86205,0.86205,0.86177,0.86186
2026-06-25 22:15:00+00:00,0.86185,0.86199,0.86175,0.86179
2026-06-25 22:30:00+00:00,0.86186,0.86195,0.86178,0.86189
2026-06-25 22:45:00+00:00,0.86189,0.86192,0.86175,0.86182
2026-06-25 23:00:00+00:00,0.8618,0.86187,0.86158,0.86185
2026-06-25 23:15:00+00:00,0.86183,0.86184,0.86164,0.8617
2026-06-25 23:30:00+00:00,0.86171,0.86173,0.86149,0.86165
2026-06-25 23:45:00+00:00,0.86162,0.86168,0.86145,0.86163
2026-06-26 00:00:00+00:00,0.86161,0.86164,0.86134,0.86146
2026-06-26 00:15:00+00:00,0.86144,0.86148,0.8613,0.86145
2026-06-26 00:30:00+00:00,0.86142,0.86162,0.86138,0.86154
2026-06-26 00:45:00+00:00,0.86154,0.86165,0.86131,0.8615
2026-06-26 01:00:00+00:00,0.86149,0.86153,0.86133,0.86148
2026-06-26 01:15:00+00:00,0.86145,0.86145,0.86113,0.8612
2026-06-26 01:30:00+00:00,0.8612,0.86128,0.86097,0.8612
2026-06-26 01:45:00+00:00,0.86118,0.86129,0.8611,0.86112
2026-06-26 02:00:00+00:00,0.86114,0.86137,0.86113,0.86123
2026-06-26 02:15:00+00:00,0.86126,0.86146,0.86111,0.86138
2026-06-26 02:30:00+00:00,0.86139,0.86157,0.86132,0.8615
2026-06-26 02:45:00+00:00,0.86148,0.86173,0.86142,0.86159
2026-06-26 03:00:00+00:00,0.8616,0.86175,0.86151,0.86163
2026-06-26 03:15:00+00:00,0.86162,0.8617,0.86153,0.86166
2026-06-26 03:30:00+00:00,0.86165,0.86179,0.86159,0.86166
2026-06-26 03:45:00+00:00,0.86167,0.86183,0.86156,0.86159
2026-06-26 04:00:00+00:00,0.86159,0.86168,0.86147,0.8616
2026-06-26 04:15:00+00:00,0.86158,0.86174,0.86154,0.86159
2026-06-26 04:30:00+00:00,0.86165,0.86172,0.86147,0.86169
2026-06-26 04:45:00+00:00,0.86165,0.86183,0.86159,0.86181
2026-06-26 05:00:00+00:00,0.86179,0.86192,0.86171,0.86173
2026-06-26 05:15:00+00:00,0.86176,0.86186,0.86161,0.86173
2026-06-26 05:30:00+00:00,0.86172,0.86175,0.86156,0.86159
2026-06-26 05:45:00+00:00,0.86162,0.86186,0.86154,0.86172
2026-06-26 06:00:00+00:00,0.8617,0.86185,0.86157,0.8618
2026-06-26 06:15:00+00:00,0.86177,0.86185,0.86155,0.86182
2026-06-26 06:30:00+00:00,0.86175,0.86223,0.86171,0.86203
2026-06-26 06:45:00+00:00,0.86207,0.86214,0.86155,0.86195
2026-06-26 07:00:00+00:00,0.86194,0.86232,0.86182,0.86211
2026-06-26 07:15:00+00:00,0.86209,0.86231,0.86196,0.86229
2026-06-26 07:30:00+00:00,0.86227,0.8625,0.8619,0.86201
2026-06-26 07:45:00+00:00,0.86204,0.86253,0.86196,0.86226
2026-06-26 08:00:00+00:00,0.86227,0.86294,0.86214,0.86284
2026-06-26 08:15:00+00:00,0.86282,0.86306,0.86259,0.86288
2026-06-26 08:30:00+00:00,0.86285,0.86299,0.86256,0.86278
2026-06-26 08:45:00+00:00,0.86279,0.86309,0.8625,0.86264
2026-06-26 09:00:00+00:00,0.8626,0.86276,0.86249,0.86261
2026-06-26 09:15:00+00:00,0.86261,0.86295,0.86255,0.8627
2026-06-26 09:30:00+00:00,0.86271,0.86288,0.86237,0.86259
2026-06-26 09:45:00+00:00,0.86257,0.8629,0.86252,0.86287
2026-06-26 10:00:00+00:00,0.86284,0.86299,0.8627,0.8628
2026-06-26 10:15:00+00:00,0.86285,0.86285,0.86243,0.86269
2026-06-26 10:30:00+00:00,0.86267,0.86287,0.86254,0.86267
2026-06-26 10:45:00+00:00,0.86267,0.86279,0.86236,0.8624
2026-06-26 11:00:00+00:00,0.86248,0.86271,0.86232,0.86246
2026-06-26 11:15:00+00:00,0.86246,0.86281,0.86239,0.86277
2026-06-26 11:30:00+00:00,0.86275,0.86286,0.86227,0.86255
2026-06-26 11:45:00+00:00,0.86253,0.86258,0.86228,0.86243
2026-06-26 12:00:00+00:00,0.86244,0.86257,0.86236,0.86247
2026-06-26 12:15:00+00:00,0.86248,0.86319,0.8624,0.86309
2026-06-26 12:30:00+00:00,0.86306,0.86383,0.86282,0.86376
2026-06-26 12:45:00+00:00,0.86373,0.86501,0.86367,0.86494
2026-06-26 13:00:00+00:00,0.86484,0.86509,0.86389,0.86403
2026-06-26 13:15:00+00:00,0.86402,0.86465,0.86381,0.86424
2026-06-26 13:30:00+00:00,0.86419,0.8644,0.86407,0.86422
2026-06-26 13:45:00+00:00,0.8643,0.8643,0.86378,0.86381
2026-06-26 14:00:00+00:00,0.86387,0.86404,0.86338,0.86359
2026-06-26 14:15:00+00:00,0.86359,0.86377,0.8633,0.86343
2026-06-26 14:30:00+00:00,0.86337,0.86362,0.86312,0.86359
2026-06-26 14:45:00+00:00,0.86349,0.86385,0.86306,0.86337
2026-06-26 15:00:00+00:00,0.86332,0.86354,0.86313,0.86329
2026-06-26 15:15:00+00:00,0.86332,0.86332,0.86292,0.86306
2026-06-26 15:30:00+00:00,0.86303,0.86304,0.86268,0.86286
2026-06-26 15:45:00+00:00,0.86279,0.86296,0.86206,0.86244
2026-06-26 16:00:00+00:00,0.86249,0.86268,0.8623,0.86255
2026-06-26 16:15:00+00:00,0.86253,0.86254,0.86211,0.86214
2026-06-26 16:30:00+00:00,0.86217,0.86242,0.86188,0.86241
2026-06-26 16:45:00+00:00,0.86236,0.86257,0.86234,0.86253
2026-06-26 17:00:00+00:00,0.86252,0.86265,0.86243,0.86249
2026-06-26 17:15:00+00:00,0.86252,0.86269,0.86239,0.86265
2026-06-26 17:30:00+00:00,0.86264,0.86273,0.86233,0.8627
2026-06-26 17:45:00+00:00,0.86263,0.8627,0.86251,0.86254
2026-06-26 18:00:00+00:00,0.86258,0.86275,0.86244,0.86262
2026-06-26 18:15:00+00:00,0.8626,0.86269,0.86254,0.86258
2026-06-26 18:30:00+00:00,0.86262,0.86273,0.86256,0.86272
2026-06-26 18:45:00+00:00,0.8627,0.86277,0.86248,0.86257
2026-06-26 19:00:00+00:00,0.86259,0.86268,0.86249,0.86255
2026-06-26 19:15:00+00:00,0.86258,0.86264,0.86238,0.86246
2026-06-26 19:30:00+00:00,0.86249,0.86259,0.86244,0.86248
2026-06-26 19:45:00+00:00,0.86248,0.86276,0.86244,0.86275
2026-06-26 20:00:00+00:00,0.86271,0.86282,0.86264,0.8628
2026-06-26 20:15:00+00:00,0.86279,0.86287,0.86263,0.86266
2026-06-26 20:30:00+00:00,0.86268,0.86293,0.86251,0.86267
2026-06-26 20:45:00+00:00,0.86271,0.86291,0.86246,0.8628
2026-06-26 21:00:00+00:00,0.86271,0.86326,0.86244,0.8631
2026-06-26 21:15:00+00:00,0.86309,0.86344,0.86275,0.86306
2026-06-26 21:30:00+00:00,0.8631,0.86344,0.86269,0.86331
2026-06-26 21:45:00+00:00,0.86309,0.86345,0.86293,0.86323
2026-06-26 22:00:00+00:00,0.8631,0.86341,0.86245,0.86328
2026-06-26 22:15:00+00:00,0.86309,0.8634,0.86271,0.86308
2026-06-26 22:30:00+00:00,0.86308,0.86341,0.86278,0.86329
2026-06-26 22:45:00+00:00,0.86309,0.86342,0.86284,0.86311
2026-06-26 23:00:00+00:00,0.86308,0.86339,0.86242,0.86307
2026-06-26 23:15:00+00:00,0.86306,0.86339,0.86278,0.8631
2026-06-26 23:30:00+00:00,0.86308,0.86335,0.86295,0.86307
2026-06-26 23:45:00+00:00,0.86308,0.86331,0.863,0.86311
2026-06-27 00:00:00+00:00,0.86308,0.86335,0.8626,0.86296
2026-06-27 00:15:00+00:00,0.86295,0.86318,0.86282,0.86294
2026-06-27 00:30:00+00:00,0.86295,0.86299,0.86293,0.86297
2026-06-27 00:45:00+00:00,0.86295,0.86364,0.86283,0.86296
2026-06-27 01:00:00+00:00,0.86294,0.863,0.86292,0.86298
2026-06-27 01:15:00+00:00,0.86296,0.86322,0.8628,0.86293
2026-06-27 01:30:00+00:00,0.86295,0.86321,0.86272,0.86293
2026-06-27 01:45:00+00:00,0.86298,0.863,0.86292,0.86296
2026-06-27 02:00:00+00:00,0.86294,0.86312,0.86288,0.86297
2026-06-27 02:15:00+00:00,0.86295,0.86298,0.86292,0.86293
2026-06-27 02:30:00+00:00,0.86294,0.86375,0.8628,0.86297
2026-06-27 02:45:00+00:00,0.86294,0.8636,0.86287,0.86295
2026-06-27 03:00:00+00:00,0.86295,0.86298,0.86289,0.86297
2026-06-27 03:15:00+00:00,0.86295,0.86362,0.86271,0.86295
2026-06-27 03:30:00+00:00,0.86294,0.86298,0.86291,0.86292
2026-06-27 03:45:00+00:00,0.86292,0.86359,0.86288,0.86296
2026-06-27 04:00:00+00:00,0.86294,0.86331,0.8628,0.86296
2026-06-27 04:15:00+00:00,0.86294,0.86299,0.86287,0.86297
2026-06-27 04:30:00+00:00,0.86296,0.86356,0.86289,0.86294
2026-06-27 04:45:00+00:00,0.86294,0.863,0.86293,0.86293
2026-06-27 05:00:00+00:00,0.86294,0.86316,0.86268,0.86285
2026-06-27 05:15:00+00:00,0.86283,0.86344,0.86273,0.86286
2026-06-27 05:30:00+00:00,0.86285,0.86294,0.86258,0.86285
2026-06-27 05:45:00+00:00,0.86281,0.86302,0.86245,0.86284
2026-06-27 06:00:00+00:00,0.86285,0.86297,0.86274,0.86297
2026-06-27 06:15:00+00:00,0.86295,0.86309,0.86283,0.86287
2026-06-27 06:30:00+00:00,0.86288,0.86316,0.86267,0.86289
2026-06-27 06:45:00+00:00,0.86298,0.863,0.86283,0.86284
2026-06-27 07:00:00+00:00,0.86287,0.86344,0.86281,0.86296
2026-06-27 07:15:00+00:00,0.86295,0.863,0.86283,0.86284
2026-06-27 07:30:00+00:00,0.86284,0.86307,0.8628,0.86295
2026-06-27 07:45:00+00:00,0.86295,0.86364,0.8628,0.86289
2026-06-27 08:00:00+00:00,0.86296,0.863,0.86289,0.86297
2026-06-27 08:15:00+00:00,0.86296,0.86354,0.86279,0.86294
2026-06-27 08:30:00+00:00,0.86294,0.86299,0.86291,0.86294
2026-06-27 08:45:00+00:00,0.86294,0.86345,0.8628,0.86292
2026-06-27 09:00:00+00:00,0.86294,0.86356,0.86287,0.86298
2026-06-27 09:15:00+00:00,0.86296,0.86299,0.86289,0.86296
2026-06-27 09:30:00+00:00,0.86294,0.86333,0.86284,0.86296
2026-06-27 09:45:00+00:00,0.86295,0.86298,0.86291,0.86292
2026-06-27 10:00:00+00:00,0.86293,0.86352,0.86269,0.86294
2026-06-27 10:15:00+00:00,0.86294,0.86331,0.86282,0.86297
2026-06-27 10:30:00+00:00,0.86294,0.86299,0.86286,0.86297
2026-06-27 10:45:00+00:00,0.86296,0.86365,0.86288,0.86293
2026-06-27 11:00:00+00:00,0.86295,0.863,0.8629,0.86297
2026-06-27 11:15:00+00:00,0.86296,0.86324,0.86288,0.86296
2026-06-27 11:30:00+00:00,0.86294,0.86371,0.86286,0.86314
2026-06-27 11:45:00+00:00,0.86303,0.86308,0.86277,0.86295
2026-06-27 12:00:00+00:00,0.86296,0.86363,0.8629,0.86299
2026-06-27 12:15:00+00:00,0.86296,0.863,0.86295,0.86298
2026-06-27 12:30:00+00:00,0.86296,0.86373,0.86287,0.86297
2026-06-27 12:45:00+00:00,0.86296,0.86372,0.86289,0.86297
2026-06-27 13:00:00+00:00,0.86297,0.863,0.86293,0.86295
2026-06-27 13:15:00+00:00,0.86295,0.86364,0.86284,0.86302
2026-06-27 13:30:00+00:00,0.86301,0.86305,0.86299,0.86303
2026-06-27 13:45:00+00:00,0.86301,0.86337,0.86296,0.863
2026-06-27 14:00:00+00:00,0.863,0.86346,0.86291,0.86295
2026-06-27 14:15:00+00:00,0.86299,0.86303,0.86298,0.863
2026-06-27 14:30:00+00:00,0.86299,0.86303,0.86295,0.863
2026-06-27 14:45:00+00:00,0.86299,0.86302,0.86297,0.86299
2026-06-27 15:00:00+00:00,0.86299,0.86332,0.86297,0.86328
2026-06-27 15:15:00+00:00,0.86328,0.86342,0.86266,0.8631
2026-06-27 15:30:00+00:00,0.86313,0.86317,0.86312,0.86315
2026-06-27 15:45:00+00:00,0.86313,0.86345,0.863,0.86305
2026-06-27 16:00:00+00:00,0.86304,0.86308,0.8629,0.86297
2026-06-27 16:15:00+00:00,0.86297,0.86374,0.86289,0.86295
2026-06-27 16:30:00+00:00,0.86295,0.86354,0.86268,0.86325
2026-06-27 16:45:00+00:00,0.86294,0.86299,0.86284,0.86288
2026-06-27 17:00:00+00:00,0.86287,0.86341,0.86282,0.86295
2026-06-27 17:15:00+00:00,0.8629,0.86298,0.86287,0.86294
2026-06-27 17:30:00+00:00,0.86294,0.86373,0.86287,0.86298
2026-06-27 17:45:00+00:00,0.86296,0.86373,0.86282,0.86347
2026-06-27 18:00:00+00:00,0.86296,0.86305,0.86288,0.86292
2026-06-27 18:15:00+00:00,0.86293,0.86353,0.86287,0.86299
2026-06-27 18:30:00+00:00,0.86299,0.86303,0.86298,0.86301
2026-06-27 18:45:00+00:00,0.86299,0.86328,0.86297,0.86301
2026-06-27 19:00:00+00:00,0.86299,0.86323,0.86298,0.86299
2026-06-27 19:15:00+00:00,0.86299,0.86303,0.86297,0.86298
2026-06-27 19:30:00+00:00,0.86299,0.86337,0.86285,0.86304
2026-06-27 19:45:00+00:00,0.86297,0.86302,0.86291,0.86299
2026-06-27 20:00:00+00:00,0.86297,0.86351,0.86282,0.86294
2026-06-27 20:15:00+00:00,0.86293,0.86344,0.86292,0.86293
2026-06-27 20:30:00+00:00,0.86293,0.86302,0.86288,0.86297
2026-06-27 20:45:00+00:00,0.86295,0.86357,0.86289,0.86297
2026-06-27 21:00:00+00:00,0.86295,0.86299,0.86292,0.86294
2026-06-27 21:15:00+00:00,0.86293,0.8634,0.86289,0.86293
2026-06-27 21:30:00+00:00,0.86294,0.86345,0.86258,0.86289
2026-06-27 21:45:00+00:00,0.86289,0.86332,0.86289,0.86303
2026-06-27 22:00:00+00:00,0.86301,0.86337,0.86292,0.86298
2026-06-27 22:15:00+00:00,0.86297,0.86301,0.86291,0.86292
2026-06-27 22:30:00+00:00,0.86293,0.86325,0.8629,0.86294
2026-06-27 22:45:00+00:00,0.86294,0.8632,0.86292,0.86311
2026-06-27 23:00:00+00:00,0.86294,0.86318,0.8626,0.863
2026-06-27 23:15:00+00:00,0.86299,0.86348,0.86289,0.86302
2026-06-27 23:30:00+00:00,0.86302,0.86306,0.86301,0.86302
2026-06-27 23:45:00+00:00,0.86302,0.86329,0.86298,0.86303
2026-06-28 00:00:00+00:00,0.86301,0.86319,0.863,0.86313
2026-06-28 00:15:00+00:00,0.86301,0.86323,0.86298,0.863
2026-06-28 00:30:00+00:00,0.863,0.86363,0.86287,0.86307
2026-06-28 00:45:00+00:00,0.86308,0.86312,0.86307,0.86309
2026-06-28 01:00:00+00:00,0.86308,0.86349,0.86298,0.86309
2026-06-28 01:15:00+00:00,0.86307,0.86311,0.86306,0.86307
2026-06-28 01:30:00+00:00,0.86307,0.86325,0.86302,0.86305
2026-06-28 01:45:00+00:00,0.86305,0.86321,0.86301,0.86305
2026-06-28 02:00:00+00:00,0.86304,0.86307,0.86302,0.86305
2026-06-28 02:15:00+00:00,0.86304,0.86336,0.86291,0.86299
2026-06-28 02:30:00+00:00,0.86298,0.86304,0.86265,0.86291
2026-06-28 02:45:00+00:00,0.86292,0.86348,0.8629,0.86302
2026-06-28 03:00:00+00:00,0.863,0.86334,0.86296,0.86301
2026-06-28 03:15:00+00:00,0.863,0.86303,0.86298,0.863
2026-06-28 03:30:00+00:00,0.863,0.86327,0.86295,0.86298
2026-06-28 03:45:00+00:00,0.86299,0.86303,0.86298,0.86299
2026-06-28 04:00:00+00:00,0.86299,0.86321,0.86283,0.86298
2026-06-28 04:15:00+00:00,0.86297,0.86342,0.8629,0.86302
2026-06-28 04:30:00+00:00,0.86301,0.86305,0.863,0.86301
2026-06-28 04:45:00+00:00,0.86301,0.86325,0.86298,0.86303
2026-06-28 05:00:00+00:00,0.863,0.86304,0.86299,0.86302
2026-06-28 05:15:00+00:00,0.863,0.86319,0.86297,0.86301
2026-06-28 05:30:00+00:00,0.863,0.86357,0.86257,0.86296
2026-06-28 05:45:00+00:00,0.86296,0.863,0.86295,0.86296
2026-06-28 06:00:00+00:00,0.86296,0.86366,0.86265,0.86302
2026-06-28 06:15:00+00:00,0.863,0.86304,0.86299,0.86302
2026-06-28 06:30:00+00:00,0.863,0.86336,0.86246,0.86264
2026-06-28 06:45:00+00:00,0.86264,0.86343,0.86263,0.8627
2026-06-28 07:00:00+00:00,0.86271,0.86275,0.86269,0.86272
2026-06-28 07:15:00+00:00,0.86271,0.86338,0.86267,0.86275
2026-06-28 07:30:00+00:00,0.86273,0.863,0.86249,0.86287
2026-06-28 07:45:00+00:00,0.86285,0.86353,0.86278,0.86295
2026-06-28 08:00:00+00:00,0.86296,0.86329,0.86292,0.86298
2026-06-28 08:15:00+00:00,0.86296,0.863,0.86295,0.86298
2026-06-28 08:30:00+00:00,0.86296,0.86322,0.86293,0.86297
2026-06-28 08:45:00+00:00,0.86296,0.863,0.86295,0.86296
2026-06-28 09:00:00+00:00,0.86296,0.86316,0.86295,0.86297
2026-06-28 09:15:00+00:00,0.86297,0.86319,0.86292,0.86302
2026-06-28 09:30:00+00:00,0.863,0.86304,0.86299,0.86301
2026-06-28 09:45:00+00:00,0.863,0.86314,0.86298,0.86299
2026-06-28 10:00:00+00:00,0.863,0.86304,0.86298,0.863
2026-06-28 10:15:00+00:00,0.863,0.86304,0.86298,0.86302
2026-06-28 10:30:00+00:00,0.863,0.86304,0.86298,0.86301
2026-06-28 10:45:00+00:00,0.863,0.86304,0.86297,0.86297
2026-06-28 11:00:00+00:00,0.86298,0.86302,0.86296,0.86298
2026-06-28 11:15:00+00:00,0.86298,0.86302,0.86296,0.86299
2026-06-28 11:30:00+00:00,0.86298,0.86302,0.8627,0.8628
2026-06-28 11:45:00+00:00,0.86279,0.86283,0.86278,0.86279
2026-06-28 12:00:00+00:00,0.86279,0.86283,0.86278,0.86279
2026-06-28 12:15:00+00:00,0.86279,0.86283,0.86278,0.8628
2026-06-28 12:30:00+00:00,0.86279,0.86283,0.86278,0.86281
2026-06-28 12:45:00+00:00,0.86279,0.86283,0.86278,0.86279
2026-06-28 13:00:00+00:00,0.86279,0.86283,0.86278,0.86278
2026-06-28 13:15:00+00:00,0.86279,0.86282,0.86257,0.86266
2026-06-28 13:30:00+00:00,0.86264,0.86304,0.86248,0.86283
2026-06-28 13:45:00+00:00,0.86281,0.86285,0.8628,0.86281
2026-06-28 14:00:00+00:00,0.86281,0.86287,0.86253,0.86273
2026-06-28 14:15:00+00:00,0.86274,0.86277,0.86263,0.86268
2026-06-28 14:30:00+00:00,0.86266,0.86296,0.86263,0.86294
2026-06-28 14:45:00+00:00,0.86292,0.863,0.86289,0.86296
2026-06-28 15:00:00+00:00,0.86296,0.86297,0.86254,0.8626
2026-06-28 15:15:00+00:00,0.8626,0.86301,0.86259,0.86287
2026-06-28 15:30:00+00:00,0.8626,0.86304,0.8626,0.86283
2026-06-28 15:45:00+00:00,0.86281,0.86285,0.86279,0.86282
2026-06-28 16:00:00+00:00,0.86281,0.86283,0.86272,0.86274
2026-06-28 16:15:00+00:00,0.86275,0.86279,0.86269,0.86275
2026-06-28 16:30:00+00:00,0.86274,0.86299,0.86263,0.86292
2026-06-28 16:45:00+00:00,0.86289,0.863,0.86289,0.86296
2026-06-28 17:00:00+00:00,0.86295,0.86301,0.8622,0.86292
2026-06-28 17:15:00+00:00,0.86295,0.86301,0.86278,0.86286
2026-06-28 17:30:00+00:00,0.86285,0.863,0.86279,0.86298
2026-06-28 17:45:00+00:00,0.86296,0.86303,0.86279,0.86298
2026-06-28 18:00:00+00:00,0.86297,0.863,0.8627,0.86291
2026-06-28 18:15:00+00:00,0.86289,0.86291,0.86268,0.86282
2026-06-28 18:30:00+00:00,0.86284,0.863,0.8627,0.86276
2026-06-28 18:45:00+00:00,0.86279,0.86302,0.8627,0.86294
2026-06-28 19:00:00+00:00,0.86291,0.86326,0.86188,0.86205
2026-06-28 19:15:00+00:00,0.86231,0.86263,0.86159,0.86255
2026-06-28 19:30:00+00:00,0.86229,0.86234,0.8615,0.86209
2026-06-28 19:45:00+00:00,0.86214,0.86265,0.86212,0.86248
2026-06-28 20:00:00+00:00,0.86238,0.86296,0.86179,0.86292
2026-06-28 20:15:00+00:00,0.86283,0.86283,0.86257,0.86273
2026-06-28 20:30:00+00:00,0.86266,0.86302,0.862,0.86223
2026-06-28 20:45:00+00:00,0.86214,0.86282,0.86199,0.86277
2026-06-28 21:00:00+00:00,0.8627,0.86294,0.86196,0.86221
2026-06-28 21:15:00+00:00,0.86209,0.86289,0.86199,0.86267
2026-06-28 21:30:00+00:00,0.86277,0.86318,0.86235,0.86272
2026-06-28 21:45:00+00:00,0.86265,0.86288,0.86197,0.86228
2026-06-28 22:00:00+00:00,0.86221,0.8629,0.86191,0.86276
2026-06-28 22:15:00+00:00,0.86278,0.86292,0.86272,0.86284
2026-06-28 22:30:00+00:00,0.86286,0.86291,0.86276,0.86285
2026-06-28 22:45:00+00:00,0.86282,0.86299,0.86276,0.86288
2026-06-28 23:00:00+00:00,0.86286,0.86296,0.86276,0.86287
2026-06-28 23:15:00+00:00,0.86285,0.86293,0.86276,0.86278
2026-06-28 23:30:00+00:00,0.86279,0.86287,0.86266,0.86276
2026-06-28 23:45:00+00:00,0.86277,0.86285,0.86268,0.8627
2026-06-29 00:00:00+00:00,0.86271,0.86292,0.86259,0.8627
2026-06-29 00:15:00+00:00,0.86266,0.86284,0.86261,0.86263
2026-06-29 00:30:00+00:00,0.86267,0.8629,0.86261,0.86278
2026-06-29 00:45:00+00:00,0.86281,0.86296,0.86272,0.86274
2026-06-29 01:00:00+00:00,0.86277,0.86282,0.86258,0.86266
2026-06-29 01:15:00+00:00,0.86263,0.86276,0.86255,0.86274
2026-06-29 01:30:00+00:00,0.86271,0.86281,0.86259,0.86263
2026-06-29 01:45:00+00:00,0.86263,0.86277,0.86255,0.86263
2026-06-29 02:00:00+00:00,0.86265,0.86268,0.86246,0.86259
2026-06-29 02:15:00+00:00,0.86256,0.8627,0.86244,0.86253
2026-06-29 02:30:00+00:00,0.86251,0.86257,0.86238,0.86249
2026-06-29 02:45:00+00:00,0.8625,0.86262,0.86244,0.86251
2026-06-29 03:00:00+00:00,0.86253,0.86255,0.86242,0.8625
2026-06-29 03:15:00+00:00,0.86248,0.86253,0.86238,0.86244
2026-06-29 03:30:00+00:00,0.86245,0.86256,0.86241,0.86252
2026-06-29 03:45:00+00:00,0.86253,0.86256,0.86237,0.86254
2026-06-29 04:00:00+00:00,0.86252,0.8626,0.86243,0.86246
2026-06-29 04:15:00+00:00,0.86244,0.86251,0.86239,0.86249
2026-06-29 04:30:00+00:00,0.86247,0.86253,0.86242,0.86245
2026-06-29 04:45:00+00:00,0.86247,0.86251,0.86228,0.86234
2026-06-29 05:00:00+00:00,0.86234,0.86248,0.8622,0.86232
2026-06-29 05:15:00+00:00,0.86229,0.86241,0.86225,0.86232
2026-06-29 05:30:00+00:00,0.86235,0.86246,0.86225,0.86237
2026-06-29 05:45:00+00:00,0.86233,0.86256,0.86229,0.86254
2026-06-29 06:00:00+00:00,0.86251,0.86261,0.86239,0.86254
2026-06-29 06:15:00+00:00,0.86249,0.8625,0.86235,0.86247
2026-06-29 06:30:00+00:00,0.86244,0.86269,0.86239,0.86244
2026-06-29 06:45:00+00:00,0.86248,0.86302,0.86227,0.86297
2026-06-29 07:00:00+00:00,0.8629,0.86307,0.86262,0.86281
2026-06-29 07:15:00+00:00,0.86279,0.86304,0.86262,0.8627
2026-06-29 07:30:00+00:00,0.86268,0.86287,0.86249,0.8627
2026-06-29 07:45:00+00:00,0.86268,0.86297,0.86229,0.86292
2026-06-29 08:00:00+00:00,0.86286,0.86325,0.86283,0.86314
2026-06-29 08:15:00+00:00,0.86311,0.86326,0.86297,0.86322
2026-06-29 08:30:00+00:00,0.8632,0.86339,0.86291,0.863
2026-06-29 08:45:00+00:00,0.86299,0.86307,0.86281,0.86293
2026-06-29 09:00:00+00:00,0.8629,0.86295,0.86258,0.86268
2026-06-29 09:15:00+00:00,0.86272,0.86298,0.86264,0.86275
2026-06-29 09:30:00+00:00,0.86281,0.86282,0.8625,0.8628
2026-06-29 09:45:00+00:00,0.86274,0.86285,0.86262,0.86278
2026-06-29 10:00:00+00:00,0.86274,0.86314,0.86264,0.86293
2026-06-29 10:15:00+00:00,0.86293,0.86303,0.86276,0.86291
2026-06-29 10:30:00+00:00,0.86288,0.86307,0.86286,0.86302
2026-06-29 10:45:00+00:00,0.86301,0.86301,0.86232,0.86245
2026-06-29 11:00:00+00:00,0.86247,0.86256,0.86213,0.86238
2026-06-29 11:15:00+00:00,0.86237,0.86237,0.86177,0.86181
2026-06-29 11:30:00+00:00,0.8619,0.86208,0.86166,0.86185
2026-06-29 11:45:00+00:00,0.86182,0.86243,0.86167,0.86218
2026-06-29 12:00:00+00:00,0.86222,0.86231,0.86191,0.86209
2026-06-29 12:15:00+00:00,0.8621,0.86215,0.86153,0.86166
2026-06-29 12:30:00+00:00,0.86171,0.86194,0.86132,0.86191
2026-06-29 12:45:00+00:00,0.86181,0.86201,0.86167,0.86181
2026-06-29 13:00:00+00:00,0.86182,0.86189,0.86144,0.86151
2026-06-29 13:15:00+00:00,0.86149,0.86157,0.86121,0.86129
2026-06-29 13:30:00+00:00,0.86128,0.86159,0.861,0.86138
2026-06-29 13:45:00+00:00,0.86138,0.86187,0.86127,0.86179
2026-06-29 14:00:00+00:00,0.86162,0.86214,0.86156,0.86211
2026-06-29 14:15:00+00:00,0.86206,0.86264,0.86169,0.86206
2026-06-29 14:30:00+00:00,0.86222,0.86252,0.86194,0.86214
2026-06-29 14:45:00+00:00,0.86229,0.86246,0.86198,0.86229
2026-06-29 15:00:00+00:00,0.86228,0.8624,0.8619,0.86212
2026-06-29 15:15:00+00:00,0.86214,0.86248,0.86206,0.8623
2026-06-29 15:30:00+00:00,0.86228,0.86231,0.86175,0.86213
2026-06-29 15:45:00+00:00,0.8621,0.8624,0.862,0.86205
2026-06-29 16:00:00+00:00,0.86206,0.86217,0.86189,0.86212
2026-06-29 16:15:00+00:00,0.8621,0.8621,0.86173,0.86201
2026-06-29 16:30:00+00:00,0.86199,0.86215,0.8619,0.86215
2026-06-29 16:45:00+00:00,0.86213,0.86219,0.86197,0.86201
2026-06-29 17:00:00+00:00,0.86208,0.86215,0.86191,0.86203
2026-06-29 17:15:00+00:00,0.86203,0.86205,0.86183,0.86195
2026-06-29 17:30:00+00:00,0.86193,0.86204,0.86182,0.86202
2026-06-29 17:45:00+00:00,0.86201,0.86209,0.86186,0.86201
2026-06-29 18:00:00+00:00,0.86198,0.86206,0.86179,0.86203
2026-06-29 18:15:00+00:00,0.86202,0.86202,0.86179,0.86182
2026-06-29 18:30:00+00:00,0.86184,0.86196,0.86178,0.86186
2026-06-29 18:45:00+00:00,0.86183,0.86192,0.86173,0.86184
2026-06-29 19:00:00+00:00,0.86183,0.86193,0.86162,0.86174
2026-06-29 19:15:00+00:00,0.86174,0.86181,0.86163,0.86169
2026-06-29 19:30:00+00:00,0.8617,0.86173,0.86153,0.86163
2026-06-29 19:45:00+00:00,0.86161,0.86171,0.86153,0.86167
2026-06-29 20:00:00+00:00,0.86164,0.86172,0.86154,0.86167
2026-06-29 20:15:00+00:00,0.86166,0.86167,0.86156,0.8616
2026-06-29 20:30:00+00:00,0.86162,0.86165,0.86139,0.86155
2026-06-29 20:45:00+00:00,0.86152,0.86163,0.86147,0.86162
2026-06-29 21:00:00+00:00,0.8616,0.86216,0.8615,0.86182
2026-06-29 21:15:00+00:00,0.86181,0.86202,0.86165,0.86201
2026-06-29 21:30:00+00:00,0.86199,0.86205,0.86175,0.86184
2026-06-29 21:45:00+00:00,0.86184,0.8619,0.86172,0.86176
2026-06-29 22:00:00+00:00,0.86177,0.86181,0.86154,0.86168
2026-06-29 22:15:00+00:00,0.86166,0.86166,0.86146,0.86151
2026-06-29 22:30:00+00:00,0.86153,0.86159,0.86138,0.8614
2026-06-29 22:45:00+00:00,0.86142,0.86158,0.86139,0.86157
2026-06-29 23:00:00+00:00,0.86151,0.86167,0.86151,0.86155
2026-06-29 23:15:00+00:00,0.86154,0.86162,0.86145,0.86147
2026-06-29 23:30:00+00:00,0.86152,0.86163,0.86147,0.86154
2026-06-29 23:45:00+00:00,0.86157,0.86169,0.86143,0.86167
2026-06-30 00:00:00+00:00,0.86162,0.86167,0.8615,0.86162
2026-06-30 00:15:00+00:00,0.8616,0.86167,0.8615,0.86165
2026-06-30 00:30:00+00:00,0.86163,0.86177,0.8616,0.86176
2026-06-30 00:45:00+00:00,0.86174,0.86208,0.86164,0.86204
2026-06-30 01:00:00+00:00,0.86201,0.86208,0.86178,0.86181
2026-06-30 01:15:00+00:00,0.86183,0.86198,0.86175,0.86187
2026-06-30 01:30:00+00:00,0.86186,0.86186,0.86154,0.86163
2026-06-30 01:45:00+00:00,0.86163,0.8617,0.8615,0.86166
2026-06-30 02:00:00+00:00,0.86166,0.8617,0.86147,0.8615
2026-06-30 02:15:00+00:00,0.86153,0.86162,0.86143,0.86154
2026-06-30 02:30:00+00:00,0.86153,0.86166,0.86146,0.86164
2026-06-30 02:45:00+00:00,0.8616,0.86166,0.86146,0.86153
2026-06-30 03:00:00+00:00,0.86152,0.86157,0.86139,0.86153
2026-06-30 03:15:00+00:00,0.86151,0.86154,0.86131,0.86135
2026-06-30 03:30:00+00:00,0.8614,0.86147,0.86129,0.86131
2026-06-30 03:45:00+00:00,0.86134,0.8614,0.86129,0.86136
2026-06-30 04:00:00+00:00,0.86136,0.86139,0.86124,0.86131
2026-06-30 04:15:00+00:00,0.86129,0.86133,0.86116,0.86128
2026-06-30 04:30:00+00:00,0.86126,0.8613,0.86116,0.86126
2026-06-30 04:45:00+00:00,0.86124,0.86126,0.86079,0.86087
2026-06-30 05:00:00+00:00,0.86099,0.861,0.86077,0.86092
2026-06-30 05:15:00+00:00,0.8609,0.86103,0.86079,0.861
2026-06-30 05:30:00+00:00,0.86099,0.86107,0.86093,0.86097
2026-06-30 05:45:00+00:00,0.86098,0.86104,0.86049,0.86059
2026-06-30 06:00:00+00:00,0.86069,0.86094,0.86064,0.86087
2026-06-30 06:15:00+00:00,0.86081,0.86111,0.8608,0.861
2026-06-30 06:30:00+00:00,0.86095,0.86114,0.86064,0.86082
2026-06-30 06:45:00+00:00,0.86078,0.86125,0.8606,0.86123
2026-06-30 07:00:00+00:00,0.8612,0.86133,0.86093,0.86116
2026-06-30 07:15:00+00:00,0.86115,0.86142,0.86104,0.86126
2026-06-30 07:30:00+00:00,0.86128,0.86138,0.86117,0.86133
2026-06-30 07:45:00+00:00,0.86129,0.86149,0.86111,0.86128
2026-06-30 08:00:00+00:00,0.86124,0.86138,0.86087,0.86123
2026-06-30 08:15:00+00:00,0.8612,0.8612,0.86088,0.86106
2026-06-30 08:30:00+00:00,0.86106,0.86115,0.86079,0.86096
2026-06-30 08:45:00+00:00,0.86101,0.86113,0.8608,0.86095
2026-06-30 09:00:00+00:00,0.86102,0.86116,0.86077,0.86095
2026-06-30 09:15:00+00:00,0.86092,0.86098,0.86068,0.86082
2026-06-30 09:30:00+00:00,0.8608,0.86099,0.86068,0.8608
2026-06-30 09:45:00+00:00,0.8608,0.86116,0.86079,0.86105
2026-06-30 10:00:00+00:00,0.86108,0.8612,0.86094,0.86112
2026-06-30 10:15:00+00:00,0.86108,0.86113,0.86078,0.86102
2026-06-30 10:30:00+00:00,0.86099,0.86131,0.86089,0.86128
2026-06-30 10:45:00+00:00,0.86119,0.8615,0.86117,0.86146
2026-06-30 11:00:00+00:00,0.86139,0.86168,0.86132,0.86165
2026-06-30 11:15:00+00:00,0.86162,0.86199,0.86148,0.86183
2026-06-30 11:30:00+00:00,0.86182,0.86193,0.86148,0.86191
2026-06-30 11:45:00+00:00,0.86184,0.86193,0.86131,0.86134
2026-06-30 12:00:00+00:00,0.8614,0.86182,0.8613,0.86174
2026-06-30 12:15:00+00:00,0.86169,0.86209,0.86155,0.862
2026-06-30 12:30:00+00:00,0.86194,0.86219,0.86188,0.86205
2026-06-30 12:45:00+00:00,0.86209,0.86249,0.86184,0.86214
2026-06-30 13:00:00+00:00,0.86231,0.86244,0.86206,0.8621
2026-06-30 13:15:00+00:00,0.86216,0.86225,0.86174,0.86179
2026-06-30 13:30:00+00:00,0.86188,0.86223,0.86165,0.86221
2026-06-30 13:45:00+00:00,0.86216,0.86237,0.86191,0.86201
2026-06-30 14:00:00+00:00,0.86203,0.86226,0.86174,0.86177
2026-06-30 14:15:00+00:00,0.86183,0.86224,0.86151,0.86182
2026-06-30 14:30:00+00:00,0.86189,0.86207,0.86146,0.86163
2026-06-30 14:45:00+00:00,0.8617,0.86216,0.86113,0.86141
2026-06-30 15:00:00+00:00,0.86137,0.86155,0.86073,0.86099
2026-06-30 15:15:00+00:00,0.86093,0.86104,0.86072,0.86079
2026-06-30 15:30:00+00:00,0.86085,0.86113,0.86076,0.86099
2026-06-30 15:45:00+00:00,0.86098,0.86127,0.86088,0.86114
2026-06-30 16:00:00+00:00,0.86119,0.86134,0.86095,0.86131
2026-06-30 16:15:00+00:00,0.86129,0.86147,0.8612,0.86126
2026-06-30 16:30:00+00:00,0.86127,0.86151,0.86121,0.86142
2026-06-30 16:45:00+00:00,0.8614,0.86153,0.86118,0.86151
2026-06-30 17:00:00+00:00,0.86147,0.86157,0.8612,0.86146
2026-06-30 17:15:00+00:00,0.86145,0.86162,0.86129,0.86153
2026-06-30 17:30:00+00:00,0.86153,0.86159,0.86131,0.86146
2026-06-30 17:45:00+00:00,0.86144,0.86164,0.86141,0.86162
2026-06-30 18:00:00+00:00,0.8616,0.86183,0.86147,0.8615
2026-06-30 18:15:00+00:00,0.86152,0.86165,0.86137,0.86156
2026-06-30 18:30:00+00:00,0.86156,0.86168,0.86147,0.86161
2026-06-30 18:45:00+00:00,0.8616,0.86168,0.86135,0.86167
2026-06-30 19:00:00+00:00,0.86164,0.86173,0.86153,0.86165
2026-06-30 19:15:00+00:00,0.86165,0.86169,0.86136,0.86139
2026-06-30 19:30:00+00:00,0.86146,0.86151,0.86124,0.86145
2026-06-30 19:45:00+00:00,0.86138,0.86179,0.86128,0.86163
2026-06-30 20:00:00+00:00,0.8615,0.86157,0.8613,0.86135
2026-06-30 20:15:00+00:00,0.86134,0.86141,0.86119,0.86133
2026-06-30 20:30:00+00:00,0.86136,0.86154,0.86131,0.86146
2026-06-30 20:45:00+00:00,0.86146,0.86149,0.86127,0.86135
2026-06-30 21:00:00+00:00,0.86133,0.86162,0.86124,0.86154
2026-06-30 21:15:00+00:00,0.8615,0.86207,0.86129,0.86163
2026-06-30 21:30:00+00:00,0.86157,0.86171,0.8612,0.86138
2026-06-30 21:45:00+00:00,0.86137,0.86151,0.86115,0.86149
2026-06-30 22:00:00+00:00,0.86146,0.86152,0.86127,0.86148
2026-06-30 22:15:00+00:00,0.86147,0.86151,0.86135,0.86141
2026-06-30 22:30:00+00:00,0.8614,0.86142,0.86132,0.86137
2026-06-30 22:45:00+00:00,0.86137,0.86148,0.86128,0.86146
2026-06-30 23:00:00+00:00,0.86141,0.86149,0.86129,0.86138
2026-06-30 23:15:00+00:00,0.86134,0.86144,0.86128,0.86138
2026-06-30 23:30:00+00:00,0.86139,0.86144,0.86126,0.86127
2026-06-30 23:45:00+00:00,0.8613,0.86143,0.86121,0.86139
2026-07-01 00:00:00+00:00,0.86138,0.8614,0.86128,0.86139
2026-07-01 00:15:00+00:00,0.86136,0.86144,0.86118,0.86131
2026-07-01 00:30:00+00:00,0.86134,0.86148,0.86124,0.86131
2026-07-01 00:45:00+00:00,0.86135,0.86148,0.86132,0.86142
2026-07-01 01:00:00+00:00,0.86141,0.86149,0.86123,0.86147
2026-07-01 01:15:00+00:00,0.86146,0.86158,0.86136,0.86142
2026-07-01 01:30:00+00:00,0.86141,0.86153,0.86135,0.86145
2026-07-01 01:45:00+00:00,0.86147,0.86162,0.86136,0.86152
2026-07-01 02:00:00+00:00,0.86151,0.86174,0.86148,0.86173
2026-07-01 02:15:00+00:00,0.8617,0.86185,0.86144,0.86153
2026-07-01 02:30:00+00:00,0.86152,0.86161,0.86142,0.86151
2026-07-01 02:45:00+00:00,0.86153,0.86172,0.86147,0.86158
2026-07-01 03:00:00+00:00,0.8616,0.8618,0.8616,0.86173
2026-07-01 03:15:00+00:00,0.86171,0.86174,0.86162,0.86171
2026-07-01 03:30:00+00:00,0.8617,0.86183,0.86154,0.86159
2026-07-01 03:45:00+00:00,0.86166,0.86175,0.86156,0.86167
2026-07-01 04:00:00+00:00,0.86167,0.86186,0.8616,0.86183
2026-07-01 04:15:00+00:00,0.86175,0.86187,0.86168,0.86177
2026-07-01 04:30:00+00:00,0.86175,0.86186,0.86157,0.86163
2026-07-01 04:45:00+00:00,0.86165,0.86172,0.86152,0.86154
2026-07-01 05:00:00+00:00,0.86157,0.86165,0.86147,0.86154
2026-07-01 05:15:00+00:00,0.86151,0.8616,0.86146,0.86158
2026-07-01 05:30:00+00:00,0.86156,0.86156,0.86138,0.86141
2026-07-01 05:45:00+00:00,0.86143,0.86152,0.86106,0.86135
2026-07-01 06:00:00+00:00,0.86133,0.86152,0.86122,0.86125
2026-07-01 06:15:00+00:00,0.86132,0.86144,0.86115,0.86135
2026-07-01 06:30:00+00:00,0.86133,0.86149,0.86129,0.86135
2026-07-01 06:45:00+00:00,0.86138,0.86145,0.86092,0.86098
2026-07-01 07:00:00+00:00,0.86102,0.8611,0.86078,0.86105
2026-07-01 07:15:00+00:00,0.861,0.86134,0.86099,0.86103
2026-07-01 07:30:00+00:00,0.86108,0.8613,0.86105,0.86115
2026-07-01 07:45:00+00:00,0.86114,0.86117,0.86072,0.86088
2026-07-01 08:00:00+00:00,0.86095,0.86115,0.86077,0.86081
2026-07-01 08:15:00+00:00,0.86088,0.86095,0.86016,0.86022
2026-07-01 08:30:00+00:00,0.86032,0.86037,0.86002,0.86033
2026-07-01 08:45:00+00:00,0.86031,0.86051,0.86012,0.8602
2026-07-01 09:00:00+00:00,0.86036,0.86054,0.86018,0.86033
2026-07-01 09:15:00+00:00,0.86028,0.86035,0.85974,0.86011
2026-07-01 09:30:00+00:00,0.86002,0.86002,0.85917,0.85943
2026-07-01 09:45:00+00:00,0.85937,0.8597,0.85927,0.85956
2026-07-01 10:00:00+00:00,0.85962,0.85983,0.85955,0.85968
2026-07-01 10:15:00+00:00,0.85971,0.85999,0.85961,0.85989
2026-07-01 10:30:00+00:00,0.85986,0.86002,0.85981,0.85991
2026-07-01 10:45:00+00:00,0.8599,0.86006,0.85981,0.85993
2026-07-01 11:00:00+00:00,0.85999,0.86038,0.85993,0.86032
2026-07-01 11:15:00+00:00,0.86029,0.86045,0.86016,0.86043
2026-07-01 11:30:00+00:00,0.86041,0.86041,0.86012,0.86025
2026-07-01 11:45:00+00:00,0.86022,0.86029,0.85955,0.85974
2026-07-01 12:00:00+00:00,0.85983,0.85996,0.85951,0.85961
2026-07-01 12:15:00+00:00,0.85962,0.85994,0.85909,0.8592
2026-07-01 12:30:00+00:00,0.85931,0.85959,0.8588,0.85922
2026-07-01 12:45:00+00:00,0.85906,0.85941,0.85875,0.85898
2026-07-01 13:00:00+00:00,0.85895,0.85962,0.85838,0.85913
2026-07-01 13:15:00+00:00,0.85938,0.86002,0.85896,0.85947
2026-07-01 13:30:00+00:00,0.85912,0.86013,0.85891,0.85956
2026-07-01 13:45:00+00:00,0.85907,0.86,0.85857,0.85874
2026-07-01 14:00:00+00:00,0.85904,0.85975,0.85851,0.85887
2026-07-01 14:15:00+00:00,0.85895,0.85899,0.85794,0.85826
2026-07-01 14:30:00+00:00,0.85822,0.85868,0.85743,0.85776
2026-07-01 14:45:00+00:00,0.85764,0.85854,0.8575,0.85841
2026-07-01 15:00:00+00:00,0.85824,0.85855,0.85767,0.85785
2026-07-01 15:15:00+00:00,0.85795,0.85814,0.85777,0.85796
2026-07-01 15:30:00+00:00,0.85789,0.85802,0.85746,0.85756
2026-07-01 15:45:00+00:00,0.8577,0.85782,0.85738,0.85747
2026-07-01 16:00:00+00:00,0.85755,0.85755,0.85697,0.85701
2026-07-01 16:15:00+00:00,0.85711,0.85744,0.85666,0.85673
2026-07-01 16:30:00+00:00,0.85685,0.85687,0.85657,0.85672
2026-07-01 16:45:00+00:00,0.85666,0.85701,0.85663,0.85699
2026-07-01 17:00:00+00:00,0.85693,0.85715,0.8568,0.85699
2026-07-01 17:15:00+00:00,0.85707,0.85726,0.8568,0.85725
2026-07-01 17:30:00+00:00,0.85723,0.85725,0.85698,0.85701
2026-07-01 17:45:00+00:00,0.85706,0.85712,0.8569,0.85709
2026-07-01 18:00:00+00:00,0.85703,0.85722,0.85703,0.85719
2026-07-01 18:15:00+00:00,0.85718,0.85722,0.85701,0.85717
2026-07-01 18:30:00+00:00,0.85714,0.85718,0.85693,0.85703
2026-07-01 18:45:00+00:00,0.85701,0.85713,0.85691,0.85701
2026-07-01 19:00:00+00:00,0.85702,0.8571,0.85689,0.85695
2026-07-01 19:15:00+00:00,0.85696,0.85697,0.85666,0.85681
2026-07-01 19:30:00+00:00,0.85678,0.85694,0.85673,0.85686
2026-07-01 19:45:00+00:00,0.85688,0.85701,0.85681,0.857
2026-07-01 20:00:00+00:00,0.85698,0.85704,0.85676,0.85688
2026-07-01 20:15:00+00:00,0.85687,0.85688,0.85668,0.85669
2026-07-01 20:30:00+00:00,0.85673,0.85715,0.85662,0.85709
2026-07-01 20:45:00+00:00,0.85709,0.8572,0.85693,0.85711
2026-07-01 21:00:00+00:00,0.85708,0.85744,0.85684,0.85688
2026-07-01 21:15:00+00:00,0.8569,0.85709,0.85681,0.85682
2026-07-01 21:30:00+00:00,0.85685,0.85699,0.85675,0.85676
2026-07-01 21:45:00+00:00,0.85678,0.85724,0.85659,0.85715
2026-07-01 22:00:00+00:00,0.85691,0.85737,0.85688,0.857
2026-07-01 22:15:00+00:00,0.85699,0.85702,0.85688,0.85689
2026-07-01 22:30:00+00:00,0.8569,0.85698,0.85685,0.85696
2026-07-01 22:45:00+00:00,0.85695,0.85695,0.85682,0.85689
2026-07-01 23:00:00+00:00,0.85688,0.85695,0.8568,0.85687
2026-07-01 23:15:00+00:00,0.85686,0.8569,0.85678,0.85685
2026-07-01 23:30:00+00:00,0.85683,0.85687,0.85678,0.85686
2026-07-01 23:45:00+00:00,0.85684,0.85689,0.85676,0.85685
2026-07-02 00:00:00+00:00,0.85684,0.85708,0.85677,0.85695
2026-07-02 00:15:00+00:00,0.85693,0.85705,0.8568,0.85704
2026-07-02 00:30:00+00:00,0.85703,0.85703,0.85677,0.85685
2026-07-02 00:45:00+00:00,0.85687,0.85707,0.85671,0.85673
2026-07-02 01:00:00+00:00,0.85677,0.85693,0.85676,0.85692
2026-07-02 01:15:00+00:00,0.8569,0.85694,0.85679,0.85685
2026-07-02 01:30:00+00:00,0.85685,0.85695,0.85672,0.85683
2026-07-02 01:45:00+00:00,0.85686,0.85692,0.85659,0.85671
2026-07-02 02:00:00+00:00,0.85675,0.85696,0.85662,0.85664
2026-07-02 02:15:00+00:00,0.85667,0.85675,0.85652,0.85662
2026-07-02 02:30:00+00:00,0.8566,0.85675,0.8566,0.85666
2026-07-02 02:45:00+00:00,0.85668,0.85679,0.85661,0.85677
2026-07-02 03:00:00+00:00,0.85675,0.85683,0.85664,0.85681
2026-07-02 03:15:00+00:00,0.85678,0.85685,0.85666,0.85679
2026-07-02 03:30:00+00:00,0.85677,0.85681,0.85668,0.85676
2026-07-02 03:45:00+00:00,0.85678,0.85687,0.8566,0.8567
2026-07-02 04:00:00+00:00,0.85667,0.85685,0.85656,0.85673
2026-07-02 04:15:00+00:00,0.85671,0.85679,0.85665,0.85677
2026-07-02 04:30:00+00:00,0.85675,0.85701,0.85673,0.857
2026-07-02 04:45:00+00:00,0.85699,0.85713,0.85685,0.85688
2026-07-02 05:00:00+00:00,0.85688,0.85694,0.85673,0.85678
2026-07-02 05:15:00+00:00,0.85681,0.85692,0.85658,0.8566
2026-07-02 05:30:00+00:00,0.85663,0.85675,0.85653,0.85662
2026-07-02 05:45:00+00:00,0.85665,0.85678,0.85644,0.85664
2026-07-02 06:00:00+00:00,0.8566,0.85672,0.85632,0.85664
2026-07-02 06:15:00+00:00,0.85659,0.8567,0.85642,0.85648
2026-07-02 06:30:00+00:00,0.85646,0.85664,0.85641,0.85663
2026-07-02 06:45:00+00:00,0.85662,0.85703,0.85558,0.85627
2026-07-02 07:00:00+00:00,0.85632,0.85666,0.85624,0.8564
2026-07-02 07:15:00+00:00,0.85646,0.85656,0.85578,0.85583
2026-07-02 07:30:00+00:00,0.85593,0.85593,0.85519,0.85524
2026-07-02 07:45:00+00:00,0.85531,0.85568,0.85515,0.85538
2026-07-02 08:00:00+00:00,0.85542,0.85551,0.85493,0.85518
2026-07-02 08:15:00+00:00,0.85515,0.85549,0.855,0.85516
2026-07-02 08:30:00+00:00,0.85521,0.85536,0.85461,0.85468
2026-07-02 08:45:00+00:00,0.85479,0.85502,0.85455,0.85487
2026-07-02 09:00:00+00:00,0.85493,0.85557,0.85467,0.85531
2026-07-02 09:15:00+00:00,0.85538,0.85538,0.85511,0.8552
2026-07-02 09:30:00+00:00,0.85527,0.85535,0.85505,0.85519
2026-07-02 09:45:00+00:00,0.85518,0.85557,0.85511,0.85532
2026-07-02 10:00:00+00:00,0.85539,0.85539,0.85489,0.85528
2026-07-02 10:15:00+00:00,0.85526,0.85572,0.85509,0.85571
2026-07-02 10:30:00+00:00,0.85568,0.85584,0.85557,0.85581
2026-07-02 10:45:00+00:00,0.85579,0.85595,0.85561,0.85564
2026-07-02 11:00:00+00:00,0.85572,0.85617,0.85571,0.85602
2026-07-02 11:15:00+00:00,0.85605,0.85627,0.85598,0.85609
2026-07-02 11:30:00+00:00,0.85612,0.8564,0.85612,0.85638
2026-07-02 11:45:00+00:00,0.85633,0.85675,0.85618,0.85655
2026-07-02 12:00:00+00:00,0.85657,0.85688,0.85631,0.85681
2026-07-02 12:15:00+00:00,0.85679,0.85715,0.85656,0.85662
2026-07-02 12:30:00+00:00,0.85671,0.86034,0.85584,0.85685
2026-07-02 12:45:00+00:00,0.85704,0.85773,0.85619,0.85655
2026-07-02 13:00:00+00:00,0.85683,0.85739,0.85617,0.85683
2026-07-02 13:15:00+00:00,0.85688,0.85708,0.85604,0.85659
2026-07-02 13:30:00+00:00,0.85659,0.85691,0.85566,0.85596
2026-07-02 13:45:00+00:00,0.85598,0.85634,0.8557,0.85606
2026-07-02 14:00:00+00:00,0.85605,0.85668,0.85569,0.85653
2026-07-02 14:15:00+00:00,0.85626,0.85641,0.85539,0.85578
2026-07-02 14:30:00+00:00,0.85593,0.85617,0.85552,0.85596
2026-07-02 14:45:00+00:00,0.856,0.85628,0.85557,0.85561
2026-07-02 15:00:00+00:00,0.85566,0.85621,0.85543,0.85591
2026-07-02 15:15:00+00:00,0.85599,0.85626,0.8558,0.85601
2026-07-02 15:30:00+00:00,0.85607,0.85635,0.85581,0.85633
2026-07-02 15:45:00+00:00,0.85624,0.85674,0.85613,0.85673
2026-07-02 16:00:00+00:00,0.8567,0.8568,0.85644,0.85662
2026-07-02 16:15:00+00:00,0.85662,0.85675,0.85632,0.85656
2026-07-02 16:30:00+00:00,0.85651,0.85675,0.85635,0.85662
2026-07-02 16:45:00+00:00,0.85661,0.85665,0.85639,0.85656
2026-07-02 17:00:00+00:00,0.85655,0.85666,0.85638,0.85665
2026-07-02 17:15:00+00:00,0.85662,0.85675,0.85652,0.85659
2026-07-02 17:30:00+00:00,0.85669,0.85676,0.85656,0.8567
2026-07-02 17:45:00+00:00,0.85669,0.8569,0.85658,0.85687
2026-07-02 18:00:00+00:00,0.85685,0.85688,0.85651,0.85659
2026-07-02 18:15:00+00:00,0.85661,0.85672,0.85646,0.85668
2026-07-02 18:30:00+00:00,0.85665,0.8567,0.85646,0.85653
2026-07-02 18:45:00+00:00,0.85652,0.85663,0.85639,0.85654
2026-07-02 19:00:00+00:00,0.85657,0.85664,0.85638,0.85648
2026-07-02 19:15:00+00:00,0.85653,0.8566,0.85643,0.85652
2026-07-02 19:30:00+00:00,0.85652,0.85656,0.85637,0.85642
2026-07-02 19:45:00+00:00,0.85643,0.85655,0.85625,0.85654
2026-07-02 20:00:00+00:00,0.85652,0.85663,0.85643,0.85652
2026-07-02 20:15:00+00:00,0.85654,0.85663,0.8565,0.85651
2026-07-02 20:30:00+00:00,0.85653,0.85666,0.85645,0.85665
2026-07-02 20:45:00+00:00,0.85663,0.85671,0.85648,0.85667
2026-07-02 21:00:00+00:00,0.85665,0.85696,0.856,0.85668
2026-07-02 21:15:00+00:00,0.85664,0.85727,0.85631,0.85689
2026-07-02 21:30:00+00:00,0.85684,0.85707,0.85668,0.85676
2026-07-02 21:45:00+00:00,0.85672,0.85676,0.85648,0.85654
2026-07-02 22:00:00+00:00,0.85653,0.85671,0.85649,0.8566
2026-07-02 22:15:00+00:00,0.85658,0.85658,0.85635,0.8564
2026-07-02 22:30:00+00:00,0.85641,0.85652,0.85629,0.8564
2026-07-02 22:45:00+00:00,0.85644,0.85652,0.85638,0.85645
2026-07-02 23:00:00+00:00,0.85647,0.85651,0.85634,0.85645
2026-07-02 23:15:00+00:00,0.85643,0.85648,0.85636,0.85639
2026-07-02 23:30:00+00:00,0.85639,0.85641,0.85623,0.85625
2026-07-02 23:45:00+00:00,0.85627,0.85639,0.85613,0.85639
2026-07-03 00:00:00+00:00,0.85637,0.85648,0.85627,0.85647
2026-07-03 00:15:00+00:00,0.85645,0.85653,0.85633,0.85638
2026-07-03 00:30:00+00:00,0.85637,0.85647,0.85633,0.85645
2026-07-03 00:45:00+00:00,0.85642,0.85657,0.85627,0.85646
2026-07-03 01:00:00+00:00,0.8564,0.85655,0.8563,0.85653
2026-07-03 01:15:00+00:00,0.85647,0.85661,0.85619,0.85638
2026-07-03 01:30:00+00:00,0.85637,0.8565,0.85619,0.85642
2026-07-03 01:45:00+00:00,0.85638,0.85645,0.85624,0.85631
2026-07-03 02:00:00+00:00,0.8563,0.85645,0.85618,0.85622
2026-07-03 02:15:00+00:00,0.85626,0.85634,0.85613,0.85628
2026-07-03 02:30:00+00:00,0.8562,0.85636,0.85616,0.85621
2026-07-03 02:45:00+00:00,0.85626,0.85635,0.85608,0.85621
2026-07-03 03:00:00+00:00,0.85619,0.85632,0.85614,0.85631
2026-07-03 03:15:00+00:00,0.85628,0.85635,0.85617,0.85629
2026-07-03 03:30:00+00:00,0.85627,0.85643,0.85618,0.85635
2026-07-03 03:45:00+00:00,0.85635,0.85638,0.85619,0.85631
2026-07-03 04:00:00+00:00,0.85629,0.8564,0.85623,0.85636
2026-07-03 04:15:00+00:00,0.85633,0.85643,0.85622,0.8563
2026-07-03 04:30:00+00:00,0.85628,0.85642,0.85622,0.85641
2026-07-03 04:45:00+00:00,0.85639,0.85646,0.85622,0.8564
2026-07-03 05:00:00+00:00,0.85637,0.85653,0.85606,0.85629
2026-07-03 05:15:00+00:00,0.85628,0.85645,0.85613,0.85639
2026-07-03 05:30:00+00:00,0.85637,0.85657,0.85624,0.85656
2026-07-03 05:45:00+00:00,0.85655,0.85684,0.8565,0.85652
2026-07-03 06:00:00+00:00,0.85658,0.85685,0.85647,0.85671
2026-07-03 06:15:00+00:00,0.8567,0.85702,0.85639,0.85671
2026-07-03 06:30:00+00:00,0.85669,0.85722,0.85643,0.85675
2026-07-03 06:45:00+00:00,0.8567,0.85682,0.85649,0.85678
2026-07-03 07:00:00+00:00,0.85674,0.85699,0.8567,0.85693
2026-07-03 07:15:00+00:00,0.85691,0.85703,0.85667,0.85683
2026-07-03 07:30:00+00:00,0.85673,0.85698,0.85637,0.85666
2026-07-03 07:45:00+00:00,0.85666,0.85691,0.85652,0.85669
2026-07-03 08:00:00+00:00,0.85665,0.85675,0.85642,0.85672
2026-07-03 08:15:00+00:00,0.85667,0.85705,0.85666,0.85698
2026-07-03 08:30:00+00:00,0.85692,0.85736,0.85678,0.85719
2026-07-03 08:45:00+00:00,0.85722,0.85734,0.85713,0.85718
2026-07-03 09:00:00+00:00,0.8572,0.85729,0.85709,0.85717
2026-07-03 09:15:00+00:00,0.85718,0.85723,0.85693,0.85696
2026-07-03 09:30:00+00:00,0.85699,0.85704,0.85679,0.8569
2026-07-03 09:45:00+00:00,0.85688,0.85712,0.85671,0.85685
2026-07-03 10:00:00+00:00,0.8569,0.85722,0.85682,0.85713
2026-07-03 10:15:00+00:00,0.85709,0.85718,0.85693,0.85704
2026-07-03 10:30:00+00:00,0.85702,0.8572,0.85696,0.85716
2026-07-03 10:45:00+00:00,0.8571,0.85715,0.85691,0.85698
2026-07-03 11:00:00+00:00,0.85704,0.85726,0.85696,0.85717
2026-07-03 11:15:00+00:00,0.85714,0.8574,0.8571,0.85739
2026-07-03 11:30:00+00:00,0.85736,0.85743,0.85718,0.85729
2026-07-03 11:45:00+00:00,0.85726,0.85739,0.85707,0.85708
2026-07-03 12:00:00+00:00,0.8571,0.85735,0.85695,0.85718
2026-07-03 12:15:00+00:00,0.85719,0.85722,0.85696,0.85704
2026-07-03 12:30:00+00:00,0.85703,0.8571,0.8569,0.85694
2026-07-03 12:45:00+00:00,0.857,0.85715,0.85696,0.85705
2026-07-03 13:00:00+00:00,0.85711,0.85737,0.85702,0.85712
2026-07-03 13:15:00+00:00,0.85716,0.85728,0.85691,0.85702
2026-07-03 13:30:00+00:00,0.85699,0.85706,0.85686,0.85699
2026-07-03 13:45:00+00:00,0.85696,0.85713,0.85684,0.85707
2026-07-03 14:00:00+00:00,0.85701,0.85712,0.85689,0.857
2026-07-03 14:15:00+00:00,0.85702,0.85733,0.85699,0.85708
2026-07-03 14:30:00+00:00,0.85717,0.85721,0.85698,0.85712
2026-07-03 14:45:00+00:00,0.85708,0.85716,0.85659,0.85661
2026-07-03 15:00:00+00:00,0.85664,0.85694,0.85662,0.85683
2026-07-03 15:15:00+00:00,0.85686,0.85688,0.85662,0.85678
2026-07-03 15:30:00+00:00,0.8568,0.85684,0.85662,0.85666
2026-07-03 15:45:00+00:00,0.85671,0.85672,0.8563,0.85634
2026-07-03 16:00:00+00:00,0.8564,0.8567,0.85629,0.85643
2026-07-03 16:15:00+00:00,0.85646,0.85654,0.85642,0.85653
2026-07-03 16:30:00+00:00,0.85651,0.85656,0.85641,0.85652
2026-07-03 16:45:00+00:00,0.85651,0.85651,0.85634,0.85636
2026-07-03 17:00:00+00:00,0.85637,0.85662,0.85633,0.85657
2026-07-03 17:15:00+00:00,0.85656,0.85661,0.85648,0.85656
2026-07-03 17:30:00+00:00,0.85655,0.85673,0.85648,0.8567
2026-07-03 17:45:00+00:00,0.85669,0.85669,0.85651,0.85664
2026-07-03 18:00:00+00:00,0.85662,0.85662,0.8564,0.85641
2026-07-03 18:15:00+00:00,0.85643,0.85655,0.85642,0.85654
2026-07-03 18:30:00+00:00,0.85653,0.8566,0.85644,0.85651
2026-07-03 18:45:00+00:00,0.85655,0.85661,0.85638,0.85659
2026-07-03 19:00:00+00:00,0.85655,0.85664,0.85638,0.85647
2026-07-03 19:15:00+00:00,0.85647,0.85658,0.85646,0.85657
2026-07-03 19:30:00+00:00,0.85655,0.85657,0.8564,0.85647
2026-07-03 19:45:00+00:00,0.85647,0.85658,0.85639,0.85646
2026-07-03 20:00:00+00:00,0.85648,0.85678,0.8563,0.85675
2026-07-03 20:15:00+00:00,0.85669,0.85685,0.85639,0.85668
2026-07-03 20:30:00+00:00,0.85665,0.85672,0.85652,0.85669
2026-07-03 20:45:00+00:00,0.85667,0.85682,0.85656,0.8568
2026-07-03 21:00:00+00:00,0.85675,0.85706,0.85637,0.85669
2026-07-03 21:15:00+00:00,0.85668,0.85709,0.85647,0.85662
2026-07-03 21:30:00+00:00,0.85664,0.85705,0.85644,0.85656
2026-07-03 21:45:00+00:00,0.85669,0.85725,0.85637,0.85671
2026-07-03 22:00:00+00:00,0.85669,0.85712,0.85651,0.85664
2026-07-03 22:15:00+00:00,0.85665,0.85707,0.85656,0.8568
2026-07-03 22:30:00+00:00,0.85666,0.8571,0.85653,0.85661
2026-07-03 22:45:00+00:00,0.85664,0.857,0.85655,0.85681
2026-07-03 23:00:00+00:00,0.85666,0.85708,0.85638,0.85666
2026-07-03 23:15:00+00:00,0.85664,0.85708,0.85654,0.85677
2026-07-03 23:30:00+00:00,0.85666,0.85709,0.85651,0.85663
2026-07-03 23:45:00+00:00,0.85665,0.85708,0.85656,0.8568
2026-07-04 00:00:00+00:00,0.85666,0.85701,0.85649,0.8567
2026-07-04 00:15:00+00:00,0.85669,0.85677,0.85664,0.85669
2026-07-04 00:30:00+00:00,0.85669,0.85672,0.85665,0.85667
2026-07-04 00:45:00+00:00,0.85668,0.85678,0.85662,0.8567
2026-07-04 01:00:00+00:00,0.85668,0.85672,0.85667,0.8567
2026-07-04 01:15:00+00:00,0.85668,0.8572,0.85664,0.8567
2026-07-04 01:30:00+00:00,0.85668,0.85715,0.85652,0.85667
2026-07-04 01:45:00+00:00,0.85669,0.85672,0.85667,0.8567
2026-07-04 02:00:00+00:00,0.85668,0.85716,0.85665,0.85671
2026-07-04 02:15:00+00:00,0.85668,0.85672,0.85667,0.8567
2026-07-04 02:30:00+00:00,0.85668,0.85733,0.85664,0.85668
2026-07-04 02:45:00+00:00,0.85668,0.85693,0.85667,0.8567
2026-07-04 03:00:00+00:00,0.85669,0.85672,0.85667,0.85671
2026-07-04 03:15:00+00:00,0.85668,0.85687,0.85656,0.8567
2026-07-04 03:30:00+00:00,0.85668,0.85672,0.85667,0.85667
2026-07-04 03:45:00+00:00,0.85668,0.85728,0.85665,0.85669
2026-07-04 04:00:00+00:00,0.85669,0.85699,0.85662,0.85673
2026-07-04 04:15:00+00:00,0.85672,0.85675,0.85667,0.85671
2026-07-04 04:30:00+00:00,0.8567,0.85724,0.85664,0.85671
2026-07-04 04:45:00+00:00,0.85671,0.85674,0.85668,0.85669
2026-07-04 05:00:00+00:00,0.85669,0.8571,0.85657,0.85672
2026-07-04 05:15:00+00:00,0.8567,0.85732,0.85667,0.85674
2026-07-04 05:30:00+00:00,0.85672,0.85675,0.85667,0.8567
2026-07-04 05:45:00+00:00,0.8567,0.85691,0.85661,0.85668
2026-07-04 06:00:00+00:00,0.85671,0.85674,0.85668,0.85671
2026-07-04 06:15:00+00:00,0.85669,0.85719,0.85664,0.85672
2026-07-04 06:30:00+00:00,0.8567,0.8569,0.85658,0.85679
2026-07-04 06:45:00+00:00,0.85672,0.85674,0.85661,0.85669
2026-07-04 07:00:00+00:00,0.8567,0.85727,0.8566,0.85672
2026-07-04 07:15:00+00:00,0.85671,0.85674,0.85668,0.85671
2026-07-04 07:30:00+00:00,0.85669,0.85694,0.85664,0.85671
2026-07-04 07:45:00+00:00,0.8567,0.85728,0.85659,0.85667
2026-07-04 08:00:00+00:00,0.85672,0.85675,0.85663,0.85669
2026-07-04 08:15:00+00:00,0.85668,0.85726,0.85661,0.8567
2026-07-04 08:30:00+00:00,0.85669,0.85672,0.85667,0.8567
2026-07-04 08:45:00+00:00,0.85668,0.85702,0.85667,0.85668
2026-07-04 09:00:00+00:00,0.85668,0.8573,0.85664,0.85669
2026-07-04 09:15:00+00:00,0.8567,0.85672,0.85667,0.85671
2026-07-04 09:30:00+00:00,0.85668,0.85701,0.85667,0.85671
2026-07-04 09:45:00+00:00,0.85668,0.85672,0.85665,0.85668
2026-07-04 10:00:00+00:00,0.85668,0.85683,0.85654,0.85668
2026-07-04 10:15:00+00:00,0.85668,0.85697,0.85667,0.85672
2026-07-04 10:30:00+00:00,0.85671,0.85672,0.85667,0.8567
2026-07-04 10:45:00+00:00,0.85668,0.85722,0.85662,0.85669
2026-07-04 11:00:00+00:00,0.85669,0.85672,0.85667,0.85668
2026-07-04 11:15:00+00:00,0.85668,0.85692,0.85665,0.85669
2026-07-04 11:30:00+00:00,0.85668,0.8572,0.85628,0.85685
2026-07-04 11:45:00+00:00,0.85676,0.85679,0.85666,0.85673
2026-07-04 12:00:00+00:00,0.85673,0.8572,0.85666,0.85672
2026-07-04 12:15:00+00:00,0.85673,0.85676,0.85668,0.85672
2026-07-04 12:30:00+00:00,0.85671,0.85726,0.8567,0.85677
2026-07-04 12:45:00+00:00,0.85675,0.85722,0.85673,0.85681
2026-07-04 13:00:00+00:00,0.85679,0.85682,0.85669,0.85672
2026-07-04 13:15:00+00:00,0.85672,0.8571,0.85636,0.85676
2026-07-04 13:30:00+00:00,0.85676,0.85679,0.85674,0.85678
2026-07-04 13:45:00+00:00,0.85676,0.85694,0.85674,0.8568
2026-07-04 14:00:00+00:00,0.85679,0.85707,0.85632,0.85681
2026-07-04 14:15:00+00:00,0.85678,0.85682,0.85677,0.8568
2026-07-04 14:30:00+00:00,0.85678,0.85704,0.85676,0.85683
2026-07-04 14:45:00+00:00,0.85681,0.85685,0.8568,0.85683
2026-07-04 15:00:00+00:00,0.85681,0.85687,0.85659,0.85679
2026-07-04 15:15:00+00:00,0.85679,0.85692,0.85678,0.85688
2026-07-04 15:30:00+00:00,0.85682,0.85686,0.85681,0.85683
2026-07-04 15:45:00+00:00,0.85682,0.85693,0.85677,0.85684
2026-07-04 16:00:00+00:00,0.85682,0.85682,0.85634,0.85666
2026-07-04 16:15:00+00:00,0.85666,0.85712,0.85665,0.85671
2026-07-04 16:30:00+00:00,0.85671,0.85693,0.85648,0.85677
2026-07-04 16:45:00+00:00,0.85654,0.85687,0.85624,0.85673
2026-07-04 17:00:00+00:00,0.85672,0.85723,0.8566,0.85671
2026-07-04 17:15:00+00:00,0.85671,0.85675,0.85665,0.85669
2026-07-04 17:30:00+00:00,0.8567,0.85725,0.85667,0.85669
2026-07-04 17:45:00+00:00,0.8567,0.8573,0.85669,0.85707
2026-07-04 18:00:00+00:00,0.85669,0.85682,0.85664,0.85667
2026-07-04 18:15:00+00:00,0.85667,0.85703,0.85643,0.85674
2026-07-04 18:30:00+00:00,0.85675,0.8568,0.85663,0.85666
2026-07-04 18:45:00+00:00,0.85666,0.85729,0.85663,0.85673
2026-07-04 19:00:00+00:00,0.85671,0.85729,0.85658,0.85707
2026-07-04 19:15:00+00:00,0.85665,0.85676,0.85665,0.8567
2026-07-04 19:30:00+00:00,0.85671,0.85728,0.85668,0.85675
2026-07-04 19:45:00+00:00,0.85675,0.85676,0.85669,0.85674
2026-07-04 20:00:00+00:00,0.85672,0.85714,0.85644,0.85673
2026-07-04 20:15:00+00:00,0.85672,0.85726,0.85666,0.8567
2026-07-04 20:30:00+00:00,0.85671,0.85679,0.8567,0.85675
2026-07-04 20:45:00+00:00,0.85675,0.85727,0.85668,0.85674
2026-07-04 21:00:00+00:00,0.85672,0.85676,0.8566,0.85665
2026-07-04 21:15:00+00:00,0.85664,0.85716,0.85663,0.8567
2026-07-04 21:30:00+00:00,0.85671,0.85704,0.85641,0.85649
2026-07-04 21:45:00+00:00,0.85649,0.85703,0.85648,0.85678
2026-07-04 22:00:00+00:00,0.85676,0.85721,0.85635,0.85675
2026-07-04 22:15:00+00:00,0.85674,0.85678,0.85672,0.85674
2026-07-04 22:30:00+00:00,0.85674,0.85718,0.8567,0.85677
2026-07-04 22:45:00+00:00,0.85677,0.85712,0.85676,0.857
2026-07-04 23:00:00+00:00,0.85677,0.85713,0.85669,0.85676
2026-07-04 23:15:00+00:00,0.85674,0.857,0.85669,0.85676
2026-07-04 23:30:00+00:00,0.85676,0.85682,0.85662,0.85666
2026-07-04 23:45:00+00:00,0.85667,0.8572,0.85666,0.85675
2026-07-05 00:00:00+00:00,0.85673,0.85722,0.85665,0.85705
2026-07-05 00:15:00+00:00,0.8567,0.85726,0.85664,0.85676
2026-07-05 00:30:00+00:00,0.85676,0.85718,0.85675,0.85683
2026-07-05 00:45:00+00:00,0.85684,0.8569,0.85681,0.85686
2026-07-05 01:00:00+00:00,0.85686,0.85715,0.85675,0.85684
2026-07-05 01:15:00+00:00,0.85682,0.85686,0.8568,0.85683
2026-07-05 01:30:00+00:00,0.85682,0.85705,0.85681,0.85689
2026-07-05 01:45:00+00:00,0.85689,0.85708,0.85687,0.85693
2026-07-05 02:00:00+00:00,0.85691,0.85695,0.8569,0.85693
2026-07-05 02:15:00+00:00,0.85691,0.85705,0.8569,0.85694
2026-07-05 02:30:00+00:00,0.85693,0.85697,0.85639,0.85671
2026-07-05 02:45:00+00:00,0.85672,0.85712,0.85671,0.85678
2026-07-05 03:00:00+00:00,0.85678,0.85705,0.85677,0.85684
2026-07-05 03:15:00+00:00,0.85682,0.85686,0.85681,0.85683
2026-07-05 03:30:00+00:00,0.85682,0.85703,0.85681,0.85685
2026-07-05 03:45:00+00:00,0.85685,0.85689,0.85684,0.85685
2026-07-05 04:00:00+00:00,0.85685,0.85702,0.85684,0.8569
2026-07-05 04:15:00+00:00,0.85688,0.85697,0.85682,0.85685
2026-07-05 04:30:00+00:00,0.85683,0.85687,0.85682,0.85683
2026-07-05 04:45:00+00:00,0.85683,0.85693,0.85682,0.85686
2026-07-05 05:00:00+00:00,0.85686,0.85695,0.85681,0.85693
2026-07-05 05:15:00+00:00,0.85691,0.857,0.85691,0.85695
2026-07-05 05:30:00+00:00,0.85693,0.857,0.85692,0.85694
2026-07-05 05:45:00+00:00,0.85694,0.85702,0.85693,0.85698
2026-07-05 06:00:00+00:00,0.85698,0.85714,0.85639,0.85683
2026-07-05 06:15:00+00:00,0.85681,0.85685,0.8568,0.85683
2026-07-05 06:30:00+00:00,0.85681,0.85705,0.85681,0.85685
2026-07-05 06:45:00+00:00,0.85685,0.85705,0.85684,0.85687
2026-07-05 07:00:00+00:00,0.85688,0.85691,0.85686,0.85688
2026-07-05 07:15:00+00:00,0.85688,0.85703,0.85685,0.85692
2026-07-05 07:30:00+00:00,0.8569,0.85694,0.85683,0.85686
2026-07-05 07:45:00+00:00,0.85685,0.85698,0.85683,0.85683
2026-07-05 08:00:00+00:00,0.85684,0.85695,0.85683,0.85687
2026-07-05 08:15:00+00:00,0.85687,0.85691,0.85686,0.85689
2026-07-05 08:30:00+00:00,0.85687,0.85695,0.85686,0.85691
2026-07-05 08:45:00+00:00,0.85689,0.85693,0.85688,0.85689
2026-07-05 09:00:00+00:00,0.85689,0.85696,0.85688,0.85691
2026-07-05 09:15:00+00:00,0.85691,0.85694,0.85686,0.85692
2026-07-05 09:30:00+00:00,0.8569,0.85694,0.85689,0.85691
2026-07-05 09:45:00+00:00,0.8569,0.85696,0.85688,0.85691
2026-07-05 10:00:00+00:00,0.85692,0.85696,0.8569,0.85691
2026-07-05 10:15:00+00:00,0.85692,0.85696,0.8569,0.85693
2026-07-05 10:30:00+00:00,0.85692,0.85696,0.8569,0.85693
2026-07-05 10:45:00+00:00,0.85692,0.85695,0.8569,0.85692
2026-07-05 11:00:00+00:00,0.85692,0.85696,0.8569,0.85691
2026-07-05 11:15:00+00:00,0.85692,0.85695,0.8569,0.85693
2026-07-05 11:30:00+00:00,0.85692,0.85696,0.85618,0.8564
2026-07-05 11:45:00+00:00,0.85638,0.85642,0.85637,0.85638
2026-07-05 12:00:00+00:00,0.85638,0.85642,0.85636,0.85637
2026-07-05 12:15:00+00:00,0.85638,0.85642,0.85636,0.8564
2026-07-05 12:30:00+00:00,0.85638,0.85642,0.85636,0.8564
2026-07-05 12:45:00+00:00,0.85638,0.85642,0.85636,0.85638
2026-07-05 13:00:00+00:00,0.85638,0.85642,0.85637,0.85637
2026-07-05 13:15:00+00:00,0.85638,0.85696,0.8559,0.85618
2026-07-05 13:30:00+00:00,0.85618,0.85621,0.85616,0.8562
2026-07-05 13:45:00+00:00,0.85618,0.85621,0.85616,0.85619
2026-07-05 14:00:00+00:00,0.85618,0.85703,0.8555,0.85671
2026-07-05 14:15:00+00:00,0.85672,0.85675,0.8567,0.85672
2026-07-05 14:30:00+00:00,0.85672,0.85675,0.8567,0.85673
2026-07-05 14:45:00+00:00,0.85672,0.85712,0.85665,0.85706
2026-07-05 15:00:00+00:00,0.85701,0.8572,0.8562,0.85648
2026-07-05 15:15:00+00:00,0.85649,0.85661,0.85647,0.85657
2026-07-05 15:30:00+00:00,0.85657,0.85661,0.85656,0.85658
2026-07-05 15:45:00+00:00,0.85657,0.85666,0.85654,0.85663
2026-07-05 16:00:00+00:00,0.85661,0.85674,0.85649,0.85671
2026-07-05 16:15:00+00:00,0.85671,0.85675,0.8567,0.85671
2026-07-05 16:30:00+00:00,0.85672,0.85701,0.85609,0.85661
2026-07-05 16:45:00+00:00,0.85657,0.85675,0.85657,0.85673
2026-07-05 17:00:00+00:00,0.85672,0.85708,0.85652,0.85673
2026-07-05 17:15:00+00:00,0.85671,0.85675,0.8567,0.85671
2026-07-05 17:30:00+00:00,0.85672,0.85675,0.8567,0.85673
2026-07-05 17:45:00+00:00,0.85672,0.85675,0.8567,0.85673
2026-07-05 18:00:00+00:00,0.85672,0.85678,0.8566,0.85671
2026-07-05 18:15:00+00:00,0.85671,0.85706,0.85619,0.85672
2026-07-05 18:30:00+00:00,0.85669,0.85701,0.85655,0.85658
2026-07-05 18:45:00+00:00,0.85663,0.85752,0.85581,0.85593
2026-07-05 19:00:00+00:00,0.85608,0.85689,0.85553,0.85681
2026-07-05 19:15:00+00:00,0.85666,0.85753,0.85472,0.85681
2026-07-05 19:30:00+00:00,0.85671,0.85724,0.85562,0.8561
2026-07-05 19:45:00+00:00,0.85696,0.8572,0.85554,0.8569
2026-07-05 20:00:00+00:00,0.85686,0.85736,0.85621,0.8567
2026-07-05 20:15:00+00:00,0.85669,0.85679,0.85648,0.85651
2026-07-05 20:30:00+00:00,0.85659,0.85681,0.85651,0.85659
2026-07-05 20:45:00+00:00,0.85661,0.85729,0.85619,0.85727
2026-07-05 21:00:00+00:00,0.85722,0.85732,0.85657,0.85666
2026-07-05 21:15:00+00:00,0.85664,0.85674,0.85647,0.85663
2026-07-05 21:30:00+00:00,0.85667,0.85676,0.85639,0.85641
2026-07-05 21:45:00+00:00,0.85646,0.8568,0.85646,0.85674
2026-07-05 22:00:00+00:00,0.8566,0.85685,0.85633,0.85638
2026-07-05 22:15:00+00:00,0.8564,0.85657,0.85635,0.85652
2026-07-05 22:30:00+00:00,0.85653,0.85676,0.85648,0.8567
2026-07-05 22:45:00+00:00,0.85671,0.85681,0.85662,0.8568
2026-07-05 23:00:00+00:00,0.85677,0.85682,0.85656,0.85669
2026-07-05 23:15:00+00:00,0.85667,0.85676,0.85659,0.85673
2026-07-05 23:30:00+00:00,0.85667,0.85671,0.85657,0.85664
2026-07-05 23:45:00+00:00,0.85665,0.85672,0.85646,0.85648
2026-07-06 00:00:00+00:00,0.85649,0.85674,0.85647,0.85672
2026-07-06 00:15:00+00:00,0.85668,0.85679,0.85647,0.85677
2026-07-06 00:30:00+00:00,0.85675,0.85684,0.85652,0.8567
2026-07-06 00:45:00+00:00,0.85668,0.85672,0.85651,0.85667
2026-07-06 01:00:00+00:00,0.85666,0.85673,0.85646,0.85663
2026-07-06 01:15:00+00:00,0.85661,0.85681,0.85648,0.85673
2026-07-06 01:30:00+00:00,0.85672,0.85684,0.85667,0.85668
2026-07-06 01:45:00+00:00,0.8567,0.85682,0.85657,0.85677
2026-07-06 02:00:00+00:00,0.85676,0.85678,0.85655,0.85675
2026-07-06 02:15:00+00:00,0.85673,0.8568,0.85666,0.85673
2026-07-06 02:30:00+00:00,0.85671,0.85682,0.85665,0.85675
2026-07-06 02:45:00+00:00,0.85672,0.85682,0.85666,0.85673
2026-07-06 03:00:00+00:00,0.85673,0.85678,0.85665,0.85677
2026-07-06 03:15:00+00:00,0.85675,0.85684,0.85664,0.85678
2026-07-06 03:30:00+00:00,0.85677,0.8568,0.85665,0.85674
2026-07-06 03:45:00+00:00,0.85674,0.85688,0.85671,0.85682
2026-07-06 04:00:00+00:00,0.85683,0.85689,0.85677,0.85679
2026-07-06 04:15:00+00:00,0.85681,0.85685,0.85674,0.85679
2026-07-06 04:30:00+00:00,0.85678,0.85685,0.85668,0.85679
2026-07-06 04:45:00+00:00,0.8568,0.85694,0.85676,0.85682
2026-07-06 05:00:00+00:00,0.85684,0.85691,0.85676,0.85689
2026-07-06 05:15:00+00:00,0.85688,0.85691,0.85673,0.85681
2026-07-06 05:30:00+00:00,0.85678,0.85686,0.85668,0.85672
2026-07-06 05:45:00+00:00,0.85674,0.85682,0.85639,0.85653
2026-07-06 06:00:00+00:00,0.85666,0.85684,0.85655,0.8567
2026-07-06 06:15:00+00:00,0.85667,0.85688,0.85652,0.85675
2026-07-06 06:30:00+00:00,0.85672,0.85675,0.85634,0.85657
2026-07-06 06:45:00+00:00,0.85656,0.85671,0.85648,0.8566
2026-07-06 07:00:00+00:00,0.85662,0.85671,0.85623,0.85648
2026-07-06 07:15:00+00:00,0.85644,0.85664,0.85621,0.85647
2026-07-06 07:30:00+00:00,0.85645,0.85646,0.85615,0.85616
2026-07-06 07:45:00+00:00,0.85618,0.85619,0.85593,0.85595
2026-07-06 08:00:00+00:00,0.85599,0.85618,0.85583,0.8561
2026-07-06 08:15:00+00:00,0.85605,0.85613,0.8558,0.85611
2026-07-06 08:30:00+00:00,0.85607,0.85632,0.85594,0.8563
2026-07-06 08:45:00+00:00,0.85626,0.85639,0.85614,0.8562
2026-07-06 09:00:00+00:00,0.85622,0.85654,0.85617,0.85644
2026-07-06 09:15:00+00:00,0.85644,0.85645,0.85602,0.85604
2026-07-06 09:30:00+00:00,0.85608,0.85611,0.85581,0.85595
2026-07-06 09:45:00+00:00,0.85593,0.85611,0.85585,0.85588
2026-07-06 10:00:00+00:00,0.85588,0.856,0.85562,0.85562
2026-07-06 10:15:00+00:00,0.85563,0.85582,0.85552,0.85566
2026-07-06 10:30:00+00:00,0.85563,0.85596,0.85555,0.85588
2026-07-06 10:45:00+00:00,0.85584,0.85616,0.85584,0.85606
2026-07-06 11:00:00+00:00,0.85606,0.85612,0.8559,0.85594
2026-07-06 11:15:00+00:00,0.85598,0.85602,0.85571,0.85577
2026-07-06 11:30:00+00:00,0.85576,0.85576,0.85545,0.85549
2026-07-06 11:45:00+00:00,0.85556,0.85564,0.85522,0.85543
2026-07-06 12:00:00+00:00,0.85548,0.85555,0.85519,0.85535
2026-07-06 12:15:00+00:00,0.8553,0.85544,0.85511,0.85541
2026-07-06 12:30:00+00:00,0.85538,0.85563,0.85522,0.85557
2026-07-06 12:45:00+00:00,0.85555,0.85585,0.85532,0.85554
2026-07-06 13:00:00+00:00,0.85548,0.85548,0.85515,0.85534
2026-07-06 13:15:00+00:00,0.85531,0.85551,0.85515,0.85518
2026-07-06 13:30:00+00:00,0.85523,0.85535,0.85506,0.8553
2026-07-06 13:45:00+00:00,0.85528,0.85549,0.85494,0.8552
2026-07-06 14:00:00+00:00,0.85509,0.85525,0.85486,0.85493
2026-07-06 14:15:00+00:00,0.85495,0.85497,0.85463,0.85466
2026-07-06 14:30:00+00:00,0.85468,0.85499,0.8546,0.85497
2026-07-06 14:45:00+00:00,0.85494,0.85509,0.85468,0.85487
2026-07-06 15:00:00+00:00,0.85484,0.85492,0.85458,0.85481
2026-07-06 15:15:00+00:00,0.85479,0.85505,0.8547,0.85494
2026-07-06 15:30:00+00:00,0.85498,0.85502,0.85472,0.8549
2026-07-06 15:45:00+00:00,0.85486,0.85494,0.85463,0.85465
2026-07-06 16:00:00+00:00,0.85468,0.85494,0.85467,0.85489
2026-07-06 16:15:00+00:00,0.85485,0.85501,0.85458,0.85461
2026-07-06 16:30:00+00:00,0.85463,0.85474,0.85447,0.85462
2026-07-06 16:45:00+00:00,0.85461,0.85471,0.85444,0.85459
2026-07-06 17:00:00+00:00,0.85456,0.85473,0.85453,0.85468
2026-07-06 17:15:00+00:00,0.85469,0.85485,0.85465,0.85478
2026-07-06 17:30:00+00:00,0.85476,0.85483,0.85461,0.85477
2026-07-06 17:45:00+00:00,0.85474,0.85478,0.85452,0.85461
2026-07-06 18:00:00+00:00,0.85459,0.85474,0.85453,0.85461
2026-07-06 18:15:00+00:00,0.8546,0.85466,0.85447,0.85448
2026-07-06 18:30:00+00:00,0.8545,0.85462,0.85434,0.85445
2026-07-06 18:45:00+00:00,0.85444,0.85445,0.85422,0.85435
2026-07-06 19:00:00+00:00,0.85433,0.85444,0.85408,0.8542
2026-07-06 19:15:00+00:00,0.85422,0.85432,0.85416,0.85424
2026-07-06 19:30:00+00:00,0.85427,0.85433,0.85421,0.85428
2026-07-06 19:45:00+00:00,0.85426,0.85443,0.85424,0.85443
2026-07-06 20:00:00+00:00,0.85441,0.85446,0.85424,0.85439
2026-07-06 20:15:00+00:00,0.85437,0.8545,0.85429,0.85444
2026-07-06 20:30:00+00:00,0.85442,0.85449,0.85429,0.85445
2026-07-06 20:45:00+00:00,0.85445,0.85449,0.85438,0.85448
2026-07-06 21:00:00+00:00,0.85447,0.855,0.8544,0.85452
2026-07-06 21:15:00+00:00,0.8545,0.85471,0.8543,0.85454
2026-07-06 21:30:00+00:00,0.85455,0.85468,0.85452,0.85455
2026-07-06 21:45:00+00:00,0.85459,0.85501,0.85429,0.85485
2026-07-06 22:00:00+00:00,0.85482,0.85482,0.85444,0.85451
2026-07-06 22:15:00+00:00,0.8545,0.85454,0.85443,0.85447
2026-07-06 22:30:00+00:00,0.85447,0.85451,0.85427,0.85435
2026-07-06 22:45:00+00:00,0.85434,0.85437,0.85425,0.85436
2026-07-06 23:00:00+00:00,0.85432,0.85462,0.85415,0.85426
2026-07-06 23:15:00+00:00,0.85424,0.85434,0.85409,0.85419
2026-07-06 23:30:00+00:00,0.85419,0.85424,0.85409,0.85417
2026-07-06 23:45:00+00:00,0.85419,0.85428,0.85413,0.85426
2026-07-07 00:00:00+00:00,0.85424,0.85425,0.8541,0.85424
2026-07-07 00:15:00+00:00,0.85421,0.85423,0.85404,0.85416
2026-07-07 00:30:00+00:00,0.85416,0.85438,0.85412,0.85426
2026-07-07 00:45:00+00:00,0.85428,0.85444,0.85427,0.85443
2026-07-07 01:00:00+00:00,0.85441,0.85441,0.85423,0.85434
2026-07-07 01:15:00+00:00,0.85431,0.85437,0.85415,0.85422
2026-07-07 01:30:00+00:00,0.8542,0.85457,0.85406,0.85419
2026-07-07 01:45:00+00:00,0.85427,0.85429,0.85403,0.8542
2026-07-07 02:00:00+00:00,0.8542,0.8543,0.85403,0.85415
2026-07-07 02:15:00+00:00,0.85414,0.85426,0.8541,0.85425
2026-07-07 02:30:00+00:00,0.85422,0.85437,0.8541,0.85429
2026-07-07 02:45:00+00:00,0.8543,0.85437,0.8542,0.85422
2026-07-07 03:00:00+00:00,0.85426,0.85431,0.85417,0.8542
2026-07-07 03:15:00+00:00,0.85418,0.85424,0.85408,0.85415
2026-07-07 03:30:00+00:00,0.85413,0.85418,0.85398,0.85413
2026-07-07 03:45:00+00:00,0.8541,0.85417,0.85401,0.8541
2026-07-07 04:00:00+00:00,0.85412,0.85418,0.85406,0.85408
2026-07-07 04:15:00+00:00,0.8541,0.85417,0.85401,0.85411
2026-07-07 04:30:00+00:00,0.85409,0.85415,0.854,0.85411
2026-07-07 04:45:00+00:00,0.85411,0.85419,0.854,0.85415
2026-07-07 05:00:00+00:00,0.85414,0.85435,0.85405,0.85434
2026-07-07 05:15:00+00:00,0.8543,0.85438,0.8541,0.85428
2026-07-07 05:30:00+00:00,0.85426,0.8543,0.85403,0.85419
2026-07-07 05:45:00+00:00,0.85416,0.85422,0.85397,0.85405
2026-07-07 06:00:00+00:00,0.85409,0.85431,0.85393,0.85428
2026-07-07 06:15:00+00:00,0.85423,0.8544,0.85408,0.85426
2026-07-07 06:30:00+00:00,0.85424,0.85431,0.85402,0.85407
2026-07-07 06:45:00+00:00,0.85407,0.85426,0.85399,0.85408
2026-07-07 07:00:00+00:00,0.85414,0.85446,0.8541,0.85426
2026-07-07 07:15:00+00:00,0.85425,0.85425,0.85385,0.85401
2026-07-07 07:30:00+00:00,0.85398,0.8541,0.85384,0.854
2026-07-07 07:45:00+00:00,0.85399,0.85413,0.85384,0.85407
2026-07-07 08:00:00+00:00,0.85404,0.85415,0.85389,0.85403
2026-07-07 08:15:00+00:00,0.85401,0.85414,0.85378,0.85385
2026-07-07 08:30:00+00:00,0.85389,0.85403,0.85379,0.85385
2026-07-07 08:45:00+00:00,0.85389,0.85391,0.85327,0.85329
2026-07-07 09:00:00+00:00,0.85334,0.85349,0.85328,0.85342
2026-07-07 09:15:00+00:00,0.85343,0.85362,0.85341,0.85361
2026-07-07 09:30:00+00:00,0.85358,0.85371,0.85346,0.85369
2026-07-07 09:45:00+00:00,0.85367,0.85387,0.85357,0.85385
2026-07-07 10:00:00+00:00,0.85383,0.85446,0.85372,0.85412
2026-07-07 10:15:00+00:00,0.85414,0.85427,0.85404,0.85407
2026-07-07 10:30:00+00:00,0.85409,0.85419,0.854,0.85414
2026-07-07 10:45:00+00:00,0.85412,0.85424,0.85399,0.85423
2026-07-07 11:00:00+00:00,0.85421,0.85425,0.85399,0.8541
2026-07-07 11:15:00+00:00,0.85414,0.85423,0.8539,0.85422
2026-07-07 11:30:00+00:00,0.85418,0.85426,0.85394,0.85399
2026-07-07 11:45:00+00:00,0.85405,0.85413,0.85358,0.85398
2026-07-07 12:00:00+00:00,0.85395,0.85423,0.85381,0.85407
2026-07-07 12:15:00+00:00,0.85408,0.85459,0.85394,0.85442
2026-07-07 12:30:00+00:00,0.85446,0.85468,0.85432,0.85457
2026-07-07 12:45:00+00:00,0.85461,0.85472,0.85434,0.85447
2026-07-07 13:00:00+00:00,0.85444,0.85461,0.85411,0.85453
2026-07-07 13:15:00+00:00,0.85453,0.85485,0.85432,0.85482
2026-07-07 13:30:00+00:00,0.85477,0.85484,0.85451,0.85479
2026-07-07 13:45:00+00:00,0.85476,0.85548,0.85473,0.85514
2026-07-07 14:00:00+00:00,0.8552,0.85544,0.85475,0.8548
2026-07-07 14:15:00+00:00,0.85484,0.85505,0.85471,0.85476
2026-07-07 14:30:00+00:00,0.85477,0.85488,0.85459,0.85473
2026-07-07 14:45:00+00:00,0.85471,0.85499,0.85413,0.85448
2026-07-07 15:00:00+00:00,0.85448,0.85475,0.85448,0.85458
2026-07-07 15:15:00+00:00,0.85461,0.85471,0.8543,0.85432
2026-07-07 15:30:00+00:00,0.85436,0.85447,0.85413,0.85437
2026-07-07 15:45:00+00:00,0.85436,0.85449,0.85422,0.85429
2026-07-07 16:00:00+00:00,0.85435,0.85435,0.85411,0.85427
2026-07-07 16:15:00+00:00,0.85426,0.85433,0.85411,0.85419
2026-07-07 16:30:00+00:00,0.85421,0.85444,0.85416,0.85433
2026-07-07 16:45:00+00:00,0.85436,0.85444,0.85416,0.85434
2026-07-07 17:00:00+00:00,0.85428,0.85447,0.85424,0.85441
2026-07-07 17:15:00+00:00,0.85437,0.85451,0.8543,0.85434
2026-07-07 17:30:00+00:00,0.85438,0.85448,0.85425,0.85444
2026-07-07 17:45:00+00:00,0.85442,0.85455,0.85435,0.85451
2026-07-07 18:00:00+00:00,0.85449,0.85462,0.85432,0.85448
2026-07-07 18:15:00+00:00,0.85446,0.85459,0.85441,0.85451
2026-07-07 18:30:00+00:00,0.85451,0.85461,0.85441,0.8546
2026-07-07 18:45:00+00:00,0.85458,0.85476,0.85435,0.85447
2026-07-07 19:00:00+00:00,0.85453,0.85472,0.85424,0.85466
2026-07-07 19:15:00+00:00,0.85464,0.85478,0.85441,0.85451
2026-07-07 19:30:00+00:00,0.85452,0.85463,0.85439,0.85445
2026-07-07 19:45:00+00:00,0.85448,0.85449,0.85432,0.85442
2026-07-07 20:00:00+00:00,0.85439,0.85449,0.85433,0.8544
2026-07-07 20:15:00+00:00,0.85439,0.85446,0.85432,0.85436
2026-07-07 20:30:00+00:00,0.85437,0.85445,0.85432,0.85439
2026-07-07 20:45:00+00:00,0.85435,0.85442,0.85421,0.85429
2026-07-07 21:00:00+00:00,0.85428,0.85487,0.85416,0.85455
2026-07-07 21:15:00+00:00,0.85447,0.85447,0.85385,0.85408
2026-07-07 21:30:00+00:00,0.85405,0.85405,0.85363,0.85369
2026-07-07 21:45:00+00:00,0.85381,0.85448,0.85364,0.85393
2026-07-07 22:00:00+00:00,0.85398,0.85442,0.85398,0.85433
2026-07-07 22:15:00+00:00,0.85431,0.85432,0.85419,0.85431
2026-07-07 22:30:00+00:00,0.85428,0.85436,0.85421,0.85425
2026-07-07 22:45:00+00:00,0.85427,0.85438,0.85424,0.85429
2026-07-07 23:00:00+00:00,0.8543,0.85434,0.85404,0.85422
2026-07-07 23:15:00+00:00,0.8542,0.85432,0.85409,0.85417
2026-07-07 23:30:00+00:00,0.85415,0.85425,0.85408,0.8541
2026-07-07 23:45:00+00:00,0.85412,0.85428,0.85407,0.85425
2026-07-08 00:00:00+00:00,0.8542,0.85452,0.85419,0.85447
2026-07-08 00:15:00+00:00,0.85446,0.85457,0.85435,0.85455
2026-07-08 00:30:00+00:00,0.85453,0.85463,0.85446,0.8545
2026-07-08 00:45:00+00:00,0.85453,0.85457,0.85425,0.85431
2026-07-08 01:00:00+00:00,0.85435,0.85442,0.8542,0.85434
2026-07-08 01:15:00+00:00,0.85431,0.85437,0.85418,0.85428
2026-07-08 01:30:00+00:00,0.85427,0.85441,0.85422,0.8543
2026-07-08 01:45:00+00:00,0.85435,0.85447,0.85414,0.8543
2026-07-08 02:00:00+00:00,0.85435,0.85447,0.85427,0.85441
2026-07-08 02:15:00+00:00,0.8544,0.85464,0.85434,0.85454
2026-07-08 02:30:00+00:00,0.85452,0.85464,0.85441,0.85463
2026-07-08 02:45:00+00:00,0.85461,0.85467,0.85453,0.85463
2026-07-08 03:00:00+00:00,0.85461,0.85472,0.8545,0.8546
2026-07-08 03:15:00+00:00,0.85457,0.85467,0.85449,0.85464
2026-07-08 03:30:00+00:00,0.85463,0.85468,0.85457,0.85468
2026-07-08 03:45:00+00:00,0.85467,0.85473,0.8546,0.85472
2026-07-08 04:00:00+00:00,0.85469,0.85479,0.85462,0.85473
2026-07-08 04:15:00+00:00,0.85472,0.85478,0.85463,0.85476
2026-07-08 04:30:00+00:00,0.85473,0.85489,0.85473,0.85481
2026-07-08 04:45:00+00:00,0.8548,0.85487,0.85469,0.85483
2026-07-08 05:00:00+00:00,0.8548,0.8549,0.85457,0.8548
2026-07-08 05:15:00+00:00,0.85478,0.85486,0.85469,0.85478
2026-07-08 05:30:00+00:00,0.85476,0.85499,0.85475,0.85496
2026-07-08 05:45:00+00:00,0.85492,0.85508,0.85478,0.85505
2026-07-08 06:00:00+00:00,0.85502,0.85514,0.85474,0.85476
2026-07-08 06:15:00+00:00,0.85481,0.85493,0.85451,0.85472
2026-07-08 06:30:00+00:00,0.8547,0.85479,0.85459,0.85475
2026-07-08 06:45:00+00:00,0.85473,0.85483,0.85458,0.85464
2026-07-08 07:00:00+00:00,0.85467,0.85501,0.85457,0.85479
2026-07-08 07:15:00+00:00,0.85481,0.855,0.85464,0.855
2026-07-08 07:30:00+00:00,0.85497,0.85519,0.85479,0.85498
2026-07-08 07:45:00+00:00,0.85496,0.85505,0.85482,0.85487
2026-07-08 08:00:00+00:00,0.85494,0.85502,0.85444,0.85465
2026-07-08 08:15:00+00:00,0.85461,0.85533,0.85381,0.85487
2026-07-08 08:30:00+00:00,0.85484,0.8551,0.8546,0.85495
2026-07-08 08:45:00+00:00,0.85499,0.85554,0.85486,0.8555
2026-07-08 09:00:00+00:00,0.85543,0.85549,0.85501,0.85546
2026-07-08 09:15:00+00:00,0.85542,0.85559,0.85494,0.85534
2026-07-08 09:30:00+00:00,0.85528,0.85547,0.85509,0.85519
2026-07-08 09:45:00+00:00,0.85518,0.85519,0.85455,0.85476
2026-07-08 10:00:00+00:00,0.85477,0.85485,0.85443,0.85449
2026-07-08 10:15:00+00:00,0.85462,0.85494,0.85453,0.85484
2026-07-08 10:30:00+00:00,0.85483,0.85494,0.85454,0.85464
2026-07-08 10:45:00+00:00,0.85461,0.85484,0.85444,0.85466
2026-07-08 11:00:00+00:00,0.85469,0.85505,0.85463,0.85498
2026-07-08 11:15:00+00:00,0.855,0.85519,0.85492,0.85503
2026-07-08 11:30:00+00:00,0.85508,0.85519,0.85453,0.85502
2026-07-08 11:45:00+00:00,0.85468,0.85489,0.85435,0.85473
2026-07-08 12:00:00+00:00,0.8547,0.8548,0.85417,0.85432
2026-07-08 12:15:00+00:00,0.85429,0.85441,0.85407,0.8541
2026-07-08 12:30:00+00:00,0.85413,0.85437,0.85399,0.85423
2026-07-08 12:45:00+00:00,0.8542,0.85432,0.8536,0.85425
2026-07-08 13:00:00+00:00,0.85421,0.85428,0.85402,0.85405
2026-07-08 13:15:00+00:00,0.8541,0.85414,0.8534,0.85344
2026-07-08 13:30:00+00:00,0.85351,0.85368,0.85305,0.85342
2026-07-08 13:45:00+00:00,0.85339,0.85357,0.85312,0.85347
2026-07-08 14:00:00+00:00,0.85345,0.85349,0.85317,0.85318
2026-07-08 14:15:00+00:00,0.85322,0.85344,0.85305,0.85333
2026-07-08 14:30:00+00:00,0.85331,0.85342,0.85305,0.85318
2026-07-08 14:45:00+00:00,0.85315,0.85338,0.85299,0.85318
2026-07-08 15:00:00+00:00,0.8531,0.85348,0.85296,0.85346
2026-07-08 15:15:00+00:00,0.85341,0.85359,0.85304,0.85313
2026-07-08 15:30:00+00:00,0.85317,0.85327,0.85261,0.85281
2026-07-08 15:45:00+00:00,0.85278,0.85291,0.8526,0.85289
2026-07-08 16:00:00+00:00,0.85287,0.85308,0.85278,0.85285
2026-07-08 16:15:00+00:00,0.8529,0.85294,0.8526,0.85264
2026-07-08 16:30:00+00:00,0.85265,0.85298,0.85259,0.85265
2026-07-08 16:45:00+00:00,0.85267,0.85292,0.85255,0.8528
2026-07-08 17:00:00+00:00,0.85278,0.85298,0.85216,0.85221
2026-07-08 17:15:00+00:00,0.8523,0.8524,0.85189,0.85237
2026-07-08 17:30:00+00:00,0.85232,0.85247,0.85219,0.85234
2026-07-08 17:45:00+00:00,0.85231,0.85247,0.8522,0.85244
2026-07-08 18:00:00+00:00,0.85242,0.85264,0.85225,0.85257
2026-07-08 18:15:00+00:00,0.85256,0.85267,0.85246,0.8525
2026-07-08 18:30:00+00:00,0.85257,0.85267,0.85238,0.85258
2026-07-08 18:45:00+00:00,0.85259,0.85272,0.85246,0.85271
2026-07-08 19:00:00+00:00,0.8527,0.85278,0.8525,0.85255
2026-07-08 19:15:00+00:00,0.85257,0.85264,0.85253,0.85255
2026-07-08 19:30:00+00:00,0.85258,0.85262,0.85238,0.85258
2026-07-08 19:45:00+00:00,0.85256,0.85277,0.85243,0.85271
2026-07-08 20:00:00+00:00,0.8527,0.85274,0.85243,0.85268
2026-07-08 20:15:00+00:00,0.85264,0.85275,0.85255,0.8527
2026-07-08 20:30:00+00:00,0.85267,0.85293,0.85261,0.85272
2026-07-08 20:45:00+00:00,0.85276,0.85285,0.85262,0.85265
2026-07-08 21:00:00+00:00,0.85269,0.85332,0.85257,0.85273
2026-07-08 21:15:00+00:00,0.85273,0.85306,0.85233,0.85273
2026-07-08 21:30:00+00:00,0.85272,0.8529,0.85244,0.85268
2026-07-08 21:45:00+00:00,0.85267,0.85267,0.85237,0.8526
2026-07-08 22:00:00+00:00,0.85254,0.85282,0.85254,0.85265
2026-07-08 22:15:00+00:00,0.85263,0.85271,0.85257,0.8527
2026-07-08 22:30:00+00:00,0.85269,0.85278,0.85263,0.85276
2026-07-08 22:45:00+00:00,0.85274,0.85277,0.85267,0.85277
2026-07-08 23:00:00+00:00,0.85275,0.85293,0.85266,0.85272
2026-07-08 23:15:00+00:00,0.8527,0.85281,0.85266,0.85274
2026-07-08 23:30:00+00:00,0.85274,0.85276,0.85262,0.85268
2026-07-08 23:45:00+00:00,0.85269,0.85282,0.85269,0.85272
2026-07-09 00:00:00+00:00,0.85275,0.85285,0.85264,0.8527
2026-07-09 00:15:00+00:00,0.85272,0.85276,0.8526,0.85273
2026-07-09 00:30:00+00:00,0.85272,0.85292,0.85265,0.85287
2026-07-09 00:45:00+00:00,0.85288,0.85293,0.85272,0.85285
2026-07-09 01:00:00+00:00,0.85282,0.85294,0.85269,0.85293
2026-07-09 01:15:00+00:00,0.85289,0.85307,0.85289,0.85306
2026-07-09 01:30:00+00:00,0.85304,0.85314,0.85292,0.85296
2026-07-09 01:45:00+00:00,0.85297,0.85297,0.85282,0.85285
2026-07-09 02:00:00+00:00,0.85287,0.85298,0.85272,0.85287
2026-07-09 02:15:00+00:00,0.85284,0.8529,0.85271,0.85281
2026-07-09 02:30:00+00:00,0.85279,0.85293,0.85273,0.85289
2026-07-09 02:45:00+00:00,0.85289,0.85299,0.85285,0.85295
2026-07-09 03:00:00+00:00,0.85292,0.85303,0.85289,0.85302
2026-07-09 03:15:00+00:00,0.85299,0.85315,0.8529,0.85304
2026-07-09 03:30:00+00:00,0.85302,0.85312,0.85286,0.85289
2026-07-09 03:45:00+00:00,0.85295,0.85305,0.85284,0.85304
2026-07-09 04:00:00+00:00,0.85302,0.85305,0.85288,0.85295
2026-07-09 04:15:00+00:00,0.85293,0.85298,0.85281,0.85297
2026-07-09 04:30:00+00:00,0.85294,0.85294,0.85281,0.85281
2026-07-09 04:45:00+00:00,0.85282,0.85287,0.85274,0.8528
2026-07-09 05:00:00+00:00,0.85282,0.85293,0.85268,0.85284
2026-07-09 05:15:00+00:00,0.85278,0.85288,0.8527,0.85279
2026-07-09 05:30:00+00:00,0.85276,0.85291,0.85266,0.85289
2026-07-09 05:45:00+00:00,0.85287,0.85295,0.85271,0.85275
2026-07-09 06:00:00+00:00,0.85277,0.85296,0.85263,0.85274
2026-07-09 06:15:00+00:00,0.85276,0.85282,0.85224,0.85264
2026-07-09 06:30:00+00:00,0.85262,0.85271,0.85232,0.85257
2026-07-09 06:45:00+00:00,0.85253,0.85256,0.85226,0.85235
2026-07-09 07:00:00+00:00,0.85236,0.8524,0.85207,0.8521
2026-07-09 07:15:00+00:00,0.85211,0.8522,0.8518,0.85201
2026-07-09 07:30:00+00:00,0.85198,0.85222,0.85186,0.85215
2026-07-09 07:45:00+00:00,0.85213,0.8525,0.85203,0.85242
2026-07-09 08:00:00+00:00,0.85242,0.85249,0.85209,0.85213
2026-07-09 08:15:00+00:00,0.85221,0.85244,0.85216,0.85237
2026-07-09 08:30:00+00:00,0.85235,0.85241,0.85185,0.85206
2026-07-09 08:45:00+00:00,0.85202,0.85217,0.85181,0.85187
2026-07-09 09:00:00+00:00,0.85197,0.85204,0.85184,0.85194
2026-07-09 09:15:00+00:00,0.85195,0.85202,0.85177,0.85185
2026-07-09 09:30:00+00:00,0.85184,0.85217,0.85173,0.85201
2026-07-09 09:45:00+00:00,0.85207,0.85223,0.85201,0.85219
2026-07-09 10:00:00+00:00,0.85213,0.85255,0.85213,0.85241
2026-07-09 10:15:00+00:00,0.85241,0.85253,0.85232,0.85251
2026-07-09 10:30:00+00:00,0.85247,0.85269,0.85244,0.85255
2026-07-09 10:45:00+00:00,0.85259,0.85276,0.85233,0.85275
2026-07-09 11:00:00+00:00,0.85272,0.85319,0.85272,0.85317
2026-07-09 11:15:00+00:00,0.85315,0.85336,0.85299,0.85335
2026-07-09 11:30:00+00:00,0.85331,0.8535,0.85317,0.85326
2026-07-09 11:45:00+00:00,0.85324,0.85365,0.85321,0.85364
2026-07-09 12:00:00+00:00,0.8536,0.85376,0.8535,0.8537
2026-07-09 12:15:00+00:00,0.85369,0.85376,0.85356,0.85363
2026-07-09 12:30:00+00:00,0.85364,0.85366,0.85324,0.85334
2026-07-09 12:45:00+00:00,0.8534,0.85385,0.85316,0.85343
2026-07-09 13:00:00+00:00,0.8535,0.85372,0.8534,0.8535
2026-07-09 13:15:00+00:00,0.8535,0.85367,0.85333,0.85349
2026-07-09 13:30:00+00:00,0.85347,0.85365,0.85323,0.85355
2026-07-09 13:45:00+00:00,0.85351,0.85376,0.85349,0.85356
2026-07-09 14:00:00+00:00,0.85354,0.85379,0.85325,0.85376
2026-07-09 14:15:00+00:00,0.8537,0.85388,0.85347,0.8536
2026-07-09 14:30:00+00:00,0.85361,0.85382,0.85349,0.85362
2026-07-09 14:45:00+00:00,0.8536,0.85409,0.85353,0.85377
2026-07-09 15:00:00+00:00,0.85371,0.85387,0.8533,0.85333
2026-07-09 15:15:00+00:00,0.85338,0.85357,0.85326,0.85337
2026-07-09 15:30:00+00:00,0.85341,0.85349,0.85307,0.85322
2026-07-09 15:45:00+00:00,0.85323,0.85336,0.85313,0.8532
2026-07-09 16:00:00+00:00,0.85324,0.8533,0.85295,0.85312
2026-07-09 16:15:00+00:00,0.85307,0.85331,0.85298,0.85329
2026-07-09 16:30:00+00:00,0.85327,0.85332,0.85302,0.85312
2026-07-09 16:45:00+00:00,0.8531,0.85312,0.85275,0.85287
2026-07-09 17:00:00+00:00,0.85285,0.85295,0.85272,0.85286
2026-07-09 17:15:00+00:00,0.85282,0.853,0.85276,0.85284
2026-07-09 17:30:00+00:00,0.85283,0.85284,0.85259,0.8527
2026-07-09 17:45:00+00:00,0.85268,0.8527,0.8525,0.85259
2026-07-09 18:00:00+00:00,0.85255,0.85262,0.85218,0.85229
2026-07-09 18:15:00+00:00,0.85227,0.85239,0.85212,0.85231
2026-07-09 18:30:00+00:00,0.85235,0.85245,0.85231,0.85239
2026-07-09 18:45:00+00:00,0.85238,0.85238,0.8522,0.85229
2026-07-09 19:00:00+00:00,0.85227,0.85228,0.85209,0.85226
2026-07-09 19:15:00+00:00,0.85224,0.85227,0.85201,0.85215
2026-07-09 19:30:00+00:00,0.85219,0.85246,0.85218,0.85244
2026-07-09 19:45:00+00:00,0.8524,0.85246,0.85224,0.85241
2026-07-09 20:00:00+00:00,0.85233,0.85241,0.8522,0.85236
2026-07-09 20:15:00+00:00,0.85234,0.85236,0.85223,0.85231
2026-07-09 20:30:00+00:00,0.85231,0.85243,0.85225,0.85236
2026-07-09 20:45:00+00:00,0.85234,0.85247,0.85227,0.85247
2026-07-09 21:00:00+00:00,0.85245,0.85301,0.85241,0.85283
2026-07-09 21:15:00+00:00,0.85278,0.85308,0.85258,0.85291
2026-07-09 21:30:00+00:00,0.85293,0.85297,0.85251,0.85269
2026-07-09 21:45:00+00:00,0.85267,0.85292,0.85224,0.85231
2026-07-09 22:00:00+00:00,0.85232,0.85275,0.85232,0.8526
2026-07-09 22:15:00+00:00,0.85258,0.85261,0.85244,0.85249
2026-07-09 22:30:00+00:00,0.85248,0.85253,0.85243,0.85244
2026-07-09 22:45:00+00:00,0.85246,0.85251,0.85239,0.85248
2026-07-09 23:00:00+00:00,0.85245,0.85253,0.85238,0.8525
2026-07-09 23:15:00+00:00,0.85248,0.8525,0.85236,0.85244
2026-07-09 23:30:00+00:00,0.85242,0.85248,0.85237,0.85237
2026-07-09 23:45:00+00:00,0.85239,0.8525,0.85236,0.85241
2026-07-10 00:00:00+00:00,0.85241,0.85257,0.85233,0.85256
2026-07-10 00:15:00+00:00,0.85254,0.85258,0.85243,0.85249
2026-07-10 00:30:00+00:00,0.85248,0.85252,0.85237,0.85238
2026-07-10 00:45:00+00:00,0.85242,0.85255,0.85221,0.85231
2026-07-10 01:00:00+00:00,0.8523,0.85245,0.85212,0.85229
2026-07-10 01:15:00+00:00,0.85226,0.85235,0.85207,0.85223
2026-07-10 01:30:00+00:00,0.85221,0.85231,0.85212,0.85217
2026-07-10 01:45:00+00:00,0.8522,0.85226,0.85193,0.85202
2026-07-10 02:00:00+00:00,0.85203,0.85217,0.85178,0.85191
2026-07-10 02:15:00+00:00,0.85189,0.85215,0.85185,0.85214
2026-07-10 02:30:00+00:00,0.85209,0.8522,0.85203,0.85206
2026-07-10 02:45:00+00:00,0.85209,0.85213,0.85191,0.85196
2026-07-10 03:00:00+00:00,0.85199,0.8521,0.85184,0.85206
2026-07-10 03:15:00+00:00,0.85203,0.85212,0.85194,0.85203
2026-07-10 03:30:00+00:00,0.85201,0.85205,0.85185,0.85194
2026-07-10 03:45:00+00:00,0.85193,0.85202,0.85179,0.85196
2026-07-10 04:00:00+00:00,0.85194,0.85204,0.85188,0.85203
2026-07-10 04:15:00+00:00,0.85201,0.85207,0.85186,0.85202
2026-07-10 04:30:00+00:00,0.852,0.85202,0.85187,0.85191
2026-07-10 04:45:00+00:00,0.85196,0.85203,0.85187,0.85196
2026-07-10 05:00:00+00:00,0.85197,0.85207,0.8518,0.85184
2026-07-10 05:15:00+00:00,0.85187,0.85195,0.85178,0.8519
2026-07-10 05:30:00+00:00,0.85188,0.85212,0.85182,0.85204
2026-07-10 05:45:00+00:00,0.85203,0.85206,0.85187,0.85198
2026-07-10 06:00:00+00:00,0.85199,0.85205,0.8517,0.85172
2026-07-10 06:15:00+00:00,0.85176,0.85216,0.85173,0.85213
2026-07-10 06:30:00+00:00,0.85211,0.85221,0.85189,0.85206
2026-07-10 06:45:00+00:00,0.85205,0.85225,0.8519,0.85223
2026-07-10 07:00:00+00:00,0.8522,0.85229,0.8517,0.8519
2026-07-10 07:15:00+00:00,0.85186,0.85219,0.85179,0.85216
2026-07-10 07:30:00+00:00,0.85211,0.85219,0.85178,0.85192
2026-07-10 07:45:00+00:00,0.85189,0.85221,0.85177,0.85219
2026-07-10 08:00:00+00:00,0.85215,0.85249,0.85209,0.85247
2026-07-10 08:15:00+00:00,0.85243,0.85244,0.85206,0.85242
2026-07-10 08:30:00+00:00,0.85236,0.85255,0.85224,0.85252
2026-07-10 08:45:00+00:00,0.85245,0.85258,0.85234,0.85237
2026-07-10 09:00:00+00:00,0.85242,0.85247,0.85226,0.85238
2026-07-10 09:15:00+00:00,0.85238,0.85241,0.85213,0.8522
2026-07-10 09:30:00+00:00,0.85218,0.8523,0.85202,0.8522
2026-07-10 09:45:00+00:00,0.85219,0.85222,0.85193,0.85219
2026-07-10 10:00:00+00:00,0.85218,0.85222,0.85188,0.8519
2026-07-10 10:15:00+00:00,0.85194,0.85205,0.85176,0.85189
2026-07-10 10:30:00+00:00,0.85185,0.8519,0.85165,0.85188
2026-07-10 10:45:00+00:00,0.85186,0.85197,0.85101,0.85109
2026-07-10 11:00:00+00:00,0.85122,0.85133,0.85091,0.85124
2026-07-10 11:15:00+00:00,0.85126,0.85147,0.85108,0.85145
2026-07-10 11:30:00+00:00,0.85141,0.8517,0.85131,0.8516
2026-07-10 11:45:00+00:00,0.85157,0.85162,0.85122,0.85144
2026-07-10 12:00:00+00:00,0.85142,0.85201,0.85121,0.85185
2026-07-10 12:15:00+00:00,0.85156,0.85184,0.85116,0.85142
2026-07-10 12:30:00+00:00,0.85139,0.85161,0.8513,0.85149
2026-07-10 12:45:00+00:00,0.85142,0.85167,0.85139,0.85165
2026-07-10 13:00:00+00:00,0.85161,0.85166,0.85138,0.85141
2026-07-10 13:15:00+00:00,0.85147,0.85159,0.85133,0.85157
2026-07-10 13:30:00+00:00,0.85152,0.85164,0.8514,0.85162
2026-07-10 13:45:00+00:00,0.85156,0.85199,0.8515,0.85183
2026-07-10 14:00:00+00:00,0.85188,0.85208,0.85176,0.85206
2026-07-10 14:15:00+00:00,0.85202,0.8521,0.85173,0.85195
2026-07-10 14:30:00+00:00,0.85192,0.85238,0.85139,0.85171
2026-07-10 14:45:00+00:00,0.85169,0.852,0.85153,0.85175
2026-07-10 15:00:00+00:00,0.85182,0.8521,0.8517,0.85195
2026-07-10 15:15:00+00:00,0.85198,0.85213,0.85179,0.85191
2026-07-10 15:30:00+00:00,0.852,0.85212,0.85184,0.85196
2026-07-10 15:45:00+00:00,0.85194,0.85235,0.85191,0.85221
2026-07-10 16:00:00+00:00,0.85222,0.85234,0.85212,0.85229
2026-07-10 16:15:00+00:00,0.85229,0.85255,0.85228,0.85238
2026-07-10 16:30:00+00:00,0.85241,0.85246,0.85219,0.85226
2026-07-10 16:45:00+00:00,0.8523,0.85245,0.85212,0.85217
2026-07-10 17:00:00+00:00,0.85226,0.85245,0.85212,0.8524
2026-07-10 17:15:00+00:00,0.85238,0.85244,0.85219,0.85237
2026-07-10 17:30:00+00:00,0.85238,0.85241,0.85219,0.85223
2026-07-10 17:45:00+00:00,0.85225,0.85225,0.85196,0.85202
2026-07-10 18:00:00+00:00,0.85205,0.8521,0.85195,0.85206
2026-07-10 18:15:00+00:00,0.85202,0.85207,0.85184,0.852
2026-07-10 18:30:00+00:00,0.85201,0.85218,0.85191,0.85206
2026-07-10 18:45:00+00:00,0.85211,0.85221,0.85203,0.8521
2026-07-10 19:00:00+00:00,0.85208,0.85215,0.85197,0.85214
2026-07-10 19:15:00+00:00,0.85211,0.85218,0.85206,0.8521
2026-07-10 19:30:00+00:00,0.85213,0.85214,0.85198,0.85211
2026-07-10 19:45:00+00:00,0.85208,0.85212,0.85197,0.85206
2026-07-10 20:00:00+00:00,0.85204,0.85212,0.85185,0.85201
2026-07-10 20:15:00+00:00,0.85199,0.85211,0.85183,0.85196
2026-07-10 20:30:00+00:00,0.85194,0.8521,0.85187,0.85199
2026-07-10 20:45:00+00:00,0.85195,0.85213,0.8517,0.85175
2026-07-10 21:00:00+00:00,0.85182,0.85229,0.85153,0.852
2026-07-10 21:15:00+00:00,0.85191,0.85233,0.85186,0.85189
2026-07-10 21:30:00+00:00,0.85194,0.85232,0.85181,0.8521
2026-07-10 21:45:00+00:00,0.85198,0.85243,0.85184,0.85192
2026-07-10 22:00:00+00:00,0.85193,0.85228,0.85155,0.85199
2026-07-10 22:15:00+00:00,0.85197,0.85221,0.85185,0.85206
2026-07-10 22:30:00+00:00,0.85207,0.85225,0.85183,0.85209
2026-07-10 22:45:00+00:00,0.85203,0.85223,0.85191,0.85207
2026-07-10 23:00:00+00:00,0.85208,0.85221,0.85167,0.85209
2026-07-10 23:15:00+00:00,0.85198,0.85224,0.85188,0.852
2026-07-10 23:30:00+00:00,0.85207,0.85219,0.85185,0.85198
2026-07-10 23:45:00+00:00,0.85198,0.85222,0.85192,0.85199
2026-07-11 00:00:00+00:00,0.852,0.85214,0.85161,0.85191
2026-07-11 00:15:00+00:00,0.8517,0.85236,0.85155,0.85161
2026-07-11 00:30:00+00:00,0.85161,0.85229,0.85149,0.85207
2026-07-11 00:45:00+00:00,0.85164,0.85262,0.85144,0.85163
2026-07-11 01:00:00+00:00,0.85168,0.85236,0.85154,0.8521
2026-07-11 01:15:00+00:00,0.85162,0.85229,0.85145,0.85162
2026-07-11 01:30:00+00:00,0.85163,0.85263,0.85145,0.852
2026-07-11 01:45:00+00:00,0.85178,0.85228,0.85156,0.85158
2026-07-11 02:00:00+00:00,0.8516,0.85238,0.85151,0.85204
2026-07-11 02:15:00+00:00,0.85163,0.85239,0.85142,0.85149
2026-07-11 02:30:00+00:00,0.85162,0.85242,0.85138,0.85206
2026-07-11 02:45:00+00:00,0.85161,0.85239,0.85147,0.85162
2026-07-11 03:00:00+00:00,0.85164,0.85235,0.85151,0.85206
2026-07-11 03:15:00+00:00,0.85177,0.85235,0.85142,0.85186
2026-07-11 03:30:00+00:00,0.85166,0.85228,0.85148,0.8519
2026-07-11 03:45:00+00:00,0.85174,0.85253,0.85141,0.85184
2026-07-11 04:00:00+00:00,0.85162,0.85213,0.85141,0.85185
2026-07-11 04:15:00+00:00,0.85174,0.85212,0.85144,0.85178
2026-07-11 04:30:00+00:00,0.85165,0.85207,0.85153,0.85186
2026-07-11 04:45:00+00:00,0.85161,0.85207,0.85145,0.85172
2026-07-11 05:00:00+00:00,0.85167,0.85204,0.85151,0.85188
2026-07-11 05:15:00+00:00,0.85166,0.85217,0.85162,0.85166
2026-07-11 05:30:00+00:00,0.85166,0.85208,0.85162,0.8517
2026-07-11 05:45:00+00:00,0.85169,0.85231,0.85156,0.85157
2026-07-11 06:00:00+00:00,0.85161,0.85215,0.85161,0.85191
2026-07-11 06:15:00+00:00,0.85166,0.85222,0.85159,0.85165
2026-07-11 06:30:00+00:00,0.85163,0.85217,0.85157,0.85172
2026-07-11 06:45:00+00:00,0.85176,0.85231,0.85153,0.85157
2026-07-11 07:00:00+00:00,0.85165,0.85231,0.85154,0.85207
2026-07-11 07:15:00+00:00,0.85163,0.85227,0.85152,0.85191
2026-07-11 07:30:00+00:00,0.85164,0.8523,0.85161,0.85192
2026-07-11 07:45:00+00:00,0.85166,0.85212,0.85162,0.85166
2026-07-11 08:00:00+00:00,0.85167,0.85243,0.85152,0.85212
2026-07-11 08:15:00+00:00,0.85159,0.85259,0.85144,0.85157
2026-07-11 08:30:00+00:00,0.85159,0.85243,0.85151,0.85214
2026-07-11 08:45:00+00:00,0.8516,0.85254,0.8515,0.85153
2026-07-11 09:00:00+00:00,0.85157,0.85265,0.85147,0.85164
2026-07-11 09:15:00+00:00,0.85164,0.8524,0.85151,0.85155
2026-07-11 09:30:00+00:00,0.85157,0.85243,0.85145,0.85196
2026-07-11 09:45:00+00:00,0.85166,0.85228,0.85148,0.85169
2026-07-11 10:00:00+00:00,0.85163,0.85218,0.8515,0.85165
2026-07-11 10:15:00+00:00,0.85163,0.85214,0.85136,0.85162
2026-07-11 10:30:00+00:00,0.85168,0.85206,0.85149,0.85177
2026-07-11 10:45:00+00:00,0.85169,0.85216,0.85159,0.85177
2026-07-11 11:00:00+00:00,0.85169,0.85204,0.85159,0.85162
2026-07-11 11:15:00+00:00,0.85169,0.85219,0.85153,0.85159
2026-07-11 11:30:00+00:00,0.8516,0.85281,0.85138,0.8518
2026-07-11 11:45:00+00:00,0.85178,0.85181,0.85176,0.85179
2026-07-11 12:00:00+00:00,0.85178,0.85248,0.85176,0.85186
2026-07-11 12:15:00+00:00,0.85184,0.85189,0.85183,0.85185
2026-07-11 12:30:00+00:00,0.85185,0.8523,0.85183,0.85189
2026-07-11 12:45:00+00:00,0.85187,0.85226,0.85184,0.85192
2026-07-11 13:00:00+00:00,0.85188,0.85192,0.85187,0.85188
2026-07-11 13:15:00+00:00,0.85188,0.85213,0.85182,0.85189
2026-07-11 13:30:00+00:00,0.85189,0.85193,0.85188,0.8519
2026-07-11 13:45:00+00:00,0.85189,0.8521,0.85186,0.85191
2026-07-11 14:00:00+00:00,0.85189,0.85206,0.85174,0.85191
2026-07-11 14:15:00+00:00,0.85188,0.85192,0.85187,0.85188
2026-07-11 14:30:00+00:00,0.85188,0.85208,0.85187,0.8519
2026-07-11 14:45:00+00:00,0.85189,0.85193,0.85188,0.85191
2026-07-11 15:00:00+00:00,0.85189,0.85202,0.85186,0.85189
2026-07-11 15:15:00+00:00,0.85189,0.85202,0.85188,0.85189
2026-07-11 15:30:00+00:00,0.8519,0.85193,0.85188,0.85191
2026-07-11 15:45:00+00:00,0.8519,0.852,0.85188,0.85192
2026-07-11 16:00:00+00:00,0.8519,0.85194,0.85163,0.85187
2026-07-11 16:15:00+00:00,0.85184,0.85203,0.85183,0.85185
2026-07-11 16:30:00+00:00,0.85186,0.85204,0.85182,0.85198
2026-07-11 16:45:00+00:00,0.85188,0.85191,0.85169,0.85185
2026-07-11 17:00:00+00:00,0.85182,0.85232,0.85174,0.8522
2026-07-11 17:15:00+00:00,0.85198,0.85202,0.85197,0.85197
2026-07-11 17:30:00+00:00,0.85198,0.85265,0.8519,0.85198
2026-07-11 17:45:00+00:00,0.85196,0.85252,0.85194,0.85233
2026-07-11 18:00:00+00:00,0.85197,0.85203,0.8519,0.852
2026-07-11 18:15:00+00:00,0.85198,0.8523,0.85187,0.85193
2026-07-11 18:30:00+00:00,0.85194,0.85198,0.85193,0.85194
2026-07-11 18:45:00+00:00,0.85194,0.85217,0.8519,0.85199
2026-07-11 19:00:00+00:00,0.85197,0.85211,0.85187,0.85204
2026-07-11 19:15:00+00:00,0.8519,0.85194,0.85188,0.8519
2026-07-11 19:30:00+00:00,0.8519,0.85208,0.85189,0.8519
2026-07-11 19:45:00+00:00,0.85191,0.85194,0.85189,0.85192
2026-07-11 20:00:00+00:00,0.85191,0.85201,0.85186,0.85192
2026-07-11 20:15:00+00:00,0.8519,0.85203,0.85189,0.8519
2026-07-11 20:30:00+00:00,0.8519,0.85194,0.85189,0.8519
2026-07-11 20:45:00+00:00,0.8519,0.852,0.85189,0.85192
2026-07-11 21:00:00+00:00,0.8519,0.85194,0.85189,0.85192
2026-07-11 21:15:00+00:00,0.8519,0.85198,0.85189,0.85192
2026-07-11 21:30:00+00:00,0.8519,0.85193,0.85158,0.85161
2026-07-11 21:45:00+00:00,0.8517,0.85182,0.85167,0.8517
2026-07-11 22:00:00+00:00,0.85168,0.85173,0.85166,0.85171
2026-07-11 22:15:00+00:00,0.85169,0.85172,0.85167,0.85168
2026-07-11 22:30:00+00:00,0.85168,0.8518,0.85164,0.85168
2026-07-11 22:45:00+00:00,0.85168,0.85203,0.85167,0.85191
2026-07-11 23:00:00+00:00,0.85168,0.85181,0.85166,0.85171
2026-07-11 23:15:00+00:00,0.85169,0.85203,0.85165,0.8518
2026-07-11 23:30:00+00:00,0.85179,0.8518,0.85168,0.85172
2026-07-11 23:45:00+00:00,0.85172,0.85203,0.85168,0.85175
2026-07-12 00:00:00+00:00,0.85175,0.852,0.85174,0.85193
2026-07-12 00:15:00+00:00,0.85177,0.85202,0.85174,0.85182
2026-07-12 00:30:00+00:00,0.85181,0.852,0.85178,0.85181
2026-07-12 00:45:00+00:00,0.85181,0.85187,0.85166,0.85177
2026-07-12 01:00:00+00:00,0.85177,0.85197,0.85174,0.85183
2026-07-12 01:15:00+00:00,0.85182,0.85188,0.8518,0.85185
2026-07-12 01:30:00+00:00,0.85184,0.85202,0.85183,0.85185
2026-07-12 01:45:00+00:00,0.85185,0.85198,0.85183,0.85185
2026-07-12 02:00:00+00:00,0.85185,0.85189,0.85184,0.85187
2026-07-12 02:15:00+00:00,0.85185,0.85197,0.85184,0.85188
2026-07-12 02:30:00+00:00,0.85186,0.85191,0.85162,0.85176
2026-07-12 02:45:00+00:00,0.85176,0.85199,0.85175,0.85183
2026-07-12 03:00:00+00:00,0.85183,0.85202,0.85182,0.85186
2026-07-12 03:15:00+00:00,0.85185,0.8519,0.85183,0.85188
2026-07-12 03:30:00+00:00,0.85187,0.85201,0.85184,0.85186
2026-07-12 03:45:00+00:00,0.85186,0.8519,0.85185,0.85186
2026-07-12 04:00:00+00:00,0.85186,0.85198,0.85185,0.85189
2026-07-12 04:15:00+00:00,0.85187,0.85195,0.85185,0.8519
2026-07-12 04:30:00+00:00,0.85188,0.85192,0.85186,0.85188
2026-07-12 04:45:00+00:00,0.85188,0.85199,0.85186,0.85188
2026-07-12 05:00:00+00:00,0.85188,0.85192,0.85187,0.8519
2026-07-12 05:15:00+00:00,0.85188,0.85197,0.85188,0.85191
2026-07-12 05:30:00+00:00,0.85189,0.85196,0.85188,0.85191
2026-07-12 05:45:00+00:00,0.8519,0.85193,0.85188,0.85189
2026-07-12 06:00:00+00:00,0.8519,0.85201,0.85159,0.85182
2026-07-12 06:15:00+00:00,0.85182,0.85186,0.85181,0.85184
2026-07-12 06:30:00+00:00,0.85182,0.85201,0.85181,0.85185
2026-07-12 06:45:00+00:00,0.85184,0.85199,0.85183,0.85185
2026-07-12 07:00:00+00:00,0.85185,0.85189,0.85184,0.85185
2026-07-12 07:15:00+00:00,0.85185,0.85198,0.85184,0.85188
2026-07-12 07:30:00+00:00,0.85186,0.8519,0.85184,0.85187
2026-07-12 07:45:00+00:00,0.85185,0.85195,0.85185,0.85188
2026-07-12 08:00:00+00:00,0.85188,0.85198,0.85187,0.85188
2026-07-12 08:15:00+00:00,0.85189,0.85192,0.85187,0.85192
2026-07-12 08:30:00+00:00,0.8519,0.85199,0.85189,0.85192
2026-07-12 08:45:00+00:00,0.8519,0.85194,0.85189,0.85192
2026-07-12 09:00:00+00:00,0.8519,0.85197,0.85189,0.8519
2026-07-12 09:15:00+00:00,0.85191,0.85195,0.85188,0.85191
2026-07-12 09:30:00+00:00,0.8519,0.85194,0.85189,0.85192
2026-07-12 09:45:00+00:00,0.8519,0.85199,0.85189,0.85191
2026-07-12 10:00:00+00:00,0.8519,0.85194,0.85189,0.8519
2026-07-12 10:15:00+00:00,0.8519,0.85194,0.85189,0.85192
2026-07-12 10:30:00+00:00,0.8519,0.85194,0.85189,0.85192
2026-07-12 10:45:00+00:00,0.8519,0.85194,0.85189,0.85191
2026-07-12 11:00:00+00:00,0.8519,0.85194,0.85189,0.8519
2026-07-12 11:15:00+00:00,0.8519,0.85194,0.85189,0.85192
2026-07-12 11:30:00+00:00,0.8519,0.85194,0.85163,0.85174
2026-07-12 11:45:00+00:00,0.85173,0.85177,0.85171,0.85175
2026-07-12 12:00:00+00:00,0.85174,0.85198,0.85171,0.85189
2026-07-12 12:15:00+00:00,0.8519,0.85193,0.85188,0.8519
2026-07-12 12:30:00+00:00,0.8519,0.85208,0.85188,0.85205
2026-07-12 12:45:00+00:00,0.85203,0.85217,0.85193,0.85214
2026-07-12 13:00:00+00:00,0.85213,0.85217,0.85212,0.85212
2026-07-12 13:15:00+00:00,0.85213,0.85231,0.85158,0.85166
2026-07-12 13:30:00+00:00,0.85166,0.8517,0.85164,0.85167
2026-07-12 13:45:00+00:00,0.85166,0.85191,0.85162,0.85185
2026-07-12 14:00:00+00:00,0.85183,0.85216,0.85147,0.85208
2026-07-12 14:15:00+00:00,0.85194,0.85198,0.85193,0.85194
2026-07-12 14:30:00+00:00,0.85194,0.85221,0.85184,0.85207
2026-07-12 14:45:00+00:00,0.85206,0.85211,0.85198,0.85202
2026-07-12 15:00:00+00:00,0.852,0.85208,0.85178,0.85183
2026-07-12 15:15:00+00:00,0.85183,0.85211,0.85171,0.85196
2026-07-12 15:30:00+00:00,0.85197,0.85201,0.85196,0.85198
2026-07-12 15:45:00+00:00,0.85197,0.85247,0.85196,0.85238
2026-07-12 16:00:00+00:00,0.85236,0.85257,0.85191,0.85197
2026-07-12 16:15:00+00:00,0.85196,0.85216,0.85195,0.85207
2026-07-12 16:30:00+00:00,0.85207,0.85211,0.85169,0.85171
2026-07-12 16:45:00+00:00,0.85175,0.85175,0.85159,0.85163
2026-07-12 17:00:00+00:00,0.85161,0.85188,0.85135,0.85171
2026-07-12 17:15:00+00:00,0.8517,0.85172,0.8514,0.85156
2026-07-12 17:30:00+00:00,0.85155,0.85174,0.85145,0.85165
2026-07-12 17:45:00+00:00,0.85163,0.85187,0.85155,0.8518
2026-07-12 18:00:00+00:00,0.85178,0.85266,0.85138,0.85151
2026-07-12 18:15:00+00:00,0.85152,0.85254,0.85123,0.85211
2026-07-12 18:30:00+00:00,0.85196,0.85196,0.85157,0.85161
2026-07-12 18:45:00+00:00,0.85162,0.85188,0.85159,0.8518
2026-07-12 19:00:00+00:00,0.85168,0.85324,0.85132,0.85168
2026-07-12 19:15:00+00:00,0.85169,0.85253,0.85139,0.85186
2026-07-12 19:30:00+00:00,0.85172,0.85267,0.85125,0.85161
2026-07-12 19:45:00+00:00,0.8517,0.85271,0.85111,0.85237
2026-07-12 20:00:00+00:00,0.85181,0.85276,0.85104,0.85208
2026-07-12 20:15:00+00:00,0.85179,0.85267,0.85139,0.8522
2026-07-12 20:30:00+00:00,0.85166,0.85258,0.85142,0.85144
2026-07-12 20:45:00+00:00,0.85148,0.85255,0.85138,0.85181
2026-07-12 21:00:00+00:00,0.85173,0.85261,0.85123,0.85217
2026-07-12 21:15:00+00:00,0.85181,0.85263,0.85142,0.85184
2026-07-12 21:30:00+00:00,0.8518,0.85188,0.85135,0.85179
2026-07-12 21:45:00+00:00,0.85181,0.85207,0.85179,0.85185
2026-07-12 22:00:00+00:00,0.85189,0.85226,0.85142,0.85174
2026-07-12 22:15:00+00:00,0.85164,0.85188,0.85154,0.85182
2026-07-12 22:30:00+00:00,0.85178,0.8519,0.85169,0.85189
2026-07-12 22:45:00+00:00,0.85188,0.85195,0.85182,0.85195
2026-07-12 23:00:00+00:00,0.85194,0.85216,0.85179,0.85214
2026-07-12 23:15:00+00:00,0.85207,0.85218,0.85199,0.85216
2026-07-12 23:30:00+00:00,0.85214,0.85215,0.85195,0.852
2026-07-12 23:45:00+00:00,0.852,0.85217,0.85183,0.85189
2026-07-13 00:00:00+00:00,0.85194,0.85201,0.85177,0.85185
2026-07-13 00:15:00+00:00,0.85183,0.85206,0.85174,0.85197
2026-07-13 00:30:00+00:00,0.85196,0.85202,0.85176,0.85184
2026-07-13 00:45:00+00:00,0.85185,0.852,0.85182,0.85189
2026-07-13 01:00:00+00:00,0.85192,0.85204,0.85176,0.8518
2026-07-13 01:15:00+00:00,0.85186,0.85189,0.8515,0.85165
2026-07-13 01:30:00+00:00,0.85167,0.85185,0.85156,0.85169
2026-07-13 01:45:00+00:00,0.85167,0.85173,0.8515,0.85161
2026-07-13 02:00:00+00:00,0.85165,0.85185,0.85151,0.85172
2026-07-13 02:15:00+00:00,0.8517,0.85178,0.85161,0.85174
2026-07-13 02:30:00+00:00,0.85172,0.85181,0.85165,0.85181
2026-07-13 02:45:00+00:00,0.8518,0.85187,0.85165,0.85176
2026-07-13 03:00:00+00:00,0.85177,0.85194,0.85169,0.85188
2026-07-13 03:15:00+00:00,0.85188,0.852,0.85182,0.85191
2026-07-13 03:30:00+00:00,0.85189,0.85199,0.85185,0.85188
2026-07-13 03:45:00+00:00,0.85189,0.85208,0.85179,0.85206
2026-07-13 04:00:00+00:00,0.85203,0.85214,0.85194,0.85208
2026-07-13 04:15:00+00:00,0.85206,0.85214,0.85197,0.85205
2026-07-13 04:30:00+00:00,0.85203,0.85213,0.85199,0.85211
2026-07-13 04:45:00+00:00,0.8521,0.85216,0.85201,0.85211
2026-07-13 05:00:00+00:00,0.85209,0.85222,0.85197,0.85221
2026-07-13 05:15:00+00:00,0.85218,0.85225,0.85206,0.85218
2026-07-13 05:30:00+00:00,0.85216,0.8522,0.85198,0.85218
2026-07-13 05:45:00+00:00,0.85216,0.8522,0.85183,0.85187
2026-07-13 06:00:00+00:00,0.85194,0.85201,0.85176,0.85179
2026-07-13 06:15:00+00:00,0.85185,0.85192,0.85164,0.85175
2026-07-13 06:30:00+00:00,0.85172,0.85202,0.85162,0.85201
2026-07-13 06:45:00+00:00,0.85198,0.85262,0.85191,0.85233
2026-07-13 07:00:00+00:00,0.85231,0.85234,0.85206,0.85232
2026-07-13 07:15:00+00:00,0.8523,0.85239,0.85212,0.85229
2026-07-13 07:30:00+00:00,0.85224,0.85307,0.85219,0.85291
2026-07-13 07:45:00+00:00,0.85288,0.85333,0.85281,0.85301
2026-07-13 08:00:00+00:00,0.85299,0.85366,0.85297,0.85336
2026-07-13 08:15:00+00:00,0.85346,0.8537,0.85329,0.85361
2026-07-13 08:30:00+00:00,0.85358,0.85394,0.85345,0.85392
2026-07-13 08:45:00+00:00,0.85386,0.85386,0.85348,0.85376
2026-07-13 09:00:00+00:00,0.85371,0.85391,0.85359,0.85361
2026-07-13 09:15:00+00:00,0.85363,0.85399,0.85353,0.85397
2026-07-13 09:30:00+00:00,0.85392,0.85394,0.85348,0.85352
2026-07-13 09:45:00+00:00,0.85351,0.85371,0.85344,0.85366
2026-07-13 10:00:00+00:00,0.85364,0.85385,0.85353,0.85384
2026-07-13 10:15:00+00:00,0.85381,0.8541,0.85363,0.85396
2026-07-13 10:30:00+00:00,0.85402,0.85404,0.85373,0.85389
2026-07-13 10:45:00+00:00,0.85386,0.85388,0.85351,0.85364
2026-07-13 11:00:00+00:00,0.85362,0.85362,0.85299,0.85322
2026-07-13 11:15:00+00:00,0.85326,0.85363,0.8532,0.85341
2026-07-13 11:30:00+00:00,0.85345,0.85355,0.85323,0.85332
2026-07-13 11:45:00+00:00,0.85329,0.85338,0.85301,0.85328
2026-07-13 12:00:00+00:00,0.85321,0.85348,0.85297,0.85332
2026-07-13 12:15:00+00:00,0.85334,0.85341,0.85304,0.8532
2026-07-13 12:30:00+00:00,0.8532,0.85328,0.853,0.85308
2026-07-13 12:45:00+00:00,0.85307,0.85324,0.85292,0.85318
2026-07-13 13:00:00+00:00,0.85313,0.85333,0.85295,0.85319
2026-07-13 13:15:00+00:00,0.8532,0.85322,0.85281,0.85291
2026-07-13 13:30:00+00:00,0.85294,0.85322,0.85286,0.85319
2026-07-13 13:45:00+00:00,0.85313,0.8532,0.85261,0.85265
2026-07-13 14:00:00+00:00,0.8527,0.8531,0.85266,0.85299
2026-07-13 14:15:00+00:00,0.85304,0.85363,0.85228,0.8527
2026-07-13 14:30:00+00:00,0.85271,0.85283,0.85244,0.85281
2026-07-13 14:45:00+00:00,0.85275,0.85287,0.85237,0.85264
2026-07-13 15:00:00+00:00,0.85255,0.85271,0.8522,0.85227
2026-07-13 15:15:00+00:00,0.85239,0.8525,0.85211,0.85212
2026-07-13 15:30:00+00:00,0.85213,0.85217,0.8519,0.85209
2026-07-13 15:45:00+00:00,0.85207,0.85224,0.852,0.85222
2026-07-13 16:00:00+00:00,0.8522,0.8522,0.85178,0.85193
2026-07-13 16:15:00+00:00,0.85194,0.852,0.85172,0.85179
2026-07-13 16:30:00+00:00,0.85192,0.85235,0.85165,0.85201
2026-07-13 16:45:00+00:00,0.85203,0.85234,0.85193,0.85226
2026-07-13 17:00:00+00:00,0.85224,0.85233,0.85206,0.85219
2026-07-13 17:15:00+00:00,0.85217,0.85236,0.85209,0.85228
2026-07-13 17:30:00+00:00,0.8523,0.8525,0.85223,0.85239
2026-07-13 17:45:00+00:00,0.8524,0.85245,0.85226,0.85241
2026-07-13 18:00:00+00:00,0.8524,0.85259,0.85223,0.85255
2026-07-13 18:15:00+00:00,0.85253,0.85262,0.8524,0.85245
2026-07-13 18:30:00+00:00,0.85249,0.85254,0.85236,0.85242
2026-07-13 18:45:00+00:00,0.85242,0.85245,0.85224,0.85238
2026-07-13 19:00:00+00:00,0.85235,0.85248,0.85217,0.85242
2026-07-13 19:15:00+00:00,0.85239,0.85252,0.85236,0.85243
2026-07-13 19:30:00+00:00,0.85243,0.85257,0.85237,0.85244
2026-07-13 19:45:00+00:00,0.85246,0.85253,0.85239,0.85244
2026-07-13 20:00:00+00:00,0.85247,0.85259,0.85225,0.85251
2026-07-13 20:15:00+00:00,0.85249,0.85279,0.85237,0.85278
2026-07-13 20:30:00+00:00,0.85277,0.85282,0.85264,0.85268
2026-07-13 20:45:00+00:00,0.85272,0.85282,0.85263,0.85271
2026-07-13 21:00:00+00:00,0.85272,0.85302,0.85213,0.85233
2026-07-13 21:15:00+00:00,0.85245,0.85296,0.85222,0.85239
2026-07-13 21:30:00+00:00,0.85245,0.8532,0.85245,0.85264
2026-07-13 21:45:00+00:00,0.85273,0.85301,0.85273,0.85284
2026-07-13 22:00:00+00:00,0.85283,0.85291,0.8525,0.85278
2026-07-13 22:15:00+00:00,0.85276,0.85276,0.85263,0.85264
2026-07-13 22:30:00+00:00,0.85266,0.85276,0.8526,0.85266
2026-07-13 22:45:00+00:00,0.85266,0.8527,0.85251,0.85267
2026-07-13 23:00:00+00:00,0.85265,0.85273,0.85248,0.85264
2026-07-13 23:15:00+00:00,0.85262,0.85273,0.85257,0.85263
2026-07-13 23:30:00+00:00,0.85266,0.85269,0.85258,0.85262
2026-07-13 23:45:00+00:00,0.85262,0.85282,0.85259,0.85275
2026-07-14 00:00:00+00:00,0.85274,0.85282,0.85259,0.85275
2026-07-14 00:15:00+00:00,0.85272,0.85289,0.85255,0.8528
2026-07-14 00:30:00+00:00,0.85279,0.85295,0.85274,0.85277
2026-07-14 00:45:00+00:00,0.85278,0.85296,0.85255,0.85267
2026-07-14 01:00:00+00:00,0.85267,0.85282,0.85255,0.85278
2026-07-14 01:15:00+00:00,0.85278,0.85282,0.85254,0.85268
2026-07-14 01:30:00+00:00,0.85266,0.85287,0.85265,0.85281
2026-07-14 01:45:00+00:00,0.8528,0.85291,0.85265,0.8528
2026-07-14 02:00:00+00:00,0.85281,0.85287,0.85266,0.85275
2026-07-14 02:15:00+00:00,0.85273,0.85295,0.85271,0.8529
2026-07-14 02:30:00+00:00,0.85288,0.85296,0.85276,0.85287
2026-07-14 02:45:00+00:00,0.85287,0.85288,0.85273,0.8528
2026-07-14 03:00:00+00:00,0.85281,0.85287,0.85264,0.8528
2026-07-14 03:15:00+00:00,0.85279,0.85289,0.85267,0.85288
2026-07-14 03:30:00+00:00,0.85283,0.85291,0.8527,0.85281
2026-07-14 03:45:00+00:00,0.85279,0.85281,0.85267,0.85274
2026-07-14 04:00:00+00:00,0.85276,0.85282,0.85264,0.8528
2026-07-14 04:15:00+00:00,0.85274,0.85282,0.8527,0.85281
2026-07-14 04:30:00+00:00,0.85279,0.85281,0.85261,0.85265
2026-07-14 04:45:00+00:00,0.85267,0.85272,0.85244,0.85265
2026-07-14 05:00:00+00:00,0.85268,0.85274,0.85256,0.85268
2026-07-14 05:15:00+00:00,0.85266,0.85266,0.85242,0.85251
2026-07-14 05:30:00+00:00,0.85249,0.85252,0.85226,0.85236
2026-07-14 05:45:00+00:00,0.85234,0.8525,0.85225,0.85246
2026-07-14 06:00:00+00:00,0.85246,0.85255,0.85225,0.8524
2026-07-14 06:15:00+00:00,0.85247,0.85272,0.85241,0.85271
2026-07-14 06:30:00+00:00,0.85267,0.85292,0.85256,0.8527
2026-07-14 06:45:00+00:00,0.85267,0.8527,0.85239,0.85245
2026-07-14 07:00:00+00:00,0.85253,0.85291,0.85233,0.85276
2026-07-14 07:15:00+00:00,0.85279,0.85304,0.85273,0.85289
2026-07-14 07:30:00+00:00,0.85285,0.85292,0.8525,0.85261
2026-07-14 07:45:00+00:00,0.85259,0.85314,0.85251,0.85312
2026-07-14 08:00:00+00:00,0.85308,0.85326,0.85296,0.85316
2026-07-14 08:15:00+00:00,0.85319,0.85333,0.85305,0.85323
2026-07-14 08:30:00+00:00,0.85316,0.85327,0.85267,0.85289
2026-07-14 08:45:00+00:00,0.85283,0.85288,0.85225,0.85241
2026-07-14 09:00:00+00:00,0.85239,0.85243,0.85214,0.85228
2026-07-14 09:15:00+00:00,0.8523,0.85235,0.85192,0.85195
2026-07-14 09:30:00+00:00,0.85199,0.85204,0.85183,0.85201
2026-07-14 09:45:00+00:00,0.85197,0.85216,0.85182,0.85211
2026-07-14 10:00:00+00:00,0.85211,0.85216,0.85185,0.85193
2026-07-14 10:15:00+00:00,0.85198,0.85207,0.85182,0.85183
2026-07-14 10:30:00+00:00,0.85184,0.85195,0.85177,0.85186
2026-07-14 10:45:00+00:00,0.85183,0.85204,0.85176,0.85202
2026-07-14 11:00:00+00:00,0.85197,0.85221,0.85177,0.85214
2026-07-14 11:15:00+00:00,0.8521,0.85212,0.85183,0.85196
2026-07-14 11:30:00+00:00,0.85193,0.8522,0.85184,0.85219
2026-07-14 11:45:00+00:00,0.85217,0.85232,0.85209,0.85229
2026-07-14 12:00:00+00:00,0.85227,0.85234,0.85204,0.8523
2026-07-14 12:15:00+00:00,0.85224,0.85262,0.85214,0.8526
2026-07-14 12:30:00+00:00,0.85257,0.85611,0.85161,0.85322
2026-07-14 12:45:00+00:00,0.85312,0.85377,0.85253,0.8536
2026-07-14 13:00:00+00:00,0.85364,0.85409,0.85331,0.85361
2026-07-14 13:15:00+00:00,0.85377,0.85441,0.85356,0.85426
2026-07-14 13:30:00+00:00,0.85433,0.85443,0.85366,0.85395
2026-07-14 13:45:00+00:00,0.85385,0.85394,0.85343,0.8535
2026-07-14 14:00:00+00:00,0.85354,0.8539,0.85345,0.85387
2026-07-14 14:15:00+00:00,0.85386,0.85399,0.85355,0.85372
2026-07-14 14:30:00+00:00,0.85381,0.85474,0.85362,0.85365
2026-07-14 14:45:00+00:00,0.85369,0.85383,0.8533,0.85374
2026-07-14 15:00:00+00:00,0.85372,0.85417,0.85367,0.85401
2026-07-14 15:15:00+00:00,0.85401,0.85431,0.85385,0.85405
2026-07-14 15:30:00+00:00,0.85408,0.85439,0.85381,0.85411
2026-07-14 15:45:00+00:00,0.85411,0.85414,0.85371,0.85389
2026-07-14 16:00:00+00:00,0.85392,0.85414,0.85379,0.85391
2026-07-14 16:15:00+00:00,0.85393,0.85413,0.85387,0.8539
2026-07-14 16:30:00+00:00,0.85395,0.85399,0.85373,0.85395
2026-07-14 16:45:00+00:00,0.85394,0.85402,0.85372,0.85378
2026-07-14 17:00:00+00:00,0.85378,0.85401,0.85368,0.854
2026-07-14 17:15:00+00:00,0.85397,0.85433,0.85386,0.85416
2026-07-14 17:30:00+00:00,0.85417,0.85419,0.85389,0.85399
2026-07-14 17:45:00+00:00,0.85396,0.85408,0.8538,0.85386
2026-07-14 18:00:00+00:00,0.85392,0.85403,0.85367,0.8537
2026-07-14 18:15:00+00:00,0.85376,0.85387,0.85354,0.85359
2026-07-14 18:30:00+00:00,0.85362,0.85384,0.85346,0.85374
2026-07-14 18:45:00+00:00,0.85375,0.8539,0.85362,0.85364
2026-07-14 19:00:00+00:00,0.85365,0.85371,0.85353,0.85356
2026-07-14 19:15:00+00:00,0.8536,0.85365,0.85338,0.85339
2026-07-14 19:30:00+00:00,0.85341,0.85351,0.85326,0.85329
2026-07-14 19:45:00+00:00,0.85329,0.8533,0.85296,0.85304
2026-07-14 20:00:00+00:00,0.85303,0.85314,0.85288,0.85301
2026-07-14 20:15:00+00:00,0.85305,0.85305,0.8529,0.85298
2026-07-14 20:30:00+00:00,0.85298,0.85307,0.85294,0.85301
2026-07-14 20:45:00+00:00,0.85301,0.85307,0.85283,0.85289
2026-07-14 21:00:00+00:00,0.85288,0.85365,0.85281,0.85361
2026-07-14 21:15:00+00:00,0.85353,0.85385,0.85273,0.85317
2026-07-14 21:30:00+00:00,0.85305,0.85332,0.853,0.85309
2026-07-14 21:45:00+00:00,0.85307,0.85316,0.85288,0.85296
2026-07-14 22:00:00+00:00,0.85294,0.85317,0.85274,0.8528
2026-07-14 22:15:00+00:00,0.85284,0.85284,0.85261,0.85262
2026-07-14 22:30:00+00:00,0.85265,0.85283,0.85261,0.85278
2026-07-14 22:45:00+00:00,0.85279,0.85291,0.85272,0.85289
2026-07-14 23:00:00+00:00,0.85286,0.85291,0.85278,0.85285
2026-07-14 23:15:00+00:00,0.85283,0.8529,0.85272,0.85285
2026-07-14 23:30:00+00:00,0.85283,0.85289,0.85275,0.8528
2026-07-14 23:45:00+00:00,0.8528,0.85286,0.85272,0.85273
2026-07-15 00:00:00+00:00,0.85275,0.85303,0.85275,0.85301
2026-07-15 00:15:00+00:00,0.853,0.85309,0.85293,0.85303
2026-07-15 00:30:00+00:00,0.85301,0.85306,0.85292,0.85305
2026-07-15 00:45:00+00:00,0.85304,0.85316,0.85298,0.853
2026-07-15 01:00:00+00:00,0.85304,0.85314,0.85298,0.85308
2026-07-15 01:15:00+00:00,0.85305,0.85332,0.85305,0.8533
2026-07-15 01:30:00+00:00,0.85328,0.85336,0.85318,0.85331
2026-07-15 01:45:00+00:00,0.85328,0.85329,0.85312,0.85326
2026-07-15 02:00:00+00:00,0.85322,0.85338,0.85317,0.85325
2026-07-15 02:15:00+00:00,0.85329,0.85333,0.85316,0.85325
2026-07-15 02:30:00+00:00,0.85323,0.85345,0.85317,0.8532
2026-07-15 02:45:00+00:00,0.85326,0.85343,0.85326,0.85342
2026-07-15 03:00:00+00:00,0.85339,0.85341,0.85323,0.85329
2026-07-15 03:15:00+00:00,0.85331,0.85341,0.85323,0.85333
2026-07-15 03:30:00+00:00,0.8533,0.8534,0.85326,0.85335
2026-07-15 03:45:00+00:00,0.85333,0.85338,0.85325,0.85335
2026-07-15 04:00:00+00:00,0.85332,0.85343,0.85325,0.85333
2026-07-15 04:15:00+00:00,0.85337,0.85347,0.85328,0.85346
2026-07-15 04:30:00+00:00,0.85344,0.85348,0.85333,0.85336
2026-07-15 04:45:00+00:00,0.85338,0.85346,0.85325,0.85327
2026-07-15 05:00:00+00:00,0.85332,0.85341,0.85322,0.85333
2026-07-15 05:15:00+00:00,0.85332,0.85336,0.85322,0.8533
2026-07-15 05:30:00+00:00,0.85328,0.85335,0.85307,0.8531
2026-07-15 05:45:00+00:00,0.85308,0.85315,0.85298,0.85311
2026-07-15 06:00:00+00:00,0.85309,0.85313,0.85268,0.8527
2026-07-15 06:15:00+00:00,0.85273,0.85287,0.85262,0.85278
2026-07-15 06:30:00+00:00,0.85276,0.85301,0.85257,0.85267
2026-07-15 06:45:00+00:00,0.85277,0.85277,0.85192,0.85198
2026-07-15 07:00:00+00:00,0.85206,0.85235,0.85176,0.85198
2026-07-15 07:15:00+00:00,0.85193,0.85223,0.85175,0.85189
2026-07-15 07:30:00+00:00,0.85193,0.85211,0.85174,0.85199
2026-07-15 07:45:00+00:00,0.85199,0.85242,0.85195,0.85228
2026-07-15 08:00:00+00:00,0.85233,0.85264,0.85229,0.8526
2026-07-15 08:15:00+00:00,0.85255,0.85287,0.85255,0.85265
2026-07-15 08:30:00+00:00,0.85268,0.85294,0.85257,0.85293
2026-07-15 08:45:00+00:00,0.85291,0.85302,0.85275,0.85282
2026-07-15 09:00:00+00:00,0.85284,0.85285,0.85259,0.8528
2026-07-15 09:15:00+00:00,0.8528,0.85291,0.85265,0.8529
2026-07-15 09:30:00+00:00,0.85286,0.85288,0.85254,0.85284
2026-07-15 09:45:00+00:00,0.85281,0.85293,0.85247,0.85261
2026-07-15 10:00:00+00:00,0.85257,0.85286,0.85252,0.85278
2026-07-15 10:15:00+00:00,0.85276,0.85296,0.85268,0.85286
2026-07-15 10:30:00+00:00,0.85288,0.85292,0.85247,0.85248
2026-07-15 10:45:00+00:00,0.85248,0.85256,0.85172,0.85175
2026-07-15 11:00:00+00:00,0.85178,0.85221,0.85178,0.85215
2026-07-15 11:15:00+00:00,0.85212,0.85222,0.85202,0.85215
2026-07-15 11:30:00+00:00,0.85214,0.85221,0.85167,0.85181
2026-07-15 11:45:00+00:00,0.85179,0.85179,0.85073,0.85078
2026-07-15 12:00:00+00:00,0.85083,0.85128,0.85068,0.85092
2026-07-15 12:15:00+00:00,0.85093,0.85132,0.85073,0.8513
2026-07-15 12:30:00+00:00,0.85127,0.85171,0.85113,0.85126
2026-07-15 12:45:00+00:00,0.85129,0.85135,0.85101,0.85103
2026-07-15 13:00:00+00:00,0.85106,0.85124,0.85077,0.85104
2026-07-15 13:15:00+00:00,0.85108,0.85121,0.85083,0.85113
2026-07-15 13:30:00+00:00,0.8511,0.85111,0.85062,0.85073
2026-07-15 13:45:00+00:00,0.85068,0.85085,0.85016,0.8502
2026-07-15 14:00:00+00:00,0.85026,0.8507,0.85013,0.85036
2026-07-15 14:15:00+00:00,0.85043,0.8506,0.8502,0.85036
2026-07-15 14:30:00+00:00,0.85036,0.85039,0.84948,0.84965
2026-07-15 14:45:00+00:00,0.84963,0.84963,0.8482,0.84846
2026-07-15 15:00:00+00:00,0.84843,0.84889,0.84816,0.84859
2026-07-15 15:15:00+00:00,0.84867,0.84887,0.84813,0.8482
2026-07-15 15:30:00+00:00,0.84825,0.84835,0.84759,0.84761
2026-07-15 15:45:00+00:00,0.84764,0.84768,0.84709,0.84739
2026-07-15 16:00:00+00:00,0.84738,0.84742,0.84694,0.84716
2026-07-15 16:15:00+00:00,0.8471,0.84732,0.8467,0.8468
2026-07-15 16:30:00+00:00,0.84677,0.84677,0.84621,0.84653
2026-07-15 16:45:00+00:00,0.84648,0.84673,0.84564,0.846
2026-07-15 17:00:00+00:00,0.84595,0.84625,0.84536,0.8459
2026-07-15 17:15:00+00:00,0.84571,0.84663,0.84571,0.8466
2026-07-15 17:30:00+00:00,0.84655,0.84701,0.84639,0.84692
2026-07-15 17:45:00+00:00,0.84689,0.84707,0.84676,0.84695
2026-07-15 18:00:00+00:00,0.84694,0.84708,0.84646,0.84667
2026-07-15 18:15:00+00:00,0.84659,0.84686,0.84648,0.84684
2026-07-15 18:30:00+00:00,0.8468,0.84721,0.84676,0.84716
2026-07-15 18:45:00+00:00,0.84713,0.84723,0.84693,0.84712
2026-07-15 19:00:00+00:00,0.84711,0.84733,0.84694,0.84721
2026-07-15 19:15:00+00:00,0.84718,0.84756,0.84718,0.84755
2026-07-15 19:30:00+00:00,0.84753,0.84761,0.84717,0.84719
2026-07-15 19:45:00+00:00,0.84722,0.84727,0.84699,0.84703
2026-07-15 20:00:00+00:00,0.84702,0.84725,0.84679,0.84687
2026-07-15 20:15:00+00:00,0.84685,0.84685,0.84663,0.84674
2026-07-15 20:30:00+00:00,0.84673,0.84687,0.84662,0.84679
2026-07-15 20:45:00+00:00,0.84683,0.84692,0.8467,0.84671
2026-07-15 21:00:00+00:00,0.84672,0.84862,0.84651,0.84698
2026-07-15 21:15:00+00:00,0.84695,0.84714,0.84673,0.84691
2026-07-15 21:30:00+00:00,0.847,0.84713,0.8468,0.84693
2026-07-15 21:45:00+00:00,0.84703,0.84731,0.84678,0.84693
2026-07-15 22:00:00+00:00,0.84705,0.84723,0.84672,0.84689
2026-07-15 22:15:00+00:00,0.84688,0.84694,0.84674,0.84683
2026-07-15 22:30:00+00:00,0.84682,0.84689,0.84677,0.84685
2026-07-15 22:45:00+00:00,0.84683,0.84703,0.84679,0.84699
2026-07-15 23:00:00+00:00,0.84699,0.8475,0.84689,0.84705
2026-07-15 23:15:00+00:00,0.84703,0.84709,0.84696,0.84704
2026-07-15 23:30:00+00:00,0.84703,0.84707,0.84693,0.84695
2026-07-15 23:45:00+00:00,0.84697,0.84717,0.84693,0.84715
2026-07-16 00:00:00+00:00,0.8471,0.84732,0.84708,0.8472
2026-07-16 00:15:00+00:00,0.84718,0.84737,0.84707,0.84736
2026-07-16 00:30:00+00:00,0.84734,0.84768,0.84725,0.84761
2026-07-16 00:45:00+00:00,0.84761,0.84795,0.84737,0.84784
2026-07-16 01:00:00+00:00,0.84779,0.84784,0.84763,0.84777
2026-07-16 01:15:00+00:00,0.84774,0.84787,0.84766,0.84783
2026-07-16 01:30:00+00:00,0.8478,0.84786,0.84758,0.84764
2026-07-16 01:45:00+00:00,0.84763,0.8477,0.84752,0.84758
2026-07-16 02:00:00+00:00,0.84761,0.84776,0.84746,0.84749
2026-07-16 02:15:00+00:00,0.84752,0.84785,0.84752,0.84761
2026-07-16 02:30:00+00:00,0.84757,0.84773,0.84756,0.84764
2026-07-16 02:45:00+00:00,0.84766,0.84769,0.84752,0.84756
2026-07-16 03:00:00+00:00,0.84756,0.8476,0.84712,0.8472
2026-07-16 03:15:00+00:00,0.84717,0.84732,0.84715,0.84731
2026-07-16 03:30:00+00:00,0.84729,0.84738,0.8471,0.84724
2026-07-16 03:45:00+00:00,0.84722,0.84738,0.84717,0.84735
2026-07-16 04:00:00+00:00,0.84734,0.84734,0.84713,0.84714
2026-07-16 04:15:00+00:00,0.84715,0.84722,0.84703,0.84719
2026-07-16 04:30:00+00:00,0.84717,0.84727,0.84711,0.84725
2026-07-16 04:45:00+00:00,0.84724,0.84733,0.84718,0.84729
2026-07-16 05:00:00+00:00,0.8473,0.84732,0.84712,0.84722
2026-07-16 05:15:00+00:00,0.84721,0.84724,0.84699,0.84709
2026-07-16 05:30:00+00:00,0.84708,0.84727,0.84696,0.84726
2026-07-16 05:45:00+00:00,0.84723,0.8474,0.8471,0.84734
2026-07-16 06:00:00+00:00,0.84734,0.84747,0.84708,0.84725
2026-07-16 06:15:00+00:00,0.84728,0.84732,0.8471,0.84726
2026-07-16 06:30:00+00:00,0.84727,0.84729,0.84705,0.84708
2026-07-16 06:45:00+00:00,0.84706,0.84735,0.84683,0.84703
2026-07-16 07:00:00+00:00,0.84699,0.84725,0.8469,0.84723
2026-07-16 07:15:00+00:00,0.8472,0.84757,0.84713,0.84756
2026-07-16 07:30:00+00:00,0.84752,0.84762,0.84722,0.84761
2026-07-16 07:45:00+00:00,0.84758,0.84784,0.84731,0.84741
2026-07-16 08:00:00+00:00,0.84746,0.84784,0.84741,0.84777
2026-07-16 08:15:00+00:00,0.84772,0.84794,0.84762,0.84794
2026-07-16 08:30:00+00:00,0.84793,0.84805,0.84756,0.848
2026-07-16 08:45:00+00:00,0.84795,0.84809,0.84777,0.84796
2026-07-16 09:00:00+00:00,0.84792,0.84818,0.84781,0.84799
2026-07-16 09:15:00+00:00,0.84804,0.84841,0.84797,0.84839
2026-07-16 09:30:00+00:00,0.84834,0.84864,0.84829,0.84857
2026-07-16 09:45:00+00:00,0.84854,0.84888,0.84851,0.84887
2026-07-16 10:00:00+00:00,0.84885,0.84889,0.8487,0.84872
2026-07-16 10:15:00+00:00,0.84877,0.84911,0.84877,0.84907
2026-07-16 10:30:00+00:00,0.849,0.84908,0.84878,0.84894
2026-07-16 10:45:00+00:00,0.84893,0.84893,0.84857,0.84863
2026-07-16 11:00:00+00:00,0.84873,0.84907,0.84861,0.8489
2026-07-16 11:15:00+00:00,0.84895,0.84921,0.84881,0.84905
2026-07-16 11:30:00+00:00,0.84911,0.84922,0.84899,0.84919
2026-07-16 11:45:00+00:00,0.84913,0.84936,0.84856,0.84917
2026-07-16 12:00:00+00:00,0.84916,0.84917,0.8486,0.84863
2026-07-16 12:15:00+00:00,0.84869,0.84888,0.84845,0.84879
2026-07-16 12:30:00+00:00,0.84882,0.8489,0.8481,0.84818
2026-07-16 12:45:00+00:00,0.84832,0.84834,0.84806,0.84808
2026-07-16 13:00:00+00:00,0.84812,0.84812,0.84774,0.84797
2026-07-16 13:15:00+00:00,0.84794,0.84823,0.84788,0.84818
2026-07-16 13:30:00+00:00,0.84811,0.84824,0.8477,0.84775
2026-07-16 13:45:00+00:00,0.84785,0.84785,0.84738,0.84763
2026-07-16 14:00:00+00:00,0.84754,0.8478,0.84738,0.84753
2026-07-16 14:15:00+00:00,0.84754,0.84781,0.8475,0.84754
2026-07-16 14:30:00+00:00,0.84759,0.84766,0.84724,0.84765
2026-07-16 14:45:00+00:00,0.84761,0.84838,0.84755,0.84837
2026-07-16 15:00:00+00:00,0.84835,0.84853,0.84816,0.84823
2026-07-16 15:15:00+00:00,0.84827,0.8486,0.84814,0.84857
2026-07-16 15:30:00+00:00,0.84852,0.84891,0.84845,0.84888
2026-07-16 15:45:00+00:00,0.84881,0.84907,0.84862,0.84896
2026-07-16 16:00:00+00:00,0.84893,0.84919,0.84875,0.84918
2026-07-16 16:15:00+00:00,0.84916,0.84924,0.84896,0.84919
2026-07-16 16:30:00+00:00,0.84916,0.84922,0.84897,0.84919
2026-07-16 16:45:00+00:00,0.84914,0.84921,0.84904,0.84917
2026-07-16 17:00:00+00:00,0.84914,0.84933,0.84901,0.84924
2026-07-16 17:15:00+00:00,0.84926,0.84928,0.84906,0.84912
2026-07-16 17:30:00+00:00,0.8491,0.84913,0.84896,0.84905
2026-07-16 17:45:00+00:00,0.84905,0.84917,0.84894,0.84912
2026-07-16 18:00:00+00:00,0.84908,0.84932,0.84896,0.84931
2026-07-16 18:15:00+00:00,0.84929,0.84932,0.84912,0.84917
2026-07-16 18:30:00+00:00,0.84919,0.84924,0.84912,0.84922
2026-07-16 18:45:00+00:00,0.84918,0.84926,0.84908,0.84913
2026-07-16 19:00:00+00:00,0.84911,0.84922,0.849,0.8492
2026-07-16 19:15:00+00:00,0.84917,0.84923,0.84899,0.8491
2026-07-16 19:30:00+00:00,0.84908,0.84917,0.84899,0.84905
2026-07-16 19:45:00+00:00,0.84908,0.84914,0.849,0.84903
2026-07-16 20:00:00+00:00,0.84906,0.84911,0.84889,0.84903
2026-07-16 20:15:00+00:00,0.84901,0.84905,0.84886,0.84893
2026-07-16 20:30:00+00:00,0.84892,0.84911,0.8489,0.84898
2026-07-16 20:45:00+00:00,0.849,0.84904,0.84887,0.8489
2026-07-16 21:00:00+00:00,0.84894,0.8494,0.84841,0.84898
2026-07-16 21:15:00+00:00,0.84891,0.84908,0.84882,0.84886
2026-07-16 21:30:00+00:00,0.84887,0.84905,0.8488,0.84901
2026-07-16 21:45:00+00:00,0.84898,0.84913,0.84878,0.8491
2026-07-16 22:00:00+00:00,0.84908,0.8493,0.84896,0.84926
2026-07-16 22:15:00+00:00,0.84925,0.84929,0.84914,0.8492
2026-07-16 22:30:00+00:00,0.84919,0.8493,0.84919,0.84921
2026-07-16 22:45:00+00:00,0.84923,0.84933,0.84921,0.8493
2026-07-16 23:00:00+00:00,0.84929,0.84935,0.84913,0.84924
2026-07-16 23:15:00+00:00,0.84922,0.84933,0.84922,0.84931
2026-07-16 23:30:00+00:00,0.8493,0.84933,0.84923,0.84925
2026-07-16 23:45:00+00:00,0.84927,0.84932,0.84918,0.84921
2026-07-17 00:00:00+00:00,0.84921,0.84939,0.84915,0.84937
2026-07-17 00:15:00+00:00,0.84935,0.8494,0.84928,0.84933
2026-07-17 00:30:00+00:00,0.84936,0.84946,0.8493,0.84942
2026-07-17 00:45:00+00:00,0.84942,0.84944,0.84925,0.8493
2026-07-17 01:00:00+00:00,0.84931,0.84941,0.84913,0.84925
2026-07-17 01:15:00+00:00,0.84923,0.84938,0.84915,0.84937
2026-07-17 01:30:00+00:00,0.84934,0.84946,0.84922,0.84941
2026-07-17 01:45:00+00:00,0.84938,0.84955,0.84936,0.84951
2026-07-17 02:00:00+00:00,0.84949,0.84956,0.84941,0.8495
2026-07-17 02:15:00+00:00,0.84948,0.84955,0.84939,0.84951
2026-07-17 02:30:00+00:00,0.84949,0.84957,0.84936,0.84953
2026-07-17 02:45:00+00:00,0.8495,0.84958,0.84943,0.84945
2026-07-17 03:00:00+00:00,0.84948,0.84956,0.84938,0.84949
2026-07-17 03:15:00+00:00,0.84947,0.8495,0.84932,0.84941
2026-07-17 03:30:00+00:00,0.84938,0.84952,0.84934,0.84951
2026-07-17 03:45:00+00:00,0.84949,0.84958,0.8494,0.84952
2026-07-17 04:00:00+00:00,0.84954,0.84959,0.84946,0.84954
2026-07-17 04:15:00+00:00,0.84952,0.84966,0.84948,0.84966
2026-07-17 04:30:00+00:00,0.84963,0.84977,0.8496,0.84975
2026-07-17 04:45:00+00:00,0.84974,0.84977,0.84963,0.8497
2026-07-17 05:00:00+00:00,0.8497,0.84977,0.84967,0.84974
2026-07-17 05:15:00+00:00,0.84972,0.84983,0.84965,0.84976
2026-07-17 05:30:00+00:00,0.84972,0.84986,0.84968,0.84982
2026-07-17 05:45:00+00:00,0.8498,0.84984,0.84955,0.8497
2026-07-17 06:00:00+00:00,0.84971,0.85,0.84965,0.84991
2026-07-17 06:15:00+00:00,0.84991,0.84997,0.8497,0.84985
2026-07-17 06:30:00+00:00,0.84982,0.84991,0.84969,0.84985
2026-07-17 06:45:00+00:00,0.84979,0.85,0.84971,0.84975
2026-07-17 07:00:00+00:00,0.84982,0.84989,0.84946,0.84986
2026-07-17 07:15:00+00:00,0.84981,0.85007,0.84977,0.84997
2026-07-17 07:30:00+00:00,0.84996,0.85012,0.84965,0.85009
2026-07-17 07:45:00+00:00,0.85002,0.85048,0.84997,0.85045
2026-07-17 08:00:00+00:00,0.8504,0.85058,0.85008,0.85044
2026-07-17 08:15:00+00:00,0.85039,0.85059,0.85016,0.85058
2026-07-17 08:30:00+00:00,0.85055,0.85094,0.85044,0.85093
2026-07-17 08:45:00+00:00,0.85089,0.85113,0.85082,0.85112
2026-07-17 09:00:00+00:00,0.8511,0.8513,0.85086,0.85113
2026-07-17 09:15:00+00:00,0.85105,0.85143,0.85093,0.85116
2026-07-17 09:30:00+00:00,0.85118,0.85118,0.85089,0.85107
2026-07-17 09:45:00+00:00,0.85105,0.85117,0.85095,0.85102
2026-07-17 10:00:00+00:00,0.85104,0.8513,0.85087,0.8511
2026-07-17 10:15:00+00:00,0.85108,0.85119,0.85078,0.85097
2026-07-17 10:30:00+00:00,0.85093,0.85118,0.85093,0.85116
2026-07-17 10:45:00+00:00,0.85111,0.85126,0.85073,0.85075
2026-07-17 11:00:00+00:00,0.85077,0.85089,0.85058,0.85067
2026-07-17 11:15:00+00:00,0.8507,0.85076,0.85037,0.85047
2026-07-17 11:30:00+00:00,0.8505,0.85079,0.85041,0.85077
2026-07-17 11:45:00+00:00,0.85073,0.85079,0.85045,0.8506
2026-07-17 12:00:00+00:00,0.85058,0.85105,0.85052,0.85077
2026-07-17 12:15:00+00:00,0.85082,0.85121,0.8507,0.8511
2026-07-17 12:30:00+00:00,0.8511,0.85117,0.85059,0.85067
2026-07-17 12:45:00+00:00,0.85066,0.85094,0.85049,0.85093
2026-07-17 13:00:00+00:00,0.85088,0.85105,0.85075,0.85086
2026-07-17 13:15:00+00:00,0.8509,0.8509,0.85043,0.85056
2026-07-17 13:30:00+00:00,0.85054,0.8506,0.85011,0.85027
2026-07-17 13:45:00+00:00,0.85021,0.85053,0.85012,0.8503
2026-07-17 14:00:00+00:00,0.85028,0.8504,0.85002,0.85039
2026-07-17 14:15:00+00:00,0.85038,0.85068,0.8502,0.85025
2026-07-17 14:30:00+00:00,0.85034,0.85061,0.85022,0.8506
2026-07-17 14:45:00+00:00,0.85056,0.85093,0.8504,0.8509
2026-07-17 15:00:00+00:00,0.85081,0.85097,0.85066,0.85069
2026-07-17 15:15:00+00:00,0.85076,0.85084,0.85051,0.85052
2026-07-17 15:30:00+00:00,0.85055,0.85073,0.85034,0.85061
2026-07-17 15:45:00+00:00,0.85061,0.85098,0.85048,0.85086
2026-07-17 16:00:00+00:00,0.85083,0.851,0.85057,0.85065
2026-07-17 16:15:00+00:00,0.85062,0.85064,0.85032,0.85047
2026-07-17 16:30:00+00:00,0.85045,0.85054,0.8503,0.85031
2026-07-17 16:45:00+00:00,0.85033,0.85033,0.85006,0.85007
2026-07-17 17:00:00+00:00,0.85008,0.85011,0.84969,0.84983
2026-07-17 17:15:00+00:00,0.84981,0.85,0.84978,0.84991
2026-07-17 17:30:00+00:00,0.84993,0.85006,0.84991,0.84999
2026-07-17 17:45:00+00:00,0.85002,0.85005,0.84991,0.84992
2026-07-17 18:00:00+00:00,0.84992,0.85003,0.84988,0.84996
2026-07-17 18:15:00+00:00,0.84993,0.8501,0.84991,0.84997
2026-07-17 18:30:00+00:00,0.84998,0.85007,0.84993,0.85006
2026-07-17 18:45:00+00:00,0.85004,0.85006,0.84996,0.85003
2026-07-17 19:00:00+00:00,0.85002,0.85013,0.84995,0.85007
2026-07-17 19:15:00+00:00,0.85005,0.85013,0.84995,0.85007
2026-07-17 19:30:00+00:00,0.85005,0.85009,0.84992,0.84997
2026-07-17 19:45:00+00:00,0.85001,0.85008,0.8499,0.85007
2026-07-17 20:00:00+00:00,0.85004,0.8502,0.85002,0.85018
2026-07-17 20:15:00+00:00,0.85015,0.85025,0.85003,0.8502
2026-07-17 20:30:00+00:00,0.85019,0.85025,0.85011,0.85015
2026-07-17 20:45:00+00:00,0.85015,0.85032,0.85,0.85028
2026-07-17 21:00:00+00:00,0.85021,0.85069,0.8502,0.85043
2026-07-17 21:15:00+00:00,0.85041,0.8505,0.85024,0.8504
2026-07-17 21:30:00+00:00,0.85039,0.85056,0.85032,0.85035
2026-07-17 21:45:00+00:00,0.85037,0.85056,0.85035,0.85044
2026-07-17 22:00:00+00:00,0.8504,0.85052,0.85021,0.85043
2026-07-17 22:15:00+00:00,0.85042,0.85048,0.85024,0.85043
2026-07-17 22:30:00+00:00,0.85041,0.85059,0.85023,0.85036
2026-07-17 22:45:00+00:00,0.85038,0.85059,0.85037,0.85048
2026-07-17 23:00:00+00:00,0.85039,0.85063,0.85035,0.85054
2026-07-17 23:15:00+00:00,0.85042,0.85061,0.85035,0.85042
2026-07-17 23:30:00+00:00,0.8504,0.85063,0.85036,0.85054
2026-07-17 23:45:00+00:00,0.8504,0.85062,0.85036,0.85038
2026-07-18 00:00:00+00:00,0.85039,0.8506,0.85022,0.85029
2026-07-18 00:15:00+00:00,0.85024,0.85037,0.85021,0.85028
2026-07-18 00:30:00+00:00,0.85024,0.85031,0.85019,0.85023
2026-07-18 00:45:00+00:00,0.85023,0.85035,0.85019,0.85024
2026-07-18 01:00:00+00:00,0.85024,0.85032,0.85023,0.85025
2026-07-18 01:15:00+00:00,0.85024,0.85039,0.85022,0.85029
2026-07-18 01:30:00+00:00,0.85025,0.85048,0.85018,0.85027
2026-07-18 01:45:00+00:00,0.85027,0.85032,0.85022,0.85024
2026-07-18 02:00:00+00:00,0.85024,0.85049,0.85018,0.85024
2026-07-18 02:15:00+00:00,0.85024,0.85032,0.85022,0.85026
2026-07-18 02:30:00+00:00,0.85024,0.85048,0.85022,0.85022
2026-07-18 02:45:00+00:00,0.85023,0.85053,0.85022,0.85027
2026-07-18 03:00:00+00:00,0.85027,0.85032,0.8502,0.85025
2026-07-18 03:15:00+00:00,0.85025,0.85052,0.85016,0.85029
2026-07-18 03:30:00+00:00,0.85027,0.85031,0.85023,0.8503
2026-07-18 03:45:00+00:00,0.85026,0.85048,0.85023,0.85023
2026-07-18 04:00:00+00:00,0.85024,0.85041,0.85021,0.85027
2026-07-18 04:15:00+00:00,0.85027,0.85031,0.85023,0.85028
2026-07-18 04:30:00+00:00,0.85025,0.85052,0.85025,0.8503
2026-07-18 04:45:00+00:00,0.85028,0.85031,0.85023,0.85027
2026-07-18 05:00:00+00:00,0.85028,0.85053,0.85015,0.85025
2026-07-18 05:15:00+00:00,0.85025,0.85032,0.85024,0.85029
2026-07-18 05:30:00+00:00,0.85027,0.85035,0.85023,0.85029
2026-07-18 05:45:00+00:00,0.85027,0.85034,0.85024,0.85025
2026-07-18 06:00:00+00:00,0.85026,0.8503,0.85023,0.85024
2026-07-18 06:15:00+00:00,0.85024,0.85033,0.85021,0.85027
2026-07-18 06:30:00+00:00,0.85024,0.85036,0.85023,0.85025
2026-07-18 06:45:00+00:00,0.85027,0.8503,0.85023,0.85025
2026-07-18 07:00:00+00:00,0.85025,0.85031,0.85023,0.85024
2026-07-18 07:15:00+00:00,0.85025,0.8503,0.85023,0.85028
2026-07-18 07:30:00+00:00,0.85025,0.85032,0.85021,0.85028
2026-07-18 07:45:00+00:00,0.85025,0.85035,0.85023,0.85025
2026-07-18 08:00:00+00:00,0.85025,0.85031,0.85022,0.85022
2026-07-18 08:15:00+00:00,0.85023,0.8505,0.85022,0.85027
2026-07-18 08:30:00+00:00,0.85023,0.85029,0.85021,0.85027
2026-07-18 08:45:00+00:00,0.85022,0.85042,0.8502,0.85027
2026-07-18 09:00:00+00:00,0.85023,0.8505,0.8502,0.85024
2026-07-18 09:15:00+00:00,0.85025,0.8503,0.85022,0.85024
2026-07-18 09:30:00+00:00,0.85024,0.8504,0.85021,0.85027
2026-07-18 09:45:00+00:00,0.85022,0.85031,0.85021,0.85027
2026-07-18 10:00:00+00:00,0.85023,0.85037,0.85021,0.85022
2026-07-18 10:15:00+00:00,0.85023,0.8504,0.8502,0.85024
2026-07-18 10:30:00+00:00,0.85025,0.8503,0.85021,0.85027
2026-07-18 10:45:00+00:00,0.85022,0.85051,0.85022,0.85028
2026-07-18 11:00:00+00:00,0.85024,0.8503,0.85022,0.85023
2026-07-18 11:15:00+00:00,0.85023,0.85038,0.85021,0.85027
2026-07-18 11:30:00+00:00,0.85023,0.85057,0.85015,0.85029
2026-07-18 11:45:00+00:00,0.85028,0.85028,0.8502,0.85023
2026-07-18 12:00:00+00:00,0.85022,0.85051,0.8502,0.85021
2026-07-18 12:15:00+00:00,0.85022,0.85026,0.8502,0.85021
2026-07-18 12:30:00+00:00,0.85022,0.85053,0.8502,0.85022
2026-07-18 12:45:00+00:00,0.85021,0.85051,0.85017,0.85027
2026-07-18 13:00:00+00:00,0.85025,0.85027,0.8502,0.85022
2026-07-18 13:15:00+00:00,0.85022,0.85054,0.85018,0.85022
2026-07-18 13:30:00+00:00,0.85022,0.85025,0.8502,0.85022
2026-07-18 13:45:00+00:00,0.85021,0.8505,0.8502,0.85024
2026-07-18 14:00:00+00:00,0.85022,0.85026,0.8502,0.85022
2026-07-18 14:15:00+00:00,0.85021,0.85026,0.8502,0.85021
2026-07-18 14:30:00+00:00,0.85021,0.85052,0.85018,0.85026
2026-07-18 14:45:00+00:00,0.85024,0.85028,0.85023,0.85026
2026-07-18 15:00:00+00:00,0.85024,0.85055,0.8502,0.85032
2026-07-18 15:15:00+00:00,0.85031,0.85038,0.85026,0.85033
2026-07-18 15:30:00+00:00,0.8503,0.85034,0.85029,0.8503
2026-07-18 15:45:00+00:00,0.8503,0.85047,0.85028,0.85034
2026-07-18 16:00:00+00:00,0.85033,0.85047,0.85028,0.85039
2026-07-18 16:15:00+00:00,0.85038,0.85048,0.85038,0.85045
2026-07-18 16:30:00+00:00,0.85043,0.85055,0.85024,0.85048
2026-07-18 16:45:00+00:00,0.85041,0.85045,0.85032,0.85033
2026-07-18 17:00:00+00:00,0.85034,0.85049,0.85016,0.85031
2026-07-18 17:15:00+00:00,0.85029,0.85029,0.85021,0.85022
2026-07-18 17:30:00+00:00,0.85022,0.85052,0.85021,0.85025
2026-07-18 17:45:00+00:00,0.85025,0.85051,0.85024,0.85042
2026-07-18 18:00:00+00:00,0.85025,0.85044,0.85025,0.8504
2026-07-18 18:15:00+00:00,0.85039,0.85062,0.85024,0.85025
2026-07-18 18:30:00+00:00,0.85026,0.85027,0.8502,0.85021
2026-07-18 18:45:00+00:00,0.85022,0.85051,0.8502,0.85023
2026-07-18 19:00:00+00:00,0.85021,0.85051,0.85019,0.85041
2026-07-18 19:15:00+00:00,0.85021,0.85028,0.8502,0.85022
2026-07-18 19:30:00+00:00,0.85021,0.85053,0.8502,0.85023
2026-07-18 19:45:00+00:00,0.85023,0.85041,0.85019,0.85024
2026-07-18 20:00:00+00:00,0.85022,0.8505,0.85015,0.85033
2026-07-18 20:15:00+00:00,0.85031,0.85042,0.85026,0.85037
2026-07-18 20:30:00+00:00,0.85027,0.85036,0.85024,0.85035
2026-07-18 20:45:00+00:00,0.85033,0.8506,0.85025,0.85041
2026-07-18 21:00:00+00:00,0.85041,0.85052,0.8504,0.8505
2026-07-18 21:15:00+00:00,0.85049,0.85068,0.85045,0.85048
2026-07-18 21:30:00+00:00,0.85047,0.85057,0.85037,0.85042
2026-07-18 21:45:00+00:00,0.85043,0.85056,0.85042,0.85047
2026-07-18 22:00:00+00:00,0.85047,0.85058,0.85035,0.85039
2026-07-18 22:15:00+00:00,0.85037,0.85041,0.85036,0.85039
2026-07-18 22:30:00+00:00,0.85037,0.85054,0.85036,0.85038
2026-07-18 22:45:00+00:00,0.85038,0.85052,0.85037,0.85038
2026-07-18 23:00:00+00:00,0.85038,0.85053,0.85038,0.8505
2026-07-18 23:15:00+00:00,0.85048,0.8506,0.85046,0.8505
2026-07-18 23:30:00+00:00,0.85049,0.85053,0.85048,0.85049
2026-07-18 23:45:00+00:00,0.85049,0.85058,0.85046,0.85047
2026-07-19 00:00:00+00:00,0.85048,0.85054,0.85046,0.85052
2026-07-19 00:15:00+00:00,0.85048,0.85054,0.85045,0.85048
2026-07-19 00:30:00+00:00,0.85047,0.85053,0.85031,0.85033
2026-07-19 00:45:00+00:00,0.85033,0.85037,0.85032,0.85033
2026-07-19 01:00:00+00:00,0.85034,0.85055,0.85033,0.85042
2026-07-19 01:15:00+00:00,0.85041,0.85041,0.85026,0.85029
2026-07-19 01:30:00+00:00,0.85027,0.85053,0.85023,0.85023
2026-07-19 01:45:00+00:00,0.85024,0.8505,0.85022,0.85026
2026-07-19 02:00:00+00:00,0.85027,0.85029,0.85022,0.85025
2026-07-19 02:15:00+00:00,0.85023,0.8505,0.85021,0.85027
2026-07-19 02:30:00+00:00,0.85025,0.85031,0.85019,0.85024
2026-07-19 02:45:00+00:00,0.85023,0.85052,0.85021,0.85021
2026-07-19 03:00:00+00:00,0.85022,0.8505,0.85016,0.85026
2026-07-19 03:15:00+00:00,0.85025,0.85028,0.85022,0.85025
2026-07-19 03:30:00+00:00,0.85023,0.85049,0.85022,0.85028
2026-07-19 03:45:00+00:00,0.85027,0.8503,0.85025,0.85026
2026-07-19 04:00:00+00:00,0.85027,0.85049,0.85023,0.8503
2026-07-19 04:15:00+00:00,0.8503,0.85052,0.85025,0.85041
2026-07-19 04:30:00+00:00,0.85039,0.85043,0.85038,0.8504
2026-07-19 04:45:00+00:00,0.85039,0.85051,0.85039,0.85039
2026-07-19 05:00:00+00:00,0.8504,0.85044,0.85039,0.8504
2026-07-19 05:15:00+00:00,0.8504,0.85049,0.85039,0.85042
2026-07-19 05:30:00+00:00,0.8504,0.85048,0.85039,0.85042
2026-07-19 05:45:00+00:00,0.85041,0.85045,0.85039,0.85041
2026-07-19 06:00:00+00:00,0.85041,0.85053,0.85026,0.8504
2026-07-19 06:15:00+00:00,0.8504,0.85044,0.85039,0.85041
2026-07-19 06:30:00+00:00,0.8504,0.85051,0.85039,0.85042
2026-07-19 06:45:00+00:00,0.85041,0.8505,0.85039,0.85041
2026-07-19 07:00:00+00:00,0.85041,0.85045,0.8504,0.8504
2026-07-19 07:15:00+00:00,0.85041,0.85048,0.8504,0.85043
2026-07-19 07:30:00+00:00,0.85041,0.85049,0.85039,0.85047
2026-07-19 07:45:00+00:00,0.85045,0.85051,0.85038,0.85039
2026-07-19 08:00:00+00:00,0.85041,0.85047,0.85039,0.8504
2026-07-19 08:15:00+00:00,0.85041,0.85045,0.8504,0.85043
2026-07-19 08:30:00+00:00,0.85041,0.85047,0.8504,0.85043
2026-07-19 08:45:00+00:00,0.85041,0.85045,0.8504,0.85042
2026-07-19 09:00:00+00:00,0.85041,0.85045,0.8504,0.85041
2026-07-19 09:15:00+00:00,0.85042,0.85049,0.8504,0.85045
2026-07-19 09:30:00+00:00,0.85045,0.85049,0.85044,0.85047
2026-07-19 09:45:00+00:00,0.85045,0.85049,0.85043,0.85046
2026-07-19 10:00:00+00:00,0.85045,0.85048,0.85043,0.85044
2026-07-19 10:15:00+00:00,0.85045,0.85048,0.85043,0.85045
2026-07-19 10:30:00+00:00,0.85045,0.85048,0.85043,0.85046
2026-07-19 10:45:00+00:00,0.85045,0.85048,0.85033,0.85038
2026-07-19 11:00:00+00:00,0.85037,0.85037,0.85029,0.85031
2026-07-19 11:15:00+00:00,0.85032,0.85035,0.8503,0.85031
2026-07-19 11:30:00+00:00,0.85032,0.85041,0.85025,0.85036
2026-07-19 11:45:00+00:00,0.85035,0.85038,0.85031,0.85034
2026-07-19 12:00:00+00:00,0.85033,0.85036,0.85031,0.85033
2026-07-19 12:15:00+00:00,0.85033,0.85037,0.85031,0.85032
2026-07-19 12:30:00+00:00,0.85033,0.85037,0.85031,0.85034
2026-07-19 12:45:00+00:00,0.85033,0.85043,0.85027,0.85031
2026-07-19 13:00:00+00:00,0.85029,0.85033,0.85028,0.85031
2026-07-19 13:15:00+00:00,0.85029,0.85038,0.85022,0.85028
2026-07-19 13:30:00+00:00,0.85029,0.85046,0.85023,0.8503
2026-07-19 13:45:00+00:00,0.85028,0.85032,0.85027,0.8503
2026-07-19 14:00:00+00:00,0.85028,0.85039,0.85013,0.85022
2026-07-19 14:15:00+00:00,0.85022,0.85025,0.85019,0.8502
2026-07-19 14:30:00+00:00,0.8502,0.85024,0.85019,0.85022
2026-07-19 14:45:00+00:00,0.8502,0.85047,0.85018,0.85047
2026-07-19 15:00:00+00:00,0.85044,0.85057,0.85034,0.85036
2026-07-19 15:15:00+00:00,0.85038,0.85044,0.85031,0.85032
2026-07-19 15:30:00+00:00,0.85034,0.85038,0.85033,0.85034
2026-07-19 15:45:00+00:00,0.85034,0.85038,0.85033,0.85036
2026-07-19 16:00:00+00:00,0.85034,0.85041,0.85032,0.8504
2026-07-19 16:15:00+00:00,0.85038,0.85038,0.85025,0.85026
2026-07-19 16:30:00+00:00,0.85026,0.85041,0.85021,0.85028
2026-07-19 16:45:00+00:00,0.85028,0.85038,0.85027,0.85032
2026-07-19 17:00:00+00:00,0.8503,0.85047,0.84978,0.85031
2026-07-19 17:15:00+00:00,0.85028,0.85045,0.84997,0.85031
2026-07-19 17:30:00+00:00,0.85031,0.85032,0.85024,0.8503
2026-07-19 17:45:00+00:00,0.85028,0.85032,0.85024,0.85029
2026-07-19 18:00:00+00:00,0.85028,0.85042,0.84996,0.8503
2026-07-19 18:15:00+00:00,0.85028,0.85094,0.84996,0.85026
2026-07-19 18:30:00+00:00,0.85026,0.85104,0.85008,0.85042
2026-07-19 18:45:00+00:00,0.85039,0.85074,0.848,0.84827
2026-07-19 19:00:00+00:00,0.84869,0.85069,0.84869,0.85038
2026-07-19 19:15:00+00:00,0.85019,0.8506,0.84967,0.84991
2026-07-19 19:30:00+00:00,0.84995,0.85085,0.84964,0.85
2026-07-19 19:45:00+00:00,0.85003,0.8511,0.84972,0.85031
2026-07-19 20:00:00+00:00,0.85021,0.85106,0.84974,0.85057
2026-07-19 20:15:00+00:00,0.8499,0.85138,0.8499,0.85021
2026-07-19 20:30:00+00:00,0.8502,0.85156,0.84978,0.85044
2026-07-19 20:45:00+00:00,0.85004,0.85062,0.84967,0.84986
2026-07-19 21:00:00+00:00,0.84988,0.85069,0.84965,0.85039
2026-07-19 21:15:00+00:00,0.84989,0.85109,0.84949,0.85044
2026-07-19 21:30:00+00:00,0.85026,0.85061,0.8498,0.84984
2026-07-19 21:45:00+00:00,0.84995,0.85079,0.84995,0.85007
2026-07-19 22:00:00+00:00,0.85008,0.8503,0.84988,0.8502
2026-07-19 22:15:00+00:00,0.85018,0.8502,0.84997,0.85006
2026-07-19 22:30:00+00:00,0.85005,0.85005,0.84987,0.84993
2026-07-19 22:45:00+00:00,0.84996,0.85002,0.8499,0.8499
2026-07-19 23:00:00+00:00,0.84992,0.84994,0.84982,0.84989
2026-07-19 23:15:00+00:00,0.84987,0.84996,0.8498,0.84995
2026-07-19 23:30:00+00:00,0.84991,0.85003,0.84985,0.84986
2026-07-19 23:45:00+00:00,0.84989,0.85003,0.8498,0.84992
2026-07-20 00:00:00+00:00,0.84993,0.85008,0.84991,0.85003
2026-07-20 00:15:00+00:00,0.85002,0.85006,0.84984,0.84995
2026-07-20 00:30:00+00:00,0.84994,0.85002,0.84987,0.84997
2026-07-20 00:45:00+00:00,0.84998,0.85011,0.84997,0.85007
2026-07-20 01:00:00+00:00,0.85004,0.8501,0.84988,0.85005
2026-07-20 01:15:00+00:00,0.85002,0.85005,0.84989,0.84999
2026-07-20 01:30:00+00:00,0.84996,0.85008,0.84989,0.85007
2026-07-20 01:45:00+00:00,0.85003,0.85009,0.84995,0.85005
2026-07-20 02:00:00+00:00,0.85004,0.85005,0.84984,0.84994
2026-07-20 02:15:00+00:00,0.84992,0.84994,0.8498,0.84993
2026-07-20 02:30:00+00:00,0.8499,0.85,0.84979,0.84986
2026-07-20 02:45:00+00:00,0.8499,0.85008,0.8498,0.85003
2026-07-20 03:00:00+00:00,0.85004,0.85012,0.84998,0.85007
2026-07-20 03:15:00+00:00,0.85005,0.85009,0.84998,0.85007
2026-07-20 03:30:00+00:00,0.85005,0.85009,0.84998,0.85003
2026-07-20 03:45:00+00:00,0.85001,0.85006,0.84993,0.84996
2026-07-20 04:00:00+00:00,0.84998,0.85003,0.84992,0.84993
2026-07-20 04:15:00+00:00,0.84995,0.84997,0.84985,0.84993
2026-07-20 04:30:00+00:00,0.84991,0.84993,0.84979,0.84991
2026-07-20 04:45:00+00:00,0.84989,0.84992,0.84975,0.84981
2026-07-20 05:00:00+00:00,0.84983,0.84991,0.84978,0.8499
2026-07-20 05:15:00+00:00,0.84988,0.8499,0.84962,0.84973
2026-07-20 05:30:00+00:00,0.84972,0.84973,0.84949,0.84955
2026-07-20 05:45:00+00:00,0.84953,0.84969,0.84947,0.84951
2026-07-20 06:00:00+00:00,0.84954,0.84963,0.84936,0.8496
2026-07-20 06:15:00+00:00,0.84956,0.8497,0.84944,0.84958
2026-07-20 06:30:00+00:00,0.84957,0.84969,0.84941,0.84962
2026-07-20 06:45:00+00:00,0.84958,0.84978,0.84944,0.84972
2026-07-20 07:00:00+00:00,0.84971,0.84975,0.84933,0.84939
2026-07-20 07:15:00+00:00,0.8494,0.84967,0.84934,0.84952
2026-07-20 07:30:00+00:00,0.84953,0.84971,0.8492,0.8494
2026-07-20 07:45:00+00:00,0.84938,0.84943,0.84914,0.84924
2026-07-20 08:00:00+00:00,0.84923,0.84932,0.84914,0.84923
2026-07-20 08:15:00+00:00,0.84926,0.84941,0.84903,0.84941
2026-07-20 08:30:00+00:00,0.84939,0.84956,0.84932,0.84947
2026-07-20 08:45:00+00:00,0.84946,0.84954,0.84912,0.84928
2026-07-20 09:00:00+00:00,0.84927,0.84952,0.8492,0.84947
2026-07-20 09:15:00+00:00,0.84945,0.84957,0.84924,0.84929
2026-07-20 09:30:00+00:00,0.84932,0.84936,0.84901,0.84914
2026-07-20 09:45:00+00:00,0.84909,0.84913,0.84878,0.849
2026-07-20 10:00:00+00:00,0.84896,0.84916,0.84879,0.84881
2026-07-20 10:15:00+00:00,0.84885,0.84893,0.84862,0.84886
2026-07-20 10:30:00+00:00,0.84888,0.84897,0.8487,0.84889
2026-07-20 10:45:00+00:00,0.84885,0.84891,0.84861,0.84866
2026-07-20 11:00:00+00:00,0.84873,0.84885,0.84855,0.8487
2026-07-20 11:15:00+00:00,0.8487,0.84888,0.84864,0.84886
2026-07-20 11:30:00+00:00,0.84881,0.84906,0.84868,0.84905
2026-07-20 11:45:00+00:00,0.84901,0.8492,0.84889,0.84895
2026-07-20 12:00:00+00:00,0.84893,0.84915,0.84863,0.84868
2026-07-20 12:15:00+00:00,0.84877,0.84887,0.84858,0.84884
2026-07-20 12:30:00+00:00,0.8488,0.84912,0.8488,0.84903
2026-07-20 12:45:00+00:00,0.84901,0.84928,0.84891,0.84908
2026-07-20 13:00:00+00:00,0.84912,0.84912,0.8487,0.84871
2026-07-20 13:15:00+00:00,0.84871,0.84878,0.84844,0.84858
2026-07-20 13:30:00+00:00,0.84853,0.84875,0.84842,0.84871
2026-07-20 13:45:00+00:00,0.84862,0.84907,0.84862,0.84871
2026-07-20 14:00:00+00:00,0.8487,0.84873,0.84836,0.84862
2026-07-20 14:15:00+00:00,0.84859,0.84875,0.84849,0.84859
2026-07-20 14:30:00+00:00,0.84865,0.84879,0.8484,0.84861
2026-07-20 14:45:00+00:00,0.8486,0.84897,0.84853,0.84894
2026-07-20 15:00:00+00:00,0.84888,0.85005,0.84826,0.85004
2026-07-20 15:15:00+00:00,0.84999,0.85044,0.84996,0.85029
2026-07-20 15:30:00+00:00,0.85032,0.85048,0.85015,0.85033
2026-07-20 15:45:00+00:00,0.85034,0.85057,0.8503,0.85038
2026-07-20 16:00:00+00:00,0.85033,0.85071,0.85032,0.85057
2026-07-20 16:15:00+00:00,0.85055,0.85073,0.85045,0.8505
2026-07-20 16:30:00+00:00,0.85055,0.85062,0.85027,0.85051
2026-07-20 16:45:00+00:00,0.8505,0.85055,0.85034,0.85036
2026-07-20 17:00:00+00:00,0.85039,0.8504,0.8501,0.85024
2026-07-20 17:15:00+00:00,0.85015,0.85042,0.85,0.85001
2026-07-20 17:30:00+00:00,0.85002,0.85011,0.84986,0.84999
2026-07-20 17:45:00+00:00,0.85001,0.85001,0.84971,0.84983
2026-07-20 18:00:00+00:00,0.84981,0.84987,0.84966,0.84976
2026-07-20 18:15:00+00:00,0.84974,0.84978,0.84958,0.8497
2026-07-20 18:30:00+00:00,0.8497,0.84976,0.84958,0.84965
2026-07-20 18:45:00+00:00,0.84967,0.84976,0.8496,0.8497
2026-07-20 19:00:00+00:00,0.8497,0.84981,0.84958,0.8497
2026-07-20 19:15:00+00:00,0.8497,0.84977,0.84966,0.84973
2026-07-20 19:30:00+00:00,0.84973,0.84979,0.84947,0.84956
2026-07-20 19:45:00+00:00,0.8496,0.84974,0.84951,0.84974
2026-07-20 20:00:00+00:00,0.84972,0.84985,0.8496,0.84983
2026-07-20 20:15:00+00:00,0.84981,0.84995,0.84973,0.84994
2026-07-20 20:30:00+00:00,0.84993,0.84993,0.84971,0.84978
2026-07-20 20:45:00+00:00,0.84981,0.84989,0.84976,0.84987
2026-07-20 21:00:00+00:00,0.84984,0.85,0.84957,0.84986
2026-07-20 21:15:00+00:00,0.84978,0.85036,0.84953,0.85029
2026-07-20 21:30:00+00:00,0.85015,0.85032,0.84993,0.85005
2026-07-20 21:45:00+00:00,0.85005,0.8503,0.84996,0.85001
2026-07-20 22:00:00+00:00,0.85003,0.85015,0.84978,0.8501
2026-07-20 22:15:00+00:00,0.85008,0.85026,0.85006,0.85009
2026-07-20 22:30:00+00:00,0.85011,0.85015,0.85003,0.8501
2026-07-20 22:45:00+00:00,0.85008,0.85017,0.85001,0.85003
2026-07-20 23:00:00+00:00,0.85005,0.85007,0.84992,0.84999
2026-07-20 23:15:00+00:00,0.84996,0.85002,0.84991,0.85001
2026-07-20 23:30:00+00:00,0.84998,0.85,0.84988,0.84997
2026-07-20 23:45:00+00:00,0.84994,0.85001,0.84984,0.84987
2026-07-21 00:00:00+00:00,0.8499,0.85007,0.84989,0.85001
2026-07-21 00:15:00+00:00,0.85,0.85002,0.84984,0.8499
2026-07-21 00:30:00+00:00,0.84988,0.84991,0.84975,0.84982
2026-07-21 00:45:00+00:00,0.84981,0.84985,0.84967,0.84969
2026-07-21 01:00:00+00:00,0.84973,0.84982,0.84964,0.84965
2026-07-21 01:15:00+00:00,0.84967,0.84973,0.84958,0.84971
2026-07-21 01:30:00+00:00,0.84965,0.84974,0.84952,0.84966
2026-07-21 01:45:00+00:00,0.84963,0.84968,0.84955,0.84962
2026-07-21 02:00:00+00:00,0.84964,0.84966,0.84948,0.84957
2026-07-21 02:15:00+00:00,0.84954,0.84961,0.84947,0.84959
2026-07-21 02:30:00+00:00,0.84957,0.84963,0.84949,0.84956
2026-07-21 02:45:00+00:00,0.84955,0.84964,0.84949,0.84961
2026-07-21 03:00:00+00:00,0.8496,0.84967,0.84943,0.84945
2026-07-21 03:15:00+00:00,0.8495,0.84953,0.84936,0.84945
2026-07-21 03:30:00+00:00,0.84943,0.84946,0.84935,0.84943
2026-07-21 03:45:00+00:00,0.84941,0.84949,0.84932,0.84933
2026-07-21 04:00:00+00:00,0.84936,0.84956,0.84932,0.84955
2026-07-21 04:15:00+00:00,0.84953,0.84956,0.84944,0.84952
2026-07-21 04:30:00+00:00,0.84951,0.84958,0.84937,0.84951
2026-07-21 04:45:00+00:00,0.84949,0.84959,0.8494,0.84959
2026-07-21 05:00:00+00:00,0.84958,0.8496,0.84936,0.84939
2026-07-21 05:15:00+00:00,0.84942,0.84958,0.84941,0.84949
2026-07-21 05:30:00+00:00,0.84948,0.84956,0.84941,0.84947
2026-07-21 05:45:00+00:00,0.84946,0.84952,0.84929,0.84934
2026-07-21 06:00:00+00:00,0.84934,0.84939,0.84906,0.84913
2026-07-21 06:15:00+00:00,0.84914,0.84929,0.84908,0.84928
2026-07-21 06:30:00+00:00,0.84926,0.84928,0.84912,0.84923
2026-07-21 06:45:00+00:00,0.84921,0.84938,0.84905,0.84937
2026-07-21 07:00:00+00:00,0.84936,0.8495,0.84906,0.84935
2026-07-21 07:15:00+00:00,0.84937,0.84984,0.84927,0.84977
2026-07-21 07:30:00+00:00,0.84976,0.85005,0.84963,0.85004
2026-07-21 07:45:00+00:00,0.84999,0.85012,0.84978,0.84988
2026-07-21 08:00:00+00:00,0.84987,0.8499,0.84959,0.8496
2026-07-21 08:15:00+00:00,0.84961,0.85002,0.8495,0.84989
2026-07-21 08:30:00+00:00,0.84994,0.85048,0.84982,0.85047
2026-07-21 08:45:00+00:00,0.85045,0.85046,0.85022,0.85035
2026-07-21 09:00:00+00:00,0.85035,0.85078,0.85035,0.85058
2026-07-21 09:15:00+00:00,0.8506,0.85084,0.8506,0.85068
2026-07-21 09:30:00+00:00,0.85068,0.85095,0.85058,0.85076
2026-07-21 09:45:00+00:00,0.85075,0.85078,0.85056,0.85076
2026-07-21 10:00:00+00:00,0.85074,0.85086,0.85049,0.85052
2026-07-21 10:15:00+00:00,0.85056,0.85102,0.85049,0.85099
2026-07-21 10:30:00+00:00,0.85094,0.85128,0.85087,0.85127
2026-07-21 10:45:00+00:00,0.85125,0.85144,0.85109,0.85126
2026-07-21 11:00:00+00:00,0.85134,0.85161,0.85095,0.85147
2026-07-21 11:15:00+00:00,0.85151,0.85176,0.85151,0.85173
2026-07-21 11:30:00+00:00,0.8517,0.85181,0.85147,0.85177
2026-07-21 11:45:00+00:00,0.85172,0.85202,0.85154,0.85184
2026-07-21 12:00:00+00:00,0.85185,0.85218,0.85177,0.85217
2026-07-21 12:15:00+00:00,0.85215,0.85295,0.85202,0.85287
2026-07-21 12:30:00+00:00,0.85283,0.8529,0.85253,0.8527
2026-07-21 12:45:00+00:00,0.85263,0.85299,0.85246,0.85259
2026-07-21 13:00:00+00:00,0.85262,0.85297,0.85251,0.85253
2026-07-21 13:15:00+00:00,0.85256,0.85291,0.85223,0.85287
2026-07-21 13:30:00+00:00,0.85282,0.85389,0.85277,0.85358
2026-07-21 13:45:00+00:00,0.85362,0.85364,0.8525,0.85284
2026-07-21 14:00:00+00:00,0.85282,0.85288,0.85233,0.85251
2026-07-21 14:15:00+00:00,0.85242,0.85247,0.85209,0.85239
2026-07-21 14:30:00+00:00,0.85236,0.85271,0.85211,0.85262
2026-07-21 14:45:00+00:00,0.85259,0.85334,0.85245,0.85306
2026-07-21 15:00:00+00:00,0.85314,0.85314,0.85268,0.85287
2026-07-21 15:15:00+00:00,0.85285,0.853,0.85266,0.85282
2026-07-21 15:30:00+00:00,0.85292,0.85298,0.85272,0.85286
2026-07-21 15:45:00+00:00,0.85285,0.85304,0.85263,0.85303
2026-07-21 16:00:00+00:00,0.853,0.85328,0.85281,0.85326
2026-07-21 16:15:00+00:00,0.85324,0.85329,0.85301,0.8531
2026-07-21 16:30:00+00:00,0.8531,0.85314,0.8526,0.85262
2026-07-21 16:45:00+00:00,0.85266,0.85268,0.85239,0.85244
2026-07-21 17:00:00+00:00,0.85242,0.85258,0.85224,0.85242
2026-07-21 17:15:00+00:00,0.85246,0.85253,0.85236,0.85239
2026-07-21 17:30:00+00:00,0.8524,0.85245,0.8522,0.85224
2026-07-21 17:45:00+00:00,0.85224,0.8523,0.85213,0.85224
2026-07-21 18:00:00+00:00,0.85221,0.85247,0.85212,0.85233
2026-07-21 18:15:00+00:00,0.8523,0.85241,0.8521,0.85218
2026-07-21 18:30:00+00:00,0.85218,0.85235,0.85212,0.85216
2026-07-21 18:45:00+00:00,0.85219,0.85225,0.8521,0.85216
2026-07-21 19:00:00+00:00,0.85217,0.85223,0.85204,0.85217
2026-07-21 19:15:00+00:00,0.85214,0.85214,0.85202,0.85204
2026-07-21 19:30:00+00:00,0.85205,0.8521,0.85197,0.85207
2026-07-21 19:45:00+00:00,0.85205,0.85215,0.85191,0.85213
2026-07-21 20:00:00+00:00,0.85209,0.85225,0.85207,0.85222
2026-07-21 20:15:00+00:00,0.8522,0.85226,0.85212,0.85215
2026-07-21 20:30:00+00:00,0.85214,0.85223,0.85212,0.85221
2026-07-21 20:45:00+00:00,0.85218,0.85229,0.85203,0.85227
2026-07-21 21:00:00+00:00,0.85222,0.85265,0.85169,0.85202
2026-07-21 21:15:00+00:00,0.85197,0.85252,0.85178,0.85209
2026-07-21 21:30:00+00:00,0.85212,0.85238,0.85201,0.85235
2026-07-21 21:45:00+00:00,0.85227,0.85248,0.85221,0.85235
2026-07-21 22:00:00+00:00,0.85225,0.85235,0.85209,0.85223
2026-07-21 22:15:00+00:00,0.8522,0.85228,0.85213,0.85223
2026-07-21 22:30:00+00:00,0.85221,0.8523,0.85217,0.85221
2026-07-21 22:45:00+00:00,0.85224,0.85238,0.85221,0.85235
2026-07-21 23:00:00+00:00,0.85232,0.85241,0.85216,0.85232
2026-07-21 23:15:00+00:00,0.8523,0.8524,0.85227,0.85239
2026-07-21 23:30:00+00:00,0.85236,0.85247,0.85225,0.85232
2026-07-21 23:45:00+00:00,0.85233,0.85238,0.85227,0.85229
2026-07-22 00:00:00+00:00,0.8523,0.8523,0.85214,0.85219
2026-07-22 00:15:00+00:00,0.85218,0.85225,0.85208,0.85213
2026-07-22 00:30:00+00:00,0.85212,0.85221,0.852,0.85214
2026-07-22 00:45:00+00:00,0.85213,0.85221,0.85194,0.85196
2026-07-22 01:00:00+00:00,0.852,0.85208,0.8519,0.85206
2026-07-22 01:15:00+00:00,0.85205,0.85209,0.85194,0.85203
2026-07-22 01:30:00+00:00,0.85201,0.85214,0.85191,0.852
2026-07-22 01:45:00+00:00,0.85201,0.85205,0.85191,0.85198
2026-07-22 02:00:00+00:00,0.852,0.85213,0.85195,0.85211
2026-07-22 02:15:00+00:00,0.85209,0.85223,0.85203,0.85221
2026-07-22 02:30:00+00:00,0.85216,0.85223,0.85198,0.85219
2026-07-22 02:45:00+00:00,0.85217,0.8522,0.85208,0.85214
2026-07-22 03:00:00+00:00,0.85216,0.85229,0.85206,0.85228
2026-07-22 03:15:00+00:00,0.85226,0.8523,0.85214,0.85221
2026-07-22 03:30:00+00:00,0.8522,0.85232,0.8521,0.8523
2026-07-22 03:45:00+00:00,0.85228,0.85241,0.85219,0.8524
2026-07-22 04:00:00+00:00,0.85238,0.85241,0.85227,0.85238
2026-07-22 04:15:00+00:00,0.85237,0.85244,0.85231,0.85242
2026-07-22 04:30:00+00:00,0.8524,0.85244,0.85232,0.85236
2026-07-22 04:45:00+00:00,0.85234,0.85246,0.85227,0.85239
2026-07-22 05:00:00+00:00,0.8524,0.85242,0.85227,0.85229
2026-07-22 05:15:00+00:00,0.85232,0.8524,0.85226,0.85236
2026-07-22 05:30:00+00:00,0.85234,0.85244,0.85227,0.85243
2026-07-22 05:45:00+00:00,0.85239,0.85266,0.85231,0.85264
2026-07-22 06:00:00+00:00,0.8526,0.85267,0.85222,0.85255
2026-07-22 06:15:00+00:00,0.85251,0.85325,0.85249,0.85321
2026-07-22 06:30:00+00:00,0.85313,0.85339,0.85302,0.85332
2026-07-22 06:45:00+00:00,0.8533,0.85331,0.85285,0.85297
2026-07-22 07:00:00+00:00,0.85295,0.85301,0.85253,0.85255
2026-07-22 07:15:00+00:00,0.8526,0.85272,0.85236,0.85254
2026-07-22 07:30:00+00:00,0.85253,0.85286,0.85229,0.85264
2026-07-22 07:45:00+00:00,0.85265,0.85269,0.85245,0.8525
2026-07-22 08:00:00+00:00,0.85255,0.85284,0.85248,0.85283
2026-07-22 08:15:00+00:00,0.8528,0.85287,0.85262,0.85285
2026-07-22 08:30:00+00:00,0.85282,0.85302,0.8526,0.85281
2026-07-22 08:45:00+00:00,0.85284,0.85324,0.85274,0.85315
2026-07-22 09:00:00+00:00,0.85311,0.85348,0.85311,0.85345
2026-07-22 09:15:00+00:00,0.8534,0.8535,0.85322,0.85339
2026-07-22 09:30:00+00:00,0.85335,0.85352,0.85325,0.85336
2026-07-22 09:45:00+00:00,0.85335,0.85335,0.85307,0.85319
2026-07-22 10:00:00+00:00,0.85316,0.85316,0.85282,0.85288
2026-07-22 10:15:00+00:00,0.85287,0.85313,0.85273,0.85301
2026-07-22 10:30:00+00:00,0.85303,0.85323,0.85299,0.85319
2026-07-22 10:45:00+00:00,0.85316,0.85334,0.85284,0.8529
2026-07-22 11:00:00+00:00,0.85301,0.85305,0.85275,0.85304
2026-07-22 11:15:00+00:00,0.85302,0.85326,0.85301,0.85319
2026-07-22 11:30:00+00:00,0.85321,0.85336,0.85306,0.85334
2026-07-22 11:45:00+00:00,0.85328,0.85335,0.85308,0.85333
2026-07-22 12:00:00+00:00,0.85332,0.85354,0.85325,0.85352
2026-07-22 12:15:00+00:00,0.85351,0.85369,0.85342,0.85351
2026-07-22 12:30:00+00:00,0.85351,0.85379,0.85345,0.85375
2026-07-22 12:45:00+00:00,0.85374,0.85419,0.85353,0.85401
2026-07-22 13:00:00+00:00,0.85397,0.85397,0.85356,0.85367
2026-07-22 13:15:00+00:00,0.8537,0.85386,0.85321,0.85335
2026-07-22 13:30:00+00:00,0.85333,0.85352,0.85274,0.85287
2026-07-22 13:45:00+00:00,0.85291,0.85311,0.85256,0.85263
2026-07-22 14:00:00+00:00,0.85275,0.85305,0.8524,0.85292
2026-07-22 14:15:00+00:00,0.85266,0.85292,0.85251,0.85282
2026-07-22 14:30:00+00:00,0.85281,0.85296,0.85267,0.85276
2026-07-22 14:45:00+00:00,0.85281,0.85317,0.8528,0.85315
2026-07-22 15:00:00+00:00,0.85311,0.85312,0.85282,0.85296
2026-07-22 15:15:00+00:00,0.85294,0.85323,0.85289,0.85315
2026-07-22 15:30:00+00:00,0.85314,0.85317,0.85285,0.85304
2026-07-22 15:45:00+00:00,0.85305,0.85329,0.85288,0.85328
2026-07-22 16:00:00+00:00,0.85324,0.85339,0.85296,0.85328
2026-07-22 16:15:00+00:00,0.85327,0.85357,0.85312,0.85352
2026-07-22 16:30:00+00:00,0.8535,0.8535,0.85326,0.85327
2026-07-22 16:45:00+00:00,0.8533,0.85343,0.85312,0.85314
2026-07-22 17:00:00+00:00,0.85317,0.85342,0.85308,0.85341
2026-07-22 17:15:00+00:00,0.85336,0.8535,0.85327,0.8533
2026-07-22 17:30:00+00:00,0.85336,0.85343,0.85323,0.85332
2026-07-22 17:45:00+00:00,0.85333,0.85338,0.85321,0.85337
2026-07-22 18:00:00+00:00,0.85334,0.85339,0.85321,0.85336
2026-07-22 18:15:00+00:00,0.85334,0.85338,0.85323,0.85324
2026-07-22 18:30:00+00:00,0.85325,0.8533,0.85318,0.8532
2026-07-22 18:45:00+00:00,0.85321,0.85326,0.85303,0.85324
2026-07-22 19:00:00+00:00,0.8532,0.85335,0.85317,0.85329
2026-07-22 19:15:00+00:00,0.85325,0.85342,0.85325,0.8533
2026-07-22 19:30:00+00:00,0.85331,0.8534,0.85327,0.85334
2026-07-22 19:45:00+00:00,0.85332,0.8534,0.85318,0.85329
2026-07-22 20:00:00+00:00,0.85326,0.85329,0.8531,0.85318
2026-07-22 20:15:00+00:00,0.85315,0.85319,0.85309,0.85317
2026-07-22 20:30:00+00:00,0.85315,0.85326,0.85308,0.85321
2026-07-22 20:45:00+00:00,0.85321,0.85326,0.85314,0.85322
2026-07-22 21:00:00+00:00,0.85322,0.85326,0.85284,0.85292
2026-07-22 21:15:00+00:00,0.85284,0.85303,0.85275,0.85294
2026-07-22 21:30:00+00:00,0.85292,0.85303,0.85281,0.85296
2026-07-22 21:45:00+00:00,0.85299,0.853,0.85276,0.85294
2026-07-22 22:00:00+00:00,0.8529,0.85333,0.8529,0.85328
2026-07-22 22:15:00+00:00,0.85326,0.85336,0.85322,0.85328
2026-07-22 22:30:00+00:00,0.85327,0.85332,0.85321,0.85327
2026-07-22 22:45:00+00:00,0.85327,0.85331,0.8532,0.85323
2026-07-22 23:00:00+00:00,0.85325,0.85331,0.85316,0.85323
2026-07-22 23:15:00+00:00,0.85321,0.85327,0.85316,0.85325
2026-07-22 23:30:00+00:00,0.85323,0.85332,0.85313,0.85322
2026-07-22 23:45:00+00:00,0.85321,0.85326,0.85316,0.85318
2026-07-23 00:00:00+00:00,0.8532,0.8533,0.85314,0.85325
2026-07-23 00:15:00+00:00,0.85324,0.85332,0.85314,0.85318
2026-07-23 00:30:00+00:00,0.85324,0.85329,0.85318,0.85326
2026-07-23 00:45:00+00:00,0.85324,0.85341,0.85312,0.85315
2026-07-23 01:00:00+00:00,0.8532,0.85336,0.85311,0.85323
2026-07-23 01:15:00+00:00,0.85322,0.85334,0.85315,0.8533
2026-07-23 01:30:00+00:00,0.85328,0.85334,0.85302,0.85314
2026-07-23 01:45:00+00:00,0.85313,0.85324,0.85305,0.85318
2026-07-23 02:00:00+00:00,0.85316,0.85318,0.85299,0.85314
2026-07-23 02:15:00+00:00,0.85311,0.85331,0.85308,0.8533
2026-07-23 02:30:00+00:00,0.85328,0.85355,0.85321,0.85353
2026-07-23 02:45:00+00:00,0.85351,0.85354,0.8534,0.85343
2026-07-23 03:00:00+00:00,0.85346,0.85361,0.85334,0.8536
2026-07-23 03:15:00+00:00,0.85356,0.85364,0.85345,0.85355
2026-07-23 03:30:00+00:00,0.85353,0.85365,0.85347,0.85363
2026-07-23 03:45:00+00:00,0.85361,0.8537,0.85351,0.85369
2026-07-23 04:00:00+00:00,0.85368,0.85387,0.85358,0.85383
2026-07-23 04:15:00+00:00,0.85382,0.85401,0.85365,0.85401
2026-07-23 04:30:00+00:00,0.85399,0.85405,0.85377,0.85394
2026-07-23 04:45:00+00:00,0.85392,0.85409,0.85384,0.85406
2026-07-23 05:00:00+00:00,0.85401,0.85417,0.85395,0.85415
2026-07-23 05:15:00+00:00,0.85412,0.85418,0.85397,0.85401
2026-07-23 05:30:00+00:00,0.85399,0.85399,0.85378,0.85385
2026-07-23 05:45:00+00:00,0.85382,0.85395,0.85381,0.85389
2026-07-23 06:00:00+00:00,0.85387,0.85397,0.85358,0.8538
2026-07-23 06:15:00+00:00,0.8538,0.85385,0.85361,0.85364
2026-07-23 06:30:00+00:00,0.85369,0.85421,0.85362,0.85407
2026-07-23 06:45:00+00:00,0.85411,0.85412,0.85394,0.85411
2026-07-23 07:00:00+00:00,0.85407,0.85436,0.85407,0.85428
2026-07-23 07:15:00+00:00,0.85428,0.85435,0.85389,0.85412
2026-07-23 07:30:00+00:00,0.85406,0.85428,0.85402,0.85426
2026-07-23 07:45:00+00:00,0.8542,0.85448,0.85415,0.85439
2026-07-23 08:00:00+00:00,0.85437,0.85437,0.85382,0.85386
2026-07-23 08:15:00+00:00,0.85395,0.85419,0.85387,0.85417
2026-07-23 08:30:00+00:00,0.85415,0.85421,0.85359,0.85379
2026-07-23 08:45:00+00:00,0.85376,0.85378,0.85347,0.85358
2026-07-23 09:00:00+00:00,0.85356,0.85372,0.85346,0.85369
2026-07-23 09:15:00+00:00,0.85364,0.85373,0.85348,0.85355
2026-07-23 09:30:00+00:00,0.8536,0.85363,0.85316,0.85336
2026-07-23 09:45:00+00:00,0.8533,0.85353,0.85322,0.85351
2026-07-23 10:00:00+00:00,0.85349,0.85357,0.85336,0.85346
2026-07-23 10:15:00+00:00,0.85348,0.85351,0.85321,0.85335
2026-07-23 10:30:00+00:00,0.85333,0.85347,0.85317,0.85347
2026-07-23 10:45:00+00:00,0.85346,0.8536,0.85307,0.8532
2026-07-23 11:00:00+00:00,0.85318,0.85331,0.85304,0.85327
2026-07-23 11:15:00+00:00,0.85324,0.8534,0.85316,0.85337
2026-07-23 11:30:00+00:00,0.85331,0.85333,0.85287,0.85328
2026-07-23 11:45:00+00:00,0.85325,0.8534,0.85306,0.85317
2026-07-23 12:00:00+00:00,0.85316,0.85335,0.853,0.85332
2026-07-23 12:15:00+00:00,0.85331,0.85337,0.85284,0.8531
2026-07-23 12:30:00+00:00,0.85314,0.85323,0.85286,0.85306
2026-07-23 12:45:00+00:00,0.85308,0.85335,0.85281,0.8533
2026-07-23 13:00:00+00:00,0.85326,0.85345,0.85285,0.85289
2026-07-23 13:15:00+00:00,0.85296,0.85347,0.8529,0.85326
2026-07-23 13:30:00+00:00,0.85326,0.85342,0.85292,0.8532
2026-07-23 13:45:00+00:00,0.85327,0.85335,0.85293,0.85329
2026-07-23 14:00:00+00:00,0.85323,0.85352,0.85301,0.8533
2026-07-23 14:15:00+00:00,0.85329,0.85335,0.85281,0.85324
2026-07-23 14:30:00+00:00,0.85322,0.8535,0.8531,0.85332
2026-07-23 14:45:00+00:00,0.85338,0.8539,0.85335,0.85386
2026-07-23 15:00:00+00:00,0.85378,0.85403,0.8536,0.85401
2026-07-23 15:15:00+00:00,0.85394,0.85452,0.8539,0.85451
2026-07-23 15:30:00+00:00,0.8545,0.85478,0.85435,0.85456
2026-07-23 15:45:00+00:00,0.85454,0.85465,0.85429,0.85436
2026-07-23 16:00:00+00:00,0.85439,0.85451,0.85415,0.85417
2026-07-23 16:15:00+00:00,0.85421,0.85439,0.85404,0.85422
2026-07-23 16:30:00+00:00,0.85419,0.85436,0.85401,0.85404
2026-07-23 16:45:00+00:00,0.85408,0.85409,0.85385,0.85409
2026-07-23 17:00:00+00:00,0.85407,0.85422,0.854,0.85412
2026-07-23 17:15:00+00:00,0.85409,0.85415,0.85397,0.85401
2026-07-23 17:30:00+00:00,0.85403,0.85416,0.85398,0.85406
2026-07-23 17:45:00+00:00,0.8541,0.85418,0.854,0.85415
2026-07-23 18:00:00+00:00,0.85413,0.85421,0.85396,0.85412
2026-07-23 18:15:00+00:00,0.8541,0.8543,0.85406,0.85419
2026-07-23 18:30:00+00:00,0.85416,0.85433,0.8541,0.85425
2026-07-23 18:45:00+00:00,0.85426,0.85437,0.8542,0.85435
2026-07-23 19:00:00+00:00,0.85432,0.85443,0.85414,0.85442
2026-07-23 19:15:00+00:00,0.8544,0.8545,0.85431,0.85438
2026-07-23 19:30:00+00:00,0.85437,0.85447,0.85423,0.8544
2026-07-23 19:45:00+00:00,0.85436,0.85445,0.85427,0.8543
2026-07-23 20:00:00+00:00,0.85435,0.85442,0.85422,0.85441
2026-07-23 20:15:00+00:00,0.85439,0.85452,0.85436,0.85451
2026-07-23 20:30:00+00:00,0.85448,0.85458,0.85436,0.85442
2026-07-23 20:45:00+00:00,0.85445,0.85453,0.85435,0.85452
2026-07-23 21:00:00+00:00,0.85451,0.8547,0.85412,0.85457
2026-07-23 21:15:00+00:00,0.85443,0.85476,0.85427,0.85437
2026-07-23 21:30:00+00:00,0.85435,0.8546,0.85404,0.8544
2026-07-23 21:45:00+00:00,0.85447,0.85478,0.85422,0.85429
2026-07-23 22:00:00+00:00,0.85441,0.85464,0.8543,0.85459
2026-07-23 22:15:00+00:00,0.85456,0.85464,0.85449,0.85454
2026-07-23 22:30:00+00:00,0.85458,0.85467,0.85451,0.85462
2026-07-23 22:45:00+00:00,0.85459,0.85468,0.85457,0.85457
2026-07-23 23:00:00+00:00,0.85459,0.85471,0.85448,0.85467
2026-07-23 23:15:00+00:00,0.85464,0.85468,0.85454,0.8546
2026-07-23 23:30:00+00:00,0.85458,0.85465,0.85442,0.85455
2026-07-23 23:45:00+00:00,0.85457,0.85465,0.85448,0.85454
2026-07-24 00:00:00+00:00,0.85457,0.85466,0.85441,0.85456
2026-07-24 00:15:00+00:00,0.85455,0.8546,0.85445,0.85452
2026-07-24 00:30:00+00:00,0.8545,0.85458,0.85444,0.85445
2026-07-24 00:45:00+00:00,0.85448,0.85462,0.85442,0.85445
2026-07-24 01:00:00+00:00,0.8545,0.85458,0.85429,0.85444
2026-07-24 01:15:00+00:00,0.85442,0.85458,0.85437,0.85449
2026-07-24 01:30:00+00:00,0.85447,0.85459,0.85441,0.85447
2026-07-24 01:45:00+00:00,0.85447,0.85465,0.85439,0.85459
2026-07-24 02:00:00+00:00,0.8546,0.85474,0.85459,0.85465
2026-07-24 02:15:00+00:00,0.85467,0.85482,0.85464,0.85477
2026-07-24 02:30:00+00:00,0.85474,0.8549,0.85468,0.85481
2026-07-24 02:45:00+00:00,0.85479,0.85488,0.85474,0.85481
2026-07-24 03:00:00+00:00,0.85482,0.85487,0.85466,0.85475
2026-07-24 03:15:00+00:00,0.85475,0.85483,0.85469,0.85481
2026-07-24 03:30:00+00:00,0.85479,0.85493,0.85477,0.8549
2026-07-24 03:45:00+00:00,0.85488,0.85494,0.85478,0.85486
2026-07-24 04:00:00+00:00,0.85487,0.85501,0.85486,0.85499
2026-07-24 04:15:00+00:00,0.85496,0.85502,0.85483,0.85493
2026-07-24 04:30:00+00:00,0.85492,0.85498,0.85482,0.85494
2026-07-24 04:45:00+00:00,0.85493,0.85501,0.85488,0.85496
2026-07-24 05:00:00+00:00,0.85492,0.85499,0.85483,0.85484
2026-07-24 05:15:00+00:00,0.85487,0.85499,0.85481,0.85487
2026-07-24 05:30:00+00:00,0.85486,0.85488,0.85472,0.85479
2026-07-24 05:45:00+00:00,0.85476,0.85487,0.85465,0.85485
2026-07-24 06:00:00+00:00,0.85482,0.85497,0.85469,0.85486
2026-07-24 06:15:00+00:00,0.85487,0.85492,0.85458,0.85476
2026-07-24 06:30:00+00:00,0.85473,0.85477,0.85443,0.8546
2026-07-24 06:45:00+00:00,0.85458,0.8547,0.8544,0.85455
2026-07-24 07:00:00+00:00,0.85457,0.85467,0.85426,0.8543
2026-07-24 07:15:00+00:00,0.85436,0.85451,0.85418,0.85442
2026-07-24 07:30:00+00:00,0.8544,0.85452,0.85405,0.85448
2026-07-24 07:45:00+00:00,0.85437,0.85457,0.85406,0.85409
2026-07-24 08:00:00+00:00,0.85414,0.85417,0.85392,0.85393
2026-07-24 08:15:00+00:00,0.85396,0.85423,0.85387,0.85414
2026-07-24 08:30:00+00:00,0.85409,0.85437,0.85403,0.85435
2026-07-24 08:45:00+00:00,0.85434,0.85458,0.85416,0.85455
2026-07-24 09:00:00+00:00,0.85447,0.85499,0.85447,0.85494
2026-07-24 09:15:00+00:00,0.85488,0.85516,0.85486,0.85505
2026-07-24 09:30:00+00:00,0.85505,0.85506,0.8547,0.85486
2026-07-24 09:45:00+00:00,0.85481,0.85528,0.8548,0.85507
2026-07-24 10:00:00+00:00,0.85504,0.85542,0.855,0.85525
2026-07-24 10:15:00+00:00,0.85524,0.85524,0.8547,0.85473
2026-07-24 10:30:00+00:00,0.85478,0.85483,0.85457,0.85467
2026-07-24 10:45:00+00:00,0.85466,0.85466,0.85414,0.85418
2026-07-24 11:00:00+00:00,0.85421,0.85457,0.85421,0.85435
2026-07-24 11:15:00+00:00,0.85435,0.8545,0.85424,0.85434
2026-07-24 11:30:00+00:00,0.85432,0.85434,0.85407,0.85418
2026-07-24 11:45:00+00:00,0.85416,0.85435,0.85376,0.85381
2026-07-24 12:00:00+00:00,0.85389,0.85398,0.85356,0.85383
2026-07-24 12:15:00+00:00,0.85383,0.85423,0.85382,0.8542
2026-07-24 12:30:00+00:00,0.85416,0.85438,0.85405,0.85428
2026-07-24 12:45:00+00:00,0.85425,0.85441,0.85404,0.85423
2026-07-24 13:00:00+00:00,0.85415,0.8544,0.854,0.85427
2026-07-24 13:15:00+00:00,0.85418,0.85429,0.85385,0.85388
2026-07-24 13:30:00+00:00,0.85391,0.85396,0.85359,0.85387
2026-07-24 13:45:00+00:00,0.85385,0.85385,0.8535,0.85373
2026-07-24 14:00:00+00:00,0.8537,0.85386,0.85337,0.85354
2026-07-24 14:15:00+00:00,0.85347,0.85368,0.85336,0.85359
2026-07-24 14:30:00+00:00,0.85355,0.85389,0.8535,0.85369
2026-07-24 14:45:00+00:00,0.85373,0.85388,0.85347,0.85383
2026-07-24 15:00:00+00:00,0.85376,0.85387,0.85325,0.85352
2026-07-24 15:15:00+00:00,0.85348,0.8536,0.8532,0.85337
2026-07-24 15:30:00+00:00,0.85341,0.85356,0.85321,0.85338
2026-07-24 15:45:00+00:00,0.85348,0.85349,0.85318,0.8533
2026-07-24 16:00:00+00:00,0.85327,0.85332,0.8531,0.85328
2026-07-24 16:15:00+00:00,0.85326,0.85329,0.85311,0.85328
2026-07-24 16:30:00+00:00,0.85325,0.85342,0.8532,0.85335
2026-07-24 16:45:00+00:00,0.85334,0.85357,0.85331,0.85336
2026-07-24 17:00:00+00:00,0.85338,0.85354,0.85312,0.85347
2026-07-24 17:15:00+00:00,0.85344,0.85344,0.85328,0.85334
2026-07-24 17:30:00+00:00,0.85334,0.85343,0.85323,0.85341
2026-07-24 17:45:00+00:00,0.85339,0.85339,0.85318,0.85327
2026-07-24 18:00:00+00:00,0.85324,0.85328,0.85307,0.85308
2026-07-24 18:15:00+00:00,0.8531,0.85319,0.85301,0.8531
2026-07-24 18:30:00+00:00,0.8531,0.85323,0.85307,0.85321
2026-07-24 18:45:00+00:00,0.85318,0.85325,0.85309,0.85317
2026-07-24 19:00:00+00:00,0.8532,0.85331,0.85311,0.8533
2026-07-24 19:15:00+00:00,0.85328,0.85337,0.8532,0.85331
2026-07-24 19:30:00+00:00,0.85331,0.85351,0.85319,0.8535
2026-07-24 19:45:00+00:00,0.85347,0.85356,0.8534,0.85346
2026-07-24 20:00:00+00:00,0.85347,0.85358,0.85341,0.85357
2026-07-24 20:15:00+00:00,0.85355,0.85359,0.85343,0.85352
2026-07-24 20:30:00+00:00,0.8535,0.8537,0.85347,0.85369
2026-07-24 20:45:00+00:00,0.85367,0.8537,0.85344,0.85349
2026-07-24 21:00:00+00:00,0.85356,0.85424,0.85329,0.854
2026-07-24 21:15:00+00:00,0.85398,0.85423,0.85375,0.85417
2026-07-24 21:30:00+00:00,0.85405,0.85426,0.85382,0.85396
2026-07-24 21:45:00+00:00,0.85397,0.85422,0.85389,0.85418
2026-07-24 22:00:00+00:00,0.85411,0.85415,0.85378,0.85402
2026-07-24 22:15:00+00:00,0.85395,0.85409,0.85395,0.85403
2026-07-24 22:30:00+00:00,0.85396,0.85409,0.85391,0.854
2026-07-24 22:45:00+00:00,0.854,0.8541,0.85393,0.85404
2026-07-24 23:00:00+00:00,0.85405,0.85412,0.85378,0.85407
2026-07-24 23:15:00+00:00,0.85405,0.8541,0.85403,0.85408
2026-07-24 23:30:00+00:00,0.85405,0.8541,0.85404,0.85405
2026-07-24 23:45:00+00:00,0.85405,0.8541,0.85404,0.85404
2026-07-25 00:00:00+00:00,0.85405,0.85413,0.85387,0.85388
2026-07-25 00:15:00+00:00,0.85388,0.85388,0.85381,0.85386
2026-07-25 00:30:00+00:00,0.85384,0.85387,0.85381,0.85382
2026-07-25 00:45:00+00:00,0.85382,0.85387,0.85381,0.85382
2026-07-25 01:00:00+00:00,0.85383,0.85387,0.85382,0.85383
2026-07-25 01:15:00+00:00,0.85383,0.85387,0.85382,0.85385
2026-07-25 01:30:00+00:00,0.85383,0.85398,0.85372,0.85392
2026-07-25 01:45:00+00:00,0.85391,0.85392,0.85381,0.85381
2026-07-25 02:00:00+00:00,0.85382,0.85386,0.85379,0.85383
2026-07-25 02:15:00+00:00,0.85383,0.85386,0.8538,0.85384
2026-07-25 02:30:00+00:00,0.85382,0.85387,0.85365,0.85369
2026-07-25 02:45:00+00:00,0.85367,0.85393,0.85365,0.85371
2026-07-25 03:00:00+00:00,0.85371,0.85374,0.85369,0.8537
2026-07-25 03:15:00+00:00,0.8537,0.85401,0.85339,0.85381
2026-07-25 03:30:00+00:00,0.85379,0.85381,0.85373,0.85376
2026-07-25 03:45:00+00:00,0.85375,0.85391,0.85373,0.85375
2026-07-25 04:00:00+00:00,0.85375,0.85389,0.85375,0.85378
2026-07-25 04:15:00+00:00,0.85379,0.85382,0.85376,0.85379
2026-07-25 04:30:00+00:00,0.85378,0.8539,0.85376,0.85381
2026-07-25 04:45:00+00:00,0.8538,0.85383,0.85378,0.8538
2026-07-25 05:00:00+00:00,0.8538,0.85396,0.8537,0.85385
2026-07-25 05:15:00+00:00,0.85386,0.8539,0.85384,0.85387
2026-07-25 05:30:00+00:00,0.85386,0.854,0.85365,0.85369
2026-07-25 05:45:00+00:00,0.85368,0.85392,0.85363,0.85372
2026-07-25 06:00:00+00:00,0.85371,0.85376,0.8537,0.8537
2026-07-25 06:15:00+00:00,0.85371,0.85391,0.85357,0.85361
2026-07-25 06:30:00+00:00,0.8536,0.85398,0.85359,0.85382
2026-07-25 06:45:00+00:00,0.8538,0.85382,0.85376,0.85377
2026-07-25 07:00:00+00:00,0.85377,0.85389,0.85374,0.85378
2026-07-25 07:15:00+00:00,0.85379,0.85383,0.85377,0.85378
2026-07-25 07:30:00+00:00,0.85378,0.85387,0.85377,0.85382
2026-07-25 07:45:00+00:00,0.8538,0.85389,0.85378,0.85382
2026-07-25 08:00:00+00:00,0.85381,0.85386,0.8538,0.8538
2026-07-25 08:15:00+00:00,0.85381,0.85398,0.85378,0.85385
2026-07-25 08:30:00+00:00,0.85385,0.85388,0.85383,0.85386
2026-07-25 08:45:00+00:00,0.85384,0.8539,0.85383,0.85386
2026-07-25 09:00:00+00:00,0.85385,0.85393,0.85365,0.85371
2026-07-25 09:15:00+00:00,0.85372,0.85375,0.85369,0.8537
2026-07-25 09:30:00+00:00,0.8537,0.85391,0.85369,0.85375
2026-07-25 09:45:00+00:00,0.85373,0.85377,0.85372,0.85375
2026-07-25 10:00:00+00:00,0.85373,0.85395,0.85373,0.85388
2026-07-25 10:15:00+00:00,0.85388,0.854,0.85383,0.85388
2026-07-25 10:30:00+00:00,0.85388,0.85392,0.8536,0.85365
2026-07-25 10:45:00+00:00,0.85364,0.85396,0.85362,0.85365
2026-07-25 11:00:00+00:00,0.85364,0.8537,0.85362,0.85363
2026-07-25 11:15:00+00:00,0.85363,0.85374,0.85358,0.85362
2026-07-25 11:30:00+00:00,0.85363,0.85401,0.85362,0.85392
2026-07-25 11:45:00+00:00,0.85386,0.8539,0.85385,0.85388
2026-07-25 12:00:00+00:00,0.85386,0.85397,0.85385,0.85387
2026-07-25 12:15:00+00:00,0.85387,0.85391,0.85386,0.85386
2026-07-25 12:30:00+00:00,0.85387,0.85396,0.85386,0.85388
2026-07-25 12:45:00+00:00,0.85388,0.85395,0.85386,0.8539
2026-07-25 13:00:00+00:00,0.85388,0.85392,0.85387,0.85389
2026-07-25 13:15:00+00:00,0.85388,0.85403,0.85387,0.85398
2026-07-25 13:30:00+00:00,0.85399,0.85405,0.85363,0.85379
2026-07-25 13:45:00+00:00,0.85377,0.85398,0.85377,0.85383
2026-07-25 14:00:00+00:00,0.85382,0.85398,0.85351,0.85366
2026-07-25 14:15:00+00:00,0.85364,0.85366,0.85357,0.85357
2026-07-25 14:30:00+00:00,0.85358,0.85404,0.85357,0.85369
2026-07-25 14:45:00+00:00,0.85369,0.85374,0.85361,0.85366
2026-07-25 15:00:00+00:00,0.85364,0.854,0.8536,0.8538
2026-07-25 15:15:00+00:00,0.85379,0.85401,0.85363,0.85392
2026-07-25 15:30:00+00:00,0.85375,0.85379,0.85374,0.85375
2026-07-25 15:45:00+00:00,0.85375,0.85401,0.85372,0.85379
2026-07-25 16:00:00+00:00,0.85378,0.85381,0.85359,0.85364
2026-07-25 16:15:00+00:00,0.85363,0.85393,0.85362,0.85368
2026-07-25 16:30:00+00:00,0.85368,0.85396,0.85354,0.8536
2026-07-25 16:45:00+00:00,0.85375,0.85396,0.85375,0.8539
2026-07-25 17:00:00+00:00,0.85389,0.85391,0.85378,0.85386
2026-07-25 17:15:00+00:00,0.85384,0.85388,0.85383,0.85384
2026-07-25 17:30:00+00:00,0.85384,0.85397,0.85383,0.85385
2026-07-25 17:45:00+00:00,0.85385,0.85408,0.85364,0.85396
2026-07-25 18:00:00+00:00,0.85374,0.85381,0.85366,0.85371
2026-07-25 18:15:00+00:00,0.8537,0.854,0.85355,0.8539
2026-07-25 18:30:00+00:00,0.8539,0.85393,0.85388,0.85389
2026-07-25 18:45:00+00:00,0.8539,0.85397,0.85388,0.8539
2026-07-25 19:00:00+00:00,0.8539,0.85391,0.85379,0.85388
2026-07-25 19:15:00+00:00,0.85382,0.85388,0.85372,0.85374
2026-07-25 19:30:00+00:00,0.85376,0.85394,0.85364,0.85366
2026-07-25 19:45:00+00:00,0.85367,0.85369,0.85355,0.85356
2026-07-25 20:00:00+00:00,0.85356,0.85395,0.85337,0.85366
2026-07-25 20:15:00+00:00,0.85364,0.85394,0.85363,0.85384
2026-07-25 20:30:00+00:00,0.85364,0.85374,0.85364,0.8537
2026-07-25 20:45:00+00:00,0.85371,0.85398,0.85362,0.8537
2026-07-25 21:00:00+00:00,0.8537,0.85372,0.85359,0.85362
2026-07-25 21:15:00+00:00,0.85361,0.8539,0.85355,0.8537
2026-07-25 21:30:00+00:00,0.85368,0.85371,0.85355,0.8536
2026-07-25 21:45:00+00:00,0.8536,0.85384,0.85356,0.85362
2026-07-25 22:00:00+00:00,0.85362,0.85393,0.8535,0.85361
2026-07-25 22:15:00+00:00,0.85359,0.85363,0.85357,0.8536
2026-07-25 22:30:00+00:00,0.85358,0.85396,0.85355,0.85365
2026-07-25 22:45:00+00:00,0.85365,0.85396,0.85364,0.85364
2026-07-25 23:00:00+00:00,0.85365,0.85395,0.85362,0.85366
2026-07-25 23:15:00+00:00,0.85365,0.85396,0.85361,0.85389
2026-07-25 23:30:00+00:00,0.85387,0.85391,0.85386,0.85388
2026-07-25 23:45:00+00:00,0.85387,0.85393,0.85386,0.85387
2026-07-26 00:00:00+00:00,0.85388,0.85408,0.85361,0.8537
2026-07-26 00:15:00+00:00,0.85368,0.85392,0.85368,0.85375
2026-07-26 00:30:00+00:00,0.85373,0.85392,0.85371,0.85377
2026-07-26 00:45:00+00:00,0.85376,0.85384,0.85375,0.8538
2026-07-26 01:00:00+00:00,0.85381,0.85401,0.85378,0.85397
2026-07-26 01:15:00+00:00,0.85395,0.85399,0.85394,0.85397
2026-07-26 01:30:00+00:00,0.85395,0.85398,0.85393,0.85395
2026-07-26 01:45:00+00:00,0.85394,0.85398,0.85393,0.85393
2026-07-26 02:00:00+00:00,0.85393,0.85397,0.85392,0.85396
2026-07-26 02:15:00+00:00,0.85393,0.85397,0.85392,0.85395
2026-07-26 02:30:00+00:00,0.85393,0.85402,0.85358,0.85362
2026-07-26 02:45:00+00:00,0.8536,0.85395,0.85347,0.85355
2026-07-26 03:00:00+00:00,0.85355,0.85395,0.85354,0.85359
2026-07-26 03:15:00+00:00,0.8536,0.85361,0.85356,0.85358
2026-07-26 03:30:00+00:00,0.85356,0.85397,0.85355,0.85357
2026-07-26 03:45:00+00:00,0.85356,0.8536,0.85355,0.85358
2026-07-26 04:00:00+00:00,0.85357,0.85396,0.85351,0.8536
2026-07-26 04:15:00+00:00,0.8536,0.85402,0.85357,0.85387
2026-07-26 04:30:00+00:00,0.85386,0.85395,0.85369,0.85377
2026-07-26 04:45:00+00:00,0.85375,0.85396,0.85374,0.85378
2026-07-26 05:00:00+00:00,0.85378,0.85382,0.85363,0.85369
2026-07-26 05:15:00+00:00,0.8537,0.85404,0.85366,0.85375
2026-07-26 05:30:00+00:00,0.85374,0.85401,0.85372,0.85379
2026-07-26 05:45:00+00:00,0.85377,0.85381,0.85376,0.85378
2026-07-26 06:00:00+00:00,0.85377,0.85402,0.85363,0.85388
2026-07-26 06:15:00+00:00,0.85388,0.85392,0.85363,0.85389
2026-07-26 06:30:00+00:00,0.85388,0.85397,0.85372,0.85382
2026-07-26 06:45:00+00:00,0.8538,0.85395,0.85377,0.85383
2026-07-26 07:00:00+00:00,0.85382,0.85386,0.85381,0.85381
2026-07-26 07:15:00+00:00,0.85382,0.85394,0.85381,0.85384
2026-07-26 07:30:00+00:00,0.85384,0.85389,0.85382,0.85388
2026-07-26 07:45:00+00:00,0.85386,0.85403,0.85384,0.85401
2026-07-26 08:00:00+00:00,0.85399,0.85403,0.85396,0.85397
2026-07-26 08:15:00+00:00,0.85398,0.85401,0.85396,0.85398
2026-07-26 08:30:00+00:00,0.85398,0.85401,0.85377,0.85385
2026-07-26 08:45:00+00:00,0.85383,0.85387,0.85382,0.85385
2026-07-26 09:00:00+00:00,0.85383,0.85403,0.85383,0.85384
2026-07-26 09:15:00+00:00,0.85385,0.85403,0.85374,0.85397
2026-07-26 09:30:00+00:00,0.85397,0.85399,0.85376,0.85383
2026-07-26 09:45:00+00:00,0.85382,0.85397,0.85381,0.85389
2026-07-26 10:00:00+00:00,0.85387,0.85391,0.85386,0.85387
2026-07-26 10:15:00+00:00,0.85387,0.85389,0.85371,0.85375
2026-07-26 10:30:00+00:00,0.85375,0.85379,0.85374,0.85377
2026-07-26 10:45:00+00:00,0.85375,0.85379,0.85374,0.85377
2026-07-26 11:00:00+00:00,0.85375,0.85379,0.85374,0.85377
2026-07-26 11:15:00+00:00,0.85375,0.85379,0.85374,0.85375
2026-07-26 11:30:00+00:00,0.85375,0.85389,0.85353,0.85363
2026-07-26 11:45:00+00:00,0.85362,0.85366,0.85361,0.85364
2026-07-26 12:00:00+00:00,0.85362,0.85366,0.85361,0.85362
2026-07-26 12:15:00+00:00,0.85362,0.85366,0.85361,0.85361
2026-07-26 12:30:00+00:00,0.85362,0.85366,0.85361,0.85362
2026-07-26 12:45:00+00:00,0.85362,0.85366,0.85361,0.85364
2026-07-26 13:00:00+00:00,0.85362,0.85366,0.85361,0.85363
2026-07-26 13:15:00+00:00,0.85362,0.85383,0.85337,0.8535
2026-07-26 13:30:00+00:00,0.85351,0.85378,0.85348,0.85357
2026-07-26 13:45:00+00:00,0.85357,0.85361,0.85356,0.85359
2026-07-26 14:00:00+00:00,0.85357,0.85369,0.85344,0.85363
2026-07-26 14:15:00+00:00,0.85362,0.85366,0.85361,0.85361
2026-07-26 14:30:00+00:00,0.85362,0.85366,0.8536,0.85362
2026-07-26 14:45:00+00:00,0.85362,0.85383,0.85347,0.85378
2026-07-26 15:00:00+00:00,0.85377,0.85377,0.85338,0.85344
2026-07-26 15:15:00+00:00,0.85342,0.85346,0.85341,0.85342
2026-07-26 15:30:00+00:00,0.85342,0.85398,0.85337,0.85359
2026-07-26 15:45:00+00:00,0.85356,0.8536,0.85355,0.85358
2026-07-26 16:00:00+00:00,0.85356,0.8538,0.85331,0.85348
2026-07-26 16:15:00+00:00,0.85346,0.8535,0.85345,0.85346
2026-07-26 16:30:00+00:00,0.85346,0.8535,0.85333,0.85338
2026-07-26 16:45:00+00:00,0.85338,0.85342,0.8533,0.85332
2026-07-26 17:00:00+00:00,0.85331,0.85388,0.85324,0.85353
2026-07-26 17:15:00+00:00,0.85351,0.85361,0.85351,0.85358
2026-07-26 17:30:00+00:00,0.85357,0.85362,0.85356,0.85357
2026-07-26 17:45:00+00:00,0.85358,0.85362,0.85356,0.85359
2026-07-26 18:00:00+00:00,0.85357,0.85363,0.85357,0.85362
2026-07-26 18:15:00+00:00,0.85359,0.85369,0.85341,0.8535
2026-07-26 18:30:00+00:00,0.85354,0.8536,0.85341,0.85347
2026-07-26 18:45:00+00:00,0.85356,0.85363,0.85342,0.85359
2026-07-26 19:00:00+00:00,0.85359,0.85508,0.8524,0.85325
2026-07-26 19:15:00+00:00,0.85397,0.8549,0.85281,0.85377
2026-07-26 19:30:00+00:00,0.85386,0.85529,0.85253,0.85331
2026-07-26 19:45:00+00:00,0.85378,0.85555,0.8526,0.85356
2026-07-26 20:00:00+00:00,0.85427,0.85464,0.85252,0.85426
2026-07-26 20:15:00+00:00,0.85416,0.85547,0.8525,0.85524
2026-07-26 20:30:00+00:00,0.85488,0.85488,0.85216,0.85441
2026-07-26 20:45:00+00:00,0.85432,0.85478,0.85198,0.85435
2026-07-26 21:00:00+00:00,0.85419,0.85483,0.85257,0.85425
2026-07-26 21:15:00+00:00,0.8544,0.85488,0.85421,0.85447
2026-07-26 21:30:00+00:00,0.85444,0.85472,0.85424,0.85458
2026-07-26 21:45:00+00:00,0.85457,0.85501,0.85393,0.85418
2026-07-26 22:00:00+00:00,0.85413,0.85442,0.85335,0.85365
2026-07-26 22:15:00+00:00,0.85361,0.85375,0.85348,0.85361
2026-07-26 22:30:00+00:00,0.8536,0.85367,0.85346,0.85366
2026-07-26 22:45:00+00:00,0.85364,0.85368,0.85349,0.85359
2026-07-26 23:00:00+00:00,0.85359,0.85365,0.85348,0.85349
2026-07-26 23:15:00+00:00,0.8535,0.85359,0.85344,0.85352
2026-07-26 23:30:00+00:00,0.8535,0.85356,0.85345,0.85353
2026-07-26 23:45:00+00:00,0.8535,0.85358,0.85338,0.85343
2026-07-27 00:00:00+00:00,0.85347,0.85386,0.85341,0.85364
2026-07-27 00:15:00+00:00,0.85367,0.85407,0.85351,0.85406
2026-07-27 00:30:00+00:00,0.85403,0.85415,0.85374,0.85386
2026-07-27 00:45:00+00:00,0.85384,0.85403,0.85375,0.85394
2026-07-27 01:00:00+00:00,0.85398,0.85412,0.85391,0.85406
2026-07-27 01:15:00+00:00,0.85405,0.85416,0.85397,0.8541
2026-07-27 01:30:00+00:00,0.85408,0.85418,0.85387,0.85409
2026-07-27 01:45:00+00:00,0.85408,0.85425,0.85403,0.85407
2026-07-27 02:00:00+00:00,0.85412,0.85422,0.85398,0.8541
2026-07-27 02:15:00+00:00,0.85409,0.85415,0.85402,0.85411
2026-07-27 02:30:00+00:00,0.85409,0.85418,0.85396,0.85412
2026-07-27 02:45:00+00:00,0.85411,0.85418,0.85401,0.85403
2026-07-27 03:00:00+00:00,0.85404,0.85412,0.8539,0.85392
2026-07-27 03:15:00+00:00,0.85395,0.85405,0.85393,0.85403
2026-07-27 03:30:00+00:00,0.85401,0.85414,0.85394,0.85412
2026-07-27 03:45:00+00:00,0.85411,0.85417,0.85404,0.85411
2026-07-27 04:00:00+00:00,0.8541,0.85413,0.85395,0.85402
2026-07-27 04:15:00+00:00,0.85403,0.85412,0.85396,0.85412
2026-07-27 04:30:00+00:00,0.85411,0.85415,0.85396,0.85406
2026-07-27 04:45:00+00:00,0.85404,0.85413,0.85399,0.85406
2026-07-27 05:00:00+00:00,0.85406,0.85422,0.85401,0.85405
2026-07-27 05:15:00+00:00,0.85407,0.8542,0.85404,0.85415
2026-07-27 05:30:00+00:00,0.85415,0.85417,0.85397,0.85414
2026-07-27 05:45:00+00:00,0.85412,0.85419,0.85401,0.85418
2026-07-27 06:00:00+00:00,0.85416,0.85448,0.85415,0.85432
2026-07-27 06:15:00+00:00,0.85442,0.85456,0.85431,0.85441
2026-07-27 06:30:00+00:00,0.85439,0.85467,0.85422,0.85452
2026-07-27 06:45:00+00:00,0.85458,0.85466,0.85431,0.85464
2026-07-27 07:00:00+00:00,0.8546,0.85503,0.85429,0.85498
2026-07-27 07:15:00+00:00,0.85488,0.85499,0.85455,0.85458
2026-07-27 07:30:00+00:00,0.8546,0.85476,0.85444,0.85464
2026-07-27 07:45:00+00:00,0.85456,0.85478,0.85441,0.85456
2026-07-27 08:00:00+00:00,0.85463,0.85481,0.85446,0.85462
2026-07-27 08:15:00+00:00,0.85466,0.85486,0.85462,0.85468
2026-07-27 08:30:00+00:00,0.85469,0.85479,0.85465,0.85478
2026-07-27 08:45:00+00:00,0.85475,0.85492,0.85463,0.85477
2026-07-27 09:00:00+00:00,0.85478,0.85495,0.85459,0.85491
2026-07-27 09:15:00+00:00,0.85488,0.85499,0.85476,0.85479
2026-07-27 09:30:00+00:00,0.85484,0.85495,0.85466,0.85477
2026-07-27 09:45:00+00:00,0.85476,0.85495,0.85468,0.85488
2026-07-27 10:00:00+00:00,0.85484,0.85501,0.85467,0.85497
2026-07-27 10:15:00+00:00,0.85493,0.85516,0.85478,0.85511
2026-07-27 10:30:00+00:00,0.85505,0.85526,0.85503,0.85519
2026-07-27 10:45:00+00:00,0.85515,0.85567,0.85505,0.85563
2026-07-27 11:00:00+00:00,0.8556,0.85593,0.8554,0.85592
2026-07-27 11:15:00+00:00,0.8559,0.8559,0.8554,0.85556
2026-07-27 11:30:00+00:00,0.85558,0.85586,0.85537,0.8555
2026-07-27 11:45:00+00:00,0.85558,0.85558,0.85521,0.85525
2026-07-27 12:00:00+00:00,0.85523,0.8554,0.85513,0.85536
2026-07-27 12:15:00+00:00,0.85532,0.85551,0.85499,0.85501
2026-07-27 12:30:00+00:00,0.85505,0.85525,0.85501,0.85518
2026-07-27 12:45:00+00:00,0.8551,0.85526,0.85482,0.8549
2026-07-27 13:00:00+00:00,0.85494,0.85533,0.85485,0.85497
2026-07-27 13:15:00+00:00,0.85504,0.85504,0.85464,0.85466
2026-07-27 13:30:00+00:00,0.8547,0.85489,0.85438,0.85465
2026-07-27 13:45:00+00:00,0.85461,0.85472,0.85437,0.85448
2026-07-27 14:00:00+00:00,0.85452,0.8546,0.85424,0.85426
2026-07-27 14:15:00+00:00,0.85427,0.85454,0.85413,0.85449
2026-07-27 14:30:00+00:00,0.85447,0.85466,0.85429,0.85445
2026-07-27 14:45:00+00:00,0.85452,0.85494,0.85452,0.85493
2026-07-27 15:00:00+00:00,0.8549,0.85497,0.85466,0.85487
2026-07-27 15:15:00+00:00,0.85481,0.85505,0.85472,0.85504
2026-07-27 15:30:00+00:00,0.85502,0.85511,0.85488,0.85494
2026-07-27 15:45:00+00:00,0.85495,0.85518,0.85495,0.85514
2026-07-27 16:00:00+00:00,0.8551,0.85532,0.85498,0.8553
2026-07-27 16:15:00+00:00,0.85528,0.85546,0.85496,0.85517
2026-07-27 16:30:00+00:00,0.85515,0.85544,0.85507,0.85542
2026-07-27 16:45:00+00:00,0.85539,0.8555,0.8553,0.85532
2026-07-27 17:00:00+00:00,0.85534,0.856,0.8552,0.85574
2026-07-27 17:15:00+00:00,0.85572,0.85589,0.85562,0.85579
2026-07-27 17:30:00+00:00,0.85579,0.85592,0.85568,0.85574
2026-07-27 17:45:00+00:00,0.85576,0.85579,0.85563,0.8557
2026-07-27 18:00:00+00:00,0.85568,0.85571,0.8555,0.85569
2026-07-27 18:15:00+00:00,0.85567,0.85572,0.85551,0.85556
2026-07-27 18:30:00+00:00,0.85555,0.85567,0.85536,0.85553
2026-07-27 18:45:00+00:00,0.8555,0.85556,0.85538,0.85555
2026-07-27 19:00:00+00:00,0.85552,0.85557,0.85532,0.85542
2026-07-27 19:15:00+00:00,0.85541,0.85545,0.85532,0.85539
2026-07-27 19:30:00+00:00,0.85537,0.85546,0.85524,0.85537
2026-07-27 19:45:00+00:00,0.85535,0.85547,0.85532,0.85546
2026-07-27 20:00:00+00:00,0.85545,0.85564,0.8553,0.85557
2026-07-27 20:15:00+00:00,0.8556,0.85562,0.85549,0.85558
2026-07-27 20:30:00+00:00,0.85557,0.85566,0.85542,0.85549
2026-07-27 20:45:00+00:00,0.85552,0.85562,0.85545,0.85546
2026-07-27 21:00:00+00:00,0.85548,0.85556,0.85469,0.85536
2026-07-27 21:15:00+00:00,0.85522,0.85552,0.85474,0.85502
2026-07-27 21:30:00+00:00,0.85529,0.85557,0.85481,0.8552
2026-07-27 21:45:00+00:00,0.85536,0.85553,0.85507,0.85543
2026-07-27 22:00:00+00:00,0.85544,0.85564,0.85527,0.85556
2026-07-27 22:15:00+00:00,0.85557,0.85565,0.85547,0.85552
2026-07-27 22:30:00+00:00,0.8555,0.8556,0.85547,0.85559
2026-07-27 22:45:00+00:00,0.85558,0.85561,0.85551,0.85553
2026-07-27 23:00:00+00:00,0.85555,0.85567,0.85544,0.8556
2026-07-27 23:15:00+00:00,0.8556,0.85565,0.85555,0.85563
2026-07-27 23:30:00+00:00,0.85562,0.85562,0.85544,0.85552
2026-07-27 23:45:00+00:00,0.8555,0.8556,0.85541,0.85553
2026-07-28 00:00:00+00:00,0.85551,0.85561,0.85539,0.85557
2026-07-28 00:15:00+00:00,0.85556,0.85562,0.85549,0.85557
2026-07-28 00:30:00+00:00,0.85556,0.85562,0.85549,0.85561
2026-07-28 00:45:00+00:00,0.85559,0.85574,0.85554,0.85557
2026-07-28 01:00:00+00:00,0.85561,0.85579,0.85546,0.85564
2026-07-28 01:15:00+00:00,0.85569,0.85577,0.85557,0.85563
2026-07-28 01:30:00+00:00,0.85563,0.85567,0.85551,0.85564
2026-07-28 01:45:00+00:00,0.85563,0.85568,0.85544,0.85561
2026-07-28 02:00:00+00:00,0.85562,0.85567,0.85542,0.85552
2026-07-28 02:15:00+00:00,0.85549,0.85558,0.85543,0.85547
2026-07-28 02:30:00+00:00,0.8555,0.85554,0.85536,0.85552
2026-07-28 02:45:00+00:00,0.85549,0.85559,0.85543,0.85556
2026-07-28 03:00:00+00:00,0.85555,0.85561,0.85545,0.85548
2026-07-28 03:15:00+00:00,0.85551,0.85553,0.85532,0.85545
2026-07-28 03:30:00+00:00,0.85544,0.85545,0.85522,0.85532
2026-07-28 03:45:00+00:00,0.8553,0.85538,0.85524,0.85537
2026-07-28 04:00:00+00:00,0.85535,0.85542,0.85523,0.85541
2026-07-28 04:15:00+00:00,0.8554,0.85541,0.85525,0.85536
2026-07-28 04:30:00+00:00,0.85534,0.85536,0.85524,0.85532
2026-07-28 04:45:00+00:00,0.8553,0.85539,0.85514,0.85515
2026-07-28 05:00:00+00:00,0.85516,0.8552,0.85487,0.85511
2026-07-28 05:15:00+00:00,0.85507,0.85525,0.855,0.85522
2026-07-28 05:30:00+00:00,0.85516,0.85536,0.85511,0.85532
2026-07-28 05:45:00+00:00,0.85523,0.8554,0.85519,0.85539
2026-07-28 06:00:00+00:00,0.85537,0.8555,0.85525,0.85528
2026-07-28 06:15:00+00:00,0.85533,0.85543,0.85522,0.85525
2026-07-28 06:30:00+00:00,0.85531,0.85543,0.85515,0.85528
2026-07-28 06:45:00+00:00,0.85526,0.85527,0.85468,0.85472
2026-07-28 07:00:00+00:00,0.85478,0.85512,0.85474,0.85497
2026-07-28 07:15:00+00:00,0.85504,0.85509,0.85456,0.85473
2026-07-28 07:30:00+00:00,0.85472,0.85501,0.8546,0.85495
2026-07-28 07:45:00+00:00,0.85493,0.85507,0.8548,0.85498
2026-07-28 08:00:00+00:00,0.85493,0.8551,0.85456,0.85478
2026-07-28 08:15:00+00:00,0.85479,0.85493,0.85463,0.85478
2026-07-28 08:30:00+00:00,0.85482,0.85513,0.85471,0.85498
2026-07-28 08:45:00+00:00,0.85499,0.85508,0.85477,0.85494
2026-07-28 09:00:00+00:00,0.85493,0.85511,0.85479,0.85508
2026-07-28 09:15:00+00:00,0.85507,0.85515,0.85493,0.85506
2026-07-28 09:30:00+00:00,0.85509,0.85511,0.85486,0.85506
2026-07-28 09:45:00+00:00,0.85501,0.85529,0.85489,0.85512
2026-07-28 10:00:00+00:00,0.85514,0.85553,0.85506,0.85548
2026-07-28 10:15:00+00:00,0.85543,0.85553,0.85511,0.8553
2026-07-28 10:30:00+00:00,0.85534,0.85556,0.85518,0.85537
2026-07-28 10:45:00+00:00,0.85541,0.85579,0.85535,0.85545
2026-07-28 11:00:00+00:00,0.85547,0.85564,0.85531,0.85563
2026-07-28 11:15:00+00:00,0.8556,0.85581,0.85547,0.85578
2026-07-28 11:30:00+00:00,0.85575,0.85582,0.85557,0.85571
2026-07-28 11:45:00+00:00,0.8557,0.85613,0.85557,0.85601
2026-07-28 12:00:00+00:00,0.85599,0.85599,0.85539,0.85543
2026-07-28 12:15:00+00:00,0.85548,0.85548,0.85521,0.85529
2026-07-28 12:30:00+00:00,0.85532,0.85538,0.8549,0.85491
2026-07-28 12:45:00+00:00,0.85493,0.85499,0.85472,0.85477
2026-07-28 13:00:00+00:00,0.85479,0.85504,0.85453,0.85502
2026-07-28 13:15:00+00:00,0.85496,0.85511,0.85476,0.85482
2026-07-28 13:30:00+00:00,0.85487,0.85517,0.85486,0.8551
2026-07-28 13:45:00+00:00,0.85508,0.85517,0.85485,0.85498
2026-07-28 14:00:00+00:00,0.85499,0.85543,0.85489,0.85542
2026-07-28 14:15:00+00:00,0.85539,0.85584,0.85534,0.85578
2026-07-28 14:30:00+00:00,0.85577,0.85604,0.8556,0.85592
2026-07-28 14:45:00+00:00,0.85595,0.85677,0.85581,0.8567
2026-07-28 15:00:00+00:00,0.85666,0.85683,0.85632,0.85643
2026-07-28 15:15:00+00:00,0.85649,0.85675,0.85638,0.8565
2026-07-28 15:30:00+00:00,0.85655,0.85675,0.85638,0.85659
2026-07-28 15:45:00+00:00,0.85662,0.85673,0.85631,0.85664
2026-07-28 16:00:00+00:00,0.85666,0.85693,0.85652,0.85691
2026-07-28 16:15:00+00:00,0.85689,0.85709,0.85683,0.857
2026-07-28 16:30:00+00:00,0.85698,0.85712,0.85659,0.85684
2026-07-28 16:45:00+00:00,0.8568,0.85698,0.85666,0.85671
2026-07-28 17:00:00+00:00,0.85675,0.8568,0.85652,0.85673
2026-07-28 17:15:00+00:00,0.85671,0.85678,0.85646,0.85663
2026-07-28 17:30:00+00:00,0.85666,0.85685,0.85658,0.85684
2026-07-28 17:45:00+00:00,0.85682,0.85693,0.85671,0.85686
2026-07-28 18:00:00+00:00,0.85685,0.85702,0.85683,0.85697
2026-07-28 18:15:00+00:00,0.85695,0.85709,0.85692,0.85699
2026-07-28 18:30:00+00:00,0.85703,0.85705,0.85687,0.85691
2026-07-28 18:45:00+00:00,0.85692,0.85696,0.85677,0.85688
2026-07-28 19:00:00+00:00,0.85685,0.85693,0.85677,0.85685
2026-07-28 19:15:00+00:00,0.85684,0.85697,0.85671,0.85687
2026-07-28 19:30:00+00:00,0.85689,0.85698,0.85685,0.85687
2026-07-28 19:45:00+00:00,0.85691,0.85705,0.85674,0.85703
2026-07-28 20:00:00+00:00,0.85699,0.85703,0.85686,0.85693
2026-07-28 20:15:00+00:00,0.85691,0.85696,0.85681,0.85691
2026-07-28 20:30:00+00:00,0.85689,0.857,0.85682,0.85691
2026-07-28 20:45:00+00:00,0.85693,0.85705,0.8567,0.85673
2026-07-28 21:00:00+00:00,0.85678,0.85726,0.85646,0.85681
2026-07-28 21:15:00+00:00,0.85691,0.85709,0.8566,0.85708
2026-07-28 21:30:00+00:00,0.85705,0.85715,0.85676,0.85696
2026-07-28 21:45:00+00:00,0.85706,0.85724,0.85695,0.85718
2026-07-28 22:00:00+00:00,0.85714,0.85721,0.85691,0.85708
2026-07-28 22:15:00+00:00,0.85706,0.8571,0.85685,0.85704
2026-07-28 22:30:00+00:00,0.85702,0.8571,0.85697,0.85707
2026-07-28 22:45:00+00:00,0.85706,0.85709,0.85699,0.85703
2026-07-28 23:00:00+00:00,0.85702,0.85713,0.85693,0.85702
2026-07-28 23:15:00+00:00,0.85705,0.85708,0.85697,0.85703
2026-07-28 23:30:00+00:00,0.85701,0.8571,0.85697,0.85708
2026-07-28 23:45:00+00:00,0.85707,0.85708,0.85687,0.85695
2026-07-29 00:00:00+00:00,0.85699,0.85707,0.85675,0.85686
2026-07-29 00:15:00+00:00,0.85684,0.85702,0.8567,0.85689
2026-07-29 00:30:00+00:00,0.85691,0.85694,0.85677,0.85686
2026-07-29 00:45:00+00:00,0.85685,0.85694,0.85673,0.85691
2026-07-29 01:00:00+00:00,0.85688,0.8571,0.85681,0.85709
2026-07-29 01:15:00+00:00,0.85706,0.85714,0.85701,0.85714
2026-07-29 01:30:00+00:00,0.85712,0.85727,0.85681,0.85725
2026-07-29 01:45:00+00:00,0.85724,0.85736,0.85717,0.85724
2026-07-29 02:00:00+00:00,0.85725,0.85729,0.85705,0.8572
2026-07-29 02:15:00+00:00,0.85716,0.85716,0.85687,0.85703
2026-07-29 02:30:00+00:00,0.85702,0.85708,0.85693,0.85704
2026-07-29 02:45:00+00:00,0.85702,0.85716,0.85686,0.85715
2026-07-29 03:00:00+00:00,0.85713,0.85719,0.857,0.85714
2026-07-29 03:15:00+00:00,0.85711,0.85726,0.85705,0.85725
2026-07-29 03:30:00+00:00,0.85723,0.85732,0.85719,0.85729
2026-07-29 03:45:00+00:00,0.85727,0.85734,0.85715,0.85727
2026-07-29 04:00:00+00:00,0.85727,0.85727,0.85713,0.85725
2026-07-29 04:15:00+00:00,0.85722,0.85739,0.85716,0.85728
2026-07-29 04:30:00+00:00,0.85726,0.85738,0.85712,0.85736
2026-07-29 04:45:00+00:00,0.85734,0.85739,0.85717,0.85738
2026-07-29 05:00:00+00:00,0.85735,0.8574,0.85727,0.85728
2026-07-29 05:15:00+00:00,0.8573,0.85734,0.85709,0.85725
2026-07-29 05:30:00+00:00,0.85723,0.85726,0.85708,0.85718
2026-07-29 05:45:00+00:00,0.85715,0.8572,0.85696,0.85703
2026-07-29 06:00:00+00:00,0.85708,0.85714,0.8568,0.85681
2026-07-29 06:15:00+00:00,0.85685,0.85704,0.85668,0.85692
2026-07-29 06:30:00+00:00,0.85693,0.85695,0.85674,0.85681
2026-07-29 06:45:00+00:00,0.85679,0.85684,0.85655,0.85675
2026-07-29 07:00:00+00:00,0.85671,0.85697,0.85663,0.85694
2026-07-29 07:15:00+00:00,0.85688,0.85692,0.85663,0.8568
2026-07-29 07:30:00+00:00,0.85679,0.85686,0.85663,0.85671
2026-07-29 07:45:00+00:00,0.85677,0.85709,0.85665,0.85694
2026-07-29 08:00:00+00:00,0.85691,0.85697,0.85663,0.85695
2026-07-29 08:15:00+00:00,0.85693,0.85701,0.85658,0.85664
2026-07-29 08:30:00+00:00,0.85669,0.85689,0.85659,0.85661
2026-07-29 08:45:00+00:00,0.85664,0.85672,0.85635,0.85647
2026-07-29 09:00:00+00:00,0.85642,0.85671,0.85642,0.85657
2026-07-29 09:15:00+00:00,0.8566,0.8566,0.85641,0.85655
2026-07-29 09:30:00+00:00,0.85651,0.8569,0.85646,0.85686
2026-07-29 09:45:00+00:00,0.85682,0.85693,0.85655,0.85667
2026-07-29 10:00:00+00:00,0.8567,0.85706,0.85665,0.857
2026-07-29 10:15:00+00:00,0.85698,0.85708,0.85667,0.85704
2026-07-29 10:30:00+00:00,0.85699,0.85712,0.85677,0.85678
2026-07-29 10:45:00+00:00,0.85681,0.85681,0.85653,0.85666
2026-07-29 11:00:00+00:00,0.85663,0.85675,0.85652,0.85653
2026-07-29 11:15:00+00:00,0.85656,0.85668,0.85645,0.85645
2026-07-29 11:30:00+00:00,0.85646,0.85651,0.85626,0.85638
2026-07-29 11:45:00+00:00,0.85637,0.85637,0.85619,0.85634
2026-07-29 12:00:00+00:00,0.85631,0.85649,0.85617,0.85641
2026-07-29 12:15:00+00:00,0.8564,0.85666,0.85634,0.85647
2026-07-29 12:30:00+00:00,0.85648,0.85657,0.85629,0.85654
2026-07-29 12:45:00+00:00,0.85651,0.85683,0.85638,0.8567
2026-07-29 13:00:00+00:00,0.85666,0.85683,0.85637,0.85682
2026-07-29 13:15:00+00:00,0.85679,0.85701,0.85669,0.85689
2026-07-29 13:30:00+00:00,0.85687,0.85713,0.85655,0.85698
2026-07-29 13:45:00+00:00,0.85703,0.85715,0.85674,0.85679
2026-07-29 14:00:00+00:00,0.85687,0.857,0.85667,0.85683
2026-07-29 14:15:00+00:00,0.85681,0.85714,0.85669,0.85674
2026-07-29 14:30:00+00:00,0.85679,0.85693,0.8564,0.85674
2026-07-29 14:45:00+00:00,0.85664,0.85713,0.85637,0.85642
2026-07-29 15:00:00+00:00,0.8565,0.8569,0.8564,0.85666
2026-07-29 15:15:00+00:00,0.8566,0.85676,0.85644,0.85671
2026-07-29 15:30:00+00:00,0.85667,0.85667,0.85632,0.85649
2026-07-29 15:45:00+00:00,0.85651,0.85677,0.85649,0.85671
2026-07-29 16:00:00+00:00,0.8567,0.85678,0.85645,0.85676
2026-07-29 16:15:00+00:00,0.85669,0.85677,0.85658,0.85674
2026-07-29 16:30:00+00:00,0.85671,0.85696,0.85667,0.8569
2026-07-29 16:45:00+00:00,0.85691,0.85698,0.85669,0.85678
2026-07-29 17:00:00+00:00,0.85677,0.85683,0.85655,0.85671
2026-07-29 17:15:00+00:00,0.85667,0.85676,0.85648,0.85654
2026-07-29 17:30:00+00:00,0.85663,0.85668,0.8564,0.85658
2026-07-29 17:45:00+00:00,0.85656,0.85681,0.85649,0.85679
2026-07-29 18:00:00+00:00,0.85678,0.85863,0.85552,0.85704
2026-07-29 18:15:00+00:00,0.85697,0.85711,0.85659,0.85673
2026-07-29 18:30:00+00:00,0.85678,0.85707,0.85598,0.85681
2026-07-29 18:45:00+00:00,0.8567,0.8571,0.85651,0.85684
2026-07-29 19:00:00+00:00,0.85684,0.85712,0.85635,0.85648
2026-07-29 19:15:00+00:00,0.85648,0.85726,0.85609,0.85722
2026-07-29 19:30:00+00:00,0.85713,0.85779,0.85703,0.85773
2026-07-29 19:45:00+00:00,0.85766,0.85797,0.85747,0.85761
2026-07-29 20:00:00+00:00,0.85773,0.85803,0.85757,0.85785
2026-07-29 20:15:00+00:00,0.85788,0.85824,0.8578,0.85823
2026-07-29 20:30:00+00:00,0.8582,0.85858,0.85802,0.85809
2026-07-29 20:45:00+00:00,0.85809,0.85827,0.85773,0.85776
2026-07-29 21:00:00+00:00,0.85784,0.8593,0.8571,0.85765
2026-07-29 21:15:00+00:00,0.85757,0.85781,0.85732,0.85772
2026-07-29 21:30:00+00:00,0.85766,0.85804,0.85723,0.85756
2026-07-29 21:45:00+00:00,0.85778,0.85785,0.85733,0.85783
2026-07-29 22:00:00+00:00,0.8578,0.85807,0.85758,0.85785
2026-07-29 22:15:00+00:00,0.85783,0.858,0.85782,0.85793
2026-07-29 22:30:00+00:00,0.85792,0.858,0.85782,0.85796
2026-07-29 22:45:00+00:00,0.85794,0.85808,0.85794,0.85801
2026-07-29 23:00:00+00:00,0.85802,0.85819,0.85774,0.85786
2026-07-29 23:15:00+00:00,0.85792,0.85801,0.85786,0.8579
2026-07-29 23:30:00+00:00,0.85791,0.85797,0.85776,0.85779
2026-07-29 23:45:00+00:00,0.85785,0.858,0.85776,0.85785
2026-07-30 00:00:00+00:00,0.85787,0.858,0.85773,0.85786
2026-07-30 00:15:00+00:00,0.85788,0.85805,0.85772,0.85801
2026-07-30 00:30:00+00:00,0.85793,0.858,0.85782,0.85795
2026-07-30 00:45:00+00:00,0.85794,0.858,0.85784,0.85798
2026-07-30 01:00:00+00:00,0.85796,0.858,0.85778,0.8579
2026-07-30 01:15:00+00:00,0.85787,0.85793,0.85769,0.85781
2026-07-30 01:30:00+00:00,0.85775,0.85794,0.85766,0.85779
2026-07-30 01:45:00+00:00,0.85776,0.8579,0.85769,0.85777
2026-07-30 02:00:00+00:00,0.85775,0.85786,0.85762,0.85765
2026-07-30 02:15:00+00:00,0.85768,0.85795,0.85763,0.85793
2026-07-30 02:30:00+00:00,0.85792,0.85802,0.85784,0.85793
2026-07-30 02:45:00+00:00,0.85795,0.85799,0.85785,0.85796
2026-07-30 03:00:00+00:00,0.85795,0.85817,0.8579,0.85816
2026-07-30 03:15:00+00:00,0.85814,0.8582,0.85797,0.85806
2026-07-30 03:30:00+00:00,0.85803,0.85809,0.85794,0.85801
2026-07-30 03:45:00+00:00,0.85799,0.85804,0.85784,0.85795
2026-07-30 04:00:00+00:00,0.85791,0.85809,0.85789,0.85802
2026-07-30 04:15:00+00:00,0.85804,0.85808,0.85797,0.85802
2026-07-30 04:30:00+00:00,0.85801,0.85818,0.85795,0.85816
2026-07-30 04:45:00+00:00,0.85814,0.85818,0.85802,0.85811
2026-07-30 05:00:00+00:00,0.85809,0.85825,0.85808,0.85814
2026-07-30 05:15:00+00:00,0.85818,0.85824,0.85775,0.85781
2026-07-30 05:30:00+00:00,0.8578,0.85781,0.85752,0.85763
2026-07-30 05:45:00+00:00,0.85761,0.85789,0.85758,0.85778
2026-07-30 06:00:00+00:00,0.85776,0.85824,0.85752,0.8582
2026-07-30 06:15:00+00:00,0.85814,0.85824,0.85802,0.85818
2026-07-30 06:30:00+00:00,0.85813,0.8584,0.85806,0.85816
2026-07-30 06:45:00+00:00,0.85813,0.85828,0.85789,0.85791
2026-07-30 07:00:00+00:00,0.85793,0.85801,0.85734,0.85739
2026-07-30 07:15:00+00:00,0.85749,0.85759,0.85704,0.85736
2026-07-30 07:30:00+00:00,0.85732,0.85746,0.85722,0.85724
2026-07-30 07:45:00+00:00,0.85725,0.85758,0.85714,0.85755
2026-07-30 08:00:00+00:00,0.85748,0.8577,0.85727,0.85746
2026-07-30 08:15:00+00:00,0.85743,0.85767,0.85734,0.85758
2026-07-30 08:30:00+00:00,0.85754,0.85763,0.85707,0.85722
2026-07-30 08:45:00+00:00,0.8572,0.85739,0.85709,0.85714
2026-07-30 09:00:00+00:00,0.8572,0.85734,0.85696,0.85699
2026-07-30 09:15:00+00:00,0.85703,0.85719,0.8568,0.85697
2026-07-30 09:30:00+00:00,0.85701,0.85717,0.85666,0.85671
2026-07-30 09:45:00+00:00,0.85677,0.85697,0.85658,0.85687
2026-07-30 10:00:00+00:00,0.85685,0.8571,0.85665,0.85708
2026-07-30 10:15:00+00:00,0.85704,0.85751,0.85674,0.85726
2026-07-30 10:30:00+00:00,0.85731,0.85741,0.85644,0.85693
2026-07-30 10:45:00+00:00,0.85685,0.85699,0.85633,0.85683
2026-07-30 11:00:00+00:00,0.8568,0.85732,0.85639,0.85715
2026-07-30 11:15:00+00:00,0.85725,0.85751,0.85708,0.85733
2026-07-30 11:30:00+00:00,0.8573,0.85739,0.85698,0.85735
2026-07-30 11:45:00+00:00,0.85729,0.85744,0.85709,0.85719
2026-07-30 12:00:00+00:00,0.85717,0.85729,0.85695,0.85701
2026-07-30 12:15:00+00:00,0.85711,0.85748,0.8569,0.857
2026-07-30 12:30:00+00:00,0.85703,0.85819,0.85698,0.85806
2026-07-30 12:45:00+00:00,0.85781,0.85815,0.85748,0.85809
2026-07-30 13:00:00+00:00,0.85803,0.85807,0.85769,0.85792
2026-07-30 13:15:00+00:00,0.85784,0.85853,0.85782,0.85852
2026-07-30 13:30:00+00:00,0.85849,0.85878,0.85713,0.85723
2026-07-30 13:45:00+00:00,0.85742,0.85853,0.85715,0.85829
2026-07-30 14:00:00+00:00,0.85816,0.85845,0.85723,0.85751
2026-07-30 14:15:00+00:00,0.85759,0.85781,0.85712,0.85778
2026-07-30 14:30:00+00:00,0.85773,0.85793,0.85712,0.85716
2026-07-30 14:45:00+00:00,0.85721,0.85735,0.85662,0.85667
2026-07-30 15:00:00+00:00,0.85672,0.85695,0.85637,0.8567
2026-07-30 15:15:00+00:00,0.85671,0.85708,0.85645,0.85665
2026-07-30 15:30:00+00:00,0.85666,0.85697,0.8563,0.85636
2026-07-30 15:45:00+00:00,0.85637,0.85672,0.85585,0.85601
2026-07-30 16:00:00+00:00,0.85599,0.8562,0.85587,0.85592
2026-07-30 16:15:00+00:00,0.856,0.85621,0.85574,0.85619
2026-07-30 16:30:00+00:00,0.85615,0.85623,0.85586,0.85618
2026-07-30 16:45:00+00:00,0.85611,0.85633,0.85604,0.85631
2026-07-30 17:00:00+00:00,0.85626,0.85637,0.85576,0.8558
2026-07-30 17:15:00+00:00,0.85586,0.85598,0.85572,0.85596
2026-07-30 17:30:00+00:00,0.85595,0.8562,0.85552,0.85613
2026-07-30 17:45:00+00:00,0.856,0.85623,0.8556,0.8558
2026-07-30 18:00:00+00:00,0.85578,0.85625,0.85577,0.85622
2026-07-30 18:15:00+00:00,0.8562,0.85625,0.85592,0.85603
2026-07-30 18:30:00+00:00,0.85602,0.85614,0.85593,0.85609
2026-07-30 18:45:00+00:00,0.85608,0.85611,0.85588,0.85597
2026-07-30 19:00:00+00:00,0.85599,0.85623,0.85565,0.85592
2026-07-30 19:15:00+00:00,0.85589,0.85605,0.85578,0.85602
2026-07-30 19:30:00+00:00,0.85601,0.85608,0.85587,0.85588
2026-07-30 19:45:00+00:00,0.8559,0.8561,0.85584,0.85601
2026-07-30 20:00:00+00:00,0.85602,0.85624,0.8559,0.85603
2026-07-30 20:15:00+00:00,0.85602,0.85617,0.85591,0.85616
2026-07-30 20:30:00+00:00,0.85614,0.85616,0.85589,0.85594
2026-07-30 20:45:00+00:00,0.85597,0.85627,0.8559,0.85623
2026-07-30 21:00:00+00:00,0.85617,0.85673,0.85574,0.85605
2026-07-30 21:15:00+00:00,0.85603,0.85617,0.85592,0.85609
2026-07-30 21:30:00+00:00,0.85605,0.85619,0.85595,0.85604
2026-07-30 21:45:00+00:00,0.85604,0.85619,0.856,0.85604
2026-07-30 22:00:00+00:00,0.85609,0.85637,0.85584,0.85603
2026-07-30 22:15:00+00:00,0.85601,0.85606,0.85592,0.85598
2026-07-30 22:30:00+00:00,0.85596,0.85614,0.85594,0.85611
2026-07-30 22:45:00+00:00,0.85609,0.85613,0.856,0.85606
2026-07-30 23:00:00+00:00,0.8561,0.85643,0.85585,0.8561
2026-07-30 23:15:00+00:00,0.85609,0.85613,0.85594,0.85611
2026-07-30 23:30:00+00:00,0.85605,0.85617,0.85591,0.85614
2026-07-30 23:45:00+00:00,0.85613,0.85615,0.856,0.85602
2026-07-31 00:00:00+00:00,0.85606,0.85616,0.8559,0.85598
2026-07-31 00:15:00+00:00,0.85601,0.85621,0.85592,0.85607
2026-07-31 00:30:00+00:00,0.85605,0.85605,0.85582,0.85597
2026-07-31 00:45:00+00:00,0.85594,0.85611,0.85575,0.85584
2026-07-31 01:00:00+00:00,0.85581,0.85586,0.85564,0.85583
2026-07-31 01:15:00+00:00,0.85578,0.856,0.85574,0.85593
2026-07-31 01:30:00+00:00,0.85591,0.85603,0.85578,0.85599
2026-07-31 01:45:00+00:00,0.85597,0.85604,0.85571,0.85573
2026-07-31 02:00:00+00:00,0.85574,0.85586,0.85554,0.8556
2026-07-31 02:15:00+00:00,0.85563,0.85576,0.85547,0.85567
2026-07-31 02:30:00+00:00,0.8557,0.85587,0.85552,0.85576
2026-07-31 02:45:00+00:00,0.85574,0.85589,0.85573,0.85588
2026-07-31 03:00:00+00:00,0.85587,0.85609,0.85573,0.85606
2026-07-31 03:15:00+00:00,0.85602,0.85608,0.85578,0.85594
2026-07-31 03:30:00+00:00,0.85587,0.85598,0.85566,0.85582
2026-07-31 03:45:00+00:00,0.85578,0.85598,0.85567,0.85597
2026-07-31 04:00:00+00:00,0.85595,0.85604,0.85582,0.85595
2026-07-31 04:15:00+00:00,0.85599,0.85606,0.85591,0.856
2026-07-31 04:30:00+00:00,0.85599,0.85599,0.85573,0.85579
2026-07-31 04:45:00+00:00,0.85575,0.85598,0.85575,0.85593
2026-07-31 05:00:00+00:00,0.85591,0.85594,0.85561,0.85567
2026-07-31 05:15:00+00:00,0.85572,0.85586,0.85566,0.85583
2026-07-31 05:30:00+00:00,0.85582,0.8561,0.85579,0.85602
2026-07-31 05:45:00+00:00,0.856,0.85609,0.85589,0.8559
2026-07-31 06:00:00+00:00,0.85592,0.85605,0.85575,0.856
2026-07-31 06:15:00+00:00,0.85596,0.85615,0.85581,0.85597
2026-07-31 06:30:00+00:00,0.85593,0.85625,0.85574,0.85611
2026-07-31 06:45:00+00:00,0.85608,0.85628,0.8557,0.85626
2026-07-31 07:00:00+00:00,0.85622,0.85626,0.85581,0.85596
2026-07-31 07:15:00+00:00,0.85598,0.85633,0.85592,0.85608
2026-07-31 07:30:00+00:00,0.85609,0.85639,0.85594,0.85638
2026-07-31 07:45:00+00:00,0.85636,0.85654,0.85581,0.8559
2026-07-31 08:00:00+00:00,0.85588,0.85635,0.85579,0.85632
2026-07-31 08:15:00+00:00,0.85627,0.85658,0.8561,0.85636
2026-07-31 08:30:00+00:00,0.85641,0.85646,0.85597,0.85614
2026-07-31 08:45:00+00:00,0.85605,0.85634,0.85576,0.85614
2026-07-31 09:00:00+00:00,0.85606,0.85612,0.85535,0.85579
2026-07-31 09:15:00+00:00,0.85577,0.85583,0.85528,0.85532
2026-07-31 09:30:00+00:00,0.85539,0.85562,0.85528,0.85545
2026-07-31 09:45:00+00:00,0.85544,0.85579,0.85534,0.85548
2026-07-31 10:00:00+00:00,0.85546,0.85587,0.85538,0.8557
2026-07-31 10:15:00+00:00,0.85569,0.85572,0.85524,0.85525
2026-07-31 10:30:00+00:00,0.85529,0.85555,0.85524,0.85538
2026-07-31 10:45:00+00:00,0.85533,0.85562,0.85533,0.85551
2026-07-31 11:00:00+00:00,0.85547,0.85575,0.85541,0.85557
2026-07-31 11:15:00+00:00,0.85555,0.85564,0.85535,0.8555
2026-07-31 11:30:00+00:00,0.85555,0.85599,0.85544,0.85596
2026-07-31 11:45:00+00:00,0.85591,0.85614,0.8558,0.85592
2026-07-31 12:00:00+00:00,0.85592,0.85598,0.85562,0.85591
2026-07-31 12:15:00+00:00,0.85584,0.85606,0.85582,0.85586
2026-07-31 12:30:00+00:00,0.85593,0.85601,0.85573,0.85589
2026-07-31 12:45:00+00:00,0.85587,0.856,0.85548,0.85598
2026-07-31 13:00:00+00:00,0.8559,0.85644,0.8559,0.85632
2026-07-31 13:15:00+00:00,0.85636,0.85708,0.85623,0.85643
2026-07-31 13:30:00+00:00,0.85641,0.85652,0.85467,0.85544
2026-07-31 13:45:00+00:00,0.85531,0.85563,0.85488,0.85532
2026-07-31 14:00:00+00:00,0.85521,0.85541,0.85482,0.85533
2026-07-31 14:15:00+00:00,0.85518,0.85542,0.85502,0.85533
2026-07-31 14:30:00+00:00,0.85528,0.85534,0.85453,0.85474
2026-07-31 14:45:00+00:00,0.8547,0.8553,0.85424,0.85507
2026-07-31 15:00:00+00:00,0.85493,0.85504,0.85417,0.85462
2026-07-31 15:15:00+00:00,0.85453,0.85473,0.8543,0.85463
2026-07-31 15:30:00+00:00,0.85459,0.8548,0.8544,0.85455
2026-07-31 15:45:00+00:00,0.85463,0.85532,0.8546,0.85527
2026-07-31 16:00:00+00:00,0.85516,0.85531,0.85488,0.85511
2026-07-31 16:15:00+00:00,0.85513,0.85536,0.855,0.85522
2026-07-31 16:30:00+00:00,0.85519,0.85533,0.85513,0.8552
2026-07-31 16:45:00+00:00,0.85527,0.85536,0.85507,0.85534
2026-07-31 17:00:00+00:00,0.85531,0.85548,0.85512,0.85535
2026-07-31 17:15:00+00:00,0.85531,0.85551,0.85515,0.85534
2026-07-31 17:30:00+00:00,0.85533,0.85556,0.85528,0.85544
2026-07-31 17:45:00+00:00,0.85547,0.85572,0.85518,0.85538
2026-07-31 18:00:00+00:00,0.85538,0.85562,0.85512,0.85543
2026-07-31 18:15:00+00:00,0.85549,0.85554,0.85524,0.85541
2026-07-31 18:30:00+00:00,0.8554,0.85554,0.85524,0.85528
2026-07-31 18:45:00+00:00,0.85534,0.85537,0.8551,0.85525
2026-07-31 19:00:00+00:00,0.85523,0.85539,0.85514,0.85531
2026-07-31 19:15:00+00:00,0.85528,0.85535,0.85518,0.85519
2026-07-31 19:30:00+00:00,0.85521,0.85539,0.85506,0.85529
2026-07-31 19:45:00+00:00,0.8553,0.85567,0.85517,0.85565
2026-07-31 20:00:00+00:00,0.85561,0.85577,0.85528,0.85547
2026-07-31 20:15:00+00:00,0.85542,0.85565,0.85522,0.85557
2026-07-31 20:30:00+00:00,0.85548,0.85562,0.85514,0.85534
2026-07-31 20:45:00+00:00,0.85535,0.8558,0.85499,0.85548
2026-07-31 21:00:00+00:00,0.85538,0.85618,0.85434,0.8553
2026-07-31 21:15:00+00:00,0.85531,0.85543,0.85515,0.85535
2026-07-31 21:30:00+00:00,0.85532,0.85585,0.8552,0.85553
2026-07-31 21:45:00+00:00,0.85549,0.85585,0.85509,0.85532
2026-07-31 22:00:00+00:00,0.85543,0.85689,0.85467,0.8553
2026-07-31 22:15:00+00:00,0.85544,0.85585,0.85521,0.85554
2026-07-31 22:30:00+00:00,0.85542,0.85586,0.85516,0.85563
2026-07-31 22:45:00+00:00,0.85543,0.85577,0.85523,0.8554
2026-07-31 23:00:00+00:00,0.85542,0.85654,0.85454,0.85554
2026-07-31 23:15:00+00:00,0.85543,0.85586,0.85525,0.85543
2026-07-31 23:30:00+00:00,0.85541,0.8558,0.85523,0.85563
2026-07-31 23:45:00+00:00,0.85543,0.85577,0.85539,0.85539
2026-08-01 00:00:00+00:00,0.85541,0.8557,0.855,0.85544
2026-08-01 00:15:00+00:00,0.85541,0.85568,0.85523,0.85544
2026-08-01 00:30:00+00:00,0.85542,0.85559,0.85518,0.85544
2026-08-01 00:45:00+00:00,0.85542,0.85551,0.85523,0.85541
2026-08-01 01:00:00+00:00,0.85542,0.85547,0.85517,0.85546
2026-08-01 01:15:00+00:00,0.85543,0.85557,0.85522,0.85545
2026-08-01 01:30:00+00:00,0.85543,0.85614,0.85515,0.85546
2026-08-01 01:45:00+00:00,0.85545,0.85547,0.85521,0.85541
2026-08-01 02:00:00+00:00,0.85542,0.85563,0.85509,0.85538
2026-08-01 02:15:00+00:00,0.85535,0.85549,0.85516,0.85531
2026-08-01 02:30:00+00:00,0.85532,0.85565,0.85523,0.85547
2026-08-01 02:45:00+00:00,0.85542,0.8555,0.85529,0.85534
2026-08-01 03:00:00+00:00,0.85535,0.85545,0.85528,0.85539
2026-08-01 03:15:00+00:00,0.85536,0.85556,0.85518,0.85532
2026-08-01 03:30:00+00:00,0.85533,0.85542,0.85529,0.85539
2026-08-01 03:45:00+00:00,0.85536,0.85613,0.85527,0.8553
2026-08-01 04:00:00+00:00,0.85531,0.85571,0.85526,0.85539
2026-08-01 04:15:00+00:00,0.85537,0.85545,0.85528,0.85538
2026-08-01 04:30:00+00:00,0.85538,0.85552,0.85531,0.85544
2026-08-01 04:45:00+00:00,0.85542,0.85545,0.85531,0.85533
2026-08-01 05:00:00+00:00,0.85534,0.85575,0.85529,0.85541
2026-08-01 05:15:00+00:00,0.85537,0.85602,0.85526,0.85531
2026-08-01 05:30:00+00:00,0.85533,0.85542,0.8553,0.85539
2026-08-01 05:45:00+00:00,0.85536,0.85563,0.85526,0.85532
2026-08-01 06:00:00+00:00,0.85532,0.85546,0.85531,0.85542
2026-08-01 06:15:00+00:00,0.8554,0.85551,0.85532,0.85536
2026-08-01 06:30:00+00:00,0.85538,0.8557,0.85527,0.85546
2026-08-01 06:45:00+00:00,0.85544,0.85546,0.85531,0.85538
2026-08-01 07:00:00+00:00,0.85538,0.85621,0.8553,0.85538
2026-08-01 07:15:00+00:00,0.85535,0.85543,0.85531,0.85538
2026-08-01 07:30:00+00:00,0.85538,0.85567,0.8553,0.85539
2026-08-01 07:45:00+00:00,0.85535,0.85578,0.85529,0.85542
2026-08-01 08:00:00+00:00,0.8554,0.85546,0.85519,0.85544
2026-08-01 08:15:00+00:00,0.85542,0.85569,0.85525,0.85541
2026-08-01 08:30:00+00:00,0.85542,0.85546,0.8554,0.85545
2026-08-01 08:45:00+00:00,0.85542,0.85593,0.85534,0.85544
2026-08-01 09:00:00+00:00,0.85542,0.85608,0.85541,0.85548
2026-08-01 09:15:00+00:00,0.85548,0.85548,0.85539,0.85542
2026-08-01 09:30:00+00:00,0.85542,0.85565,0.85536,0.85546
2026-08-01 09:45:00+00:00,0.85544,0.85547,0.85541,0.85544
2026-08-01 10:00:00+00:00,0.85542,0.85555,0.85533,0.85542
2026-08-01 10:15:00+00:00,0.85541,0.85581,0.85538,0.85542
2026-08-01 10:30:00+00:00,0.85544,0.85547,0.8554,0.85546
2026-08-01 10:45:00+00:00,0.85543,0.85621,0.8554,0.85543
2026-08-01 11:00:00+00:00,0.85541,0.85546,0.85534,0.85542
2026-08-01 11:15:00+00:00,0.85542,0.85575,0.8554,0.8554
2026-08-01 11:30:00+00:00,0.85542,0.85619,0.8553,0.85546
2026-08-01 11:45:00+00:00,0.85548,0.85548,0.85526,0.85544
2026-08-01 12:00:00+00:00,0.85542,0.85625,0.8554,0.85545
2026-08-01 12:15:00+00:00,0.85544,0.85545,0.8554,0.85541
2026-08-01 12:30:00+00:00,0.85541,0.85626,0.85537,0.85544
2026-08-01 12:45:00+00:00,0.85542,0.85625,0.85539,0.85551
2026-08-01 13:00:00+00:00,0.85547,0.85548,0.85541,0.85543
2026-08-01 13:15:00+00:00,0.85541,0.85621,0.85537,0.85542
2026-08-01 13:30:00+00:00,0.85543,0.85548,0.85539,0.85541
2026-08-01 13:45:00+00:00,0.85541,0.85625,0.85541,0.85545
2026-08-01 14:00:00+00:00,0.85543,0.85626,0.85536,0.85554
2026-08-01 14:15:00+00:00,0.85549,0.85553,0.85544,0.85546
2026-08-01 14:30:00+00:00,0.85546,0.85622,0.85545,0.85551
2026-08-01 14:45:00+00:00,0.85552,0.85556,0.8555,0.85553
2026-08-01 15:00:00+00:00,0.85552,0.85611,0.85547,0.85558
2026-08-01 15:15:00+00:00,0.85556,0.85599,0.85555,0.85562
2026-08-01 15:30:00+00:00,0.8556,0.85563,0.85558,0.85559
2026-08-01 15:45:00+00:00,0.8556,0.85595,0.85517,0.85556
2026-08-01 16:00:00+00:00,0.85556,0.85592,0.85538,0.85565
2026-08-01 16:15:00+00:00,0.85563,0.8563,0.85552,0.85555
2026-08-01 16:30:00+00:00,0.85555,0.85608,0.85542,0.85586
2026-08-01 16:45:00+00:00,0.85553,0.85571,0.85536,0.85551
2026-08-01 17:00:00+00:00,0.8555,0.85629,0.85545,0.85556
2026-08-01 17:15:00+00:00,0.85554,0.85558,0.85548,0.85549
2026-08-01 17:30:00+00:00,0.85551,0.85622,0.85548,0.85555
2026-08-01 17:45:00+00:00,0.85555,0.85614,0.85553,0.85555
2026-08-01 18:00:00+00:00,0.85556,0.85598,0.85555,0.85588
2026-08-01 18:15:00+00:00,0.85586,0.85623,0.85546,0.85556
2026-08-01 18:30:00+00:00,0.85555,0.85559,0.85554,0.85555
2026-08-01 18:45:00+00:00,0.85555,0.8561,0.85547,0.8555
2026-08-01 19:00:00+00:00,0.8555,0.85627,0.85529,0.85596
2026-08-01 19:15:00+00:00,0.85537,0.85553,0.85537,0.85546
2026-08-01 19:30:00+00:00,0.85544,0.85623,0.85537,0.85547
2026-08-01 19:45:00+00:00,0.85547,0.85565,0.85541,0.85549
2026-08-01 20:00:00+00:00,0.8555,0.85641,0.85546,0.85564
2026-08-01 20:15:00+00:00,0.85562,0.85621,0.85561,0.85601
2026-08-01 20:30:00+00:00,0.85562,0.85569,0.85559,0.85565
2026-08-01 20:45:00+00:00,0.85565,0.85612,0.85563,0.85566
2026-08-01 21:00:00+00:00,0.85567,0.85605,0.85562,0.85595
2026-08-01 21:15:00+00:00,0.85594,0.85632,0.85584,0.85592
2026-08-01 21:30:00+00:00,0.8559,0.85615,0.8554,0.85599
2026-08-01 21:45:00+00:00,0.85567,0.85574,0.85545,0.85547
2026-08-01 22:00:00+00:00,0.85551,0.85626,0.85546,0.85555
2026-08-01 22:15:00+00:00,0.85555,0.85558,0.85553,0.85557
2026-08-01 22:30:00+00:00,0.85555,0.85619,0.8555,0.85552
2026-08-01 22:45:00+00:00,0.85552,0.85602,0.8555,0.85551
2026-08-01 23:00:00+00:00,0.85552,0.85599,0.85525,0.85585
2026-08-01 23:15:00+00:00,0.85585,0.85618,0.85565,0.85575
2026-08-01 23:30:00+00:00,0.85573,0.85577,0.85572,0.85574
2026-08-01 23:45:00+00:00,0.85573,0.85605,0.8557,0.85573
2026-08-02 00:00:00+00:00,0.85573,0.85609,0.85559,0.85566
2026-08-02 00:15:00+00:00,0.85566,0.85611,0.85563,0.8557
2026-08-02 00:30:00+00:00,0.85568,0.85604,0.85566,0.8557
2026-08-02 00:45:00+00:00,0.85569,0.85573,0.85568,0.85569
2026-08-02 01:00:00+00:00,0.85569,0.85596,0.85563,0.85565
2026-08-02 01:15:00+00:00,0.85565,0.85569,0.85562,0.85565
2026-08-02 01:30:00+00:00,0.85563,0.8559,0.85561,0.85567
2026-08-02 01:45:00+00:00,0.85565,0.85587,0.85564,0.85567
2026-08-02 02:00:00+00:00,0.85567,0.85571,0.85566,0.85567
2026-08-02 02:15:00+00:00,0.85567,0.85584,0.85566,0.8557
2026-08-02 02:30:00+00:00,0.85569,0.85577,0.85502,0.85545
2026-08-02 02:45:00+00:00,0.85543,0.85608,0.85533,0.85553
2026-08-02 03:00:00+00:00,0.85553,0.85598,0.85551,0.85556
2026-08-02 03:15:00+00:00,0.85557,0.85561,0.85556,0.85558
2026-08-02 03:30:00+00:00,0.85557,0.85592,0.85556,0.85562
2026-08-02 03:45:00+00:00,0.8556,0.85564,0.85559,0.85561
2026-08-02 04:00:00+00:00,0.8556,0.8559,0.8556,0.85561
2026-08-02 04:15:00+00:00,0.85561,0.85584,0.8556,0.85563
2026-08-02 04:30:00+00:00,0.85561,0.85565,0.8556,0.85563
2026-08-02 04:45:00+00:00,0.85561,0.85584,0.8556,0.85564
2026-08-02 05:00:00+00:00,0.85563,0.85567,0.85562,0.85562
2026-08-02 05:15:00+00:00,0.85563,0.85581,0.8556,0.85565
2026-08-02 05:30:00+00:00,0.85565,0.85579,0.85564,0.85568
2026-08-02 05:45:00+00:00,0.85567,0.8557,0.85565,0.85568
2026-08-02 06:00:00+00:00,0.85567,0.856,0.85499,0.85563
2026-08-02 06:15:00+00:00,0.85563,0.85565,0.85517,0.85556
2026-08-02 06:30:00+00:00,0.85556,0.85602,0.85555,0.85561
2026-08-02 06:45:00+00:00,0.8556,0.85598,0.85557,0.85564
2026-08-02 07:00:00+00:00,0.85563,0.85566,0.85561,0.85562
2026-08-02 07:15:00+00:00,0.85563,0.85593,0.85561,0.85565
2026-08-02 07:30:00+00:00,0.85565,0.85569,0.85564,0.85565
2026-08-02 07:45:00+00:00,0.85564,0.85589,0.85561,0.85564
2026-08-02 08:00:00+00:00,0.85563,0.85586,0.85561,0.85565
2026-08-02 08:15:00+00:00,0.85565,0.85569,0.85564,0.85564
2026-08-02 08:30:00+00:00,0.85565,0.85584,0.85564,0.85568
2026-08-02 08:45:00+00:00,0.85567,0.85571,0.85566,0.85569
2026-08-02 09:00:00+00:00,0.85567,0.85582,0.85566,0.85569
2026-08-02 09:15:00+00:00,0.85568,0.85581,0.85563,0.85564
2026-08-02 09:30:00+00:00,0.85564,0.85568,0.85563,0.85566
2026-08-02 09:45:00+00:00,0.85564,0.85583,0.85563,0.85568
2026-08-02 10:00:00+00:00,0.85566,0.8557,0.85565,0.85567
2026-08-02 10:15:00+00:00,0.85566,0.8557,0.85565,0.85566
2026-08-02 10:30:00+00:00,0.85566,0.8557,0.85564,0.85566
2026-08-02 10:45:00+00:00,0.85566,0.85569,0.85564,0.85568
2026-08-02 11:00:00+00:00,0.85566,0.85569,0.85564,0.85567
2026-08-02 11:15:00+00:00,0.85566,0.85569,0.85564,0.85565
2026-08-02 11:30:00+00:00,0.85566,0.85597,0.85523,0.85537
2026-08-02 11:45:00+00:00,0.85537,0.85541,0.85536,0.85539
2026-08-02 12:00:00+00:00,0.85537,0.85541,0.85535,0.85538
2026-08-02 12:15:00+00:00,0.85537,0.85541,0.85536,0.85536
2026-08-02 12:30:00+00:00,0.85537,0.85541,0.85535,0.85537
2026-08-02 12:45:00+00:00,0.85537,0.85541,0.85535,0.85538
2026-08-02 13:00:00+00:00,0.85537,0.85541,0.85536,0.85538
2026-08-02 13:15:00+00:00,0.85537,0.85568,0.85511,0.85519
2026-08-02 13:30:00+00:00,0.8552,0.85524,0.85518,0.85519
2026-08-02 13:45:00+00:00,0.8552,0.85524,0.85519,0.85521
2026-08-02 14:00:00+00:00,0.8552,0.85542,0.8548,0.8554
2026-08-02 14:15:00+00:00,0.85538,0.85542,0.85537,0.85538
2026-08-02 14:30:00+00:00,0.85538,0.85542,0.85537,0.85537
2026-08-02 14:45:00+00:00,0.85538,0.85541,0.85511,0.8552
2026-08-02 15:00:00+00:00,0.85519,0.85544,0.855,0.85512
2026-08-02 15:15:00+00:00,0.8551,0.85514,0.85509,0.8551
2026-08-02 15:30:00+00:00,0.8551,0.85514,0.85509,0.85509
2026-08-02 15:45:00+00:00,0.8551,0.85514,0.85509,0.85512
2026-08-02 16:00:00+00:00,0.8551,0.85562,0.85505,0.85541
2026-08-02 16:15:00+00:00,0.85539,0.85543,0.85538,0.8554
2026-08-02 16:30:00+00:00,0.85539,0.85543,0.85507,0.85515
2026-08-02 16:45:00+00:00,0.85516,0.8552,0.8551,0.85512
2026-08-02 17:00:00+00:00,0.85512,0.85547,0.85507,0.85544
2026-08-02 17:15:00+00:00,0.85542,0.85549,0.85541,0.85543
2026-08-02 17:30:00+00:00,0.85542,0.85546,0.85541,0.85542
2026-08-02 17:45:00+00:00,0.85542,0.85546,0.8554,0.85542
2026-08-02 18:00:00+00:00,0.85542,0.85577,0.85528,0.8556
2026-08-02 18:15:00+00:00,0.85553,0.85556,0.85513,0.85532
2026-08-02 18:30:00+00:00,0.85533,0.85546,0.85533,0.85541
2026-08-02 18:45:00+00:00,0.85539,0.85546,0.85539,0.85542
2026-08-02 19:00:00+00:00,0.85542,0.85615,0.85477,0.85609
2026-08-02 19:15:00+00:00,0.85598,0.85682,0.85414,0.8561
2026-08-02 19:30:00+00:00,0.85579,0.85791,0.85415,0.8555
2026-08-02 19:45:00+00:00,0.85609,0.85734,0.85437,0.85509
2026-08-02 20:00:00+00:00,0.85559,0.85674,0.85417,0.85533
2026-08-02 20:15:00+00:00,0.85595,0.85635,0.85432,0.85488
2026-08-02 20:30:00+00:00,0.85592,0.85659,0.8543,0.85506
2026-08-02 20:45:00+00:00,0.85614,0.85665,0.85419,0.85643
2026-08-02 21:00:00+00:00,0.85627,0.85634,0.85403,0.85492
2026-08-02 21:15:00+00:00,0.85588,0.85624,0.85444,0.85498
2026-08-02 21:30:00+00:00,0.85594,0.8561,0.85415,0.85599
2026-08-02 21:45:00+00:00,0.85595,0.85622,0.85407,0.8561
2026-08-02 22:00:00+00:00,0.85607,0.85622,0.85556,0.85574
2026-08-02 22:15:00+00:00,0.85577,0.85587,0.85538,0.85564
2026-08-02 22:30:00+00:00,0.85558,0.85578,0.85546,0.85572
2026-08-02 22:45:00+00:00,0.85568,0.85593,0.85558,0.85566
2026-08-02 23:00:00+00:00,0.85569,0.85586,0.85558,0.85566
2026-08-02 23:15:00+00:00,0.85566,0.85575,0.85563,0.85569
2026-08-02 23:30:00+00:00,0.85566,0.85578,0.85552,0.85577
2026-08-02 23:45:00+00:00,0.85574,0.85575,0.85549,0.85567
2026-08-03 00:00:00+00:00,0.85564,0.85568,0.85525,0.85558
2026-08-03 00:15:00+00:00,0.85558,0.85582,0.85547,0.85575
2026-08-03 00:30:00+00:00,0.85565,0.85588,0.85542,0.85584
2026-08-03 00:45:00+00:00,0.8558,0.85605,0.85549,0.85576
2026-08-03 01:00:00+00:00,0.85577,0.85615,0.85569,0.85612
2026-08-03 01:15:00+00:00,0.85608,0.85626,0.85592,0.85604
2026-08-03 01:30:00+00:00,0.85603,0.85608,0.85581,0.85589
2026-08-03 01:45:00+00:00,0.85594,0.85609,0.85586,0.85587
2026-08-03 02:00:00+00:00,0.85588,0.85598,0.85583,0.85591
2026-08-03 02:15:00+00:00,0.85593,0.85613,0.85584,0.85612
2026-08-03 02:30:00+00:00,0.8561,0.85614,0.85592,0.85603
2026-08-03 02:45:00+00:00,0.85602,0.85618,0.85591,0.85608
2026-08-03 03:00:00+00:00,0.8561,0.85616,0.85587,0.85595
2026-08-03 03:15:00+00:00,0.85597,0.85614,0.8559,0.85603
2026-08-03 03:30:00+00:00,0.85603,0.85619,0.856,0.8561
2026-08-03 03:45:00+00:00,0.85608,0.8562,0.85597,0.85618
2026-08-03 04:00:00+00:00,0.85612,0.85621,0.85603,0.85619
2026-08-03 04:15:00+00:00,0.85615,0.85631,0.85609,0.85623
2026-08-03 04:30:00+00:00,0.85626,0.85628,0.85614,0.85624
2026-08-03 04:45:00+00:00,0.85621,0.85627,0.85604,0.85618
2026-08-03 05:00:00+00:00,0.85617,0.85619,0.85603,0.8561
2026-08-03 05:15:00+00:00,0.8561,0.8562,0.85605,0.85606
2026-08-03 05:30:00+00:00,0.85607,0.85625,0.856,0.85603
2026-08-03 05:45:00+00:00,0.85606,0.85618,0.85598,0.85617
2026-08-03 06:00:00+00:00,0.85614,0.8562,0.85595,0.85602
2026-08-03 06:15:00+00:00,0.85602,0.85623,0.85586,0.85608
2026-08-03 06:30:00+00:00,0.8561,0.85637,0.85607,0.85629
2026-08-03 06:45:00+00:00,0.85627,0.85644,0.8562,0.85623
2026-08-03 07:00:00+00:00,0.85624,0.85649,0.85604,0.85634
2026-08-03 07:15:00+00:00,0.8563,0.85653,0.85594,0.85623
2026-08-03 07:30:00+00:00,0.85626,0.85633,0.85575,0.85601
2026-08-03 07:45:00+00:00,0.85592,0.85635,0.85591,0.85633
2026-08-03 08:00:00+00:00,0.85626,0.85645,0.8561,0.85631
2026-08-03 08:15:00+00:00,0.85631,0.85646,0.85616,0.85638
2026-08-03 08:30:00+00:00,0.85634,0.85648,0.85618,0.85635
2026-08-03 08:45:00+00:00,0.85633,0.85645,0.8562,0.85643
2026-08-03 09:00:00+00:00,0.85638,0.85675,0.85634,0.85644
2026-08-03 09:15:00+00:00,0.85646,0.85673,0.85635,0.85656
2026-08-03 09:30:00+00:00,0.85651,0.85678,0.85643,0.85677
2026-08-03 09:45:00+00:00,0.85676,0.85682,0.85643,0.85676
2026-08-03 10:00:00+00:00,0.8567,0.85683,0.85644,0.85655
2026-08-03 10:15:00+00:00,0.85657,0.85657,0.8562,0.85635
2026-08-03 10:30:00+00:00,0.85633,0.85639,0.85591,0.85597
2026-08-03 10:45:00+00:00,0.85598,0.85618,0.85592,0.85611
2026-08-03 11:00:00+00:00,0.8561,0.85622,0.85598,0.85606
2026-08-03 11:15:00+00:00,0.85604,0.85624,0.85596,0.85616
2026-08-03 11:30:00+00:00,0.85615,0.85627,0.85604,0.85607
2026-08-03 11:45:00+00:00,0.85612,0.85634,0.85606,0.85631
2026-08-03 12:00:00+00:00,0.85627,0.8564,0.85615,0.85636
2026-08-03 12:15:00+00:00,0.85634,0.85646,0.85615,0.85644
2026-08-03 12:30:00+00:00,0.85642,0.85647,0.85584,0.85619
2026-08-03 12:45:00+00:00,0.85615,0.85636,0.85594,0.85633
2026-08-03 13:00:00+00:00,0.85625,0.85654,0.85617,0.85628
2026-08-03 13:15:00+00:00,0.85637,0.85656,0.85616,0.85633
2026-08-03 13:30:00+00:00,0.85628,0.85689,0.85627,0.85668
2026-08-03 13:45:00+00:00,0.85663,0.8571,0.85657,0.85687
2026-08-03 14:00:00+00:00,0.85679,0.85693,0.85622,0.8565
2026-08-03 14:15:00+00:00,0.85639,0.85683,0.85614,0.85618
2026-08-03 14:30:00+00:00,0.85624,0.85647,0.85594,0.85628
2026-08-03 14:45:00+00:00,0.85623,0.85684,0.85615,0.8568
2026-08-03 15:00:00+00:00,0.85676,0.85695,0.85656,0.85683
2026-08-03 15:15:00+00:00,0.85681,0.857,0.85667,0.85694
2026-08-03 15:30:00+00:00,0.85694,0.85696,0.85656,0.85681
2026-08-03 15:45:00+00:00,0.85679,0.8569,0.8567,0.85672
2026-08-03 16:00:00+00:00,0.85674,0.85686,0.85651,0.85683
2026-08-03 16:15:00+00:00,0.8568,0.85701,0.85672,0.85693
2026-08-03 16:30:00+00:00,0.85691,0.85701,0.85682,0.85687
2026-08-03 16:45:00+00:00,0.85689,0.85709,0.85685,0.85701
2026-08-03 17:00:00+00:00,0.85703,0.85713,0.85678,0.85683
2026-08-03 17:15:00+00:00,0.85681,0.85698,0.85678,0.85689
2026-08-03 17:30:00+00:00,0.85688,0.85706,0.85687,0.85705
2026-08-03 17:45:00+00:00,0.85704,0.85719,0.85701,0.85709
2026-08-03 18:00:00+00:00,0.85711,0.85732,0.85705,0.85724
2026-08-03 18:15:00+00:00,0.85722,0.85734,0.85717,0.85727
2026-08-03 18:30:00+00:00,0.85726,0.85735,0.85706,0.85722
2026-08-03 18:45:00+00:00,0.85726,0.85734,0.85713,0.85729
2026-08-03 19:00:00+00:00,0.8573,0.85739,0.857,0.85716
2026-08-03 19:15:00+00:00,0.85715,0.85715,0.8569,0.85703
2026-08-03 19:30:00+00:00,0.85701,0.85713,0.85692,0.85712
2026-08-03 19:45:00+00:00,0.85711,0.85712,0.85689,0.85697
2026-08-03 20:00:00+00:00,0.85697,0.85698,0.85679,0.85692
2026-08-03 20:15:00+00:00,0.8569,0.85699,0.85673,0.85689
2026-08-03 20:30:00+00:00,0.85687,0.85701,0.85684,0.85694
2026-08-03 20:45:00+00:00,0.85693,0.857,0.85668,0.8567
2026-08-03 21:00:00+00:00,0.85673,0.85721,0.85653,0.85689
2026-08-03 21:15:00+00:00,0.85704,0.8572,0.85682,0.857
2026-08-03 21:30:00+00:00,0.85711,0.85716,0.85688,0.85711
2026-08-03 21:45:00+00:00,0.8571,0.85722,0.8569,0.85703
2026-08-03 22:00:00+00:00,0.85712,0.85727,0.85676,0.85695
2026-08-03 22:15:00+00:00,0.85692,0.857,0.85687,0.85693
2026-08-03 22:30:00+00:00,0.85691,0.857,0.85687,0.85695
2026-08-03 22:45:00+00:00,0.85694,0.85701,0.85689,0.85698
2026-08-03 23:00:00+00:00,0.85696,0.85706,0.85682,0.85704
2026-08-03 23:15:00+00:00,0.857,0.8571,0.85695,0.85708
2026-08-03 23:30:00+00:00,0.85706,0.85715,0.85695,0.85713
2026-08-03 23:45:00+00:00,0.85711,0.85717,0.85696,0.85701
2026-08-04 00:00:00+00:00,0.85701,0.85726,0.85691,0.8572
2026-08-04 00:15:00+00:00,0.85717,0.85726,0.85711,0.85726
2026-08-04 00:30:00+00:00,0.85724,0.8573,0.85708,0.85714
2026-08-04 00:45:00+00:00,0.85719,0.85728,0.85689,0.85702
2026-08-04 01:00:00+00:00,0.85704,0.8572,0.85695,0.85701
2026-08-04 01:15:00+00:00,0.85705,0.85727,0.85705,0.85722
2026-08-04 01:30:00+00:00,0.85721,0.85734,0.85715,0.8573
2026-08-04 01:45:00+00:00,0.85728,0.85739,0.85723,0.85737
2026-08-04 02:00:00+00:00,0.85735,0.85739,0.85711,0.85713
2026-08-04 02:15:00+00:00,0.85719,0.85724,0.85703,0.85719
2026-08-04 02:30:00+00:00,0.85713,0.85725,0.85709,0.85717
2026-08-04 02:45:00+00:00,0.85715,0.85718,0.85694,0.85709
2026-08-04 03:00:00+00:00,0.85708,0.85723,0.85699,0.85717
2026-08-04 03:15:00+00:00,0.85715,0.85724,0.85711,0.85716
2026-08-04 03:30:00+00:00,0.85715,0.85724,0.85702,0.85719
2026-08-04 03:45:00+00:00,0.85718,0.85724,0.85706,0.85711
2026-08-04 04:00:00+00:00,0.85712,0.85718,0.85701,0.8571
2026-08-04 04:15:00+00:00,0.85713,0.85726,0.85705,0.85724
2026-08-04 04:30:00+00:00,0.85722,0.85737,0.85719,0.85736
2026-08-04 04:45:00+00:00,0.85734,0.85738,0.85725,0.85732
2026-08-04 05:00:00+00:00,0.85729,0.85739,0.85723,0.85729
2026-08-04 05:15:00+00:00,0.85733,0.85741,0.85725,0.85734
2026-08-04 05:30:00+00:00,0.85732,0.85735,0.85717,0.85726
2026-08-04 05:45:00+00:00,0.85727,0.85735,0.85704,0.8571
2026-08-04 06:00:00+00:00,0.85708,0.85718,0.85696,0.85697
2026-08-04 06:15:00+00:00,0.85701,0.85714,0.85683,0.85698
2026-08-04 06:30:00+00:00,0.85695,0.857,0.85661,0.8568
2026-08-04 06:45:00+00:00,0.85678,0.85693,0.85673,0.85689
2026-08-04 07:00:00+00:00,0.85688,0.85701,0.85667,0.85683
2026-08-04 07:15:00+00:00,0.85683,0.85709,0.8568,0.85708
2026-08-04 07:30:00+00:00,0.85707,0.8571,0.85669,0.85674
2026-08-04 07:45:00+00:00,0.85682,0.85683,0.85659,0.8567
2026-08-04 08:00:00+00:00,0.85668,0.85688,0.85661,0.85675
2026-08-04 08:15:00+00:00,0.85679,0.85681,0.8565,0.85654
2026-08-04 08:30:00+00:00,0.8566,0.85669,0.85631,0.85635
2026-08-04 08:45:00+00:00,0.85638,0.85647,0.8561,0.85614
2026-08-04 09:00:00+00:00,0.85611,0.85626,0.85603,0.85624
2026-08-04 09:15:00+00:00,0.85622,0.85633,0.85616,0.85628
2026-08-04 09:30:00+00:00,0.85629,0.85639,0.85616,0.85626
2026-08-04 09:45:00+00:00,0.85628,0.85631,0.85604,0.85614
2026-08-04 10:00:00+00:00,0.85612,0.85626,0.85609,0.85615
2026-08-04 10:15:00+00:00,0.85622,0.85642,0.85608,0.8564
2026-08-04 10:30:00+00:00,0.85638,0.85654,0.85631,0.85637
2026-08-04 10:45:00+00:00,0.85644,0.85667,0.8563,0.85648
2026-08-04 11:00:00+00:00,0.85644,0.85667,0.85638,0.85658
2026-08-04 11:15:00+00:00,0.85659,0.85671,0.85646,0.8565
2026-08-04 11:30:00+00:00,0.85651,0.85656,0.85624,0.85641
2026-08-04 11:45:00+00:00,0.85641,0.85665,0.85628,0.85655
2026-08-04 12:00:00+00:00,0.85651,0.85661,0.85623,0.85632
2026-08-04 12:15:00+00:00,0.85631,0.85654,0.85622,0.85634
2026-08-04 12:30:00+00:00,0.8564,0.85655,0.85628,0.85644
2026-08-04 12:45:00+00:00,0.85648,0.85669,0.85629,0.85661
2026-08-04 13:00:00+00:00,0.85659,0.85676,0.8564,0.85652
2026-08-04 13:15:00+00:00,0.85656,0.85674,0.85617,0.85656
2026-08-04 13:30:00+00:00,0.85664,0.85703,0.85652,0.85673
2026-08-04 13:45:00+00:00,0.8568,0.85709,0.85655,0.85706
2026-08-04 14:00:00+00:00,0.85704,0.85715,0.85676,0.85714
2026-08-04 14:15:00+00:00,0.8571,0.85719,0.85681,0.85698
2026-08-04 14:30:00+00:00,0.85697,0.85706,0.85668,0.85673
2026-08-04 14:45:00+00:00,0.8568,0.85703,0.85656,0.85696
2026-08-04 15:00:00+00:00,0.85695,0.85708,0.85676,0.85686
2026-08-04 15:15:00+00:00,0.85684,0.85686,0.85651,0.85662
2026-08-04 15:30:00+00:00,0.85661,0.85685,0.85646,0.85661
2026-08-04 15:45:00+00:00,0.85663,0.85677,0.85648,0.85658
2026-08-04 16:00:00+00:00,0.8566,0.85682,0.85642,0.85657
2026-08-04 16:15:00+00:00,0.85654,0.85659,0.85618,0.85635
2026-08-04 16:30:00+00:00,0.8564,0.85655,0.85631,0.85653
2026-08-04 16:45:00+00:00,0.85649,0.85666,0.85634,0.85664
2026-08-04 17:00:00+00:00,0.85661,0.85694,0.85661,0.85692
2026-08-04 17:15:00+00:00,0.8569,0.85713,0.85679,0.85712
2026-08-04 17:30:00+00:00,0.8571,0.85729,0.85697,0.85717
2026-08-04 17:45:00+00:00,0.85722,0.85732,0.85714,0.85719
2026-08-04 18:00:00+00:00,0.85725,0.85738,0.8571,0.85734
2026-08-04 18:15:00+00:00,0.85732,0.85745,0.85726,0.85743
2026-08-04 18:30:00+00:00,0.85741,0.85752,0.85734,0.85746
2026-08-04 18:45:00+00:00,0.85746,0.85761,0.85723,0.85738
2026-08-04 19:00:00+00:00,0.85735,0.85737,0.85717,0.8573
2026-08-04 19:15:00+00:00,0.85728,0.85738,0.85719,0.85737
2026-08-04 19:30:00+00:00,0.85735,0.85741,0.85724,0.85734
2026-08-04 19:45:00+00:00,0.85732,0.85735,0.85721,0.85731
2026-08-04 20:00:00+00:00,0.85729,0.85731,0.85715,0.85723
2026-08-04 20:15:00+00:00,0.85722,0.85737,0.85716,0.85728
2026-08-04 20:30:00+00:00,0.85726,0.85735,0.8572,0.85724
2026-08-04 20:45:00+00:00,0.85725,0.85739,0.85714,0.85718
2026-08-04 21:00:00+00:00,0.85725,0.85749,0.85706,0.85737
2026-08-04 21:15:00+00:00,0.85735,0.85735,0.85678,0.85729
2026-08-04 21:30:00+00:00,0.85727,0.85749,0.85723,0.85734
2026-08-04 21:45:00+00:00,0.85734,0.85744,0.85697,0.85728
2026-08-04 22:00:00+00:00,0.85726,0.85739,0.85711,0.8573
2026-08-04 22:15:00+00:00,0.85729,0.85731,0.8572,0.85728
2026-08-04 22:30:00+00:00,0.85726,0.85741,0.85723,0.8573
2026-08-04 22:45:00+00:00,0.85728,0.85741,0.85724,0.85736
2026-08-04 23:00:00+00:00,0.85736,0.85744,0.85725,0.85738
2026-08-04 23:15:00+00:00,0.85737,0.8574,0.85724,0.85735
2026-08-04 23:30:00+00:00,0.85732,0.85743,0.85729,0.85742
2026-08-04 23:45:00+00:00,0.8574,0.85744,0.85733,0.85736
2026-08-05 00:00:00+00:00,0.85737,0.85749,0.85731,0.85737
2026-08-05 00:15:00+00:00,0.85739,0.85741,0.85721,0.85727
2026-08-05 00:30:00+00:00,0.85725,0.85734,0.85718,0.85731
2026-08-05 00:45:00+00:00,0.85729,0.85741,0.85718,0.85733
2026-08-05 01:00:00+00:00,0.85731,0.85737,0.85718,0.85725
2026-08-05 01:15:00+00:00,0.85729,0.85742,0.85725,0.85739
2026-08-05 01:30:00+00:00,0.85736,0.85744,0.8573,0.85743
2026-08-05 01:45:00+00:00,0.85741,0.85742,0.85727,0.85732
2026-08-05 02:00:00+00:00,0.85731,0.85742,0.85723,0.85735
2026-08-05 02:15:00+00:00,0.85732,0.85749,0.85729,0.85742
2026-08-05 02:30:00+00:00,0.85741,0.85758,0.85733,0.85755
2026-08-05 02:45:00+00:00,0.85753,0.85755,0.85726,0.85742
2026-08-05 03:00:00+00:00,0.85739,0.85745,0.85729,0.8574
2026-08-05 03:15:00+00:00,0.85741,0.85745,0.85727,0.85742
2026-08-05 03:30:00+00:00,0.85741,0.85744,0.85728,0.85734
2026-08-05 03:45:00+00:00,0.85732,0.85743,0.85727,0.85741
2026-08-05 04:00:00+00:00,0.85739,0.85746,0.85731,0.85741
2026-08-05 04:15:00+00:00,0.85741,0.85743,0.85731,0.8574
2026-08-05 04:30:00+00:00,0.85739,0.85742,0.85728,0.85732
2026-08-05 04:45:00+00:00,0.85737,0.85741,0.85728,0.85737
2026-08-05 05:00:00+00:00,0.85736,0.85742,0.85721,0.85727
2026-08-05 05:15:00+00:00,0.85727,0.85733,0.85721,0.85731
2026-08-05 05:30:00+00:00,0.85727,0.85738,0.85724,0.85736
2026-08-05 05:45:00+00:00,0.85734,0.8574,0.85721,0.8573
2026-08-05 06:00:00+00:00,0.85729,0.85736,0.85719,0.85723
2026-08-05 06:15:00+00:00,0.85723,0.85743,0.8571,0.85738
2026-08-05 06:30:00+00:00,0.85739,0.85743,0.8572,0.85723
2026-08-05 06:45:00+00:00,0.85726,0.85745,0.85719,0.85733
2026-08-05 07:00:00+00:00,0.8573,0.85748,0.85715,0.85729
2026-08-05 07:15:00+00:00,0.85731,0.85744,0.85698,0.85701
2026-08-05 07:30:00+00:00,0.85706,0.85721,0.85693,0.85703
2026-08-05 07:45:00+00:00,0.85701,0.85708,0.85675,0.85679
2026-08-05 08:00:00+00:00,0.85684,0.8571,0.85666,0.85702
2026-08-05 08:15:00+00:00,0.85704,0.85714,0.85691,0.85697
2026-08-05 08:30:00+00:00,0.85704,0.85729,0.85692,0.85713
2026-08-05 08:45:00+00:00,0.85711,0.85742,0.85689,0.85714
2026-08-05 09:00:00+00:00,0.85716,0.8573,0.85697,0.85714
2026-08-05 09:15:00+00:00,0.85713,0.85742,0.85706,0.85708
2026-08-05 09:30:00+00:00,0.85713,0.85722,0.85701,0.85714
2026-08-05 09:45:00+00:00,0.85712,0.85716,0.85692,0.85697
2026-08-05 10:00:00+00:00,0.85701,0.85702,0.85664,0.85678
2026-08-05 10:15:00+00:00,0.85674,0.85692,0.85669,0.85687
2026-08-05 10:30:00+00:00,0.85683,0.85699,0.85681,0.85685
2026-08-05 10:45:00+00:00,0.85691,0.85695,0.85679,0.85687
2026-08-05 11:00:00+00:00,0.85689,0.85692,0.85669,0.85678
2026-08-05 11:15:00+00:00,0.85674,0.85696,0.85668,0.85694
2026-08-05 11:30:00+00:00,0.8569,0.85716,0.85672,0.85714
2026-08-05 11:45:00+00:00,0.85712,0.85713,0.85687,0.85708
2026-08-05 12:00:00+00:00,0.85701,0.85736,0.85701,0.85733
2026-08-05 12:15:00+00:00,0.85732,0.85742,0.85696,0.85698
2026-08-05 12:30:00+00:00,0.85703,0.85713,0.85679,0.85686
2026-08-05 12:45:00+00:00,0.85694,0.85726,0.8569,0.85714
2026-08-05 13:00:00+00:00,0.85715,0.85719,0.85689,0.85714
2026-08-05 13:15:00+00:00,0.85712,0.85748,0.85712,0.85745
2026-08-05 13:30:00+00:00,0.85742,0.8575,0.85707,0.85736
2026-08-05 13:45:00+00:00,0.85734,0.85748,0.85712,0.85738
2026-08-05 14:00:00+00:00,0.85735,0.85745,0.85691,0.85714
2026-08-05 14:15:00+00:00,0.85705,0.85726,0.85669,0.85693
2026-08-05 14:30:00+00:00,0.85689,0.8572,0.85669,0.85713
2026-08-05 14:45:00+00:00,0.8571,0.85726,0.85693,0.85718
2026-08-05 15:00:00+00:00,0.85713,0.85744,0.85676,0.85743
2026-08-05 15:15:00+00:00,0.85739,0.85751,0.85725,0.85742
2026-08-05 15:30:00+00:00,0.85745,0.8577,0.85725,0.85767
2026-08-05 15:45:00+00:00,0.85766,0.85787,0.85744,0.85769
2026-08-05 16:00:00+00:00,0.85768,0.85775,0.85747,0.85767
2026-08-05 16:15:00+00:00,0.85765,0.85766,0.85741,0.85759
2026-08-05 16:30:00+00:00,0.85757,0.85767,0.85746,0.8575
2026-08-05 16:45:00+00:00,0.85754,0.85779,0.85746,0.85777
2026-08-05 17:00:00+00:00,0.85775,0.85793,0.85771,0.85777
2026-08-05 17:15:00+00:00,0.85775,0.85785,0.85764,0.85778
2026-08-05 17:30:00+00:00,0.85777,0.85784,0.85762,0.85783
2026-08-05 17:45:00+00:00,0.85781,0.85799,0.85777,0.85785
2026-08-05 18:00:00+00:00,0.85793,0.85804,0.85785,0.85795
2026-08-05 18:15:00+00:00,0.85793,0.85806,0.85785,0.858
2026-08-05 18:30:00+00:00,0.85797,0.85801,0.8578,0.85791
2026-08-05 18:45:00+00:00,0.85791,0.85794,0.85774,0.85777
2026-08-05 19:00:00+00:00,0.85782,0.85784,0.85768,0.85776
2026-08-05 19:15:00+00:00,0.85776,0.85781,0.85763,0.85771
2026-08-05 19:30:00+00:00,0.85769,0.85786,0.85768,0.85774
2026-08-05 19:45:00+00:00,0.85777,0.85796,0.85771,0.85784
2026-08-05 20:00:00+00:00,0.8579,0.858,0.85778,0.85787
2026-08-05 20:15:00+00:00,0.85784,0.858,0.85783,0.85793
2026-08-05 20:30:00+00:00,0.85791,0.85803,0.85784,0.85794
2026-08-05 20:45:00+00:00,0.85792,0.85792,0.85778,0.8578
2026-08-05 21:00:00+00:00,0.85784,0.85829,0.85782,0.85814
2026-08-05 21:15:00+00:00,0.85813,0.8584,0.85769,0.85804
2026-08-05 21:30:00+00:00,0.85801,0.85806,0.85787,0.85795
2026-08-05 21:45:00+00:00,0.85795,0.85807,0.85788,0.85805
2026-08-05 22:00:00+00:00,0.85802,0.8581,0.85782,0.85803
2026-08-05 22:15:00+00:00,0.85799,0.85803,0.8579,0.85798
2026-08-05 22:30:00+00:00,0.85796,0.85804,0.85788,0.85799
2026-08-05 22:45:00+00:00,0.85798,0.85806,0.85794,0.858
2026-08-05 23:00:00+00:00,0.858,0.85806,0.85792,0.85799
2026-08-05 23:15:00+00:00,0.85797,0.85802,0.85791,0.85799
2026-08-05 23:30:00+00:00,0.85797,0.85804,0.85792,0.85801
2026-08-05 23:45:00+00:00,0.85798,0.85808,0.85792,0.85801
2026-08-06 00:00:00+00:00,0.85802,0.85811,0.85793,0.8581
2026-08-06 00:15:00+00:00,0.85807,0.85813,0.85797,0.85813
2026-08-06 00:30:00+00:00,0.8581,0.85817,0.85796,0.85806
2026-08-06 00:45:00+00:00,0.85804,0.85822,0.85799,0.85821
2026-08-06 01:00:00+00:00,0.85819,0.85825,0.85799,0.85806
2026-08-06 01:15:00+00:00,0.85807,0.85812,0.85783,0.85789
2026-08-06 01:30:00+00:00,0.85794,0.85799,0.85788,0.85795
2026-08-06 01:45:00+00:00,0.85793,0.85801,0.85781,0.85794
2026-08-06 02:00:00+00:00,0.85793,0.858,0.85779,0.85797
2026-08-06 02:15:00+00:00,0.85793,0.858,0.85782,0.85796
2026-08-06 02:30:00+00:00,0.85792,0.85802,0.85787,0.85801
2026-08-06 02:45:00+00:00,0.85799,0.85804,0.85776,0.85792
2026-08-06 03:00:00+00:00,0.8579,0.85801,0.85781,0.85799
2026-08-06 03:15:00+00:00,0.85797,0.85807,0.85789,0.858
2026-08-06 03:30:00+00:00,0.85801,0.85802,0.85792,0.85799
2026-08-06 03:45:00+00:00,0.85797,0.85805,0.85789,0.85797
2026-08-06 04:00:00+00:00,0.85796,0.85806,0.8579,0.85793
2026-08-06 04:15:00+00:00,0.85796,0.85801,0.8579,0.85796
2026-08-06 04:30:00+00:00,0.85796,0.85806,0.85793,0.858
2026-08-06 04:45:00+00:00,0.85799,0.85805,0.85792,0.85802
2026-08-06 05:00:00+00:00,0.85801,0.85806,0.8579,0.85792
2026-08-06 05:15:00+00:00,0.85797,0.85808,0.85794,0.85802
2026-08-06 05:30:00+00:00,0.85804,0.85808,0.85792,0.85797
2026-08-06 05:45:00+00:00,0.85796,0.85797,0.85782,0.85788
2026-08-06 06:00:00+00:00,0.85786,0.85794,0.85765,0.85777
2026-08-06 06:15:00+00:00,0.85776,0.85789,0.85769,0.85774
2026-08-06 06:30:00+00:00,0.85775,0.858,0.85771,0.85799
2026-08-06 06:45:00+00:00,0.85794,0.85802,0.85771,0.85775
2026-08-06 07:00:00+00:00,0.85773,0.85785,0.85767,0.85768
2026-08-06 07:15:00+00:00,0.8577,0.85773,0.85749,0.85766
2026-08-06 07:30:00+00:00,0.85764,0.85785,0.85763,0.85784
2026-08-06 07:45:00+00:00,0.85782,0.85788,0.85755,0.85759
2026-08-06 08:00:00+00:00,0.85763,0.85783,0.85731,0.85736
2026-08-06 08:15:00+00:00,0.85745,0.8575,0.8572,0.85723
2026-08-06 08:30:00+00:00,0.85729,0.85746,0.85719,0.85731
2026-08-06 08:45:00+00:00,0.8573,0.85744,0.85722,0.85743
2026-08-06 09:00:00+00:00,0.8574,0.8574,0.85714,0.85732
2026-08-06 09:15:00+00:00,0.85735,0.85735,0.85714,0.85728
2026-08-06 09:30:00+00:00,0.85729,0.85765,0.85725,0.85756
2026-08-06 09:45:00+00:00,0.85758,0.85766,0.85741,0.85756
2026-08-06 10:00:00+00:00,0.85755,0.8577,0.85734,0.85741
2026-08-06 10:15:00+00:00,0.85752,0.85754,0.85733,0.85741
2026-08-06 10:30:00+00:00,0.85743,0.85758,0.85734,0.85745
2026-08-06 10:45:00+00:00,0.85747,0.85747,0.85724,0.85733
2026-08-06 11:00:00+00:00,0.8573,0.85747,0.85722,0.85741
2026-08-06 11:15:00+00:00,0.8574,0.85755,0.85727,0.85753
2026-08-06 11:30:00+00:00,0.8575,0.85757,0.85724,0.85728
2026-08-06 11:45:00+00:00,0.8573,0.8574,0.85713,0.85725
2026-08-06 12:00:00+00:00,0.85724,0.85726,0.8569,0.85715
2026-08-06 12:15:00+00:00,0.85707,0.8572,0.85686,0.85699
2026-08-06 12:30:00+00:00,0.85698,0.85718,0.85671,0.85687
2026-08-06 12:45:00+00:00,0.85683,0.85694,0.85665,0.8567
2026-08-06 13:00:00+00:00,0.85677,0.85682,0.85661,0.85681
2026-08-06 13:15:00+00:00,0.85679,0.85688,0.85662,0.85665
2026-08-06 13:30:00+00:00,0.85671,0.85679,0.85643,0.85665
2026-08-06 13:45:00+00:00,0.85663,0.85675,0.8564,0.85645
2026-08-06 14:00:00+00:00,0.85648,0.85652,0.85616,0.85651
2026-08-06 14:15:00+00:00,0.85645,0.8568,0.8563,0.85638
2026-08-06 14:30:00+00:00,0.85639,0.85664,0.8563,0.85633
2026-08-06 14:45:00+00:00,0.85639,0.85667,0.85626,0.85665
2026-08-06 15:00:00+00:00,0.85661,0.85684,0.85652,0.85659
2026-08-06 15:15:00+00:00,0.85665,0.85669,0.85632,0.8566
2026-08-06 15:30:00+00:00,0.85654,0.85659,0.8564,0.85646
2026-08-06 15:45:00+00:00,0.85647,0.85656,0.85622,0.85636
2026-08-06 16:00:00+00:00,0.85632,0.8564,0.85608,0.85627
2026-08-06 16:15:00+00:00,0.85623,0.85638,0.85597,0.85609
2026-08-06 16:30:00+00:00,0.85609,0.8563,0.85609,0.85618
2026-08-06 16:45:00+00:00,0.85624,0.85636,0.8561,0.85622
2026-08-06 17:00:00+00:00,0.85619,0.85625,0.85596,0.85611
2026-08-06 17:15:00+00:00,0.85608,0.85633,0.85603,0.8562
2026-08-06 17:30:00+00:00,0.85618,0.85628,0.85609,0.85618
2026-08-06 17:45:00+00:00,0.8562,0.85635,0.8562,0.85628
2026-08-06 18:00:00+00:00,0.8563,0.85636,0.85621,0.85632
2026-08-06 18:15:00+00:00,0.8563,0.85638,0.8562,0.85633
2026-08-06 18:30:00+00:00,0.85633,0.85647,0.8563,0.85646
2026-08-06 18:45:00+00:00,0.85644,0.85654,0.85628,0.85633
2026-08-06 19:00:00+00:00,0.85635,0.85639,0.85621,0.85633
2026-08-06 19:15:00+00:00,0.85631,0.85641,0.85612,0.85635
2026-08-06 19:30:00+00:00,0.85631,0.85649,0.85628,0.85643
2026-08-06 19:45:00+00:00,0.85643,0.85662,0.85639,0.85643
2026-08-06 20:00:00+00:00,0.85645,0.85653,0.85636,0.85645
2026-08-06 20:15:00+00:00,0.85644,0.8566,0.85637,0.85658
2026-08-06 20:30:00+00:00,0.85654,0.85669,0.85653,0.85662
2026-08-06 20:45:00+00:00,0.85662,0.85665,0.85648,0.85662
2026-08-06 21:00:00+00:00,0.85659,0.85667,0.85634,0.85646
2026-08-06 21:15:00+00:00,0.85644,0.85682,0.85629,0.85645
2026-08-06 21:30:00+00:00,0.85641,0.85675,0.85623,0.85674
2026-08-06 21:45:00+00:00,0.85672,0.85676,0.85632,0.85671
2026-08-06 22:00:00+00:00,0.85661,0.85661,0.85613,0.85652
2026-08-06 22:15:00+00:00,0.85652,0.85661,0.85648,0.85657
2026-08-06 22:30:00+00:00,0.85655,0.85661,0.85651,0.85659
2026-08-06 22:45:00+00:00,0.85657,0.85663,0.85651,0.85657
2026-08-06 23:00:00+00:00,0.85656,0.85661,0.85648,0.85655
2026-08-06 23:15:00+00:00,0.85655,0.8566,0.85646,0.85652
2026-08-06 23:30:00+00:00,0.8565,0.85657,0.85643,0.85656
2026-08-06 23:45:00+00:00,0.85654,0.85658,0.85646,0.8565
2026-08-07 00:00:00+00:00,0.85651,0.85655,0.85642,0.85648
2026-08-07 00:15:00+00:00,0.85649,0.85659,0.85644,0.85657
2026-08-07 00:30:00+00:00,0.85655,0.85659,0.85646,0.85655
2026-08-07 00:45:00+00:00,0.85653,0.85667,0.85644,0.85646
2026-08-07 01:00:00+00:00,0.85647,0.85657,0.85642,0.85654
2026-08-07 01:15:00+00:00,0.85652,0.85656,0.85642,0.85651
2026-08-07 01:30:00+00:00,0.85649,0.85656,0.85641,0.85655
2026-08-07 01:45:00+00:00,0.85652,0.85656,0.8564,0.85641
2026-08-07 02:00:00+00:00,0.85642,0.85651,0.85639,0.85647
2026-08-07 02:15:00+00:00,0.85648,0.85653,0.85641,0.85651
2026-08-07 02:30:00+00:00,0.8565,0.85657,0.85638,0.85656
2026-08-07 02:45:00+00:00,0.85654,0.85663,0.85644,0.85653
2026-08-07 03:00:00+00:00,0.85651,0.85654,0.8564,0.85646
2026-08-07 03:15:00+00:00,0.85647,0.85659,0.85645,0.85658
2026-08-07 03:30:00+00:00,0.85657,0.85659,0.85648,0.85658
2026-08-07 03:45:00+00:00,0.85655,0.85664,0.85649,0.85658
2026-08-07 04:00:00+00:00,0.85657,0.85659,0.85645,0.85647
2026-08-07 04:15:00+00:00,0.85649,0.85654,0.85638,0.85641
2026-08-07 04:30:00+00:00,0.85642,0.85654,0.85639,0.85654
2026-08-07 04:45:00+00:00,0.85651,0.85659,0.85644,0.85657
2026-08-07 05:00:00+00:00,0.85654,0.85658,0.85647,0.8565
2026-08-07 05:15:00+00:00,0.85653,0.85659,0.85645,0.85655
2026-08-07 05:30:00+00:00,0.85654,0.85667,0.85644,0.85663
2026-08-07 05:45:00+00:00,0.85662,0.85667,0.8565,0.85655
2026-08-07 06:00:00+00:00,0.85654,0.85656,0.85632,0.85644
2026-08-07 06:15:00+00:00,0.85644,0.85649,0.85626,0.85645
2026-08-07 06:30:00+00:00,0.85644,0.85657,0.85634,0.85649
2026-08-07 06:45:00+00:00,0.85646,0.85655,0.85631,0.85647
2026-08-07 07:00:00+00:00,0.85646,0.85671,0.85623,0.85663
2026-08-07 07:15:00+00:00,0.85662,0.85683,0.85651,0.85681
2026-08-07 07:30:00+00:00,0.85677,0.85682,0.85661,0.85677
2026-08-07 07:45:00+00:00,0.85672,0.85684,0.85658,0.85682
2026-08-07 08:00:00+00:00,0.85679,0.85685,0.85659,0.85673
2026-08-07 08:15:00+00:00,0.85672,0.8569,0.8566,0.85675
2026-08-07 08:30:00+00:00,0.85679,0.85698,0.85673,0.85683
2026-08-07 08:45:00+00:00,0.85685,0.8572,0.8568,0.85709
2026-08-07 09:00:00+00:00,0.8571,0.85751,0.85705,0.85736
2026-08-07 09:15:00+00:00,0.85741,0.85753,0.8573,0.85733
2026-08-07 09:30:00+00:00,0.85741,0.85776,0.85733,0.85774
2026-08-07 09:45:00+00:00,0.8577,0.8578,0.85763,0.85765
2026-08-07 10:00:00+00:00,0.85766,0.85779,0.85756,0.85774
2026-08-07 10:15:00+00:00,0.85768,0.85791,0.85768,0.85784
2026-08-07 10:30:00+00:00,0.85783,0.85796,0.85778,0.85793
2026-08-07 10:45:00+00:00,0.85788,0.85801,0.85775,0.85779
2026-08-07 11:00:00+00:00,0.8578,0.85785,0.85756,0.85765
2026-08-07 11:15:00+00:00,0.85764,0.85773,0.85753,0.85765
2026-08-07 11:30:00+00:00,0.85766,0.8577,0.85752,0.85756
2026-08-07 11:45:00+00:00,0.85756,0.85766,0.85749,0.85755
2026-08-07 12:00:00+00:00,0.85754,0.85783,0.85747,0.85782
2026-08-07 12:15:00+00:00,0.85778,0.8578,0.85723,0.85732
2026-08-07 12:30:00+00:00,0.85732,0.85939,0.85632,0.85741
2026-08-07 12:45:00+00:00,0.85746,0.85756,0.857,0.8573
2026-08-07 13:00:00+00:00,0.85733,0.85739,0.85711,0.85729
2026-08-07 13:15:00+00:00,0.8572,0.85733,0.85665,0.85671
2026-08-07 13:30:00+00:00,0.85681,0.85699,0.85649,0.85694
2026-08-07 13:45:00+00:00,0.8569,0.8571,0.85668,0.8568
2026-08-07 14:00:00+00:00,0.85687,0.85694,0.85648,0.85664
2026-08-07 14:15:00+00:00,0.85662,0.85668,0.85628,0.85645
2026-08-07 14:30:00+00:00,0.85643,0.85668,0.85628,0.85639
2026-08-07 14:45:00+00:00,0.85646,0.85681,0.85627,0.8565
2026-08-07 15:00:00+00:00,0.85653,0.85686,0.85648,0.85682
2026-08-07 15:15:00+00:00,0.85676,0.85683,0.85631,0.85635
2026-08-07 15:30:00+00:00,0.85642,0.85657,0.85627,0.85655
2026-08-07 15:45:00+00:00,0.85653,0.85665,0.85638,0.8565
2026-08-07 16:00:00+00:00,0.85649,0.85667,0.85637,0.85666
2026-08-07 16:15:00+00:00,0.85662,0.85668,0.85633,0.85652
2026-08-07 16:30:00+00:00,0.8565,0.85666,0.85646,0.85654
2026-08-07 16:45:00+00:00,0.85656,0.85674,0.85635,0.85647
2026-08-07 17:00:00+00:00,0.85648,0.85663,0.85639,0.85663
2026-08-07 17:15:00+00:00,0.8566,0.85669,0.8565,0.85659
2026-08-07 17:30:00+00:00,0.85661,0.85674,0.85653,0.85668
2026-08-07 17:45:00+00:00,0.85665,0.85672,0.85655,0.8567
2026-08-07 18:00:00+00:00,0.85669,0.85687,0.85659,0.85678
2026-08-07 18:15:00+00:00,0.85674,0.85686,0.8567,0.85683
2026-08-07 18:30:00+00:00,0.85681,0.85681,0.85669,0.85669
2026-08-07 18:45:00+00:00,0.8567,0.85679,0.85662,0.85668
2026-08-07 19:00:00+00:00,0.85672,0.8568,0.85659,0.85672
2026-08-07 19:15:00+00:00,0.85671,0.85687,0.85652,0.85686
2026-08-07 19:30:00+00:00,0.85684,0.85687,0.8567,0.85684
2026-08-07 19:45:00+00:00,0.85683,0.85684,0.85651,0.85654
2026-08-07 20:00:00+00:00,0.85657,0.85663,0.85647,0.85657
2026-08-07 20:15:00+00:00,0.85656,0.85679,0.85647,0.85666
2026-08-07 20:30:00+00:00,0.85664,0.85683,0.85655,0.85672
2026-08-07 20:45:00+00:00,0.85673,0.85676,0.85653,0.85658
2026-08-07 21:00:00+00:00,0.85667,0.85713,0.85636,0.85691
2026-08-07 21:15:00+00:00,0.85689,0.85693,0.85678,0.85689
2026-08-07 21:30:00+00:00,0.85685,0.85698,0.85681,0.85685
2026-08-07 21:45:00+00:00,0.85686,0.85692,0.85675,0.85685
2026-08-07 22:00:00+00:00,0.85686,0.85758,0.85645,0.85686
2026-08-07 22:15:00+00:00,0.85686,0.8569,0.85682,0.85688
2026-08-07 22:30:00+00:00,0.85686,0.8569,0.85683,0.85688
2026-08-07 22:45:00+00:00,0.85687,0.8569,0.85683,0.85686
2026-08-07 23:00:00+00:00,0.85687,0.85747,0.85674,0.85688
2026-08-07 23:15:00+00:00,0.85688,0.85692,0.85683,0.85689
2026-08-07 23:30:00+00:00,0.85687,0.85692,0.85683,0.8569
2026-08-07 23:45:00+00:00,0.85688,0.85692,0.85683,0.85684
2026-08-08 00:00:00+00:00,0.85688,0.85709,0.8567,0.85671
2026-08-08 00:15:00+00:00,0.85672,0.85677,0.8567,0.85674
2026-08-08 00:30:00+00:00,0.85672,0.85676,0.8567,0.85673
2026-08-08 00:45:00+00:00,0.85672,0.85677,0.85671,0.85672
2026-08-08 01:00:00+00:00,0.85672,0.85776,0.85658,0.85671
2026-08-08 01:15:00+00:00,0.85696,0.85746,0.85668,0.85727
2026-08-08 01:30:00+00:00,0.85719,0.85746,0.85662,0.85683
2026-08-08 01:45:00+00:00,0.85685,0.85747,0.85662,0.85726
2026-08-08 02:00:00+00:00,0.85717,0.85743,0.85661,0.85671
2026-08-08 02:15:00+00:00,0.85696,0.85747,0.85663,0.85726
2026-08-08 02:30:00+00:00,0.85718,0.85772,0.85665,0.85682
2026-08-08 02:45:00+00:00,0.85685,0.85747,0.85663,0.85726
2026-08-08 03:00:00+00:00,0.85718,0.85821,0.8568,0.85721
2026-08-08 03:15:00+00:00,0.85756,0.85865,0.85668,0.85724
2026-08-08 03:30:00+00:00,0.85716,0.85746,0.85661,0.85683
2026-08-08 03:45:00+00:00,0.85685,0.85746,0.8566,0.85731
2026-08-08 04:00:00+00:00,0.8572,0.85732,0.8567,0.85677
2026-08-08 04:15:00+00:00,0.85696,0.85747,0.85662,0.85723
2026-08-08 04:30:00+00:00,0.85715,0.85745,0.85661,0.85683
2026-08-08 04:45:00+00:00,0.85686,0.85747,0.85662,0.85734
2026-08-08 05:00:00+00:00,0.85721,0.85734,0.8567,0.8568
2026-08-08 05:15:00+00:00,0.85694,0.85816,0.85634,0.85799
2026-08-08 05:30:00+00:00,0.85779,0.85808,0.85661,0.85684
2026-08-08 05:45:00+00:00,0.85687,0.85746,0.85661,0.85737
2026-08-08 06:00:00+00:00,0.85722,0.85734,0.85668,0.85683
2026-08-08 06:15:00+00:00,0.85693,0.85746,0.8566,0.85726
2026-08-08 06:30:00+00:00,0.85713,0.85747,0.85661,0.85682
2026-08-08 06:45:00+00:00,0.85688,0.85747,0.85662,0.85737
2026-08-08 07:00:00+00:00,0.85722,0.85807,0.85663,0.85731
2026-08-08 07:15:00+00:00,0.85746,0.85998,0.85635,0.85672
2026-08-08 07:30:00+00:00,0.85674,0.85678,0.8567,0.85676
2026-08-08 07:45:00+00:00,0.85674,0.85679,0.8567,0.85677
2026-08-08 08:00:00+00:00,0.85675,0.85678,0.85671,0.85674
2026-08-08 08:15:00+00:00,0.85674,0.85683,0.85669,0.85672
2026-08-08 08:30:00+00:00,0.85674,0.85678,0.85671,0.85674
2026-08-08 08:45:00+00:00,0.85674,0.85678,0.8567,0.85676
2026-08-08 09:00:00+00:00,0.85674,0.85678,0.8567,0.85676
2026-08-08 09:15:00+00:00,0.85675,0.85678,0.85671,0.85674
2026-08-08 09:30:00+00:00,0.85674,0.85678,0.8567,0.85674
2026-08-08 09:45:00+00:00,0.85674,0.85677,0.85671,0.85676
2026-08-08 10:00:00+00:00,0.85674,0.85684,0.85668,0.85675
2026-08-08 10:15:00+00:00,0.85674,0.85678,0.8567,0.85672
2026-08-08 10:30:00+00:00,0.85675,0.85678,0.85671,0.85674
2026-08-08 10:45:00+00:00,0.85674,0.85679,0.85669,0.85676
2026-08-08 11:00:00+00:00,0.85674,0.85678,0.85671,0.85675
2026-08-08 11:15:00+00:00,0.85674,0.85678,0.8567,0.85672
2026-08-08 11:30:00+00:00,0.85674,0.85686,0.8567,0.85671
2026-08-08 11:45:00+00:00,0.85674,0.85678,0.85671,0.85676
2026-08-08 12:00:00+00:00,0.85674,0.85678,0.8567,0.85675
2026-08-08 12:15:00+00:00,0.85674,0.85678,0.85671,0.85674
2026-08-08 12:30:00+00:00,0.85674,0.85679,0.85671,0.85672
2026-08-08 12:45:00+00:00,0.85674,0.85678,0.8567,0.85678
2026-08-08 13:00:00+00:00,0.85676,0.85678,0.85671,0.85676
2026-08-08 13:15:00+00:00,0.85674,0.85686,0.85671,0.85675
2026-08-08 13:30:00+00:00,0.85674,0.85678,0.85671,0.85672
2026-08-08 13:45:00+00:00,0.85674,0.85678,0.8567,0.85674
2026-08-08 14:00:00+00:00,0.85674,0.85679,0.8567,0.85677
2026-08-08 14:15:00+00:00,0.85676,0.85678,0.85671,0.85675
2026-08-08 14:30:00+00:00,0.85674,0.85677,0.8567,0.85672
2026-08-08 14:45:00+00:00,0.85674,0.85678,0.85671,0.85676
2026-08-08 15:00:00+00:00,0.85674,0.85883,0.85661,0.85676
2026-08-08 15:15:00+00:00,0.85674,0.85679,0.85669,0.85677
2026-08-08 15:30:00+00:00,0.85676,0.85677,0.85671,0.85673
2026-08-08 15:45:00+00:00,0.85674,0.85983,0.85506,0.85723
2026-08-08 16:00:00+00:00,0.85751,0.85751,0.85671,0.85675
2026-08-08 16:15:00+00:00,0.85673,0.85679,0.85671,0.85676
2026-08-08 16:30:00+00:00,0.85674,0.85686,0.85671,0.85674
2026-08-08 16:45:00+00:00,0.85675,0.8578,0.85671,0.85673
2026-08-08 17:00:00+00:00,0.85674,0.85679,0.8567,0.85676
2026-08-08 17:15:00+00:00,0.85674,0.85678,0.85671,0.85676
2026-08-08 17:30:00+00:00,0.85674,0.85678,0.8567,0.85674
2026-08-08 17:45:00+00:00,0.85674,0.85679,0.85671,0.85672
2026-08-08 18:00:00+00:00,0.85674,0.8568,0.8567,0.85675
2026-08-08 18:15:00+00:00,0.85674,0.85686,0.85668,0.85676
2026-08-08 18:30:00+00:00,0.85675,0.85678,0.85671,0.85674
2026-08-08 18:45:00+00:00,0.85674,0.85678,0.8567,0.85672
2026-08-08 19:00:00+00:00,0.85674,0.8568,0.85671,0.85676
2026-08-08 19:15:00+00:00,0.85674,0.85677,0.8567,0.85676
2026-08-08 19:30:00+00:00,0.85674,0.85679,0.85669,0.85675
2026-08-08 19:45:00+00:00,0.85674,0.85678,0.85671,0.85674
2026-08-08 20:00:00+00:00,0.85674,0.85686,0.85666,0.85676
2026-08-08 20:15:00+00:00,0.85674,0.85678,0.85671,0.85676
2026-08-08 20:30:00+00:00,0.85673,0.85679,0.85669,0.85675
2026-08-08 20:45:00+00:00,0.85674,0.85678,0.8567,0.85674
2026-08-08 21:00:00+00:00,0.85674,0.8568,0.85671,0.85676
2026-08-08 21:15:00+00:00,0.85674,0.85679,0.8567,0.85676
2026-08-08 21:30:00+00:00,0.85674,0.85678,0.85671,0.85675
2026-08-08 21:45:00+00:00,0.85674,0.85684,0.8567,0.85672
2026-08-08 22:00:00+00:00,0.85674,0.85681,0.8567,0.85673
2026-08-08 22:15:00+00:00,0.85674,0.85678,0.85671,0.85676
2026-08-08 22:30:00+00:00,0.85674,0.85678,0.85671,0.85676
2026-08-08 22:45:00+00:00,0.85674,0.85678,0.85671,0.85672
2026-08-08 23:00:00+00:00,0.85674,0.8568,0.85671,0.85674
2026-08-08 23:15:00+00:00,0.85674,0.85702,0.85667,0.85685
2026-08-08 23:30:00+00:00,0.85684,0.85684,0.85671,0.85681
2026-08-08 23:45:00+00:00,0.85679,0.85699,0.85677,0.85682
2026-08-09 00:00:00+00:00,0.85682,0.85686,0.85681,0.85681
2026-08-09 00:15:00+00:00,0.85682,0.85697,0.85681,0.85685
2026-08-09 00:30:00+00:00,0.85684,0.85696,0.85683,0.85688
2026-08-09 00:45:00+00:00,0.85686,0.8569,0.85685,0.85686
2026-08-09 01:00:00+00:00,0.85686,0.85696,0.85683,0.85689
2026-08-09 01:15:00+00:00,0.8569,0.85694,0.85689,0.85692
2026-08-09 01:30:00+00:00,0.8569,0.85694,0.85689,0.85693
2026-08-09 01:45:00+00:00,0.85691,0.85695,0.85683,0.85684
2026-08-09 02:00:00+00:00,0.85686,0.85689,0.8568,0.85681
2026-08-09 02:15:00+00:00,0.85682,0.85697,0.85681,0.85684
2026-08-09 02:30:00+00:00,0.85684,0.85688,0.85667,0.85679
2026-08-09 02:45:00+00:00,0.85677,0.857,0.85669,0.85677
2026-08-09 03:00:00+00:00,0.85676,0.85701,0.85675,0.85678
2026-08-09 03:15:00+00:00,0.85678,0.8568,0.85675,0.85676
2026-08-09 03:30:00+00:00,0.85676,0.85701,0.85674,0.85679
2026-08-09 03:45:00+00:00,0.85678,0.85681,0.85675,0.85678
2026-08-09 04:00:00+00:00,0.85676,0.857,0.85676,0.85677
2026-08-09 04:15:00+00:00,0.85678,0.85701,0.85676,0.85686
2026-08-09 04:30:00+00:00,0.85686,0.85688,0.85679,0.85682
2026-08-09 04:45:00+00:00,0.85681,0.85699,0.85679,0.85685
2026-08-09 05:00:00+00:00,0.85683,0.85687,0.85682,0.85683
2026-08-09 05:15:00+00:00,0.85683,0.85698,0.85681,0.85685
2026-08-09 05:30:00+00:00,0.85685,0.85698,0.85684,0.85688
2026-08-09 05:45:00+00:00,0.85687,0.85691,0.85686,0.85689
2026-08-09 06:00:00+00:00,0.85687,0.857,0.8567,0.85677
2026-08-09 06:15:00+00:00,0.85677,0.85681,0.85675,0.85676
2026-08-09 06:30:00+00:00,0.85677,0.85702,0.85675,0.85677
2026-08-09 06:45:00+00:00,0.85676,0.85701,0.85674,0.85681
2026-08-09 07:00:00+00:00,0.85679,0.85682,0.85675,0.85677
2026-08-09 07:15:00+00:00,0.85677,0.85701,0.85675,0.85679
2026-08-09 07:30:00+00:00,0.8568,0.85683,0.85677,0.85681
2026-08-09 07:45:00+00:00,0.85679,0.85701,0.85678,0.85686
2026-08-09 08:00:00+00:00,0.85684,0.85698,0.8568,0.85683
2026-08-09 08:15:00+00:00,0.85682,0.85686,0.85681,0.85682
2026-08-09 08:30:00+00:00,0.85682,0.85694,0.85681,0.85684
2026-08-09 08:45:00+00:00,0.85684,0.85688,0.85683,0.85686
2026-08-09 09:00:00+00:00,0.85684,0.85697,0.85682,0.85687
2026-08-09 09:15:00+00:00,0.85686,0.85697,0.85685,0.85688
2026-08-09 09:30:00+00:00,0.85688,0.85692,0.85687,0.85688
2026-08-09 09:45:00+00:00,0.85688,0.85697,0.85687,0.85691
2026-08-09 10:00:00+00:00,0.85689,0.85693,0.85688,0.85691
2026-08-09 10:15:00+00:00,0.85689,0.85693,0.85688,0.85689
2026-08-09 10:30:00+00:00,0.85689,0.85693,0.85687,0.85688
2026-08-09 10:45:00+00:00,0.85688,0.85692,0.85687,0.8569
2026-08-09 11:00:00+00:00,0.85688,0.85692,0.85687,0.8569
2026-08-09 11:15:00+00:00,0.85688,0.85692,0.85682,0.85683
2026-08-09 11:30:00+00:00,0.85684,0.85718,0.85678,0.85694
2026-08-09 11:45:00+00:00,0.85695,0.85697,0.85678,0.85685
2026-08-09 12:00:00+00:00,0.85683,0.85687,0.85585,0.85638
2026-08-09 12:15:00+00:00,0.85636,0.8564,0.85635,0.85636
2026-08-09 12:30:00+00:00,0.85636,0.85638,0.85571,0.85598
2026-08-09 12:45:00+00:00,0.85599,0.85626,0.85543,0.8557
2026-08-09 13:00:00+00:00,0.85569,0.85573,0.85568,0.85571
2026-08-09 13:15:00+00:00,0.85569,0.85854,0.85532,0.85603
2026-08-09 13:30:00+00:00,0.85603,0.85607,0.85602,0.85602
2026-08-09 13:45:00+00:00,0.85603,0.85605,0.85543,0.85574
2026-08-09 14:00:00+00:00,0.85572,0.85842,0.85524,0.85703
2026-08-09 14:15:00+00:00,0.85701,0.85826,0.85685,0.85795
2026-08-09 14:30:00+00:00,0.85795,0.8587,0.85695,0.85725
2026-08-09 14:45:00+00:00,0.85725,0.85777,0.85689,0.8576
2026-08-09 15:00:00+00:00,0.8576,0.85766,0.85561,0.85569
2026-08-09 15:15:00+00:00,0.85567,0.85592,0.85507,0.85545
2026-08-09 15:30:00+00:00,0.85544,0.85547,0.85542,0.85543
2026-08-09 15:45:00+00:00,0.85544,0.85548,0.85502,0.85525
2026-08-09 16:00:00+00:00,0.85525,0.85715,0.85504,0.85678
2026-08-09 16:15:00+00:00,0.85676,0.8568,0.85589,0.85594
2026-08-09 16:30:00+00:00,0.85601,0.85615,0.85588,0.85598
2026-08-09 16:45:00+00:00,0.85599,0.85602,0.85597,0.85598
2026-08-09 17:00:00+00:00,0.85599,0.85894,0.85559,0.85632
2026-08-09 17:15:00+00:00,0.85631,0.85634,0.85611,0.85612
2026-08-09 17:30:00+00:00,0.85614,0.85617,0.85543,0.8558
2026-08-09 17:45:00+00:00,0.85581,0.85595,0.85511,0.85542
2026-08-09 18:00:00+00:00,0.85543,0.85821,0.85491,0.85623
2026-08-09 18:15:00+00:00,0.85633,0.85868,0.85604,0.85764
2026-08-09 18:30:00+00:00,0.85646,0.8584,0.85596,0.85629
2026-08-09 18:45:00+00:00,0.85635,0.85872,0.85591,0.85768
2026-08-09 19:00:00+00:00,0.85637,0.85861,0.85599,0.85692
2026-08-09 19:15:00+00:00,0.85721,0.85877,0.85635,0.85711
2026-08-09 19:30:00+00:00,0.85702,0.85859,0.85605,0.85748
2026-08-09 19:45:00+00:00,0.85725,0.85892,0.85583,0.85672
2026-08-09 20:00:00+00:00,0.8566,0.85728,0.85625,0.85722
2026-08-09 20:15:00+00:00,0.8571,0.8571,0.85607,0.85676
2026-08-09 20:30:00+00:00,0.85671,0.85741,0.85607,0.85639
2026-08-09 20:45:00+00:00,0.85652,0.85687,0.85616,0.85646
2026-08-09 21:00:00+00:00,0.85662,0.85703,0.8562,0.85695
2026-08-09 21:15:00+00:00,0.85693,0.85695,0.85634,0.8569
2026-08-09 21:30:00+00:00,0.85685,0.857,0.85666,0.8569
2026-08-09 21:45:00+00:00,0.85689,0.85712,0.85672,0.85701
2026-08-09 22:00:00+00:00,0.85693,0.85699,0.85661,0.85663
2026-08-09 22:15:00+00:00,0.85668,0.85675,0.85653,0.85673
2026-08-09 22:30:00+00:00,0.85669,0.85675,0.85662,0.8567
2026-08-09 22:45:00+00:00,0.85669,0.85672,0.85657,0.85664
2026-08-09 23:00:00+00:00,0.85666,0.85672,0.85658,0.85665
2026-08-09 23:15:00+00:00,0.85665,0.85668,0.85655,0.85665
2026-08-09 23:30:00+00:00,0.85663,0.85671,0.85654,0.85669
2026-08-09 23:45:00+00:00,0.85667,0.85673,0.85654,0.85661
2026-08-10 00:00:00+00:00,0.85661,0.85675,0.85659,0.8567
2026-08-10 00:15:00+00:00,0.85665,0.85669,0.85652,0.85658
2026-08-10 00:30:00+00:00,0.8566,0.85668,0.85654,0.85666
2026-08-10 00:45:00+00:00,0.85664,0.85678,0.85656,0.85676
2026-08-10 01:00:00+00:00,0.85673,0.8569,0.85658,0.85677
2026-08-10 01:15:00+00:00,0.85677,0.85683,0.85666,0.85673
2026-08-10 01:30:00+00:00,0.85671,0.85678,0.85657,0.85677
2026-08-10 01:45:00+00:00,0.85675,0.85675,0.85653,0.85659
2026-08-10 02:00:00+00:00,0.85659,0.85665,0.85653,0.85655
2026-08-10 02:15:00+00:00,0.85657,0.85668,0.85656,0.85667
2026-08-10 02:30:00+00:00,0.85664,0.85668,0.8565,0.8566
2026-08-10 02:45:00+00:00,0.85657,0.85661,0.8565,0.85657
2026-08-10 03:00:00+00:00,0.85656,0.85664,0.8565,0.85655
2026-08-10 03:15:00+00:00,0.85657,0.85666,0.8565,0.85664
2026-08-10 03:30:00+00:00,0.8566,0.85663,0.85649,0.85655
2026-08-10 03:45:00+00:00,0.85653,0.85657,0.85641,0.85645
2026-08-10 04:00:00+00:00,0.85643,0.85655,0.85636,0.85647
2026-08-10 04:15:00+00:00,0.85648,0.8565,0.85638,0.85644
2026-08-10 04:30:00+00:00,0.85644,0.85648,0.85635,0.85646
2026-08-10 04:45:00+00:00,0.85642,0.85648,0.85631,0.85641
2026-08-10 05:00:00+00:00,0.85639,0.85645,0.85626,0.85633
2026-08-10 05:15:00+00:00,0.85632,0.85645,0.85629,0.85641
2026-08-10 05:30:00+00:00,0.85641,0.85643,0.85629,0.85632
2026-08-10 05:45:00+00:00,0.85634,0.85643,0.8563,0.85639
2026-08-10 06:00:00+00:00,0.85636,0.85636,0.85606,0.8562
2026-08-10 06:15:00+00:00,0.85615,0.85637,0.85612,0.85633
2026-08-10 06:30:00+00:00,0.85631,0.85636,0.85616,0.85633
2026-08-10 06:45:00+00:00,0.85632,0.85638,0.8561,0.85629
2026-08-10 07:00:00+00:00,0.85628,0.85634,0.85608,0.85619
2026-08-10 07:15:00+00:00,0.85617,0.85653,0.8561,0.85651
2026-08-10 07:30:00+00:00,0.85647,0.85664,0.85641,0.85657
2026-08-10 07:45:00+00:00,0.85652,0.85668,0.85641,0.85665
2026-08-10 08:00:00+00:00,0.85661,0.85669,0.85632,0.85639
2026-08-10 08:15:00+00:00,0.85643,0.85652,0.85628,0.8565
2026-08-10 08:30:00+00:00,0.85646,0.85652,0.85627,0.85637
2026-08-10 08:45:00+00:00,0.85637,0.85644,0.85615,0.85619
2026-08-10 09:00:00+00:00,0.85625,0.85629,0.85603,0.85621
2026-08-10 09:15:00+00:00,0.8562,0.85623,0.85605,0.85616
2026-08-10 09:30:00+00:00,0.85614,0.85651,0.85604,0.85649
2026-08-10 09:45:00+00:00,0.85646,0.85651,0.85629,0.85635
2026-08-10 10:00:00+00:00,0.85639,0.85657,0.85617,0.85621
2026-08-10 10:15:00+00:00,0.8562,0.8563,0.85614,0.85622
2026-08-10 10:30:00+00:00,0.85623,0.85633,0.85594,0.856
2026-08-10 10:45:00+00:00,0.856,0.8561,0.85593,0.85597
2026-08-10 11:00:00+00:00,0.85594,0.85598,0.85575,0.85591
2026-08-10 11:15:00+00:00,0.85588,0.85593,0.85561,0.8557
2026-08-10 11:30:00+00:00,0.8557,0.85585,0.85548,0.85552
2026-08-10 11:45:00+00:00,0.85556,0.85575,0.85555,0.85574
2026-08-10 12:00:00+00:00,0.85571,0.85595,0.85555,0.8558
2026-08-10 12:15:00+00:00,0.85576,0.85592,0.85565,0.85583
2026-08-10 12:30:00+00:00,0.8558,0.85597,0.85559,0.85562
2026-08-10 12:45:00+00:00,0.85569,0.85582,0.85557,0.85559
2026-08-10 13:00:00+00:00,0.85562,0.8557,0.85548,0.85559
2026-08-10 13:15:00+00:00,0.85556,0.85556,0.85529,0.85547
2026-08-10 13:30:00+00:00,0.85543,0.85553,0.85513,0.85533
2026-08-10 13:45:00+00:00,0.85534,0.85539,0.85487,0.85488
2026-08-10 14:00:00+00:00,0.8549,0.85495,0.85429,0.85456
2026-08-10 14:15:00+00:00,0.85451,0.85483,0.85431,0.85464
2026-08-10 14:30:00+00:00,0.85471,0.85476,0.85426,0.85429
2026-08-10 14:45:00+00:00,0.85434,0.8545,0.85386,0.85434
2026-08-10 15:00:00+00:00,0.85439,0.85448,0.85419,0.8542
2026-08-10 15:15:00+00:00,0.85422,0.85434,0.8539,0.8542
2026-08-10 15:30:00+00:00,0.85415,0.85421,0.85371,0.85374
2026-08-10 15:45:00+00:00,0.85375,0.85421,0.85368,0.85399
2026-08-10 16:00:00+00:00,0.85406,0.8543,0.85401,0.8543
2026-08-10 16:15:00+00:00,0.85428,0.85437,0.85415,0.8543
2026-08-10 16:30:00+00:00,0.85427,0.85449,0.85396,0.85435
2026-08-10 16:45:00+00:00,0.85439,0.85449,0.85415,0.85445
2026-08-10 17:00:00+00:00,0.85446,0.85453,0.85433,0.85446
2026-08-10 17:15:00+00:00,0.85443,0.85451,0.85436,0.85449
2026-08-10 17:30:00+00:00,0.85446,0.85466,0.85445,0.85465
2026-08-10 17:45:00+00:00,0.85463,0.85472,0.85451,0.85454
2026-08-10 18:00:00+00:00,0.85456,0.85471,0.85456,0.85467
2026-08-10 18:15:00+00:00,0.85465,0.85465,0.8544,0.8545
2026-08-10 18:30:00+00:00,0.85448,0.85463,0.85438,0.85445
2026-08-10 18:45:00+00:00,0.85444,0.85447,0.85431,0.85442
2026-08-10 19:00:00+00:00,0.85438,0.85451,0.85433,0.85448
2026-08-10 19:15:00+00:00,0.85446,0.85451,0.85431,0.85449
2026-08-10 19:30:00+00:00,0.85447,0.85461,0.85439,0.85453
2026-08-10 19:45:00+00:00,0.85451,0.85457,0.85436,0.8544
2026-08-10 20:00:00+00:00,0.85444,0.85449,0.85432,0.85443
2026-08-10 20:15:00+00:00,0.85443,0.85458,0.8544,0.85454
2026-08-10 20:30:00+00:00,0.85452,0.85459,0.85448,0.85456
2026-08-10 20:45:00+00:00,0.85454,0.85462,0.85441,0.85453
2026-08-10 21:00:00+00:00,0.85457,0.85482,0.85451,0.85456
2026-08-10 21:15:00+00:00,0.85459,0.85472,0.85437,0.85448
2026-08-10 21:30:00+00:00,0.85442,0.85478,0.85442,0.85463
2026-08-10 21:45:00+00:00,0.85461,0.85475,0.85454,0.8547
2026-08-10 22:00:00+00:00,0.85461,0.8547,0.85451,0.85452
2026-08-10 22:15:00+00:00,0.85455,0.85463,0.85452,0.85461
2026-08-10 22:30:00+00:00,0.85459,0.85464,0.85454,0.85461
2026-08-10 22:45:00+00:00,0.8546,0.85461,0.85448,0.85453
2026-08-10 23:00:00+00:00,0.85453,0.85459,0.85449,0.8545
2026-08-10 23:15:00+00:00,0.85451,0.8546,0.85449,0.85455
2026-08-10 23:30:00+00:00,0.85454,0.85461,0.8545,0.85459
2026-08-10 23:45:00+00:00,0.85456,0.85468,0.85451,0.85461
2026-08-11 00:00:00+00:00,0.85458,0.85463,0.85446,0.85459
2026-08-11 00:15:00+00:00,0.85458,0.85466,0.85453,0.85462
2026-08-11 00:30:00+00:00,0.8546,0.85464,0.85453,0.8546
2026-08-11 00:45:00+00:00,0.85458,0.85465,0.85451,0.85458
2026-08-11 01:00:00+00:00,0.85457,0.85474,0.85446,0.85463
2026-08-11 01:15:00+00:00,0.85463,0.85471,0.85455,0.85462
2026-08-11 01:30:00+00:00,0.85461,0.85467,0.85453,0.85463
2026-08-11 01:45:00+00:00,0.8546,0.85466,0.85453,0.85464
2026-08-11 02:00:00+00:00,0.85462,0.85463,0.85443,0.8545
2026-08-11 02:15:00+00:00,0.85452,0.85458,0.8544,0.85444
2026-08-11 02:30:00+00:00,0.85451,0.85452,0.85442,0.8545
2026-08-11 02:45:00+00:00,0.85447,0.85458,0.8544,0.85457
2026-08-11 03:00:00+00:00,0.85454,0.85458,0.8544,0.85442
2026-08-11 03:15:00+00:00,0.85443,0.85449,0.85429,0.85431
2026-08-11 03:30:00+00:00,0.85436,0.85442,0.85431,0.8544
2026-08-11 03:45:00+00:00,0.85439,0.85445,0.85434,0.8544
2026-08-11 04:00:00+00:00,0.85437,0.85444,0.85434,0.8544
2026-08-11 04:15:00+00:00,0.8544,0.85443,0.85434,0.85441
2026-08-11 04:30:00+00:00,0.8544,0.85443,0.85421,0.85434
2026-08-11 04:45:00+00:00,0.85432,0.85443,0.85422,0.85429
2026-08-11 05:00:00+00:00,0.85427,0.85436,0.85424,0.85434
2026-08-11 05:15:00+00:00,0.85434,0.85442,0.85428,0.85436
2026-08-11 05:30:00+00:00,0.85438,0.85441,0.85409,0.85414
2026-08-11 05:45:00+00:00,0.85411,0.85421,0.85402,0.8541
2026-08-11 06:00:00+00:00,0.85411,0.85414,0.85393,0.85396
2026-08-11 06:15:00+00:00,0.85399,0.85426,0.85393,0.8542
2026-08-11 06:30:00+00:00,0.85418,0.85429,0.85403,0.85416
2026-08-11 06:45:00+00:00,0.85414,0.85429,0.85407,0.85424
2026-08-11 07:00:00+00:00,0.85422,0.85442,0.85416,0.85435
2026-08-11 07:15:00+00:00,0.85437,0.85462,0.85423,0.85459
2026-08-11 07:30:00+00:00,0.85456,0.85469,0.85436,0.85464
2026-08-11 07:45:00+00:00,0.85462,0.85462,0.85437,0.85448
2026-08-11 08:00:00+00:00,0.85446,0.85449,0.8543,0.85436
2026-08-11 08:15:00+00:00,0.85435,0.85439,0.85418,0.8543
2026-08-11 08:30:00+00:00,0.85428,0.85433,0.85408,0.85422
2026-08-11 08:45:00+00:00,0.85418,0.85439,0.85413,0.85428
2026-08-11 09:00:00+00:00,0.85428,0.85441,0.85421,0.85439
2026-08-11 09:15:00+00:00,0.85434,0.85449,0.85426,0.85438
2026-08-11 09:30:00+00:00,0.85435,0.85439,0.8542,0.85426
2026-08-11 09:45:00+00:00,0.85426,0.85433,0.85418,0.85432
2026-08-11 10:00:00+00:00,0.85429,0.85447,0.85424,0.85446
2026-08-11 10:15:00+00:00,0.85443,0.85456,0.85438,0.85451
2026-08-11 10:30:00+00:00,0.85449,0.85455,0.85435,0.8545
2026-08-11 10:45:00+00:00,0.8545,0.85468,0.85441,0.85467
2026-08-11 11:00:00+00:00,0.85464,0.855,0.85444,0.85486
2026-08-11 11:15:00+00:00,0.85492,0.85504,0.85467,0.85469
2026-08-11 11:30:00+00:00,0.85472,0.85483,0.85463,0.85472
2026-08-11 11:45:00+00:00,0.85473,0.855,0.85465,0.85499
2026-08-11 12:00:00+00:00,0.85494,0.85505,0.85476,0.85489
2026-08-11 12:15:00+00:00,0.85486,0.85494,0.85458,0.85482
2026-08-11 12:30:00+00:00,0.85481,0.855,0.85471,0.8549
2026-08-11 12:45:00+00:00,0.85494,0.85509,0.85486,0.85506
2026-08-11 13:00:00+00:00,0.85504,0.85507,0.85483,0.85498
2026-08-11 13:15:00+00:00,0.85494,0.85515,0.85487,0.85497
2026-08-11 13:30:00+00:00,0.85496,0.85503,0.8548,0.85487
2026-08-11 13:45:00+00:00,0.8549,0.8551,0.85483,0.8549
2026-08-11 14:00:00+00:00,0.85495,0.85504,0.85473,0.85487
2026-08-11 14:15:00+00:00,0.85481,0.85487,0.85445,0.85449
2026-08-11 14:30:00+00:00,0.85454,0.85463,0.85441,0.85444
2026-08-11 14:45:00+00:00,0.85449,0.85453,0.85433,0.8545
2026-08-11 15:00:00+00:00,0.85449,0.85458,0.85435,0.85452
2026-08-11 15:15:00+00:00,0.85449,0.85451,0.85418,0.85427
2026-08-11 15:30:00+00:00,0.85424,0.8544,0.85402,0.85438
2026-08-11 15:45:00+00:00,0.85437,0.85455,0.85422,0.85424
2026-08-11 16:00:00+00:00,0.85426,0.85444,0.85406,0.85443
2026-08-11 16:15:00+00:00,0.85441,0.85452,0.85432,0.85449
2026-08-11 16:30:00+00:00,0.85448,0.85471,0.85444,0.8546
2026-08-11 16:45:00+00:00,0.85465,0.85466,0.85435,0.85436
2026-08-11 17:00:00+00:00,0.8544,0.85463,0.85435,0.85463
2026-08-11 17:15:00+00:00,0.85461,0.85467,0.85448,0.85461
2026-08-11 17:30:00+00:00,0.85456,0.85465,0.85449,0.85451
2026-08-11 17:45:00+00:00,0.85452,0.85464,0.85442,0.85449
2026-08-11 18:00:00+00:00,0.85452,0.85466,0.85445,0.85463
2026-08-11 18:15:00+00:00,0.85462,0.85477,0.85454,0.85473
2026-08-11 18:30:00+00:00,0.85471,0.85484,0.85466,0.85479
2026-08-11 18:45:00+00:00,0.85477,0.8548,0.8546,0.85462
2026-08-11 19:00:00+00:00,0.85466,0.85475,0.85456,0.85467
2026-08-11 19:15:00+00:00,0.85468,0.8547,0.85455,0.85463
2026-08-11 19:30:00+00:00,0.85461,0.85468,0.85452,0.85461
2026-08-11 19:45:00+00:00,0.8546,0.85465,0.85447,0.85449
2026-08-11 20:00:00+00:00,0.85451,0.85459,0.85444,0.85455
2026-08-11 20:15:00+00:00,0.85455,0.8546,0.85447,0.8546
2026-08-11 20:30:00+00:00,0.85457,0.85469,0.85451,0.85453
2026-08-11 20:45:00+00:00,0.85455,0.85461,0.85439,0.8545
2026-08-11 21:00:00+00:00,0.85452,0.85474,0.85447,0.85467
2026-08-11 21:15:00+00:00,0.85461,0.85472,0.85444,0.85449
2026-08-11 21:30:00+00:00,0.85447,0.85458,0.8544,0.85451
2026-08-11 21:45:00+00:00,0.85453,0.85455,0.85437,0.85443
2026-08-11 22:00:00+00:00,0.85444,0.85463,0.85436,0.8544
2026-08-11 22:15:00+00:00,0.85442,0.85444,0.85435,0.85444
2026-08-11 22:30:00+00:00,0.85443,0.85445,0.8543,0.85438
2026-08-11 22:45:00+00:00,0.85436,0.85446,0.85436,0.85445
2026-08-11 23:00:00+00:00,0.85444,0.85449,0.85432,0.85433
2026-08-11 23:15:00+00:00,0.85437,0.85453,0.85433,0.85444
2026-08-11 23:30:00+00:00,0.85441,0.8545,0.85434,0.85449
2026-08-11 23:45:00+00:00,0.85446,0.85456,0.85443,0.85452
2026-08-12 00:00:00+00:00,0.85451,0.85453,0.85437,0.85442
2026-08-12 00:15:00+00:00,0.85445,0.85451,0.85438,0.85442
2026-08-12 00:30:00+00:00,0.85444,0.85448,0.85433,0.85445
2026-08-12 00:45:00+00:00,0.85443,0.85446,0.85431,0.85433
2026-08-12 01:00:00+00:00,0.85435,0.85445,0.8543,0.8544
2026-08-12 01:15:00+00:00,0.85438,0.85448,0.85428,0.85433
2026-08-12 01:30:00+00:00,0.85435,0.85443,0.85431,0.85441
2026-08-12 01:45:00+00:00,0.85438,0.85442,0.85416,0.85434
2026-08-12 02:00:00+00:00,0.85433,0.85443,0.85424,0.85431
2026-08-12 02:15:00+00:00,0.85434,0.85439,0.85425,0.85428
2026-08-12 02:30:00+00:00,0.85431,0.85437,0.85425,0.85431
2026-08-12 02:45:00+00:00,0.85428,0.85433,0.85417,0.85426
2026-08-12 03:00:00+00:00,0.85425,0.85429,0.85413,0.85415
2026-08-12 03:15:00+00:00,0.85418,0.85421,0.85407,0.85408
2026-08-12 03:30:00+00:00,0.85411,0.85418,0.85405,0.85418
2026-08-12 03:45:00+00:00,0.85415,0.8542,0.85404,0.85417
2026-08-12 04:00:00+00:00,0.85415,0.85417,0.85404,0.85414
2026-08-12 04:15:00+00:00,0.85412,0.85415,0.85399,0.85403
2026-08-12 04:30:00+00:00,0.85405,0.85412,0.85402,0.85409
2026-08-12 04:45:00+00:00,0.85408,0.85411,0.85397,0.85409
2026-08-12 05:00:00+00:00,0.85407,0.85409,0.85394,0.85404
2026-08-12 05:15:00+00:00,0.85403,0.85414,0.8539,0.85406
2026-08-12 05:30:00+00:00,0.85408,0.85417,0.85404,0.85412
2026-08-12 05:45:00+00:00,0.85411,0.85413,0.85395,0.85403
2026-08-12 06:00:00+00:00,0.85401,0.85412,0.85391,0.85406
2026-08-12 06:15:00+00:00,0.85405,0.85421,0.85402,0.85415
2026-08-12 06:30:00+00:00,0.85416,0.85427,0.85399,0.8541
2026-08-12 06:45:00+00:00,0.85408,0.85417,0.85393,0.85404
2026-08-12 07:00:00+00:00,0.85406,0.85408,0.8539,0.85406
2026-08-12 07:15:00+00:00,0.85405,0.85408,0.85392,0.85397
2026-08-12 07:30:00+00:00,0.854,0.85416,0.85392,0.85412
2026-08-12 07:45:00+00:00,0.85411,0.85415,0.85394,0.85414
2026-08-12 08:00:00+00:00,0.85412,0.85412,0.85391,0.85402
2026-08-12 08:15:00+00:00,0.85402,0.85409,0.85391,0.85406
2026-08-12 08:30:00+00:00,0.85405,0.85412,0.85394,0.8541
2026-08-12 08:45:00+00:00,0.85405,0.85411,0.8539,0.85399
2026-08-12 09:00:00+00:00,0.85396,0.85401,0.85356,0.85368
2026-08-12 09:15:00+00:00,0.85367,0.85394,0.85352,0.85391
2026-08-12 09:30:00+00:00,0.85389,0.85401,0.85375,0.85377
2026-08-12 09:45:00+00:00,0.85382,0.85382,0.8535,0.85377
2026-08-12 10:00:00+00:00,0.85376,0.85376,0.85327,0.8534
2026-08-12 10:15:00+00:00,0.85338,0.8535,0.85323,0.85332
2026-08-12 10:30:00+00:00,0.85337,0.8534,0.85318,0.85325
2026-08-12 10:45:00+00:00,0.85328,0.85345,0.85313,0.85343
2026-08-12 11:00:00+00:00,0.85341,0.85355,0.85327,0.85337
2026-08-12 11:15:00+00:00,0.85335,0.85356,0.8533,0.85353
2026-08-12 11:30:00+00:00,0.85352,0.85358,0.85338,0.8535
2026-08-12 11:45:00+00:00,0.85346,0.85362,0.8533,0.85334
2026-08-12 12:00:00+00:00,0.8534,0.8537,0.85327,0.85362
2026-08-12 12:15:00+00:00,0.85361,0.85378,0.85338,0.85365
2026-08-12 12:30:00+00:00,0.85368,0.85432,0.85321,0.85382
2026-08-12 12:45:00+00:00,0.85376,0.85412,0.85345,0.85385
2026-08-12 13:00:00+00:00,0.85386,0.85417,0.85372,0.85413
2026-08-12 13:15:00+00:00,0.85403,0.85418,0.85377,0.85398
2026-08-12 13:30:00+00:00,0.85403,0.8542,0.85383,0.85415
2026-08-12 13:45:00+00:00,0.85409,0.85428,0.85395,0.85412
2026-08-12 14:00:00+00:00,0.85412,0.85425,0.85388,0.85424
2026-08-12 14:15:00+00:00,0.85423,0.85445,0.85413,0.85444
2026-08-12 14:30:00+00:00,0.85442,0.85461,0.85416,0.85441
2026-08-12 14:45:00+00:00,0.85439,0.85455,0.85412,0.8544
2026-08-12 15:00:00+00:00,0.85441,0.85465,0.85438,0.85452
2026-08-12 15:15:00+00:00,0.85447,0.85456,0.85428,0.85442
2026-08-12 15:30:00+00:00,0.85441,0.85447,0.85425,0.85432
2026-08-12 15:45:00+00:00,0.85435,0.85435,0.85404,0.85414
2026-08-12 16:00:00+00:00,0.85414,0.85425,0.85394,0.85397
2026-08-12 16:15:00+00:00,0.85398,0.8541,0.8538,0.85409
2026-08-12 16:30:00+00:00,0.85407,0.85407,0.85388,0.85405
2026-08-12 16:45:00+00:00,0.85402,0.85422,0.85384,0.8541
2026-08-12 17:00:00+00:00,0.85414,0.85418,0.85391,0.85409
2026-08-12 17:15:00+00:00,0.85408,0.85423,0.85404,0.85422
2026-08-12 17:30:00+00:00,0.85419,0.8542,0.8539,0.85396
2026-08-12 17:45:00+00:00,0.85406,0.85412,0.85389,0.8539
2026-08-12 18:00:00+00:00,0.85393,0.85405,0.85382,0.85399
2026-08-12 18:15:00+00:00,0.85397,0.85407,0.8539,0.85402
2026-08-12 18:30:00+00:00,0.854,0.85416,0.85388,0.85414
2026-08-12 18:45:00+00:00,0.85413,0.85422,0.854,0.85405
2026-08-12 19:00:00+00:00,0.85408,0.85423,0.85403,0.85416
2026-08-12 19:15:00+00:00,0.85413,0.85417,0.85399,0.85409
2026-08-12 19:30:00+00:00,0.85408,0.85414,0.85394,0.85412
2026-08-12 19:45:00+00:00,0.8541,0.85415,0.85397,0.85398
2026-08-12 20:00:00+00:00,0.854,0.85414,0.85393,0.85413
2026-08-12 20:15:00+00:00,0.85412,0.85417,0.85403,0.85408
2026-08-12 20:30:00+00:00,0.85406,0.85414,0.85401,0.85408
2026-08-12 20:45:00+00:00,0.85408,0.85413,0.85394,0.854
2026-08-12 21:00:00+00:00,0.85401,0.85436,0.8537,0.85388
2026-08-12 21:15:00+00:00,0.85388,0.85429,0.85368,0.85382
2026-08-12 21:30:00+00:00,0.85386,0.8542,0.85376,0.85399
2026-08-12 21:45:00+00:00,0.85389,0.85412,0.85375,0.85406
2026-08-12 22:00:00+00:00,0.85394,0.85421,0.85388,0.85414
2026-08-12 22:15:00+00:00,0.85415,0.85426,0.85405,0.85412
2026-08-12 22:30:00+00:00,0.85411,0.85416,0.85407,0.85412
2026-08-12 22:45:00+00:00,0.8541,0.85416,0.85405,0.8541
2026-08-12 23:00:00+00:00,0.85409,0.85414,0.85402,0.85407
2026-08-12 23:15:00+00:00,0.85408,0.85415,0.85399,0.85407
2026-08-12 23:30:00+00:00,0.85406,0.8541,0.85399,0.85408
2026-08-12 23:45:00+00:00,0.85406,0.85415,0.85401,0.8541
2026-08-13 00:00:00+00:00,0.85409,0.85415,0.85401,0.85408
2026-08-13 00:15:00+00:00,0.85411,0.85414,0.85402,0.85414
2026-08-13 00:30:00+00:00,0.85413,0.8542,0.85407,0.85419
2026-08-13 00:45:00+00:00,0.85417,0.85423,0.85407,0.85416
2026-08-13 01:00:00+00:00,0.85415,0.85423,0.85408,0.85414
2026-08-13 01:15:00+00:00,0.85417,0.85422,0.8541,0.85421
2026-08-13 01:30:00+00:00,0.8542,0.85425,0.85413,0.85424
2026-08-13 01:45:00+00:00,0.85422,0.85425,0.85414,0.8542
2026-08-13 02:00:00+00:00,0.85418,0.85426,0.85415,0.85421
2026-08-13 02:15:00+00:00,0.85422,0.85427,0.85415,0.85418
2026-08-13 02:30:00+00:00,0.8542,0.85427,0.85409,0.85421
2026-08-13 02:45:00+00:00,0.8542,0.85427,0.85417,0.85422
2026-08-13 03:00:00+00:00,0.85421,0.85431,0.85404,0.8542
2026-08-13 03:15:00+00:00,0.85422,0.85425,0.8541,0.85416
2026-08-13 03:30:00+00:00,0.85417,0.85423,0.85411,0.85415
2026-08-13 03:45:00+00:00,0.85414,0.85415,0.85404,0.85414
2026-08-13 04:00:00+00:00,0.85411,0.85419,0.85407,0.85418
2026-08-13 04:15:00+00:00,0.85417,0.85424,0.85412,0.8542
2026-08-13 04:30:00+00:00,0.8542,0.85421,0.85407,0.85417
2026-08-13 04:45:00+00:00,0.85415,0.8542,0.85399,0.85411
2026-08-13 05:00:00+00:00,0.85406,0.85411,0.85396,0.85402
2026-08-13 05:15:00+00:00,0.85403,0.85412,0.85398,0.85401
2026-08-13 05:30:00+00:00,0.85404,0.85413,0.85397,0.8541
2026-08-13 05:45:00+00:00,0.85408,0.85416,0.85397,0.85399
2026-08-13 06:00:00+00:00,0.854,0.85405,0.85386,0.85403
2026-08-13 06:15:00+00:00,0.85402,0.8541,0.85385,0.85401
2026-08-13 06:30:00+00:00,0.85404,0.85443,0.85384,0.85442
2026-08-13 06:45:00+00:00,0.85441,0.85441,0.85422,0.85436
2026-08-13 07:00:00+00:00,0.85431,0.8547,0.85425,0.85469
2026-08-13 07:15:00+00:00,0.85466,0.8547,0.85439,0.85442
2026-08-13 07:30:00+00:00,0.85446,0.85471,0.85436,0.85463
2026-08-13 07:45:00+00:00,0.85459,0.85489,0.8545,0.85488
2026-08-13 08:00:00+00:00,0.85487,0.85502,0.85475,0.855
2026-08-13 08:15:00+00:00,0.85496,0.85509,0.85488,0.855
2026-08-13 08:30:00+00:00,0.85501,0.85509,0.85483,0.85498
2026-08-13 08:45:00+00:00,0.85494,0.85515,0.85489,0.85501
2026-08-13 09:00:00+00:00,0.85499,0.85522,0.85497,0.85514
2026-08-13 09:15:00+00:00,0.85511,0.85518,0.85498,0.85499
2026-08-13 09:30:00+00:00,0.85501,0.85503,0.85483,0.85491
2026-08-13 09:45:00+00:00,0.85497,0.85503,0.85484,0.85497
2026-08-13 10:00:00+00:00,0.85495,0.85504,0.85472,0.85484
2026-08-13 10:15:00+00:00,0.8548,0.8548,0.85457,0.85472
2026-08-13 10:30:00+00:00,0.85471,0.85483,0.85458,0.8547
2026-08-13 10:45:00+00:00,0.85472,0.8552,0.85469,0.8552
2026-08-13 11:00:00+00:00,0.85518,0.85531,0.85505,0.85508
2026-08-13 11:15:00+00:00,0.85511,0.85514,0.85493,0.85503
2026-08-13 11:30:00+00:00,0.85502,0.85503,0.85474,0.85478
2026-08-13 11:45:00+00:00,0.85483,0.85495,0.85468,0.85481
2026-08-13 12:00:00+00:00,0.85483,0.85495,0.85478,0.8549
2026-08-13 12:15:00+00:00,0.85488,0.85493,0.85464,0.85492
2026-08-13 12:30:00+00:00,0.85491,0.85504,0.85435,0.85439
2026-08-13 12:45:00+00:00,0.85442,0.85479,0.85436,0.85465
2026-08-13 13:00:00+00:00,0.85454,0.85469,0.85437,0.85456
2026-08-13 13:15:00+00:00,0.85454,0.85454,0.85419,0.85437
2026-08-13 13:30:00+00:00,0.85436,0.85452,0.85421,0.85443
2026-08-13 13:45:00+00:00,0.85442,0.85457,0.85424,0.85448
2026-08-13 14:00:00+00:00,0.85444,0.85461,0.85411,0.85457
2026-08-13 14:15:00+00:00,0.85453,0.85459,0.85424,0.85443
2026-08-13 14:30:00+00:00,0.85441,0.85474,0.85425,0.85468
2026-08-13 14:45:00+00:00,0.85465,0.85483,0.85437,0.85464
2026-08-13 15:00:00+00:00,0.85461,0.85474,0.85441,0.85447
2026-08-13 15:15:00+00:00,0.85457,0.85467,0.85438,0.85444
2026-08-13 15:30:00+00:00,0.85453,0.8547,0.85443,0.85457
2026-08-13 15:45:00+00:00,0.85457,0.85466,0.85433,0.85436
2026-08-13 16:00:00+00:00,0.85441,0.85478,0.85437,0.85475
2026-08-13 16:15:00+00:00,0.85471,0.85488,0.85452,0.85474
2026-08-13 16:30:00+00:00,0.85472,0.85503,0.85468,0.85502
2026-08-13 16:45:00+00:00,0.85499,0.85505,0.85482,0.85491
2026-08-13 17:00:00+00:00,0.85492,0.8551,0.85474,0.855
2026-08-13 17:15:00+00:00,0.85504,0.85512,0.85488,0.85497
2026-08-13 17:30:00+00:00,0.85495,0.8551,0.85491,0.855
2026-08-13 17:45:00+00:00,0.85502,0.85511,0.85493,0.85504
2026-08-13 18:00:00+00:00,0.85505,0.85513,0.85497,0.8551
2026-08-13 18:15:00+00:00,0.85508,0.85512,0.85493,0.85501
2026-08-13 18:30:00+00:00,0.855,0.85502,0.85488,0.85499
2026-08-13 18:45:00+00:00,0.85497,0.85508,0.85489,0.85494
2026-08-13 19:00:00+00:00,0.85497,0.85508,0.85488,0.85505
2026-08-13 19:15:00+00:00,0.85502,0.85509,0.85489,0.85499
2026-08-13 19:30:00+00:00,0.85498,0.855,0.85482,0.85497
2026-08-13 19:45:00+00:00,0.85495,0.85498,0.85473,0.85476
2026-08-13 20:00:00+00:00,0.85478,0.85489,0.85472,0.85481
2026-08-13 20:15:00+00:00,0.85478,0.85486,0.85472,0.85475
2026-08-13 20:30:00+00:00,0.85475,0.85489,0.85474,0.85487
2026-08-13 20:45:00+00:00,0.85485,0.85491,0.85478,0.85483
2026-08-13 21:00:00+00:00,0.85487,0.855,0.85474,0.85494
2026-08-13 21:15:00+00:00,0.85485,0.85498,0.85477,0.85482
2026-08-13 21:30:00+00:00,0.85478,0.85497,0.85465,0.85473
2026-08-13 21:45:00+00:00,0.85473,0.85493,0.85468,0.8549
2026-08-13 22:00:00+00:00,0.85489,0.85502,0.85479,0.85498
2026-08-13 22:15:00+00:00,0.85497,0.85498,0.85489,0.85496
2026-08-13 22:30:00+00:00,0.85494,0.855,0.85489,0.85495
2026-08-13 22:45:00+00:00,0.85494,0.85501,0.8549,0.85492
2026-08-13 23:00:00+00:00,0.85494,0.85506,0.85486,0.85494
2026-08-13 23:15:00+00:00,0.85496,0.85506,0.85491,0.85504
2026-08-13 23:30:00+00:00,0.85503,0.85505,0.85497,0.85504
2026-08-13 23:45:00+00:00,0.85502,0.85503,0.8549,0.85501
2026-08-14 00:00:00+00:00,0.855,0.85505,0.85486,0.85498
2026-08-14 00:15:00+00:00,0.85495,0.85502,0.85484,0.85491
2026-08-14 00:30:00+00:00,0.85491,0.85496,0.85481,0.8549
2026-08-14 00:45:00+00:00,0.85488,0.85494,0.8548,0.85481
2026-08-14 01:00:00+00:00,0.85482,0.85491,0.8547,0.85477
2026-08-14 01:15:00+00:00,0.85484,0.85496,0.85477,0.85491
2026-08-14 01:30:00+00:00,0.85491,0.85503,0.85488,0.85498
2026-08-14 01:45:00+00:00,0.85496,0.85509,0.85488,0.85497
2026-08-14 02:00:00+00:00,0.85502,0.85515,0.85499,0.85503
2026-08-14 02:15:00+00:00,0.85506,0.85512,0.85495,0.85503
2026-08-14 02:30:00+00:00,0.85503,0.85509,0.85494,0.85503
2026-08-14 02:45:00+00:00,0.85501,0.85509,0.85492,0.85506
2026-08-14 03:00:00+00:00,0.85504,0.85507,0.8549,0.85499
2026-08-14 03:15:00+00:00,0.85498,0.85507,0.85481,0.85488
2026-08-14 03:30:00+00:00,0.85489,0.85495,0.85482,0.85487
2026-08-14 03:45:00+00:00,0.85489,0.85499,0.85484,0.85498
2026-08-14 04:00:00+00:00,0.85496,0.85501,0.85488,0.855
2026-08-14 04:15:00+00:00,0.85499,0.85501,0.85481,0.85486
2026-08-14 04:30:00+00:00,0.8549,0.85496,0.85473,0.85495
2026-08-14 04:45:00+00:00,0.85493,0.85504,0.85485,0.85494
2026-08-14 05:00:00+00:00,0.85492,0.85495,0.85481,0.85493
2026-08-14 05:15:00+00:00,0.85493,0.85499,0.85485,0.85489
2026-08-14 05:30:00+00:00,0.85491,0.855,0.85484,0.85498
2026-08-14 05:45:00+00:00,0.85495,0.85502,0.85485,0.85496
2026-08-14 06:00:00+00:00,0.85494,0.85504,0.85474,0.8548
2026-08-14 06:15:00+00:00,0.85483,0.85489,0.8547,0.85486
2026-08-14 06:30:00+00:00,0.85483,0.8549,0.85471,0.8549
2026-08-14 06:45:00+00:00,0.85489,0.85494,0.85467,0.85493
2026-08-14 07:00:00+00:00,0.85491,0.85492,0.85464,0.85487
2026-08-14 07:15:00+00:00,0.85485,0.85505,0.85474,0.85504
2026-08-14 07:30:00+00:00,0.85502,0.85505,0.85478,0.85489
2026-08-14 07:45:00+00:00,0.85487,0.85497,0.8547,0.85493
2026-08-14 08:00:00+00:00,0.8549,0.85493,0.85453,0.85478
2026-08-14 08:15:00+00:00,0.85477,0.85481,0.85438,0.8544
2026-08-14 08:30:00+00:00,0.85444,0.85456,0.85425,0.85446
2026-08-14 08:45:00+00:00,0.85446,0.85461,0.85436,0.85452
2026-08-14 09:00:00+00:00,0.85454,0.85464,0.85436,0.85452
2026-08-14 09:15:00+00:00,0.85457,0.85457,0.8544,0.85448
2026-08-14 09:30:00+00:00,0.85448,0.85448,0.85427,0.85433
2026-08-14 09:45:00+00:00,0.85434,0.85439,0.85421,0.85436
2026-08-14 10:00:00+00:00,0.85434,0.85434,0.85409,0.85421
2026-08-14 10:15:00+00:00,0.8542,0.85426,0.8541,0.85415
2026-08-14 10:30:00+00:00,0.85415,0.85416,0.854,0.85413
2026-08-14 10:45:00+00:00,0.85412,0.85423,0.85406,0.85422
2026-08-14 11:00:00+00:00,0.85418,0.85433,0.85417,0.8543
2026-08-14 11:15:00+00:00,0.85429,0.85439,0.85417,0.85431
2026-08-14 11:30:00+00:00,0.85429,0.85455,0.85417,0.85448
2026-08-14 11:45:00+00:00,0.85447,0.85462,0.85427,0.8545
2026-08-14 12:00:00+00:00,0.85449,0.85465,0.85432,0.85437
2026-08-14 12:15:00+00:00,0.85441,0.85458,0.85415,0.85426
2026-08-14 12:30:00+00:00,0.85428,0.85487,0.85408,0.85447
2026-08-14 12:45:00+00:00,0.85444,0.85456,0.85428,0.85431
2026-08-14 13:00:00+00:00,0.85435,0.85444,0.85407,0.85421
2026-08-14 13:15:00+00:00,0.85418,0.85434,0.85406,0.85419
2026-08-14 13:30:00+00:00,0.85417,0.85449,0.85403,0.85444
2026-08-14 13:45:00+00:00,0.85439,0.85458,0.85399,0.85437
2026-08-14 14:00:00+00:00,0.8543,0.85462,0.85421,0.85448
2026-08-14 14:15:00+00:00,0.8544,0.85456,0.85414,0.85434
2026-08-14 14:30:00+00:00,0.85431,0.85466,0.85418,0.85461
2026-08-14 14:45:00+00:00,0.85454,0.85484,0.85448,0.85476
2026-08-14 15:00:00+00:00,0.85472,0.85491,0.85462,0.85471
2026-08-14 15:15:00+00:00,0.85476,0.85502,0.85466,0.85471
2026-08-14 15:30:00+00:00,0.85475,0.85495,0.85455,0.85472
2026-08-14 15:45:00+00:00,0.85471,0.85472,0.85426,0.85431
2026-08-14 16:00:00+00:00,0.85436,0.85443,0.8542,0.85437
2026-08-14 16:15:00+00:00,0.85433,0.85448,0.8543,0.85436
2026-08-14 16:30:00+00:00,0.85438,0.8545,0.85417,0.85437
2026-08-14 16:45:00+00:00,0.85437,0.85468,0.85433,0.85462
2026-08-14 17:00:00+00:00,0.85463,0.85482,0.85459,0.85481
2026-08-14 17:15:00+00:00,0.85479,0.8549,0.85467,0.85487
2026-08-14 17:30:00+00:00,0.85484,0.85485,0.85461,0.85475
2026-08-14 17:45:00+00:00,0.85472,0.85477,0.85455,0.85456
2026-08-14 18:00:00+00:00,0.85458,0.8547,0.85453,0.8547
2026-08-14 18:15:00+00:00,0.85468,0.8547,0.85443,0.85457
2026-08-14 18:30:00+00:00,0.85452,0.85462,0.85447,0.85455
2026-08-14 18:45:00+00:00,0.85454,0.85464,0.85448,0.85462
2026-08-14 19:00:00+00:00,0.85459,0.85468,0.85447,0.85466
2026-08-14 19:15:00+00:00,0.85464,0.85467,0.85454,0.85457
2026-08-14 19:30:00+00:00,0.85457,0.85469,0.85449,0.85458
2026-08-14 19:45:00+00:00,0.8546,0.85475,0.85453,0.85474
2026-08-14 20:00:00+00:00,0.85473,0.85481,0.85465,0.85471
2026-08-14 20:15:00+00:00,0.85471,0.85472,0.85458,0.85462
2026-08-14 20:30:00+00:00,0.85462,0.85483,0.85462,0.85471
2026-08-14 20:45:00+00:00,0.85475,0.85495,0.85469,0.85491
2026-08-14 21:00:00+00:00,0.85492,0.85531,0.85464,0.85502
2026-08-14 21:15:00+00:00,0.85503,0.85523,0.85498,0.85517
2026-08-14 21:30:00+00:00,0.85512,0.85529,0.85486,0.85511
2026-08-14 21:45:00+00:00,0.8551,0.85522,0.85483,0.85521
2026-08-14 22:00:00+00:00,0.85518,0.85534,0.85487,0.85515
2026-08-14 22:15:00+00:00,0.85513,0.85519,0.85485,0.85517
2026-08-14 22:30:00+00:00,0.85512,0.85522,0.85485,0.85521
2026-08-14 22:45:00+00:00,0.85519,0.85521,0.85484,0.85514
2026-08-14 23:00:00+00:00,0.85509,0.85533,0.85485,0.85515
2026-08-14 23:15:00+00:00,0.85513,0.8552,0.85487,0.85506
2026-08-14 23:30:00+00:00,0.85513,0.8552,0.85488,0.85519
2026-08-14 23:45:00+00:00,0.85517,0.85528,0.85489,0.85505
2026-08-15 00:00:00+00:00,0.85514,0.85528,0.85489,0.85496
2026-08-15 00:15:00+00:00,0.85497,0.85503,0.85493,0.855
2026-08-15 00:30:00+00:00,0.85496,0.85501,0.85494,0.85499
2026-08-15 00:45:00+00:00,0.85496,0.85502,0.8549,0.85499
2026-08-15 01:00:00+00:00,0.85496,0.85499,0.85493,0.85494
2026-08-15 01:15:00+00:00,0.85495,0.85501,0.85471,0.85495
2026-08-15 01:30:00+00:00,0.85495,0.85512,0.85469,0.85498
2026-08-15 01:45:00+00:00,0.85495,0.85499,0.85493,0.85496
2026-08-15 02:00:00+00:00,0.85494,0.855,0.85485,0.85494
2026-08-15 02:15:00+00:00,0.85495,0.85498,0.85493,0.85494
2026-08-15 02:30:00+00:00,0.85494,0.85502,0.85479,0.85497
2026-08-15 02:45:00+00:00,0.85494,0.855,0.85485,0.85497
2026-08-15 03:00:00+00:00,0.85494,0.85498,0.85493,0.85494
2026-08-15 03:15:00+00:00,0.85495,0.8551,0.85461,0.85494
2026-08-15 03:30:00+00:00,0.85494,0.85498,0.85493,0.85497
2026-08-15 03:45:00+00:00,0.85495,0.85499,0.85469,0.85497
2026-08-15 04:00:00+00:00,0.85494,0.85499,0.8548,0.85497
2026-08-15 04:15:00+00:00,0.85494,0.855,0.85493,0.85493
2026-08-15 04:30:00+00:00,0.85495,0.85502,0.85468,0.85497
2026-08-15 04:45:00+00:00,0.85495,0.85501,0.85494,0.85498
2026-08-15 05:00:00+00:00,0.85496,0.85507,0.85465,0.85495
2026-08-15 05:15:00+00:00,0.85495,0.855,0.8549,0.85494
2026-08-15 05:30:00+00:00,0.85495,0.85501,0.85494,0.85497
2026-08-15 05:45:00+00:00,0.85495,0.85501,0.85485,0.85498
2026-08-15 06:00:00+00:00,0.85496,0.85501,0.85494,0.85498
2026-08-15 06:15:00+00:00,0.85497,0.85502,0.85492,0.85496
2026-08-15 06:30:00+00:00,0.85497,0.85507,0.8548,0.85501
2026-08-15 06:45:00+00:00,0.85496,0.85501,0.85493,0.85498
2026-08-15 07:00:00+00:00,0.85495,0.85503,0.85467,0.85498
2026-08-15 07:15:00+00:00,0.85497,0.85501,0.85494,0.85495
2026-08-15 07:30:00+00:00,0.85496,0.85501,0.85486,0.85495
2026-08-15 07:45:00+00:00,0.85495,0.85503,0.85486,0.85499
2026-08-15 08:00:00+00:00,0.85496,0.85501,0.85494,0.85498
2026-08-15 08:15:00+00:00,0.85496,0.85506,0.85471,0.85494
2026-08-15 08:30:00+00:00,0.85495,0.85501,0.85494,0.85495
2026-08-15 08:45:00+00:00,0.85495,0.85502,0.8548,0.85499
2026-08-15 09:00:00+00:00,0.85496,0.855,0.85466,0.85499
2026-08-15 09:15:00+00:00,0.85496,0.85501,0.85493,0.85495
2026-08-15 09:30:00+00:00,0.85496,0.85503,0.85477,0.85497
2026-08-15 09:45:00+00:00,0.85497,0.85502,0.85495,0.855
2026-08-15 10:00:00+00:00,0.85498,0.85508,0.85494,0.85502
2026-08-15 10:15:00+00:00,0.85499,0.85502,0.85486,0.85499
2026-08-15 10:30:00+00:00,0.85497,0.85503,0.85495,0.85497
2026-08-15 10:45:00+00:00,0.85498,0.85506,0.85468,0.85501
2026-08-15 11:00:00+00:00,0.85498,0.85503,0.85492,0.855
2026-08-15 11:15:00+00:00,0.85498,0.85504,0.85487,0.85501
2026-08-15 11:30:00+00:00,0.855,0.85513,0.85473,0.85493
2026-08-15 11:45:00+00:00,0.85497,0.85503,0.85494,0.855
2026-08-15 12:00:00+00:00,0.85498,0.85502,0.85466,0.85499
2026-08-15 12:15:00+00:00,0.85497,0.85502,0.85496,0.85499
2026-08-15 12:30:00+00:00,0.85498,0.855,0.85464,0.85496
2026-08-15 12:45:00+00:00,0.85497,0.85501,0.85466,0.85493
2026-08-15 13:00:00+00:00,0.85494,0.85499,0.85493,0.85498
2026-08-15 13:15:00+00:00,0.85496,0.85508,0.85473,0.85498
2026-08-15 13:30:00+00:00,0.855,0.85504,0.85499,0.85499
2026-08-15 13:45:00+00:00,0.855,0.85504,0.85475,0.85496
2026-08-15 14:00:00+00:00,0.85496,0.855,0.85476,0.85493
2026-08-15 14:15:00+00:00,0.85493,0.85497,0.85492,0.85495
2026-08-15 14:30:00+00:00,0.85493,0.85496,0.85473,0.85488
2026-08-15 14:45:00+00:00,0.85488,0.85492,0.85487,0.85488
2026-08-15 15:00:00+00:00,0.85488,0.85499,0.85482,0.85495
2026-08-15 15:15:00+00:00,0.85493,0.85497,0.85489,0.85493
2026-08-15 15:30:00+00:00,0.85491,0.85495,0.8549,0.85491
2026-08-15 15:45:00+00:00,0.85491,0.85495,0.85485,0.85489
2026-08-15 16:00:00+00:00,0.85489,0.8552,0.85458,0.85479
2026-08-15 16:15:00+00:00,0.85477,0.85499,0.85464,0.85485
2026-08-15 16:30:00+00:00,0.85484,0.85496,0.85474,0.85493
2026-08-15 16:45:00+00:00,0.85492,0.85496,0.85486,0.8549
2026-08-15 17:00:00+00:00,0.85491,0.85505,0.85459,0.85473
2026-08-15 17:15:00+00:00,0.85472,0.85491,0.8547,0.85489
2026-08-15 17:30:00+00:00,0.85488,0.85497,0.85466,0.85495
2026-08-15 17:45:00+00:00,0.85495,0.855,0.85465,0.85497
2026-08-15 18:00:00+00:00,0.85497,0.85497,0.85464,0.85492
2026-08-15 18:15:00+00:00,0.85487,0.85505,0.85469,0.85493
2026-08-15 18:30:00+00:00,0.85491,0.85498,0.8549,0.85495
2026-08-15 18:45:00+00:00,0.85494,0.85499,0.85471,0.85494
2026-08-15 19:00:00+00:00,0.85495,0.85515,0.85445,0.8548
2026-08-15 19:15:00+00:00,0.85477,0.85489,0.85471,0.85488
2026-08-15 19:30:00+00:00,0.85485,0.85494,0.85461,0.85491
2026-08-15 19:45:00+00:00,0.8549,0.85494,0.85489,0.8549
2026-08-15 20:00:00+00:00,0.8549,0.85522,0.85453,0.85481
2026-08-15 20:15:00+00:00,0.85481,0.85485,0.85471,0.85483
2026-08-15 20:30:00+00:00,0.85481,0.85485,0.8548,0.85483
2026-08-15 20:45:00+00:00,0.85481,0.85489,0.85473,0.85488
2026-08-15 21:00:00+00:00,0.85486,0.85488,0.85457,0.85471
2026-08-15 21:15:00+00:00,0.85471,0.85477,0.85449,0.85475
2026-08-15 21:30:00+00:00,0.85473,0.85498,0.85466,0.85495
2026-08-15 21:45:00+00:00,0.85493,0.85497,0.85466,0.85494
2026-08-15 22:00:00+00:00,0.85494,0.85498,0.85452,0.85483
2026-08-15 22:15:00+00:00,0.85483,0.85487,0.85482,0.85485
2026-08-15 22:30:00+00:00,0.85483,0.85487,0.85457,0.85485
2026-08-15 22:45:00+00:00,0.85483,0.85487,0.85462,0.85483
2026-08-15 23:00:00+00:00,0.85483,0.85486,0.85457,0.85463
2026-08-15 23:15:00+00:00,0.85464,0.85489,0.85463,0.85485
2026-08-15 23:30:00+00:00,0.85483,0.85487,0.85482,0.85485
2026-08-15 23:45:00+00:00,0.85483,0.85487,0.85477,0.85484
2026-08-16 00:00:00+00:00,0.85483,0.85491,0.85481,0.85487
2026-08-16 00:15:00+00:00,0.85487,0.8549,0.85472,0.85488
2026-08-16 00:30:00+00:00,0.85486,0.8549,0.85475,0.85487
2026-08-16 00:45:00+00:00,0.85485,0.85489,0.85484,0.85486
2026-08-16 01:00:00+00:00,0.85485,0.85496,0.85483,0.85491
2026-08-16 01:15:00+00:00,0.85492,0.85526,0.85489,0.85498
2026-08-16 01:30:00+00:00,0.85498,0.85499,0.85478,0.85496
2026-08-16 01:45:00+00:00,0.85494,0.85498,0.85478,0.85493
2026-08-16 02:00:00+00:00,0.85492,0.85496,0.85491,0.85491
2026-08-16 02:15:00+00:00,0.85491,0.85495,0.85478,0.85489
2026-08-16 02:30:00+00:00,0.85489,0.85515,0.85488,0.85501
2026-08-16 02:45:00+00:00,0.855,0.85502,0.85472,0.85499
2026-08-16 03:00:00+00:00,0.85497,0.85501,0.85482,0.85494
2026-08-16 03:15:00+00:00,0.85494,0.85498,0.85493,0.85494
2026-08-16 03:30:00+00:00,0.85494,0.85497,0.85482,0.85493
2026-08-16 03:45:00+00:00,0.85492,0.85496,0.8549,0.85493
2026-08-16 04:00:00+00:00,0.85492,0.85495,0.85482,0.8549
2026-08-16 04:15:00+00:00,0.8549,0.85498,0.85485,0.85494
2026-08-16 04:30:00+00:00,0.85495,0.85498,0.85493,0.85496
2026-08-16 04:45:00+00:00,0.85495,0.85498,0.85489,0.85492
2026-08-16 05:00:00+00:00,0.8549,0.85494,0.85489,0.8549
2026-08-16 05:15:00+00:00,0.8549,0.85492,0.85486,0.85488
2026-08-16 05:30:00+00:00,0.85488,0.85492,0.85485,0.85488
2026-08-16 05:45:00+00:00,0.85486,0.8549,0.85485,0.85488
2026-08-16 06:00:00+00:00,0.85486,0.8552,0.85476,0.85497
2026-08-16 06:15:00+00:00,0.85496,0.85513,0.8549,0.85492
2026-08-16 06:30:00+00:00,0.85492,0.85494,0.85473,0.85492
2026-08-16 06:45:00+00:00,0.8549,0.85494,0.85475,0.8549
2026-08-16 07:00:00+00:00,0.85489,0.85492,0.85487,0.8549
2026-08-16 07:15:00+00:00,0.85489,0.85492,0.85476,0.85487
2026-08-16 07:30:00+00:00,0.85487,0.85495,0.85486,0.85491
2026-08-16 07:45:00+00:00,0.85491,0.85497,0.85481,0.85495
2026-08-16 08:00:00+00:00,0.85493,0.85497,0.85486,0.85492
2026-08-16 08:15:00+00:00,0.85491,0.85495,0.8549,0.85491
2026-08-16 08:30:00+00:00,0.85491,0.85495,0.85486,0.85489
2026-08-16 08:45:00+00:00,0.85489,0.85493,0.85488,0.85491
2026-08-16 09:00:00+00:00,0.85489,0.85492,0.85485,0.85489
2026-08-16 09:15:00+00:00,0.85488,0.85494,0.85487,0.85489
2026-08-16 09:30:00+00:00,0.85489,0.85493,0.85488,0.85488
2026-08-16 09:45:00+00:00,0.85489,0.85492,0.85486,0.85487
2026-08-16 10:00:00+00:00,0.85486,0.8549,0.85485,0.85488
2026-08-16 10:15:00+00:00,0.85486,0.8549,0.85485,0.85486
2026-08-16 10:30:00+00:00,0.85486,0.8549,0.85485,0.85485
2026-08-16 10:45:00+00:00,0.85486,0.8549,0.85485,0.85487
2026-08-16 11:00:00+00:00,0.85486,0.8549,0.85485,0.85488
2026-08-16 11:15:00+00:00,0.85486,0.8549,0.85485,0.85487
2026-08-16 11:30:00+00:00,0.85486,0.85497,0.85485,0.85493
2026-08-16 11:45:00+00:00,0.85494,0.85498,0.85492,0.85494
2026-08-16 12:00:00+00:00,0.85494,0.85497,0.85492,0.85496
2026-08-16 12:15:00+00:00,0.85494,0.85498,0.85492,0.85495
2026-08-16 12:30:00+00:00,0.85494,0.85498,0.85492,0.85493
2026-08-16 12:45:00+00:00,0.85494,0.85498,0.85492,0.85494
2026-08-16 13:00:00+00:00,0.85494,0.85498,0.85493,0.85496
2026-08-16 13:15:00+00:00,0.85494,0.85527,0.85488,0.85501
2026-08-16 13:30:00+00:00,0.855,0.85504,0.85499,0.85499
2026-08-16 13:45:00+00:00,0.855,0.85504,0.85499,0.855
2026-08-16 14:00:00+00:00,0.855,0.8551,0.85492,0.85495
2026-08-16 14:15:00+00:00,0.85494,0.85498,0.8549,0.85496
2026-08-16 14:30:00+00:00,0.85494,0.85498,0.85493,0.85494
2026-08-16 14:45:00+00:00,0.85494,0.85511,0.85491,0.85501
2026-08-16 15:00:00+00:00,0.85501,0.85503,0.85344,0.85393
2026-08-16 15:15:00+00:00,0.85391,0.85557,0.85244,0.85305
2026-08-16 15:30:00+00:00,0.85303,0.85307,0.85302,0.85303
2026-08-16 15:45:00+00:00,0.85303,0.85359,0.85102,0.85307
2026-08-16 16:00:00+00:00,0.85307,0.85598,0.8522,0.8543
2026-08-16 16:15:00+00:00,0.85429,0.8545,0.85249,0.85318
2026-08-16 16:30:00+00:00,0.85316,0.85367,0.85228,0.85319
2026-08-16 16:45:00+00:00,0.85267,0.85425,0.85267,0.85401
2026-08-16 17:00:00+00:00,0.85402,0.85574,0.85328,0.85489
2026-08-16 17:15:00+00:00,0.85485,0.85499,0.85485,0.85495
2026-08-16 17:30:00+00:00,0.85493,0.85496,0.85318,0.85484
2026-08-16 17:45:00+00:00,0.85481,0.85497,0.85481,0.85493
2026-08-16 18:00:00+00:00,0.85493,0.85501,0.85478,0.85501
2026-08-16 18:15:00+00:00,0.85499,0.85503,0.85495,0.85501
2026-08-16 18:30:00+00:00,0.855,0.85518,0.85483,0.85484
2026-08-16 18:45:00+00:00,0.85484,0.85531,0.85449,0.85488
2026-08-16 19:00:00+00:00,0.85488,0.85508,0.85462,0.85478
2026-08-16 19:15:00+00:00,0.85483,0.85606,0.85408,0.85413
2026-08-16 19:30:00+00:00,0.85413,0.85616,0.85401,0.85492
2026-08-16 19:45:00+00:00,0.85486,0.85628,0.85406,0.85551
2026-08-16 20:00:00+00:00,0.85479,0.85617,0.85416,0.8545
2026-08-16 20:15:00+00:00,0.85456,0.8549,0.8545,0.85464
2026-08-16 20:30:00+00:00,0.85465,0.85494,0.8544,0.85488
2026-08-16 20:45:00+00:00,0.85481,0.85494,0.85428,0.85478
2026-08-16 21:00:00+00:00,0.85453,0.85483,0.85411,0.85416
2026-08-16 21:15:00+00:00,0.85425,0.85473,0.85424,0.85428
2026-08-16 21:30:00+00:00,0.85429,0.85488,0.85416,0.8546
2026-08-16 21:45:00+00:00,0.85438,0.85513,0.85425,0.85497
2026-08-16 22:00:00+00:00,0.85467,0.85506,0.85456,0.85473
2026-08-16 22:15:00+00:00,0.85475,0.85479,0.8546,0.85465
2026-08-16 22:30:00+00:00,0.85465,0.85468,0.85455,0.85466
2026-08-16 22:45:00+00:00,0.85464,0.85474,0.85457,0.85472
2026-08-16 23:00:00+00:00,0.85467,0.85467,0.85449,0.85455
2026-08-16 23:15:00+00:00,0.85458,0.85465,0.85456,0.8546
2026-08-16 23:30:00+00:00,0.8546,0.85464,0.85453,0.85457
2026-08-16 23:45:00+00:00,0.85455,0.85459,0.85433,0.85443
2026-08-17 00:00:00+00:00,0.8544,0.85455,0.85428,0.85449
2026-08-17 00:15:00+00:00,0.85452,0.85454,0.85432,0.85442
2026-08-17 00:30:00+00:00,0.85441,0.85442,0.85426,0.85436
2026-08-17 00:45:00+00:00,0.85434,0.85441,0.8542,0.85436
2026-08-17 01:00:00+00:00,0.85434,0.85445,0.85422,0.85443
2026-08-17 01:15:00+00:00,0.8544,0.85454,0.85433,0.85446
2026-08-17 01:30:00+00:00,0.85446,0.85459,0.85433,0.85458
2026-08-17 01:45:00+00:00,0.85453,0.85458,0.85444,0.85455
2026-08-17 02:00:00+00:00,0.85454,0.85466,0.85447,0.85465
2026-08-17 02:15:00+00:00,0.85463,0.85466,0.85453,0.85461
2026-08-17 02:30:00+00:00,0.8546,0.8547,0.85447,0.85462
2026-08-17 02:45:00+00:00,0.8546,0.85468,0.85453,0.8546
2026-08-17 03:00:00+00:00,0.85458,0.8547,0.85458,0.8546
2026-08-17 03:15:00+00:00,0.85461,0.85469,0.85455,0.85468
2026-08-17 03:30:00+00:00,0.85465,0.85476,0.85457,0.85475
2026-08-17 03:45:00+00:00,0.85474,0.85483,0.85467,0.85481
2026-08-17 04:00:00+00:00,0.85476,0.85483,0.8547,0.8548
2026-08-17 04:15:00+00:00,0.85479,0.85485,0.85469,0.85477
2026-08-17 04:30:00+00:00,0.85479,0.85485,0.8547,0.85484
2026-08-17 04:45:00+00:00,0.85483,0.8549,0.85475,0.85489
2026-08-17 05:00:00+00:00,0.85486,0.85494,0.8548,0.85486
2026-08-17 05:15:00+00:00,0.85484,0.85493,0.85481,0.85482
2026-08-17 05:30:00+00:00,0.85484,0.85492,0.85477,0.85491
2026-08-17 05:45:00+00:00,0.8549,0.85498,0.85467,0.85496
2026-08-17 06:00:00+00:00,0.85494,0.855,0.85476,0.8548
2026-08-17 06:15:00+00:00,0.8548,0.85518,0.8548,0.85515
2026-08-17 06:30:00+00:00,0.85511,0.8553,0.85492,0.85519
2026-08-17 06:45:00+00:00,0.8552,0.85531,0.8551,0.85528
2026-08-17 07:00:00+00:00,0.85526,0.85539,0.85507,0.85538
2026-08-17 07:15:00+00:00,0.85536,0.85567,0.85527,0.85564
2026-08-17 07:30:00+00:00,0.8556,0.85578,0.85548,0.85567
2026-08-17 07:45:00+00:00,0.85564,0.85589,0.85554,0.85576
2026-08-17 08:00:00+00:00,0.85575,0.85594,0.85547,0.85573
2026-08-17 08:15:00+00:00,0.85571,0.85596,0.85559,0.85585
2026-08-17 08:30:00+00:00,0.85585,0.85591,0.85563,0.85585
2026-08-17 08:45:00+00:00,0.85582,0.85602,0.85568,0.85585
2026-08-17 09:00:00+00:00,0.8558,0.85591,0.85556,0.85565
2026-08-17 09:15:00+00:00,0.85563,0.85579,0.85558,0.85563
2026-08-17 09:30:00+00:00,0.85565,0.85576,0.85538,0.85541
2026-08-17 09:45:00+00:00,0.85546,0.85548,0.85522,0.85533
2026-08-17 10:00:00+00:00,0.85531,0.85534,0.85502,0.85518
2026-08-17 10:15:00+00:00,0.85512,0.85526,0.85505,0.85509
2026-08-17 10:30:00+00:00,0.85511,0.85523,0.85484,0.85495
2026-08-17 10:45:00+00:00,0.85492,0.85516,0.85489,0.85507
2026-08-17 11:00:00+00:00,0.85504,0.85517,0.85492,0.85504
2026-08-17 11:15:00+00:00,0.85502,0.85515,0.85477,0.85479
2026-08-17 11:30:00+00:00,0.85479,0.85506,0.85478,0.85505
2026-08-17 11:45:00+00:00,0.85502,0.85517,0.85496,0.85515
2026-08-17 12:00:00+00:00,0.85509,0.8552,0.85485,0.85499
2026-08-17 12:15:00+00:00,0.85498,0.85521,0.85472,0.85511
2026-08-17 12:30:00+00:00,0.85508,0.8552,0.85493,0.85519
2026-08-17 12:45:00+00:00,0.85516,0.85541,0.85499,0.85529
2026-08-17 13:00:00+00:00,0.85531,0.85534,0.85497,0.8551
2026-08-17 13:15:00+00:00,0.85508,0.85511,0.8549,0.85505
2026-08-17 13:30:00+00:00,0.85504,0.85519,0.85488,0.85503
2026-08-17 13:45:00+00:00,0.85504,0.85531,0.85491,0.85513
2026-08-17 14:00:00+00:00,0.85517,0.85517,0.85474,0.85488
2026-08-17 14:15:00+00:00,0.8549,0.85503,0.85465,0.85482
2026-08-17 14:30:00+00:00,0.85486,0.85493,0.85464,0.85488
2026-08-17 14:45:00+00:00,0.85487,0.85515,0.85477,0.85504
2026-08-17 15:00:00+00:00,0.85501,0.8551,0.85468,0.85479
2026-08-17 15:15:00+00:00,0.85477,0.85479,0.85452,0.8546
2026-08-17 15:30:00+00:00,0.85458,0.85468,0.85441,0.85461
2026-08-17 15:45:00+00:00,0.85458,0.85477,0.85454,0.85455
2026-08-17 16:00:00+00:00,0.85458,0.85467,0.85441,0.85461
2026-08-17 16:15:00+00:00,0.85458,0.85465,0.85447,0.85458
2026-08-17 16:30:00+00:00,0.85457,0.85467,0.85445,0.85466
2026-08-17 16:45:00+00:00,0.85464,0.85474,0.85451,0.85472
2026-08-17 17:00:00+00:00,0.85469,0.85474,0.85457,0.85461
2026-08-17 17:15:00+00:00,0.85461,0.85477,0.85453,0.85475
2026-08-17 17:30:00+00:00,0.85469,0.85485,0.85457,0.85478
2026-08-17 17:45:00+00:00,0.85477,0.85486,0.85464,0.85479
2026-08-17 18:00:00+00:00,0.85477,0.85488,0.85468,0.85472
2026-08-17 18:15:00+00:00,0.85476,0.85488,0.85463,0.85487
2026-08-17 18:30:00+00:00,0.85485,0.85489,0.8547,0.85485
2026-08-17 18:45:00+00:00,0.85483,0.85493,0.85478,0.85482
2026-08-17 19:00:00+00:00,0.85487,0.85505,0.85475,0.85503
2026-08-17 19:15:00+00:00,0.85499,0.85506,0.85489,0.85501
2026-08-17 19:30:00+00:00,0.85499,0.85504,0.85491,0.855
2026-08-17 19:45:00+00:00,0.85498,0.85503,0.85488,0.85491
2026-08-17 20:00:00+00:00,0.85494,0.85506,0.8547,0.85499
2026-08-17 20:15:00+00:00,0.85499,0.85501,0.85479,0.85486
2026-08-17 20:30:00+00:00,0.85484,0.85498,0.85479,0.85495
2026-08-17 20:45:00+00:00,0.85494,0.85515,0.85487,0.85514
2026-08-17 21:00:00+00:00,0.85511,0.85539,0.85461,0.85479
2026-08-17 21:15:00+00:00,0.85475,0.85494,0.85463,0.85489
2026-08-17 21:30:00+00:00,0.85485,0.85496,0.85484,0.85495
2026-08-17 21:45:00+00:00,0.85492,0.85507,0.85484,0.85495
2026-08-17 22:00:00+00:00,0.85497,0.85502,0.85483,0.8549
2026-08-17 22:15:00+00:00,0.85491,0.85497,0.85482,0.85488
2026-08-17 22:30:00+00:00,0.85488,0.85501,0.85486,0.85492
2026-08-17 22:45:00+00:00,0.85489,0.85498,0.85487,0.85492
2026-08-17 23:00:00+00:00,0.85491,0.85501,0.85484,0.85489
2026-08-17 23:15:00+00:00,0.8549,0.85495,0.85485,0.85489
2026-08-17 23:30:00+00:00,0.85487,0.85493,0.85474,0.85482
2026-08-17 23:45:00+00:00,0.85479,0.85485,0.85472,0.85479
2026-08-18 00:00:00+00:00,0.85479,0.85484,0.85466,0.8547
2026-08-18 00:15:00+00:00,0.85473,0.85477,0.85462,0.85471
2026-08-18 00:30:00+00:00,0.85471,0.85484,0.85465,0.85478
2026-08-18 00:45:00+00:00,0.85476,0.85486,0.85467,0.85479
2026-08-18 01:00:00+00:00,0.85478,0.85489,0.85473,0.8548
2026-08-18 01:15:00+00:00,0.85483,0.85491,0.85469,0.85486
2026-08-18 01:30:00+00:00,0.85485,0.85486,0.85465,0.85482
2026-08-18 01:45:00+00:00,0.8548,0.85487,0.85471,0.85485
2026-08-18 02:00:00+00:00,0.85483,0.85484,0.85471,0.85476
2026-08-18 02:15:00+00:00,0.85477,0.85492,0.85474,0.85491
2026-08-18 02:30:00+00:00,0.85489,0.85502,0.85483,0.85487
2026-08-18 02:45:00+00:00,0.85485,0.85493,0.85483,0.85491
2026-08-18 03:00:00+00:00,0.85489,0.85501,0.85479,0.855
2026-08-18 03:15:00+00:00,0.85498,0.85511,0.85488,0.85509
2026-08-18 03:30:00+00:00,0.85505,0.85509,0.85489,0.85498
2026-08-18 03:45:00+00:00,0.85497,0.85511,0.85491,0.85507
2026-08-18 04:00:00+00:00,0.85505,0.85513,0.85501,0.85512
2026-08-18 04:15:00+00:00,0.8551,0.85513,0.85481,0.85491
2026-08-18 04:30:00+00:00,0.85492,0.85503,0.85486,0.85492
2026-08-18 04:45:00+00:00,0.85496,0.85504,0.85487,0.8549
2026-08-18 05:00:00+00:00,0.85494,0.85497,0.85485,0.85489
2026-08-18 05:15:00+00:00,0.85489,0.85492,0.85478,0.85481
2026-08-18 05:30:00+00:00,0.85483,0.85491,0.85474,0.8549
2026-08-18 05:45:00+00:00,0.85487,0.85497,0.85478,0.85492
2026-08-18 06:00:00+00:00,0.85489,0.85555,0.85483,0.85526
2026-08-18 06:15:00+00:00,0.85523,0.85537,0.85508,0.85513
2026-08-18 06:30:00+00:00,0.85515,0.85532,0.85498,0.8553
2026-08-18 06:45:00+00:00,0.85526,0.85566,0.85523,0.85542
2026-08-18 07:00:00+00:00,0.85543,0.85582,0.85538,0.85567
2026-08-18 07:15:00+00:00,0.85571,0.85584,0.85557,0.85579
2026-08-18 07:30:00+00:00,0.85576,0.85586,0.85554,0.85556
2026-08-18 07:45:00+00:00,0.8556,0.85575,0.85545,0.85557
2026-08-18 08:00:00+00:00,0.85555,0.85563,0.85538,0.85551
2026-08-18 08:15:00+00:00,0.85548,0.85558,0.85536,0.85537
2026-08-18 08:30:00+00:00,0.8554,0.85554,0.85533,0.85545
2026-08-18 08:45:00+00:00,0.85548,0.85563,0.85539,0.8555
2026-08-18 09:00:00+00:00,0.85547,0.85557,0.85537,0.85553
2026-08-18 09:15:00+00:00,0.85551,0.85564,0.85543,0.85551
2026-08-18 09:30:00+00:00,0.85554,0.85567,0.85545,0.85562
2026-08-18 09:45:00+00:00,0.8556,0.85572,0.85547,0.85571
2026-08-18 10:00:00+00:00,0.85568,0.85581,0.8556,0.85577
2026-08-18 10:15:00+00:00,0.85575,0.85587,0.85564,0.85568
2026-08-18 10:30:00+00:00,0.85573,0.85575,0.85556,0.85569
2026-08-18 10:45:00+00:00,0.85565,0.85588,0.85553,0.85587
2026-08-18 11:00:00+00:00,0.85586,0.85603,0.8557,0.85584
2026-08-18 11:15:00+00:00,0.85581,0.85598,0.85574,0.85596
2026-08-18 11:30:00+00:00,0.85594,0.856,0.85581,0.85591
2026-08-18 11:45:00+00:00,0.85596,0.856,0.85573,0.8558
2026-08-18 12:00:00+00:00,0.85579,0.85596,0.85567,0.85591
2026-08-18 12:15:00+00:00,0.85587,0.85587,0.85554,0.85568
2026-08-18 12:30:00+00:00,0.85568,0.85571,0.85549,0.85559
2026-08-18 12:45:00+00:00,0.85559,0.85565,0.85532,0.85536
2026-08-18 13:00:00+00:00,0.85544,0.85547,0.85517,0.85534
2026-08-18 13:15:00+00:00,0.85532,0.85542,0.85515,0.85528
2026-08-18 13:30:00+00:00,0.85526,0.85547,0.85509,0.85524
2026-08-18 13:45:00+00:00,0.85532,0.85569,0.85526,0.85527
2026-08-18 14:00:00+00:00,0.85528,0.85554,0.85514,0.85552
2026-08-18 14:15:00+00:00,0.8555,0.85554,0.85521,0.85542
2026-08-18 14:30:00+00:00,0.85539,0.85548,0.85512,0.85516
2026-08-18 14:45:00+00:00,0.85523,0.85533,0.85489,0.85507
2026-08-18 15:00:00+00:00,0.85518,0.85542,0.85501,0.85528
2026-08-18 15:15:00+00:00,0.85526,0.85532,0.85503,0.85525
2026-08-18 15:30:00+00:00,0.85522,0.85532,0.85509,0.85529
2026-08-18 15:45:00+00:00,0.85528,0.85532,0.85497,0.85501
2026-08-18 16:00:00+00:00,0.85505,0.85531,0.85495,0.85531
2026-08-18 16:15:00+00:00,0.85529,0.85535,0.85503,0.85526
2026-08-18 16:30:00+00:00,0.85522,0.85522,0.855,0.85511
2026-08-18 16:45:00+00:00,0.85508,0.85523,0.85505,0.85518
2026-08-18 17:00:00+00:00,0.85519,0.85535,0.85507,0.85534
2026-08-18 17:15:00+00:00,0.85532,0.85536,0.85517,0.8553
2026-08-18 17:30:00+00:00,0.85526,0.85537,0.85517,0.85534
2026-08-18 17:45:00+00:00,0.85533,0.85537,0.85521,0.85535
2026-08-18 18:00:00+00:00,0.85533,0.85539,0.85523,0.85538
2026-08-18 18:15:00+00:00,0.85534,0.85539,0.85517,0.85524
2026-08-18 18:30:00+00:00,0.85522,0.85529,0.85515,0.85526
2026-08-18 18:45:00+00:00,0.85525,0.85539,0.85521,0.85533
2026-08-18 19:00:00+00:00,0.85534,0.85537,0.85523,0.85526
2026-08-18 19:15:00+00:00,0.85529,0.85536,0.85521,0.8553
2026-08-18 19:30:00+00:00,0.85528,0.8554,0.85524,0.85538
2026-08-18 19:45:00+00:00,0.85536,0.85539,0.85518,0.85533
2026-08-18 20:00:00+00:00,0.85531,0.85538,0.85523,0.85528
2026-08-18 20:15:00+00:00,0.85532,0.85545,0.85526,0.85543
2026-08-18 20:30:00+00:00,0.85542,0.85544,0.85529,0.85542
2026-08-18 20:45:00+00:00,0.85539,0.85553,0.85526,0.85551
2026-08-18 21:00:00+00:00,0.85548,0.85555,0.85504,0.85522
2026-08-18 21:15:00+00:00,0.85525,0.85561,0.85522,0.85554
2026-08-18 21:30:00+00:00,0.85553,0.85553,0.85531,0.85548
2026-08-18 21:45:00+00:00,0.85541,0.85567,0.85528,0.85557
2026-08-18 22:00:00+00:00,0.85548,0.85549,0.85513,0.85541
2026-08-18 22:15:00+00:00,0.85539,0.85548,0.85534,0.85544
2026-08-18 22:30:00+00:00,0.85543,0.85546,0.85536,0.85542
2026-08-18 22:45:00+00:00,0.8554,0.85547,0.85533,0.85538
2026-08-18 23:00:00+00:00,0.85538,0.85542,0.8553,0.85531
2026-08-18 23:15:00+00:00,0.85534,0.85542,0.85522,0.85536
2026-08-18 23:30:00+00:00,0.85534,0.85538,0.85521,0.85531
2026-08-18 23:45:00+00:00,0.85529,0.85533,0.85518,0.85524
2026-08-19 00:00:00+00:00,0.85522,0.85533,0.85509,0.85529
2026-08-19 00:15:00+00:00,0.85527,0.85541,0.85521,0.85532
2026-08-19 00:30:00+00:00,0.85532,0.85536,0.85515,0.85527
2026-08-19 00:45:00+00:00,0.85525,0.85556,0.85519,0.85539
2026-08-19 01:00:00+00:00,0.85546,0.85556,0.85537,0.85555
2026-08-19 01:15:00+00:00,0.85553,0.85568,0.85547,0.85558
2026-08-19 01:30:00+00:00,0.85558,0.8558,0.85551,0.8558
2026-08-19 01:45:00+00:00,0.85578,0.85578,0.85558,0.85564
2026-08-19 02:00:00+00:00,0.85563,0.85566,0.85551,0.85556
2026-08-19 02:15:00+00:00,0.85557,0.85583,0.85537,0.85569
2026-08-19 02:30:00+00:00,0.85567,0.85569,0.85547,0.85554
2026-08-19 02:45:00+00:00,0.85552,0.85561,0.85535,0.85544
2026-08-19 03:00:00+00:00,0.85542,0.85565,0.8554,0.85564
2026-08-19 03:15:00+00:00,0.85562,0.85567,0.85547,0.85547
2026-08-19 03:30:00+00:00,0.85549,0.85558,0.85538,0.85553
2026-08-19 03:45:00+00:00,0.85553,0.85559,0.85543,0.85551
2026-08-19 04:00:00+00:00,0.85549,0.85558,0.85548,0.85555
2026-08-19 04:15:00+00:00,0.85555,0.85563,0.85548,0.85555
2026-08-19 04:30:00+00:00,0.85558,0.8557,0.85555,0.8556
2026-08-19 04:45:00+00:00,0.85561,0.85568,0.85551,0.85559
2026-08-19 05:00:00+00:00,0.85557,0.85567,0.85551,0.85559
2026-08-19 05:15:00+00:00,0.8556,0.8557,0.85555,0.85561
2026-08-19 05:30:00+00:00,0.85562,0.85565,0.85552,0.8556
2026-08-19 05:45:00+00:00,0.85558,0.8557,0.85554,0.85569
2026-08-19 06:00:00+00:00,0.85565,0.85578,0.85544,0.85576
2026-08-19 06:15:00+00:00,0.85575,0.8558,0.85542,0.85572
2026-08-19 06:30:00+00:00,0.85568,0.85583,0.85556,0.85581
2026-08-19 06:45:00+00:00,0.85578,0.85579,0.85558,0.85562
2026-08-19 07:00:00+00:00,0.85566,0.85568,0.85534,0.85561
2026-08-19 07:15:00+00:00,0.85557,0.85587,0.85554,0.85571
2026-08-19 07:30:00+00:00,0.85568,0.85582,0.85538,0.85544
2026-08-19 07:45:00+00:00,0.85555,0.85561,0.85539,0.85544
2026-08-19 08:00:00+00:00,0.85549,0.85571,0.85538,0.85543
2026-08-19 08:15:00+00:00,0.85549,0.85559,0.85536,0.85556
2026-08-19 08:30:00+00:00,0.85555,0.85573,0.85551,0.85564
2026-08-19 08:45:00+00:00,0.85561,0.85574,0.85531,0.85573
2026-08-19 09:00:00+00:00,0.8557,0.85596,0.85566,0.85589
2026-08-19 09:15:00+00:00,0.85585,0.85615,0.85574,0.85613
2026-08-19 09:30:00+00:00,0.85609,0.85625,0.856,0.85622
2026-08-19 09:45:00+00:00,0.85621,0.85623,0.85596,0.85607
2026-08-19 10:00:00+00:00,0.85605,0.85626,0.85597,0.85617
2026-08-19 10:15:00+00:00,0.85616,0.85619,0.85598,0.85612
2026-08-19 10:30:00+00:00,0.85612,0.85612,0.85598,0.85602
2026-08-19 10:45:00+00:00,0.85604,0.85623,0.85593,0.85622
2026-08-19 11:00:00+00:00,0.8562,0.8563,0.85592,0.85626
2026-08-19 11:15:00+00:00,0.85622,0.85622,0.85607,0.85616
2026-08-19 11:30:00+00:00,0.85614,0.85629,0.85608,0.85626
2026-08-19 11:45:00+00:00,0.85621,0.85627,0.85608,0.85611
2026-08-19 12:00:00+00:00,0.85612,0.85615,0.85596,0.85601
2026-08-19 12:15:00+00:00,0.85599,0.85606,0.85578,0.85583
2026-08-19 12:30:00+00:00,0.85591,0.85636,0.85541,0.85584
2026-08-19 12:45:00+00:00,0.85588,0.85614,0.85548,0.85565
2026-08-19 13:00:00+00:00,0.85586,0.85608,0.8556,0.85563
2026-08-19 13:15:00+00:00,0.85567,0.85573,0.85508,0.8554
2026-08-19 13:30:00+00:00,0.85545,0.85591,0.85526,0.85579
2026-08-19 13:45:00+00:00,0.85572,0.85625,0.8556,0.85584
2026-08-19 14:00:00+00:00,0.8559,0.85659,0.85576,0.8565
2026-08-19 14:15:00+00:00,0.85637,0.85679,0.85625,0.8566
2026-08-19 14:30:00+00:00,0.85663,0.85701,0.85654,0.85686
2026-08-19 14:45:00+00:00,0.8569,0.85725,0.85676,0.85691
2026-08-19 15:00:00+00:00,0.85698,0.85723,0.85667,0.85687
2026-08-19 15:15:00+00:00,0.8568,0.8572,0.85672,0.85716
2026-08-19 15:30:00+00:00,0.85709,0.85732,0.8568,0.8573
2026-08-19 15:45:00+00:00,0.85728,0.85746,0.85696,0.85728
2026-08-19 16:00:00+00:00,0.85729,0.85753,0.85722,0.8575
2026-08-19 16:15:00+00:00,0.85748,0.85755,0.85721,0.85728
2026-08-19 16:30:00+00:00,0.85735,0.8575,0.8573,0.85748
2026-08-19 16:45:00+00:00,0.85747,0.85748,0.85714,0.8574
2026-08-19 17:00:00+00:00,0.85736,0.85759,0.85719,0.8575
2026-08-19 17:15:00+00:00,0.8575,0.85786,0.85748,0.85784
2026-08-19 17:30:00+00:00,0.85778,0.85791,0.85764,0.85767
2026-08-19 17:45:00+00:00,0.85772,0.85794,0.85762,0.85783
2026-08-19 18:00:00+00:00,0.85786,0.85817,0.85772,0.85794
2026-08-19 18:15:00+00:00,0.85797,0.85811,0.85775,0.85802
2026-08-19 18:30:00+00:00,0.858,0.85818,0.85783,0.85792
2026-08-19 18:45:00+00:00,0.85791,0.85795,0.85768,0.8579
2026-08-19 19:00:00+00:00,0.8579,0.85808,0.85773,0.85798
2026-08-19 19:15:00+00:00,0.85795,0.85805,0.85785,0.85792
2026-08-19 19:30:00+00:00,0.85792,0.85813,0.85784,0.85797
2026-08-19 19:45:00+00:00,0.85796,0.85817,0.85779,0.85813
2026-08-19 20:00:00+00:00,0.85809,0.8583,0.85795,0.85828
2026-08-19 20:15:00+00:00,0.85826,0.85845,0.8582,0.85831
2026-08-19 20:30:00+00:00,0.85835,0.85848,0.85827,0.85832
2026-08-19 20:45:00+00:00,0.85831,0.85836,0.85819,0.85823
2026-08-19 21:00:00+00:00,0.85823,0.85851,0.85806,0.8583
2026-08-19 21:15:00+00:00,0.85827,0.85833,0.85741,0.8579
2026-08-19 21:30:00+00:00,0.8579,0.85823,0.85789,0.85794
2026-08-19 21:45:00+00:00,0.85795,0.85842,0.8579,0.85818
2026-08-19 22:00:00+00:00,0.85814,0.85843,0.85806,0.85823
2026-08-19 22:15:00+00:00,0.85827,0.85832,0.85814,0.85819
2026-08-19 22:30:00+00:00,0.8582,0.85822,0.85806,0.85821
2026-08-19 22:45:00+00:00,0.85819,0.85828,0.8581,0.85818
2026-08-19 23:00:00+00:00,0.85822,0.85832,0.85814,0.85827
2026-08-19 23:15:00+00:00,0.85827,0.85835,0.85818,0.85834
2026-08-19 23:30:00+00:00,0.85831,0.8584,0.85827,0.85834
2026-08-19 23:45:00+00:00,0.85832,0.85844,0.85824,0.85841
2026-08-20 00:00:00+00:00,0.8584,0.85854,0.85823,0.85841
2026-08-20 00:15:00+00:00,0.85845,0.85853,0.85828,0.85841
2026-08-20 00:30:00+00:00,0.85838,0.85846,0.85824,0.85844
2026-08-20 00:45:00+00:00,0.85842,0.8585,0.85834,0.85847
2026-08-20 01:00:00+00:00,0.85845,0.85854,0.85829,0.85838
2026-08-20 01:15:00+00:00,0.85841,0.85853,0.8583,0.85846
2026-08-20 01:30:00+00:00,0.85841,0.85859,0.85821,0.85832
2026-08-20 01:45:00+00:00,0.85836,0.85838,0.85806,0.85808
2026-08-20 02:00:00+00:00,0.8581,0.85831,0.85798,0.85811
2026-08-20 02:15:00+00:00,0.85811,0.85827,0.85794,0.85818
2026-08-20 02:30:00+00:00,0.85821,0.85831,0.85809,0.85824
2026-08-20 02:45:00+00:00,0.85823,0.85827,0.85806,0.85814
2026-08-20 03:00:00+00:00,0.85812,0.85819,0.85799,0.85816
2026-08-20 03:15:00+00:00,0.85809,0.85816,0.85785,0.85788
2026-08-20 03:30:00+00:00,0.85791,0.85798,0.85783,0.85787
2026-08-20 03:45:00+00:00,0.85787,0.85795,0.85781,0.85793
2026-08-20 04:00:00+00:00,0.85791,0.85796,0.85781,0.85782
2026-08-20 04:15:00+00:00,0.85782,0.85792,0.85775,0.8578
2026-08-20 04:30:00+00:00,0.85783,0.85791,0.85776,0.85788
2026-08-20 04:45:00+00:00,0.85786,0.85796,0.85774,0.8579
2026-08-20 05:00:00+00:00,0.85789,0.85791,0.85779,0.85788
2026-08-20 05:15:00+00:00,0.85788,0.85798,0.8578,0.85795
2026-08-20 05:30:00+00:00,0.85792,0.85807,0.85783,0.85806
2026-08-20 05:45:00+00:00,0.85802,0.85834,0.858,0.85828
2026-08-20 06:00:00+00:00,0.85825,0.85836,0.85808,0.85816
2026-08-20 06:15:00+00:00,0.85815,0.8583,0.85799,0.85823
2026-08-20 06:30:00+00:00,0.8582,0.85839,0.85806,0.85829
2026-08-20 06:45:00+00:00,0.85827,0.85855,0.85823,0.85842
2026-08-20 07:00:00+00:00,0.85835,0.85853,0.85816,0.85825
2026-08-20 07:15:00+00:00,0.85822,0.85822,0.85795,0.85798
2026-08-20 07:30:00+00:00,0.858,0.85818,0.85759,0.85787
2026-08-20 07:45:00+00:00,0.85784,0.85812,0.85768,0.85811
2026-08-20 08:00:00+00:00,0.85808,0.85823,0.85797,0.85808
2026-08-20 08:15:00+00:00,0.85808,0.85808,0.85735,0.85749
2026-08-20 08:30:00+00:00,0.85752,0.85808,0.85744,0.85805
2026-08-20 08:45:00+00:00,0.85801,0.85807,0.85777,0.85797
2026-08-20 09:00:00+00:00,0.85795,0.85817,0.85787,0.858
2026-08-20 09:15:00+00:00,0.85807,0.85823,0.85796,0.85806
2026-08-20 09:30:00+00:00,0.85805,0.85805,0.85777,0.85791
2026-08-20 09:45:00+00:00,0.85786,0.85801,0.85763,0.85785
2026-08-20 10:00:00+00:00,0.85786,0.85801,0.85735,0.85738
2026-08-20 10:15:00+00:00,0.85742,0.85762,0.85726,0.85739
2026-08-20 10:30:00+00:00,0.85738,0.85754,0.85719,0.85751
2026-08-20 10:45:00+00:00,0.85748,0.85756,0.85719,0.85726
2026-08-20 11:00:00+00:00,0.8573,0.85766,0.85718,0.8575
2026-08-20 11:15:00+00:00,0.85752,0.85762,0.85728,0.85736
2026-08-20 11:30:00+00:00,0.85744,0.85751,0.85714,0.85736
2026-08-20 11:45:00+00:00,0.85732,0.85742,0.85698,0.85714
2026-08-20 12:00:00+00:00,0.85711,0.85746,0.857,0.85716
2026-08-20 12:15:00+00:00,0.85714,0.85718,0.85679,0.85704
