datetime,open,high,low,close
2026-02-21 12:45:00+00:00,0.77541,0.7755,0.7754,0.7755
2026-02-21 13:00:00+00:00,0.77549,0.77555,0.77548,0.77555
2026-02-21 13:15:00+00:00,0.77554,0.77557,0.77553,0.77554
2026-02-21 13:30:00+00:00,0.77554,0.77557,0.77553,0.77553
2026-02-21 13:45:00+00:00,0.77554,0.77557,0.77553,0.77555
2026-02-21 14:00:00+00:00,0.77554,0.77557,0.77553,0.77555
2026-02-21 14:15:00+00:00,0.77554,0.77559,0.77553,0.77557
2026-02-21 14:30:00+00:00,0.77557,0.7756,0.77556,0.77556
2026-02-21 14:45:00+00:00,0.77557,0.7756,0.77556,0.77558
2026-02-21 15:00:00+00:00,0.77557,0.7756,0.77556,0.77559
2026-02-21 15:15:00+00:00,0.77557,0.7756,0.77556,0.77557
2026-02-21 15:30:00+00:00,0.77557,0.7756,0.77556,0.77556
2026-02-21 15:45:00+00:00,0.77557,0.7756,0.77556,0.77557
2026-02-21 16:00:00+00:00,0.77557,0.7756,0.77556,0.77559
2026-02-21 16:15:00+00:00,0.77557,0.7756,0.77556,0.77558
2026-02-21 16:30:00+00:00,0.77557,0.7756,0.77556,0.77556
2026-02-21 16:45:00+00:00,0.77557,0.7756,0.77556,0.77557
2026-02-21 17:00:00+00:00,0.77557,0.77558,0.77537,0.7754
2026-02-21 17:15:00+00:00,0.77538,0.77542,0.77537,0.7754
2026-02-21 17:30:00+00:00,0.77538,0.77542,0.77537,0.77538
2026-02-21 17:45:00+00:00,0.77538,0.77542,0.77537,0.77538
2026-02-21 18:00:00+00:00,0.77538,0.7754,0.77514,0.77525
2026-02-21 18:15:00+00:00,0.77524,0.77527,0.77523,0.77525
2026-02-21 18:30:00+00:00,0.77524,0.77527,0.77523,0.77523
2026-02-21 18:45:00+00:00,0.77524,0.77527,0.77523,0.77523
2026-02-21 19:00:00+00:00,0.77523,0.77524,0.77511,0.77513
2026-02-21 19:15:00+00:00,0.77512,0.77515,0.77511,0.77513
2026-02-21 19:30:00+00:00,0.77512,0.77515,0.77511,0.77512
2026-02-21 19:45:00+00:00,0.77512,0.77515,0.77511,0.77511
2026-02-21 20:00:00+00:00,0.77512,0.77515,0.77511,0.77513
2026-02-21 20:15:00+00:00,0.77512,0.77515,0.77511,0.77514
2026-02-21 20:30:00+00:00,0.77512,0.77515,0.77511,0.77512
2026-02-21 20:45:00+00:00,0.77512,0.77515,0.77511,0.77511
2026-02-21 21:00:00+00:00,0.77512,0.77515,0.77511,0.77513
2026-02-21 21:15:00+00:00,0.77512,0.77515,0.77511,0.77514
2026-02-21 21:30:00+00:00,0.77512,0.77515,0.77511,0.77513
2026-02-21 21:45:00+00:00,0.77512,0.77515,0.77511,0.77511
2026-02-21 22:00:00+00:00,0.77512,0.77515,0.77501,0.77503
2026-02-21 22:15:00+00:00,0.77502,0.77506,0.77501,0.77504
2026-02-21 22:30:00+00:00,0.77502,0.77506,0.77501,0.77503
2026-02-21 22:45:00+00:00,0.77502,0.77506,0.77501,0.77502
2026-02-21 23:00:00+00:00,0.77502,0.77506,0.77501,0.77503
2026-02-21 23:15:00+00:00,0.77502,0.77506,0.77501,0.77504
2026-02-21 23:30:00+00:00,0.77502,0.77506,0.77501,0.77504
2026-02-21 23:45:00+00:00,0.77502,0.77506,0.77501,0.77502
2026-02-22 00:00:00+00:00,0.77502,0.77528,0.77501,0.77515
2026-02-22 00:15:00+00:00,0.77515,0.77518,0.77514,0.77516
2026-02-22 00:30:00+00:00,0.77515,0.77531,0.77514,0.77525
2026-02-22 00:45:00+00:00,0.77524,0.77527,0.77523,0.77524
2026-02-22 01:00:00+00:00,0.77524,0.77527,0.77523,0.77524
2026-02-22 01:15:00+00:00,0.77524,0.77527,0.77523,0.77525
2026-02-22 01:30:00+00:00,0.77524,0.77527,0.77523,0.77526
2026-02-22 01:45:00+00:00,0.77524,0.77527,0.77523,0.77524
2026-02-22 02:00:00+00:00,0.77524,0.77527,0.77523,0.77524
2026-02-22 02:15:00+00:00,0.77524,0.77527,0.77523,0.77525
2026-02-22 02:30:00+00:00,0.77524,0.77527,0.77523,0.77526
2026-02-22 02:45:00+00:00,0.77524,0.77527,0.77523,0.77524
2026-02-22 03:00:00+00:00,0.77524,0.77527,0.77523,0.77523
2026-02-22 03:15:00+00:00,0.77524,0.77527,0.77523,0.77525
2026-02-22 03:30:00+00:00,0.77524,0.77527,0.77523,0.77526
2026-02-22 03:45:00+00:00,0.77524,0.77527,0.77523,0.77525
2026-02-22 04:00:00+00:00,0.77524,0.77527,0.77523,0.77523
2026-02-22 04:15:00+00:00,0.77524,0.77527,0.77523,0.77524
2026-02-22 04:30:00+00:00,0.77524,0.77527,0.77523,0.77526
2026-02-22 04:45:00+00:00,0.77524,0.77527,0.77523,0.77525
2026-02-22 05:00:00+00:00,0.77524,0.77527,0.77523,0.77524
2026-02-22 05:15:00+00:00,0.77524,0.77527,0.77523,0.77524
2026-02-22 05:30:00+00:00,0.77524,0.77527,0.77523,0.77526
2026-02-22 05:45:00+00:00,0.77524,0.77527,0.77523,0.77525
2026-02-22 06:00:00+00:00,0.77524,0.77527,0.77523,0.77524
2026-02-22 06:15:00+00:00,0.77524,0.77527,0.77523,0.77524
2026-02-22 06:30:00+00:00,0.77524,0.77527,0.77523,0.77525
2026-02-22 06:45:00+00:00,0.77524,0.77527,0.77523,0.77526
2026-02-22 07:00:00+00:00,0.77524,0.77527,0.77523,0.77524
2026-02-22 07:15:00+00:00,0.77524,0.77527,0.77523,0.77524
2026-02-22 07:30:00+00:00,0.77524,0.77527,0.77523,0.77525
2026-02-22 07:45:00+00:00,0.77524,0.77527,0.77523,0.77526
2026-02-22 08:00:00+00:00,0.77524,0.77527,0.77523,0.77524
2026-02-22 08:15:00+00:00,0.77524,0.77527,0.77523,0.77523
2026-02-22 08:30:00+00:00,0.77524,0.77527,0.77523,0.77525
2026-02-22 08:45:00+00:00,0.77524,0.77527,0.77523,0.77526
2026-02-22 09:00:00+00:00,0.77524,0.77527,0.77523,0.77525
2026-02-22 09:15:00+00:00,0.77524,0.77527,0.77523,0.77523
2026-02-22 09:30:00+00:00,0.77524,0.77527,0.77523,0.77525
2026-02-22 09:45:00+00:00,0.77524,0.77527,0.77523,0.77526
2026-02-22 10:00:00+00:00,0.77524,0.77527,0.77523,0.77525
2026-02-22 10:15:00+00:00,0.77524,0.77527,0.77523,0.77523
2026-02-22 10:30:00+00:00,0.77524,0.77527,0.77523,0.77524
2026-02-22 10:45:00+00:00,0.77524,0.77527,0.77523,0.77526
2026-02-22 11:00:00+00:00,0.77524,0.77527,0.77523,0.77525
2026-02-22 11:15:00+00:00,0.77524,0.77527,0.77523,0.77524
2026-02-22 11:30:00+00:00,0.77524,0.77527,0.77523,0.77524
2026-02-22 11:45:00+00:00,0.77524,0.77527,0.77523,0.77526
2026-02-22 12:00:00+00:00,0.77524,0.77527,0.77523,0.77525
2026-02-22 12:15:00+00:00,0.77524,0.77527,0.77523,0.77524
2026-02-22 12:30:00+00:00,0.77524,0.77527,0.77523,0.77524
2026-02-22 12:45:00+00:00,0.77524,0.77527,0.77523,0.77525
2026-02-22 13:00:00+00:00,0.77524,0.77527,0.77523,0.77526
2026-02-22 13:15:00+00:00,0.77524,0.77527,0.77523,0.77524
2026-02-22 13:30:00+00:00,0.77524,0.77527,0.77523,0.77524
2026-02-22 13:45:00+00:00,0.77524,0.77527,0.77523,0.77525
2026-02-22 14:00:00+00:00,0.77524,0.77527,0.77523,0.77526
2026-02-22 14:15:00+00:00,0.77524,0.77534,0.77524,0.77531
2026-02-22 14:30:00+00:00,0.77531,0.77534,0.7753,0.7753
2026-02-22 14:45:00+00:00,0.77531,0.77534,0.7753,0.77532
2026-02-22 15:00:00+00:00,0.77531,0.77534,0.7753,0.77533
2026-02-22 15:15:00+00:00,0.77531,0.77534,0.7753,0.77532
2026-02-22 15:30:00+00:00,0.77531,0.77534,0.7753,0.7753
2026-02-22 15:45:00+00:00,0.77531,0.77534,0.7753,0.77531
2026-02-22 16:00:00+00:00,0.77531,0.77534,0.7753,0.77533
2026-02-22 16:15:00+00:00,0.77531,0.77534,0.7753,0.77532
2026-02-22 16:30:00+00:00,0.77531,0.77534,0.7753,0.77531
2026-02-22 16:45:00+00:00,0.77531,0.77534,0.7753,0.77531
2026-02-22 17:00:00+00:00,0.77531,0.77553,0.77531,0.77547
2026-02-22 17:15:00+00:00,0.77545,0.77549,0.77544,0.77546
2026-02-22 17:30:00+00:00,0.77545,0.77549,0.77544,0.77545
2026-02-22 17:45:00+00:00,0.77545,0.77549,0.77544,0.77545
2026-02-22 18:00:00+00:00,0.77545,0.77546,0.77379,0.77513
2026-02-22 18:15:00+00:00,0.77511,0.77529,0.77468,0.77472
2026-02-22 18:30:00+00:00,0.77471,0.77474,0.7747,0.77471
2026-02-22 18:45:00+00:00,0.77471,0.77474,0.77464,0.77467
2026-02-22 19:00:00+00:00,0.77467,0.77511,0.77467,0.77504
2026-02-22 19:15:00+00:00,0.77503,0.7751,0.77385,0.77405
2026-02-22 19:30:00+00:00,0.77404,0.77504,0.77384,0.775
2026-02-22 19:45:00+00:00,0.775,0.77512,0.77499,0.77509
2026-02-22 20:00:00+00:00,0.7751,0.77593,0.77509,0.77592
2026-02-22 20:15:00+00:00,0.77591,0.77603,0.77509,0.77537
2026-02-22 20:30:00+00:00,0.77538,0.77539,0.77467,0.775
2026-02-22 20:45:00+00:00,0.775,0.77505,0.77487,0.77489
2026-02-22 21:00:00+00:00,0.77487,0.77489,0.77442,0.77453
2026-02-22 21:15:00+00:00,0.77454,0.77473,0.77439,0.77445
2026-02-22 21:30:00+00:00,0.77443,0.77458,0.7744,0.77449
2026-02-22 21:45:00+00:00,0.77448,0.77467,0.77426,0.77449
2026-02-22 22:00:00+00:00,0.77451,0.77456,0.77434,0.77442
2026-02-22 22:15:00+00:00,0.77442,0.77472,0.77424,0.77455
2026-02-22 22:30:00+00:00,0.77455,0.77479,0.77437,0.77465
2026-02-22 22:45:00+00:00,0.77464,0.7747,0.77447,0.77451
2026-02-22 23:00:00+00:00,0.77452,0.77482,0.77381,0.77386
2026-02-22 23:15:00+00:00,0.77386,0.77397,0.77265,0.77288
2026-02-22 23:30:00+00:00,0.77287,0.77296,0.77229,0.77267
2026-02-22 23:45:00+00:00,0.77266,0.77267,0.77181,0.77184
2026-02-23 00:00:00+00:00,0.77186,0.77211,0.77181,0.77202
2026-02-23 00:15:00+00:00,0.77203,0.7724,0.77178,0.77181
2026-02-23 00:30:00+00:00,0.77182,0.77183,0.77134,0.77149
2026-02-23 00:45:00+00:00,0.77147,0.77186,0.77126,0.7714
2026-02-23 01:00:00+00:00,0.7714,0.77165,0.77127,0.77154
2026-02-23 01:15:00+00:00,0.77154,0.77211,0.77148,0.77205
2026-02-23 01:30:00+00:00,0.77204,0.77218,0.77152,0.7717
2026-02-23 01:45:00+00:00,0.77168,0.77178,0.77156,0.77178
2026-02-23 02:00:00+00:00,0.77177,0.77188,0.77115,0.77116
2026-02-23 02:15:00+00:00,0.77117,0.7717,0.77116,0.77149
2026-02-23 02:30:00+00:00,0.77149,0.7717,0.77127,0.77152
2026-02-23 02:45:00+00:00,0.7715,0.7718,0.77147,0.77166
2026-02-23 03:00:00+00:00,0.77165,0.7722,0.77157,0.77215
2026-02-23 03:15:00+00:00,0.77215,0.77237,0.77208,0.77235
2026-02-23 03:30:00+00:00,0.77234,0.77254,0.77228,0.77234
2026-02-23 03:45:00+00:00,0.7723,0.77246,0.77208,0.77209
2026-02-23 04:00:00+00:00,0.77209,0.77251,0.77209,0.7724
2026-02-23 04:15:00+00:00,0.77241,0.77245,0.77215,0.77242
2026-02-23 04:30:00+00:00,0.77241,0.77256,0.77236,0.77249
2026-02-23 04:45:00+00:00,0.77247,0.77255,0.77232,0.77249
2026-02-23 05:00:00+00:00,0.77248,0.77284,0.77248,0.77278
2026-02-23 05:15:00+00:00,0.77279,0.77291,0.77277,0.77283
2026-02-23 05:30:00+00:00,0.77283,0.77284,0.77256,0.77273
2026-02-23 05:45:00+00:00,0.77271,0.77278,0.7725,0.77262
2026-02-23 06:00:00+00:00,0.7726,0.7728,0.77208,0.77213
2026-02-23 06:15:00+00:00,0.77213,0.77215,0.77168,0.77168
2026-02-23 06:30:00+00:00,0.77169,0.77214,0.77169,0.77208
2026-02-23 06:45:00+00:00,0.77208,0.77258,0.77193,0.77254
2026-02-23 07:00:00+00:00,0.77253,0.77278,0.77232,0.77255
2026-02-23 07:15:00+00:00,0.77255,0.77272,0.77245,0.77254
2026-02-23 07:30:00+00:00,0.77255,0.77288,0.77248,0.77248
2026-02-23 07:45:00+00:00,0.77249,0.77255,0.77222,0.77229
2026-02-23 08:00:00+00:00,0.77227,0.77277,0.77209,0.77242
2026-02-23 08:15:00+00:00,0.77241,0.77279,0.77233,0.77272
2026-02-23 08:30:00+00:00,0.77274,0.77329,0.77272,0.77328
2026-02-23 08:45:00+00:00,0.77327,0.77389,0.77327,0.7735
2026-02-23 09:00:00+00:00,0.77347,0.77365,0.77346,0.77365
2026-02-23 09:15:00+00:00,0.77365,0.77422,0.77365,0.77382
2026-02-23 09:30:00+00:00,0.77382,0.77396,0.77362,0.77395
2026-02-23 09:45:00+00:00,0.77396,0.77442,0.77374,0.77431
2026-02-23 10:00:00+00:00,0.7743,0.77464,0.77425,0.77463
2026-02-23 10:15:00+00:00,0.77463,0.7751,0.77459,0.77495
2026-02-23 10:30:00+00:00,0.77494,0.77494,0.7746,0.77487
2026-02-23 10:45:00+00:00,0.77487,0.77489,0.7746,0.77476
2026-02-23 11:00:00+00:00,0.77474,0.77562,0.77474,0.77561
2026-02-23 11:15:00+00:00,0.77559,0.77579,0.77546,0.77579
2026-02-23 11:30:00+00:00,0.77582,0.77634,0.77578,0.77617
2026-02-23 11:45:00+00:00,0.77617,0.77637,0.77613,0.77622
2026-02-23 12:00:00+00:00,0.77619,0.77648,0.77619,0.77631
2026-02-23 12:15:00+00:00,0.7763,0.77677,0.77625,0.77669
2026-02-23 12:30:00+00:00,0.77668,0.77669,0.77625,0.77646
2026-02-23 12:45:00+00:00,0.77646,0.77655,0.77606,0.7763
2026-02-23 13:00:00+00:00,0.77629,0.77649,0.77603,0.77603
2026-02-23 13:15:00+00:00,0.77602,0.77604,0.7753,0.77539
2026-02-23 13:30:00+00:00,0.77538,0.77538,0.77479,0.77485
2026-02-23 13:45:00+00:00,0.77486,0.77534,0.77485,0.77516
2026-02-23 14:00:00+00:00,0.77517,0.77518,0.77473,0.77488
2026-02-23 14:15:00+00:00,0.77488,0.77527,0.77461,0.77511
2026-02-23 14:30:00+00:00,0.7751,0.77512,0.77433,0.77439
2026-02-23 14:45:00+00:00,0.77438,0.77442,0.77378,0.77384
2026-02-23 15:00:00+00:00,0.77384,0.77395,0.7734,0.7736
2026-02-23 15:15:00+00:00,0.7736,0.77377,0.77333,0.77344
2026-02-23 15:30:00+00:00,0.77342,0.77397,0.77337,0.7736
2026-02-23 15:45:00+00:00,0.77363,0.77423,0.77359,0.77411
2026-02-23 16:00:00+00:00,0.77409,0.77461,0.77401,0.77411
2026-02-23 16:15:00+00:00,0.77409,0.77424,0.77373,0.77388
2026-02-23 16:30:00+00:00,0.77387,0.77411,0.77372,0.77377
2026-02-23 16:45:00+00:00,0.77377,0.77385,0.77347,0.77358
2026-02-23 17:00:00+00:00,0.77358,0.77368,0.77328,0.77367
2026-02-23 17:15:00+00:00,0.77366,0.77404,0.77358,0.774
2026-02-23 17:30:00+00:00,0.77398,0.77425,0.77398,0.77407
2026-02-23 17:45:00+00:00,0.77407,0.77412,0.77373,0.77385
2026-02-23 18:00:00+00:00,0.77385,0.77422,0.7738,0.77421
2026-02-23 18:15:00+00:00,0.7742,0.77437,0.77414,0.77431
2026-02-23 18:30:00+00:00,0.7743,0.77432,0.77377,0.77407
2026-02-23 18:45:00+00:00,0.77407,0.77418,0.77387,0.77394
2026-02-23 19:00:00+00:00,0.77395,0.77411,0.77373,0.77383
2026-02-23 19:15:00+00:00,0.77382,0.77427,0.77376,0.77421
2026-02-23 19:30:00+00:00,0.77419,0.77464,0.77414,0.77458
2026-02-23 19:45:00+00:00,0.77458,0.77461,0.77424,0.77437
2026-02-23 20:00:00+00:00,0.77438,0.77442,0.77419,0.77431
2026-02-23 20:15:00+00:00,0.7743,0.77457,0.77426,0.77433
2026-02-23 20:30:00+00:00,0.77432,0.77445,0.77425,0.7744
2026-02-23 20:45:00+00:00,0.7744,0.77452,0.77433,0.7744
2026-02-23 21:00:00+00:00,0.7744,0.77443,0.77411,0.77431
2026-02-23 21:15:00+00:00,0.77431,0.77455,0.7743,0.77446
2026-02-23 21:30:00+00:00,0.77444,0.7745,0.77429,0.77444
2026-02-23 21:45:00+00:00,0.77443,0.77481,0.7744,0.77478
2026-02-23 22:00:00+00:00,0.77478,0.7751,0.77463,0.77467
2026-02-23 22:15:00+00:00,0.77467,0.77471,0.77453,0.77464
2026-02-23 22:30:00+00:00,0.77463,0.77466,0.77452,0.77455
2026-02-23 22:45:00+00:00,0.77454,0.77471,0.77446,0.77467
2026-02-23 23:00:00+00:00,0.77467,0.77472,0.77437,0.77441
2026-02-23 23:15:00+00:00,0.77441,0.77455,0.77438,0.77455
2026-02-23 23:30:00+00:00,0.77454,0.77457,0.77429,0.7743
2026-02-23 23:45:00+00:00,0.77429,0.77434,0.77421,0.77432
2026-02-24 00:00:00+00:00,0.77432,0.77452,0.7743,0.77442
2026-02-24 00:15:00+00:00,0.77443,0.77448,0.77434,0.77448
2026-02-24 00:30:00+00:00,0.77447,0.77449,0.77424,0.77433
2026-02-24 00:45:00+00:00,0.77431,0.77468,0.77428,0.77466
2026-02-24 01:00:00+00:00,0.77468,0.77534,0.77465,0.7753
2026-02-24 01:15:00+00:00,0.77531,0.77605,0.77526,0.77599
2026-02-24 01:30:00+00:00,0.77597,0.77611,0.77556,0.77558
2026-02-24 01:45:00+00:00,0.77557,0.77567,0.77532,0.77567
2026-02-24 02:00:00+00:00,0.77564,0.77568,0.7752,0.77535
2026-02-24 02:15:00+00:00,0.77536,0.77558,0.77534,0.77536
2026-02-24 02:30:00+00:00,0.77536,0.77549,0.77519,0.77532
2026-02-24 02:45:00+00:00,0.77529,0.77546,0.77515,0.77532
2026-02-24 03:00:00+00:00,0.77531,0.7754,0.77514,0.77528
2026-02-24 03:15:00+00:00,0.7753,0.77587,0.77527,0.77577
2026-02-24 03:30:00+00:00,0.77576,0.77591,0.77553,0.77568
2026-02-24 03:45:00+00:00,0.77566,0.77598,0.77564,0.77598
2026-02-24 04:00:00+00:00,0.77597,0.77601,0.77588,0.77598
2026-02-24 04:15:00+00:00,0.77598,0.7764,0.77594,0.7764
2026-02-24 04:30:00+00:00,0.7764,0.77657,0.77634,0.77653
2026-02-24 04:45:00+00:00,0.77652,0.77659,0.7764,0.77657
2026-02-24 05:00:00+00:00,0.77655,0.7766,0.77634,0.7764
2026-02-24 05:15:00+00:00,0.77641,0.77652,0.77637,0.77646
2026-02-24 05:30:00+00:00,0.77646,0.77648,0.77621,0.77637
2026-02-24 05:45:00+00:00,0.77635,0.77647,0.77546,0.7756
2026-02-24 06:00:00+00:00,0.77559,0.77581,0.77554,0.77577
2026-02-24 06:15:00+00:00,0.77577,0.77579,0.77562,0.77564
2026-02-24 06:30:00+00:00,0.77564,0.77572,0.77526,0.77554
2026-02-24 06:45:00+00:00,0.77553,0.77564,0.7755,0.77555
2026-02-24 07:00:00+00:00,0.77552,0.7765,0.77552,0.77641
2026-02-24 07:15:00+00:00,0.77638,0.77642,0.77583,0.77598
2026-02-24 07:30:00+00:00,0.77598,0.77599,0.77538,0.77556
2026-02-24 07:45:00+00:00,0.77554,0.77591,0.77547,0.77559
2026-02-24 08:00:00+00:00,0.77557,0.77578,0.77529,0.77535
2026-02-24 08:15:00+00:00,0.77535,0.77536,0.7746,0.77467
2026-02-24 08:30:00+00:00,0.77466,0.77469,0.77423,0.77423
2026-02-24 08:45:00+00:00,0.77422,0.77466,0.774,0.77455
2026-02-24 09:00:00+00:00,0.77452,0.77473,0.7742,0.7743
2026-02-24 09:15:00+00:00,0.7743,0.77468,0.77395,0.77412
2026-02-24 09:30:00+00:00,0.77411,0.77429,0.77374,0.77418
2026-02-24 09:45:00+00:00,0.77418,0.77419,0.77388,0.77393
2026-02-24 10:00:00+00:00,0.77391,0.77411,0.77389,0.77408
2026-02-24 10:15:00+00:00,0.77407,0.77414,0.77371,0.77375
2026-02-24 10:30:00+00:00,0.77375,0.77381,0.77323,0.77343
2026-02-24 10:45:00+00:00,0.77343,0.77373,0.7732,0.77361
2026-02-24 11:00:00+00:00,0.77359,0.77394,0.77359,0.77369
2026-02-24 11:15:00+00:00,0.77367,0.77386,0.77351,0.77372
2026-02-24 11:30:00+00:00,0.77372,0.77394,0.77367,0.77391
2026-02-24 11:45:00+00:00,0.77392,0.77401,0.77358,0.77373
2026-02-24 12:00:00+00:00,0.77371,0.77442,0.77363,0.77433
2026-02-24 12:15:00+00:00,0.77431,0.77457,0.77426,0.77449
2026-02-24 12:30:00+00:00,0.77451,0.77464,0.77432,0.77452
2026-02-24 12:45:00+00:00,0.77452,0.7747,0.77414,0.77421
2026-02-24 13:00:00+00:00,0.77419,0.77452,0.77414,0.7743
2026-02-24 13:15:00+00:00,0.77429,0.77459,0.77423,0.77434
2026-02-24 13:30:00+00:00,0.77435,0.77461,0.77424,0.7745
2026-02-24 13:45:00+00:00,0.77452,0.77494,0.77438,0.77475
2026-02-24 14:00:00+00:00,0.77474,0.77512,0.77443,0.77503
2026-02-24 14:15:00+00:00,0.77501,0.77504,0.77446,0.77451
2026-02-24 14:30:00+00:00,0.77451,0.77468,0.77413,0.77463
2026-02-24 14:45:00+00:00,0.77465,0.77492,0.77426,0.77439
2026-02-24 15:00:00+00:00,0.77438,0.77489,0.77437,0.7746
2026-02-24 15:15:00+00:00,0.77457,0.77493,0.77457,0.77482
2026-02-24 15:30:00+00:00,0.77481,0.77488,0.77397,0.77454
2026-02-24 15:45:00+00:00,0.77457,0.7748,0.77436,0.77478
2026-02-24 16:00:00+00:00,0.77477,0.77479,0.77377,0.77385
2026-02-24 16:15:00+00:00,0.77385,0.77386,0.77354,0.7736
2026-02-24 16:30:00+00:00,0.77359,0.77392,0.77353,0.77357
2026-02-24 16:45:00+00:00,0.77357,0.77362,0.77337,0.77348
2026-02-24 17:00:00+00:00,0.77348,0.77372,0.77347,0.77362
2026-02-24 17:15:00+00:00,0.7736,0.77397,0.77356,0.77377
2026-02-24 17:30:00+00:00,0.77375,0.77397,0.77345,0.77351
2026-02-24 17:45:00+00:00,0.7735,0.77358,0.7733,0.77336
2026-02-24 18:00:00+00:00,0.77337,0.7735,0.77334,0.77337
2026-02-24 18:15:00+00:00,0.77334,0.77352,0.77314,0.77321
2026-02-24 18:30:00+00:00,0.77319,0.77376,0.77317,0.77356
2026-02-24 18:45:00+00:00,0.77357,0.77375,0.77345,0.77369
2026-02-24 19:00:00+00:00,0.7737,0.77388,0.77342,0.77342
2026-02-24 19:15:00+00:00,0.77342,0.77376,0.77325,0.77341
2026-02-24 19:30:00+00:00,0.77341,0.77351,0.77311,0.77315
2026-02-24 19:45:00+00:00,0.77317,0.77358,0.77311,0.77351
2026-02-24 20:00:00+00:00,0.77352,0.7737,0.77349,0.77354
2026-02-24 20:15:00+00:00,0.77353,0.77377,0.77336,0.7735
2026-02-24 20:30:00+00:00,0.77348,0.77352,0.77318,0.77335
2026-02-24 20:45:00+00:00,0.77335,0.77381,0.77329,0.77381
2026-02-24 21:00:00+00:00,0.77383,0.774,0.77371,0.774
2026-02-24 21:15:00+00:00,0.77399,0.77418,0.77394,0.77411
2026-02-24 21:30:00+00:00,0.7741,0.77421,0.77401,0.77409
2026-02-24 21:45:00+00:00,0.77408,0.77419,0.77401,0.77405
2026-02-24 22:00:00+00:00,0.77405,0.77434,0.77388,0.77394
2026-02-24 22:15:00+00:00,0.77394,0.77426,0.77389,0.77414
2026-02-24 22:30:00+00:00,0.77413,0.77416,0.77388,0.77396
2026-02-24 22:45:00+00:00,0.77395,0.77401,0.77382,0.77395
2026-02-24 23:00:00+00:00,0.77396,0.77405,0.77391,0.77395
2026-02-24 23:15:00+00:00,0.77395,0.77398,0.77387,0.7739
2026-02-24 23:30:00+00:00,0.77389,0.77397,0.77379,0.77389
2026-02-24 23:45:00+00:00,0.77388,0.7739,0.77376,0.77389
2026-02-25 00:00:00+00:00,0.77389,0.77409,0.77374,0.77377
2026-02-25 00:15:00+00:00,0.77378,0.77383,0.77364,0.77381
2026-02-25 00:30:00+00:00,0.7738,0.77383,0.77357,0.7738
2026-02-25 00:45:00+00:00,0.77379,0.77389,0.77342,0.77343
2026-02-25 01:00:00+00:00,0.77344,0.77377,0.77342,0.77368
2026-02-25 01:15:00+00:00,0.77368,0.77371,0.77349,0.77368
2026-02-25 01:30:00+00:00,0.77367,0.77372,0.7733,0.77351
2026-02-25 01:45:00+00:00,0.77349,0.77363,0.77344,0.77358
2026-02-25 02:00:00+00:00,0.77357,0.7736,0.77312,0.77317
2026-02-25 02:15:00+00:00,0.77317,0.77322,0.77307,0.7731
2026-02-25 02:30:00+00:00,0.77309,0.7732,0.77277,0.77312
2026-02-25 02:45:00+00:00,0.77311,0.77314,0.7727,0.77284
2026-02-25 03:00:00+00:00,0.77283,0.77325,0.77273,0.77325
2026-02-25 03:15:00+00:00,0.77327,0.77341,0.7731,0.77327
2026-02-25 03:30:00+00:00,0.77328,0.77333,0.77277,0.77318
2026-02-25 03:45:00+00:00,0.77314,0.77328,0.77303,0.77308
2026-02-25 04:00:00+00:00,0.77307,0.77329,0.77304,0.77325
2026-02-25 04:15:00+00:00,0.77325,0.77329,0.77297,0.77298
2026-02-25 04:30:00+00:00,0.77298,0.7732,0.7729,0.77307
2026-02-25 04:45:00+00:00,0.77306,0.77313,0.77277,0.77284
2026-02-25 05:00:00+00:00,0.77283,0.77285,0.77252,0.77256
2026-02-25 05:15:00+00:00,0.77256,0.77259,0.77241,0.77247
2026-02-25 05:30:00+00:00,0.77247,0.77248,0.77192,0.77205
2026-02-25 05:45:00+00:00,0.77203,0.77223,0.77198,0.77223
2026-02-25 06:00:00+00:00,0.77221,0.7725,0.77218,0.77226
2026-02-25 06:15:00+00:00,0.77226,0.77251,0.77218,0.77228
2026-02-25 06:30:00+00:00,0.77228,0.77269,0.77227,0.77264
2026-02-25 06:45:00+00:00,0.77262,0.7727,0.77244,0.77252
2026-02-25 07:00:00+00:00,0.7725,0.77266,0.77247,0.77266
2026-02-25 07:15:00+00:00,0.77266,0.773,0.77259,0.77273
2026-02-25 07:30:00+00:00,0.77274,0.77307,0.77273,0.77291
2026-02-25 07:45:00+00:00,0.7729,0.77311,0.77261,0.77297
2026-02-25 08:00:00+00:00,0.77296,0.77329,0.77286,0.77326
2026-02-25 08:15:00+00:00,0.77325,0.77355,0.773,0.7735
2026-02-25 08:30:00+00:00,0.7735,0.77358,0.77341,0.77354
2026-02-25 08:45:00+00:00,0.77353,0.77391,0.77348,0.77389
2026-02-25 09:00:00+00:00,0.77385,0.77413,0.77384,0.77408
2026-02-25 09:15:00+00:00,0.77408,0.77426,0.77387,0.77407
2026-02-25 09:30:00+00:00,0.77408,0.77412,0.77381,0.77402
2026-02-25 09:45:00+00:00,0.77401,0.77431,0.7739,0.77416
2026-02-25 10:00:00+00:00,0.77415,0.77449,0.77407,0.77431
2026-02-25 10:15:00+00:00,0.7743,0.77467,0.77425,0.77463
2026-02-25 10:30:00+00:00,0.77465,0.77478,0.77455,0.77456
2026-02-25 10:45:00+00:00,0.77456,0.77471,0.77455,0.77462
2026-02-25 11:00:00+00:00,0.77459,0.77508,0.77459,0.77494
2026-02-25 11:15:00+00:00,0.77492,0.7756,0.77491,0.7756
2026-02-25 11:30:00+00:00,0.77561,0.77575,0.77553,0.77565
2026-02-25 11:45:00+00:00,0.77566,0.7757,0.77547,0.77558
2026-02-25 12:00:00+00:00,0.77557,0.77559,0.77475,0.7749
2026-02-25 12:15:00+00:00,0.77488,0.77505,0.77471,0.77485
2026-02-25 12:30:00+00:00,0.77487,0.7751,0.77467,0.77468
2026-02-25 12:45:00+00:00,0.77468,0.77483,0.77443,0.77459
2026-02-25 13:00:00+00:00,0.77457,0.77482,0.77428,0.77432
2026-02-25 13:15:00+00:00,0.7743,0.7745,0.77418,0.77447
2026-02-25 13:30:00+00:00,0.77448,0.77468,0.77422,0.77428
2026-02-25 13:45:00+00:00,0.77428,0.77501,0.77423,0.77498
2026-02-25 14:00:00+00:00,0.77498,0.77507,0.77472,0.77493
2026-02-25 14:15:00+00:00,0.77491,0.77494,0.7742,0.77425
2026-02-25 14:30:00+00:00,0.77422,0.77429,0.77358,0.77361
2026-02-25 14:45:00+00:00,0.77359,0.77365,0.77326,0.77362
2026-02-25 15:00:00+00:00,0.77362,0.77376,0.77269,0.77269
2026-02-25 15:15:00+00:00,0.77268,0.7734,0.77254,0.77337
2026-02-25 15:30:00+00:00,0.77336,0.77357,0.77322,0.77342
2026-02-25 15:45:00+00:00,0.77343,0.77363,0.7729,0.77334
2026-02-25 16:00:00+00:00,0.77333,0.77334,0.77263,0.77269
2026-02-25 16:15:00+00:00,0.77266,0.77291,0.77262,0.77288
2026-02-25 16:30:00+00:00,0.77287,0.77294,0.77269,0.77294
2026-02-25 16:45:00+00:00,0.77295,0.77316,0.77255,0.77286
2026-02-25 17:00:00+00:00,0.77286,0.77295,0.77234,0.77234
2026-02-25 17:15:00+00:00,0.77233,0.77247,0.77223,0.77241
2026-02-25 17:30:00+00:00,0.7724,0.77243,0.77193,0.77199
2026-02-25 17:45:00+00:00,0.772,0.77253,0.77199,0.77248
2026-02-25 18:00:00+00:00,0.77248,0.77266,0.77229,0.77265
2026-02-25 18:15:00+00:00,0.77265,0.77274,0.77246,0.77265
2026-02-25 18:30:00+00:00,0.77264,0.77266,0.77244,0.77254
2026-02-25 18:45:00+00:00,0.77255,0.77281,0.77249,0.7728
2026-02-25 19:00:00+00:00,0.77281,0.77293,0.77257,0.7726
2026-02-25 19:15:00+00:00,0.77258,0.77299,0.77258,0.77299
2026-02-25 19:30:00+00:00,0.77297,0.77308,0.77293,0.77297
2026-02-25 19:45:00+00:00,0.77295,0.77297,0.77279,0.77283
2026-02-25 20:00:00+00:00,0.77285,0.77299,0.77274,0.77292
2026-02-25 20:15:00+00:00,0.77291,0.77303,0.77276,0.77299
2026-02-25 20:30:00+00:00,0.77298,0.77301,0.77273,0.77291
2026-02-25 20:45:00+00:00,0.7729,0.77305,0.77282,0.77297
2026-02-25 21:00:00+00:00,0.77298,0.77307,0.77288,0.77304
2026-02-25 21:15:00+00:00,0.77304,0.77322,0.77304,0.77315
2026-02-25 21:30:00+00:00,0.77315,0.77317,0.77285,0.77286
2026-02-25 21:45:00+00:00,0.77285,0.77307,0.77266,0.77269
2026-02-25 22:00:00+00:00,0.77267,0.77274,0.77209,0.77245
2026-02-25 22:15:00+00:00,0.77245,0.77286,0.77243,0.77275
2026-02-25 22:30:00+00:00,0.77273,0.77285,0.77262,0.77276
2026-02-25 22:45:00+00:00,0.77275,0.7728,0.77242,0.77254
2026-02-25 23:00:00+00:00,0.77253,0.77268,0.77237,0.77254
2026-02-25 23:15:00+00:00,0.77254,0.7727,0.77246,0.77252
2026-02-25 23:30:00+00:00,0.7725,0.77259,0.7723,0.77237
2026-02-25 23:45:00+00:00,0.77235,0.77239,0.77216,0.77217
2026-02-26 00:00:00+00:00,0.77218,0.77242,0.77217,0.77238
2026-02-26 00:15:00+00:00,0.77238,0.77241,0.77211,0.77224
2026-02-26 00:30:00+00:00,0.77222,0.77255,0.77197,0.77198
2026-02-26 00:45:00+00:00,0.77196,0.7721,0.77178,0.77192
2026-02-26 01:00:00+00:00,0.77191,0.77204,0.77165,0.77188
2026-02-26 01:15:00+00:00,0.77189,0.77192,0.77111,0.77146
2026-02-26 01:30:00+00:00,0.77144,0.7716,0.77122,0.77128
2026-02-26 01:45:00+00:00,0.77127,0.77132,0.77108,0.77122
2026-02-26 02:00:00+00:00,0.77121,0.77137,0.77111,0.77121
2026-02-26 02:15:00+00:00,0.77121,0.77171,0.77116,0.77169
2026-02-26 02:30:00+00:00,0.77168,0.77215,0.77158,0.77209
2026-02-26 02:45:00+00:00,0.77207,0.77211,0.77195,0.77202
2026-02-26 03:00:00+00:00,0.772,0.77202,0.77168,0.7718
2026-02-26 03:15:00+00:00,0.7718,0.77191,0.7717,0.77191
2026-02-26 03:30:00+00:00,0.77191,0.77213,0.77179,0.77212
2026-02-26 03:45:00+00:00,0.7721,0.77227,0.77207,0.77211
2026-02-26 04:00:00+00:00,0.7721,0.7725,0.77208,0.77239
2026-02-26 04:15:00+00:00,0.77241,0.77252,0.77235,0.77244
2026-02-26 04:30:00+00:00,0.77244,0.77251,0.77221,0.77221
2026-02-26 04:45:00+00:00,0.7722,0.77233,0.7721,0.7721
2026-02-26 05:00:00+00:00,0.77209,0.77224,0.77204,0.77213
2026-02-26 05:15:00+00:00,0.77212,0.77213,0.7719,0.77206
2026-02-26 05:30:00+00:00,0.77207,0.77222,0.77203,0.77208
2026-02-26 05:45:00+00:00,0.77207,0.7721,0.77179,0.77206
2026-02-26 06:00:00+00:00,0.77205,0.77218,0.77186,0.77188
2026-02-26 06:15:00+00:00,0.77188,0.77224,0.77186,0.7722
2026-02-26 06:30:00+00:00,0.77221,0.77222,0.77187,0.77187
2026-02-26 06:45:00+00:00,0.77186,0.772,0.77169,0.772
2026-02-26 07:00:00+00:00,0.77197,0.77257,0.77197,0.7723
2026-02-26 07:15:00+00:00,0.77229,0.77243,0.77205,0.77243
2026-02-26 07:30:00+00:00,0.77243,0.77244,0.77215,0.77215
2026-02-26 07:45:00+00:00,0.77215,0.77224,0.77179,0.77181
2026-02-26 08:00:00+00:00,0.77178,0.77288,0.77178,0.77288
2026-02-26 08:15:00+00:00,0.77288,0.77338,0.77268,0.77332
2026-02-26 08:30:00+00:00,0.77332,0.77335,0.77296,0.77296
2026-02-26 08:45:00+00:00,0.77296,0.77325,0.77291,0.77321
2026-02-26 09:00:00+00:00,0.77318,0.7735,0.77301,0.7734
2026-02-26 09:15:00+00:00,0.77339,0.77373,0.77338,0.77359
2026-02-26 09:30:00+00:00,0.77361,0.77399,0.77355,0.77399
2026-02-26 09:45:00+00:00,0.77399,0.77425,0.77387,0.77395
2026-02-26 10:00:00+00:00,0.77393,0.77446,0.77391,0.77437
2026-02-26 10:15:00+00:00,0.77436,0.77465,0.77416,0.77458
2026-02-26 10:30:00+00:00,0.77458,0.77483,0.77456,0.77473
2026-02-26 10:45:00+00:00,0.77473,0.77494,0.77464,0.77464
2026-02-26 11:00:00+00:00,0.77463,0.77466,0.77443,0.77443
2026-02-26 11:15:00+00:00,0.77442,0.77483,0.7744,0.77483
2026-02-26 11:30:00+00:00,0.77485,0.77536,0.77473,0.77536
2026-02-26 11:45:00+00:00,0.77536,0.77536,0.77518,0.77523
2026-02-26 12:00:00+00:00,0.77521,0.77527,0.77462,0.77474
2026-02-26 12:15:00+00:00,0.77473,0.77475,0.77443,0.77454
2026-02-26 12:30:00+00:00,0.77453,0.77472,0.7744,0.77443
2026-02-26 12:45:00+00:00,0.77444,0.77452,0.77424,0.77428
2026-02-26 13:00:00+00:00,0.77428,0.7743,0.7737,0.77382
2026-02-26 13:15:00+00:00,0.77381,0.77408,0.77372,0.77408
2026-02-26 13:30:00+00:00,0.77408,0.77456,0.77392,0.77447
2026-02-26 13:45:00+00:00,0.77447,0.77448,0.77411,0.7742
2026-02-26 14:00:00+00:00,0.77419,0.77433,0.77396,0.77408
2026-02-26 14:15:00+00:00,0.77407,0.77425,0.77397,0.77408
2026-02-26 14:30:00+00:00,0.77407,0.77416,0.77341,0.7736
2026-02-26 14:45:00+00:00,0.77359,0.7738,0.77324,0.7736
2026-02-26 15:00:00+00:00,0.7736,0.77374,0.77339,0.77366
2026-02-26 15:15:00+00:00,0.77363,0.77476,0.77363,0.77468
2026-02-26 15:30:00+00:00,0.77467,0.77481,0.77432,0.77442
2026-02-26 15:45:00+00:00,0.77442,0.77443,0.77376,0.77376
2026-02-26 16:00:00+00:00,0.77376,0.77453,0.77375,0.77443
2026-02-26 16:15:00+00:00,0.77441,0.77451,0.77397,0.77397
2026-02-26 16:30:00+00:00,0.77395,0.77439,0.77395,0.77425
2026-02-26 16:45:00+00:00,0.77428,0.77451,0.77382,0.77391
2026-02-26 17:00:00+00:00,0.77391,0.77412,0.77363,0.77398
2026-02-26 17:15:00+00:00,0.77397,0.77473,0.77393,0.77471
2026-02-26 17:30:00+00:00,0.77469,0.77492,0.77464,0.77482
2026-02-26 17:45:00+00:00,0.77482,0.77523,0.77478,0.77515
2026-02-26 18:00:00+00:00,0.77514,0.77518,0.77488,0.77502
2026-02-26 18:15:00+00:00,0.77502,0.77511,0.7749,0.775
2026-02-26 18:30:00+00:00,0.77499,0.7751,0.77457,0.77458
2026-02-26 18:45:00+00:00,0.77459,0.77509,0.77457,0.77488
2026-02-26 19:00:00+00:00,0.77488,0.77492,0.77468,0.77482
2026-02-26 19:15:00+00:00,0.77482,0.77484,0.77451,0.77451
2026-02-26 19:30:00+00:00,0.77449,0.77459,0.77429,0.77438
2026-02-26 19:45:00+00:00,0.77437,0.77441,0.77401,0.77402
2026-02-26 20:00:00+00:00,0.77402,0.77412,0.77388,0.77394
2026-02-26 20:15:00+00:00,0.77393,0.77408,0.77391,0.774
2026-02-26 20:30:00+00:00,0.77398,0.77401,0.77376,0.77378
2026-02-26 20:45:00+00:00,0.77377,0.77401,0.77376,0.77387
2026-02-26 21:00:00+00:00,0.77389,0.77409,0.77382,0.774
2026-02-26 21:15:00+00:00,0.774,0.77414,0.77396,0.77414
2026-02-26 21:30:00+00:00,0.77413,0.77417,0.77406,0.77411
2026-02-26 21:45:00+00:00,0.7741,0.77424,0.77397,0.77408
2026-02-26 22:00:00+00:00,0.77409,0.77478,0.77398,0.7745
2026-02-26 22:15:00+00:00,0.7745,0.77454,0.77368,0.774
2026-02-26 22:30:00+00:00,0.77398,0.77402,0.77371,0.77384
2026-02-26 22:45:00+00:00,0.77383,0.77398,0.77381,0.77394
2026-02-26 23:00:00+00:00,0.77395,0.77398,0.77378,0.77384
2026-02-26 23:15:00+00:00,0.77384,0.77387,0.77366,0.77376
2026-02-26 23:30:00+00:00,0.77375,0.77378,0.77355,0.77359
2026-02-26 23:45:00+00:00,0.77357,0.7736,0.77327,0.77328
2026-02-27 00:00:00+00:00,0.77328,0.77341,0.77322,0.77329
2026-02-27 00:15:00+00:00,0.77329,0.77336,0.77301,0.77311
2026-02-27 00:30:00+00:00,0.7731,0.77336,0.77305,0.7733
2026-02-27 00:45:00+00:00,0.77327,0.77358,0.77323,0.77336
2026-02-27 01:00:00+00:00,0.77337,0.77352,0.77312,0.77323
2026-02-27 01:15:00+00:00,0.77324,0.77363,0.77322,0.77351
2026-02-27 01:30:00+00:00,0.77349,0.77357,0.77332,0.77348
2026-02-27 01:45:00+00:00,0.77345,0.7739,0.77345,0.7739
2026-02-27 02:00:00+00:00,0.77389,0.7739,0.77365,0.77369
2026-02-27 02:15:00+00:00,0.77369,0.77385,0.77366,0.77384
2026-02-27 02:30:00+00:00,0.77384,0.77385,0.77335,0.77348
2026-02-27 02:45:00+00:00,0.77346,0.77349,0.77326,0.77329
2026-02-27 03:00:00+00:00,0.77328,0.77335,0.77322,0.7733
2026-02-27 03:15:00+00:00,0.77331,0.77332,0.77292,0.77293
2026-02-27 03:30:00+00:00,0.77293,0.77312,0.77293,0.77312
2026-02-27 03:45:00+00:00,0.7731,0.77313,0.77289,0.77311
2026-02-27 04:00:00+00:00,0.7731,0.77313,0.77301,0.77313
2026-02-27 04:15:00+00:00,0.77313,0.77321,0.77285,0.77287
2026-02-27 04:30:00+00:00,0.77287,0.77296,0.77249,0.77255
2026-02-27 04:45:00+00:00,0.77253,0.7727,0.7725,0.77267
2026-02-27 05:00:00+00:00,0.77265,0.77289,0.7726,0.77281
2026-02-27 05:15:00+00:00,0.77282,0.77295,0.77279,0.77285
2026-02-27 05:30:00+00:00,0.77285,0.7731,0.77282,0.77307
2026-02-27 05:45:00+00:00,0.77306,0.77309,0.7728,0.77296
2026-02-27 06:00:00+00:00,0.77294,0.77297,0.77255,0.77268
2026-02-27 06:15:00+00:00,0.77268,0.77297,0.77267,0.7729
2026-02-27 06:30:00+00:00,0.77291,0.77325,0.7729,0.77292
2026-02-27 06:45:00+00:00,0.77292,0.77308,0.77283,0.77307
2026-02-27 07:00:00+00:00,0.77304,0.77368,0.77304,0.77364
2026-02-27 07:15:00+00:00,0.77365,0.77379,0.77312,0.77335
2026-02-27 07:30:00+00:00,0.77336,0.77349,0.77322,0.77322
2026-02-27 07:45:00+00:00,0.77325,0.77332,0.77277,0.77307
2026-02-27 08:00:00+00:00,0.77308,0.77309,0.7723,0.77252
2026-02-27 08:15:00+00:00,0.77252,0.77262,0.7723,0.77234
2026-02-27 08:30:00+00:00,0.77236,0.77305,0.77233,0.77304
2026-02-27 08:45:00+00:00,0.77304,0.77314,0.77292,0.7731
2026-02-27 09:00:00+00:00,0.77309,0.77312,0.77284,0.77304
2026-02-27 09:15:00+00:00,0.77303,0.77309,0.77266,0.77268
2026-02-27 09:30:00+00:00,0.77269,0.77294,0.77266,0.7728
2026-02-27 09:45:00+00:00,0.7728,0.77309,0.77257,0.77307
2026-02-27 10:00:00+00:00,0.77308,0.7731,0.77268,0.77268
2026-02-27 10:15:00+00:00,0.77267,0.77276,0.77223,0.77229
2026-02-27 10:30:00+00:00,0.77227,0.7725,0.77212,0.77242
2026-02-27 10:45:00+00:00,0.77242,0.77297,0.7724,0.77281
2026-02-27 11:00:00+00:00,0.77279,0.773,0.77253,0.7726
2026-02-27 11:15:00+00:00,0.77259,0.77276,0.77248,0.77253
2026-02-27 11:30:00+00:00,0.77253,0.77274,0.77243,0.77267
2026-02-27 11:45:00+00:00,0.77267,0.77273,0.7722,0.77221
2026-02-27 12:00:00+00:00,0.77219,0.77223,0.77178,0.77186
2026-02-27 12:15:00+00:00,0.77184,0.77189,0.77171,0.7718
2026-02-27 12:30:00+00:00,0.77178,0.77197,0.77165,0.77178
2026-02-27 12:45:00+00:00,0.77181,0.77219,0.77159,0.77172
2026-02-27 13:00:00+00:00,0.77171,0.77186,0.77113,0.77123
2026-02-27 13:15:00+00:00,0.77121,0.77128,0.77008,0.77014
2026-02-27 13:30:00+00:00,0.77017,0.7709,0.77004,0.77075
2026-02-27 13:45:00+00:00,0.77075,0.77087,0.77023,0.77041
2026-02-27 14:00:00+00:00,0.77039,0.77049,0.76934,0.76948
2026-02-27 14:15:00+00:00,0.76947,0.7695,0.76919,0.76924
2026-02-27 14:30:00+00:00,0.76926,0.76964,0.76833,0.7684
2026-02-27 14:45:00+00:00,0.76842,0.76911,0.76839,0.76881
2026-02-27 15:00:00+00:00,0.76881,0.76896,0.76821,0.76844
2026-02-27 15:15:00+00:00,0.76843,0.76845,0.76773,0.76789
2026-02-27 15:30:00+00:00,0.76787,0.76804,0.76724,0.7677
2026-02-27 15:45:00+00:00,0.7677,0.76898,0.76765,0.76893
2026-02-27 16:00:00+00:00,0.76893,0.76916,0.76854,0.7689
2026-02-27 16:15:00+00:00,0.76891,0.76902,0.76862,0.76893
2026-02-27 16:30:00+00:00,0.76892,0.76894,0.76857,0.76894
2026-02-27 16:45:00+00:00,0.76894,0.76903,0.7687,0.76877
2026-02-27 17:00:00+00:00,0.76877,0.76905,0.76865,0.76901
2026-02-27 17:15:00+00:00,0.76899,0.76916,0.7687,0.76877
2026-02-27 17:30:00+00:00,0.76876,0.76892,0.76837,0.76852
2026-02-27 17:45:00+00:00,0.76853,0.769,0.76852,0.76881
2026-02-27 18:00:00+00:00,0.76882,0.76902,0.76881,0.76899
2026-02-27 18:15:00+00:00,0.76898,0.76901,0.76866,0.76876
2026-02-27 18:30:00+00:00,0.76875,0.76877,0.76846,0.76848
2026-02-27 18:45:00+00:00,0.76847,0.76851,0.76807,0.76807
2026-02-27 19:00:00+00:00,0.76807,0.76814,0.76787,0.76802
2026-02-27 19:15:00+00:00,0.768,0.76813,0.76771,0.76781
2026-02-27 19:30:00+00:00,0.76779,0.76809,0.76779,0.76808
2026-02-27 19:45:00+00:00,0.76807,0.76826,0.76801,0.76819
2026-02-27 20:00:00+00:00,0.76819,0.76829,0.76795,0.76806
2026-02-27 20:15:00+00:00,0.76805,0.76818,0.76804,0.76815
2026-02-27 20:30:00+00:00,0.76814,0.76818,0.76797,0.76805
2026-02-27 20:45:00+00:00,0.76805,0.76896,0.76801,0.76879
2026-02-27 21:00:00+00:00,0.7688,0.76899,0.76872,0.76876
2026-02-27 21:15:00+00:00,0.76875,0.76887,0.76849,0.76866
2026-02-27 21:30:00+00:00,0.76865,0.76911,0.76856,0.7691
2026-02-27 21:45:00+00:00,0.76909,0.7697,0.76886,0.76909
2026-02-27 22:00:00+00:00,0.76917,0.76993,0.76905,0.76943
2026-02-27 22:15:00+00:00,0.76944,0.76951,0.76929,0.76938
2026-02-27 22:30:00+00:00,0.76935,0.76948,0.76928,0.76943
2026-02-27 22:45:00+00:00,0.76942,0.76944,0.76933,0.76936
2026-02-27 23:00:00+00:00,0.76936,0.77001,0.7692,0.76937
2026-02-27 23:15:00+00:00,0.76937,0.76938,0.7693,0.76936
2026-02-27 23:30:00+00:00,0.76935,0.76939,0.76928,0.76938
2026-02-27 23:45:00+00:00,0.76937,0.76939,0.76932,0.76936
2026-02-28 00:00:00+00:00,0.76935,0.76943,0.76934,0.76943
2026-02-28 00:15:00+00:00,0.76943,0.76946,0.76939,0.76945
2026-02-28 00:30:00+00:00,0.76944,0.76947,0.76939,0.76945
2026-02-28 00:45:00+00:00,0.76944,0.76947,0.76939,0.76944
2026-02-28 01:00:00+00:00,0.76943,0.76945,0.76939,0.76939
2026-02-28 01:15:00+00:00,0.76941,0.76946,0.76939,0.76941
2026-02-28 01:30:00+00:00,0.7694,0.76946,0.76932,0.76941
2026-02-28 01:45:00+00:00,0.76938,0.76944,0.76938,0.76941
2026-02-28 02:00:00+00:00,0.7694,0.76945,0.76939,0.7694
2026-02-28 02:15:00+00:00,0.7694,0.76943,0.76939,0.7694
2026-02-28 02:30:00+00:00,0.7694,0.76944,0.76939,0.76942
2026-02-28 02:45:00+00:00,0.76939,0.76945,0.76939,0.76941
2026-02-28 03:00:00+00:00,0.7694,0.76943,0.76939,0.7694
2026-02-28 03:15:00+00:00,0.7694,0.76943,0.76935,0.7694
2026-02-28 03:30:00+00:00,0.7694,0.76943,0.76939,0.76942
2026-02-28 03:45:00+00:00,0.7694,0.76943,0.76939,0.76941
2026-02-28 04:00:00+00:00,0.7694,0.76943,0.76939,0.7694
2026-02-28 04:15:00+00:00,0.7694,0.76943,0.76939,0.7694
2026-02-28 04:30:00+00:00,0.7694,0.76943,0.76939,0.76941
2026-02-28 04:45:00+00:00,0.7694,0.76943,0.76939,0.76941
2026-02-28 05:00:00+00:00,0.7694,0.76943,0.76936,0.7694
2026-02-28 05:15:00+00:00,0.7694,0.76944,0.76939,0.7694
2026-02-28 05:30:00+00:00,0.7694,0.76943,0.76939,0.76941
2026-02-28 05:45:00+00:00,0.7694,0.76943,0.76939,0.76942
2026-02-28 06:00:00+00:00,0.7694,0.76943,0.76939,0.7694
2026-02-28 06:15:00+00:00,0.7694,0.76944,0.76939,0.7694
2026-02-28 06:30:00+00:00,0.7694,0.76943,0.76936,0.7694
2026-02-28 06:45:00+00:00,0.76939,0.76943,0.76938,0.76942
2026-02-28 07:00:00+00:00,0.7694,0.76944,0.76939,0.76941
2026-02-28 07:15:00+00:00,0.7694,0.76943,0.76939,0.76939
2026-02-28 07:30:00+00:00,0.7694,0.76943,0.76939,0.76941
2026-02-28 07:45:00+00:00,0.7694,0.76943,0.76939,0.76942
2026-02-28 08:00:00+00:00,0.7694,0.76943,0.76939,0.76941
2026-02-28 08:15:00+00:00,0.7694,0.76943,0.76935,0.76939
2026-02-28 08:30:00+00:00,0.7694,0.76943,0.76939,0.7694
2026-02-28 08:45:00+00:00,0.7694,0.76943,0.76939,0.76942
2026-02-28 09:00:00+00:00,0.7694,0.76944,0.76939,0.76944
2026-02-28 09:15:00+00:00,0.76943,0.76953,0.7694,0.76949
2026-02-28 09:30:00+00:00,0.76949,0.76953,0.76948,0.7695
2026-02-28 09:45:00+00:00,0.7695,0.76953,0.76949,0.76952
2026-02-28 10:00:00+00:00,0.7695,0.76953,0.76937,0.76951
2026-02-28 10:15:00+00:00,0.7695,0.76953,0.76947,0.76949
2026-02-28 10:30:00+00:00,0.76949,0.76953,0.76948,0.7695
2026-02-28 10:45:00+00:00,0.7695,0.76953,0.76948,0.76951
2026-02-28 11:00:00+00:00,0.7695,0.76953,0.76949,0.76952
2026-02-28 11:15:00+00:00,0.7695,0.76953,0.76949,0.7695
2026-02-28 11:30:00+00:00,0.7695,0.76965,0.76949,0.76953
2026-02-28 11:45:00+00:00,0.76954,0.76958,0.76949,0.76951
2026-02-28 12:00:00+00:00,0.7695,0.76959,0.76949,0.76953
2026-02-28 12:15:00+00:00,0.76951,0.76954,0.76949,0.7695
2026-02-28 12:30:00+00:00,0.7695,0.76962,0.76948,0.76958
2026-02-28 12:45:00+00:00,0.76958,0.76966,0.76957,0.76966
2026-02-28 13:00:00+00:00,0.76965,0.76967,0.76962,0.76965
2026-02-28 13:15:00+00:00,0.76963,0.76968,0.76962,0.76965
2026-02-28 13:30:00+00:00,0.76964,0.76968,0.76963,0.76964
2026-02-28 13:45:00+00:00,0.76964,0.76973,0.76963,0.7697
2026-02-28 14:00:00+00:00,0.7697,0.76976,0.76969,0.76976
2026-02-28 14:15:00+00:00,0.76974,0.76977,0.76973,0.76975
2026-02-28 14:30:00+00:00,0.76974,0.7698,0.76962,0.76962
2026-02-28 14:45:00+00:00,0.76962,0.76966,0.76961,0.76962
2026-02-28 15:00:00+00:00,0.76962,0.76967,0.76962,0.76965
2026-02-28 15:15:00+00:00,0.76964,0.76967,0.76957,0.7696
2026-02-28 15:30:00+00:00,0.76959,0.76963,0.76958,0.76959
2026-02-28 15:45:00+00:00,0.76959,0.76963,0.76952,0.76956
2026-02-28 16:00:00+00:00,0.76956,0.76959,0.76955,0.76957
2026-02-28 16:15:00+00:00,0.76956,0.76959,0.76952,0.76954
2026-02-28 16:30:00+00:00,0.76953,0.76956,0.76942,0.76942
2026-02-28 16:45:00+00:00,0.76942,0.76946,0.76941,0.76942
2026-02-28 17:00:00+00:00,0.76942,0.76946,0.76941,0.76943
2026-02-28 17:15:00+00:00,0.76942,0.76946,0.76941,0.76944
2026-02-28 17:30:00+00:00,0.76942,0.76945,0.76939,0.7694
2026-02-28 17:45:00+00:00,0.7694,0.76943,0.76937,0.76938
2026-02-28 18:00:00+00:00,0.76938,0.76942,0.76937,0.76939
2026-02-28 18:15:00+00:00,0.76938,0.76942,0.7693,0.76935
2026-02-28 18:30:00+00:00,0.76933,0.76941,0.76932,0.76938
2026-02-28 18:45:00+00:00,0.76938,0.76941,0.76936,0.76936
2026-02-28 19:00:00+00:00,0.76937,0.7694,0.76929,0.76931
2026-02-28 19:15:00+00:00,0.76931,0.76934,0.7693,0.76932
2026-02-28 19:30:00+00:00,0.76931,0.76934,0.7693,0.76931
2026-02-28 19:45:00+00:00,0.76931,0.76934,0.7693,0.7693
2026-02-28 20:00:00+00:00,0.76931,0.76934,0.76922,0.76927
2026-02-28 20:15:00+00:00,0.76927,0.7693,0.76926,0.76929
2026-02-28 20:30:00+00:00,0.76928,0.76931,0.76927,0.76929
2026-02-28 20:45:00+00:00,0.76928,0.76932,0.76927,0.76928
2026-02-28 21:00:00+00:00,0.76928,0.76932,0.76919,0.76924
2026-02-28 21:15:00+00:00,0.76924,0.76929,0.76923,0.76927
2026-02-28 21:30:00+00:00,0.76925,0.76929,0.76924,0.76928
2026-02-28 21:45:00+00:00,0.76927,0.7693,0.76925,0.76926
2026-02-28 22:00:00+00:00,0.76927,0.7693,0.76918,0.76924
2026-02-28 22:15:00+00:00,0.76924,0.76927,0.76923,0.76925
2026-02-28 22:30:00+00:00,0.76924,0.76929,0.76923,0.76927
2026-02-28 22:45:00+00:00,0.76926,0.7693,0.76925,0.76927
2026-02-28 23:00:00+00:00,0.76927,0.76928,0.76923,0.76924
2026-02-28 23:15:00+00:00,0.76924,0.76928,0.76923,0.76927
2026-02-28 23:30:00+00:00,0.76926,0.76929,0.76925,0.76928
2026-02-28 23:45:00+00:00,0.76926,0.7693,0.76926,0.76927
2026-03-01 00:00:00+00:00,0.76927,0.7693,0.76926,0.76927
2026-03-01 00:15:00+00:00,0.76927,0.76931,0.76926,0.76929
2026-03-01 00:30:00+00:00,0.76928,0.76934,0.76927,0.76932
2026-03-01 00:45:00+00:00,0.76931,0.76934,0.7693,0.76931
2026-03-01 01:00:00+00:00,0.76931,0.76934,0.76928,0.76929
2026-03-01 01:15:00+00:00,0.76929,0.76933,0.76928,0.7693
2026-03-01 01:30:00+00:00,0.76929,0.76933,0.76929,0.76932
2026-03-01 01:45:00+00:00,0.7693,0.76933,0.76929,0.76931
2026-03-01 02:00:00+00:00,0.7693,0.76933,0.76929,0.7693
2026-03-01 02:15:00+00:00,0.7693,0.76934,0.76929,0.76931
2026-03-01 02:30:00+00:00,0.7693,0.76934,0.76929,0.76932
2026-03-01 02:45:00+00:00,0.76931,0.76934,0.76928,0.7693
2026-03-01 03:00:00+00:00,0.76929,0.76933,0.76928,0.76929
2026-03-01 03:15:00+00:00,0.7693,0.76933,0.76929,0.7693
2026-03-01 03:30:00+00:00,0.7693,0.76941,0.76929,0.76937
2026-03-01 03:45:00+00:00,0.76936,0.76939,0.76935,0.76937
2026-03-01 04:00:00+00:00,0.76936,0.76938,0.76934,0.76935
2026-03-01 04:15:00+00:00,0.76935,0.76938,0.76931,0.76931
2026-03-01 04:30:00+00:00,0.76932,0.76942,0.76931,0.7694
2026-03-01 04:45:00+00:00,0.76939,0.76942,0.76936,0.76939
2026-03-01 05:00:00+00:00,0.76937,0.7694,0.76936,0.76937
2026-03-01 05:15:00+00:00,0.76937,0.7694,0.76935,0.76936
2026-03-01 05:30:00+00:00,0.76936,0.76939,0.76935,0.76936
2026-03-01 05:45:00+00:00,0.76935,0.76938,0.76934,0.76937
2026-03-01 06:00:00+00:00,0.76935,0.76938,0.76931,0.76932
2026-03-01 06:15:00+00:00,0.76932,0.76935,0.76931,0.76931
2026-03-01 06:30:00+00:00,0.76932,0.76935,0.76931,0.76932
2026-03-01 06:45:00+00:00,0.76932,0.76935,0.76931,0.76933
2026-03-01 07:00:00+00:00,0.76932,0.76935,0.76931,0.76932
2026-03-01 07:15:00+00:00,0.76932,0.7694,0.7693,0.76936
2026-03-01 07:30:00+00:00,0.76936,0.7694,0.76935,0.76937
2026-03-01 07:45:00+00:00,0.76936,0.76939,0.76935,0.76938
2026-03-01 08:00:00+00:00,0.76936,0.76942,0.76935,0.76941
2026-03-01 08:15:00+00:00,0.7694,0.76943,0.76939,0.76939
2026-03-01 08:30:00+00:00,0.7694,0.76946,0.76939,0.76943
2026-03-01 08:45:00+00:00,0.76943,0.76946,0.76942,0.76945
2026-03-01 09:00:00+00:00,0.76943,0.76949,0.76942,0.76946
2026-03-01 09:15:00+00:00,0.76945,0.7695,0.76944,0.76947
2026-03-01 09:30:00+00:00,0.76947,0.76951,0.76946,0.76947
2026-03-01 09:45:00+00:00,0.76947,0.76952,0.76946,0.7695
2026-03-01 10:00:00+00:00,0.76949,0.76952,0.76948,0.7695
2026-03-01 10:15:00+00:00,0.76949,0.76986,0.76946,0.76982
2026-03-01 10:30:00+00:00,0.76982,0.76986,0.76981,0.76982
2026-03-01 10:45:00+00:00,0.76982,0.77012,0.76977,0.7701
2026-03-01 11:00:00+00:00,0.77009,0.77012,0.77008,0.7701
2026-03-01 11:15:00+00:00,0.77009,0.77034,0.77007,0.7703
2026-03-01 11:30:00+00:00,0.7703,0.77066,0.77029,0.77047
2026-03-01 11:45:00+00:00,0.77047,0.77051,0.77046,0.77048
2026-03-01 12:00:00+00:00,0.77047,0.77064,0.77046,0.77063
2026-03-01 12:15:00+00:00,0.77061,0.77064,0.7706,0.77061
2026-03-01 12:30:00+00:00,0.77061,0.77075,0.77059,0.77071
2026-03-01 12:45:00+00:00,0.77072,0.77086,0.77071,0.77081
2026-03-01 13:00:00+00:00,0.77081,0.77084,0.7708,0.77082
2026-03-01 13:15:00+00:00,0.77081,0.77094,0.7708,0.77088
2026-03-01 13:30:00+00:00,0.77088,0.77091,0.77087,0.77087
2026-03-01 13:45:00+00:00,0.77088,0.77097,0.77087,0.77094
2026-03-01 14:00:00+00:00,0.77093,0.77101,0.77092,0.771
2026-03-01 14:15:00+00:00,0.77098,0.77104,0.77007,0.77042
2026-03-01 14:30:00+00:00,0.77041,0.7707,0.7704,0.77056
2026-03-01 14:45:00+00:00,0.77056,0.7706,0.77055,0.77056
2026-03-01 15:00:00+00:00,0.77056,0.77074,0.77055,0.7707
2026-03-01 15:15:00+00:00,0.77068,0.77086,0.77067,0.77079
2026-03-01 15:30:00+00:00,0.77078,0.77082,0.77033,0.77054
2026-03-01 15:45:00+00:00,0.77054,0.77057,0.77011,0.77033
2026-03-01 16:00:00+00:00,0.77033,0.77037,0.77032,0.77035
2026-03-01 16:15:00+00:00,0.77033,0.77053,0.7703,0.77051
2026-03-01 16:30:00+00:00,0.7705,0.77066,0.77049,0.77063
2026-03-01 16:45:00+00:00,0.77063,0.77067,0.77003,0.77018
2026-03-01 17:00:00+00:00,0.77019,0.77022,0.76964,0.76993
2026-03-01 17:15:00+00:00,0.76992,0.76995,0.76984,0.76987
2026-03-01 17:30:00+00:00,0.76985,0.77015,0.76983,0.77001
2026-03-01 17:45:00+00:00,0.77001,0.77053,0.76803,0.76875
2026-03-01 18:00:00+00:00,0.76875,0.76913,0.76763,0.76763
2026-03-01 18:15:00+00:00,0.76759,0.76802,0.76712,0.76727
2026-03-01 18:30:00+00:00,0.76725,0.76728,0.7667,0.76673
2026-03-01 18:45:00+00:00,0.76676,0.76754,0.76672,0.76754
2026-03-01 19:00:00+00:00,0.76756,0.76815,0.76695,0.76774
2026-03-01 19:15:00+00:00,0.76771,0.76822,0.76763,0.76812
2026-03-01 19:30:00+00:00,0.76811,0.76822,0.76771,0.76822
2026-03-01 19:45:00+00:00,0.7682,0.76822,0.76732,0.76787
2026-03-01 20:00:00+00:00,0.76791,0.76851,0.76721,0.76797
2026-03-01 20:15:00+00:00,0.76798,0.76982,0.76666,0.76854
2026-03-01 20:30:00+00:00,0.76872,0.76877,0.76633,0.76729
2026-03-01 20:45:00+00:00,0.76731,0.76854,0.76621,0.76756
2026-03-01 21:00:00+00:00,0.7675,0.76774,0.76692,0.76716
2026-03-01 21:15:00+00:00,0.76715,0.76767,0.76695,0.76743
2026-03-01 21:30:00+00:00,0.76749,0.76795,0.76657,0.76719
2026-03-01 21:45:00+00:00,0.76717,0.76782,0.76704,0.76753
2026-03-01 22:00:00+00:00,0.76749,0.7682,0.76728,0.76788
2026-03-01 22:15:00+00:00,0.76788,0.76792,0.76775,0.76787
2026-03-01 22:30:00+00:00,0.76787,0.76793,0.76777,0.76792
2026-03-01 22:45:00+00:00,0.76791,0.768,0.76744,0.76745
2026-03-01 23:00:00+00:00,0.76749,0.76902,0.76743,0.76896
2026-03-01 23:15:00+00:00,0.76898,0.76956,0.76873,0.7695
2026-03-01 23:30:00+00:00,0.76948,0.76959,0.76915,0.76922
2026-03-01 23:45:00+00:00,0.7692,0.7696,0.76913,0.76959
2026-03-02 00:00:00+00:00,0.76958,0.77,0.76927,0.76932
2026-03-02 00:15:00+00:00,0.7693,0.76938,0.76841,0.76888
2026-03-02 00:30:00+00:00,0.76887,0.76938,0.76887,0.76895
2026-03-02 00:45:00+00:00,0.76895,0.76925,0.76868,0.76901
2026-03-02 01:00:00+00:00,0.76898,0.76943,0.76883,0.76901
2026-03-02 01:15:00+00:00,0.76903,0.7692,0.76893,0.76909
2026-03-02 01:30:00+00:00,0.7691,0.76913,0.76844,0.76875
2026-03-02 01:45:00+00:00,0.76874,0.76879,0.76829,0.76857
2026-03-02 02:00:00+00:00,0.76855,0.76901,0.76843,0.76889
2026-03-02 02:15:00+00:00,0.76889,0.76916,0.76888,0.76891
2026-03-02 02:30:00+00:00,0.76891,0.76892,0.76828,0.76851
2026-03-02 02:45:00+00:00,0.76849,0.76859,0.76834,0.76834
2026-03-02 03:00:00+00:00,0.76833,0.76845,0.76796,0.76831
2026-03-02 03:15:00+00:00,0.7683,0.76832,0.76789,0.76795
2026-03-02 03:30:00+00:00,0.76795,0.7683,0.76789,0.76818
2026-03-02 03:45:00+00:00,0.76818,0.76828,0.76802,0.76827
2026-03-02 04:00:00+00:00,0.76825,0.76856,0.76822,0.7685
2026-03-02 04:15:00+00:00,0.7685,0.76862,0.76839,0.76848
2026-03-02 04:30:00+00:00,0.76849,0.76878,0.76841,0.76871
2026-03-02 04:45:00+00:00,0.7687,0.76878,0.76841,0.76847
2026-03-02 05:00:00+00:00,0.76846,0.76899,0.76836,0.76899
2026-03-02 05:15:00+00:00,0.76899,0.76913,0.7688,0.769
2026-03-02 05:30:00+00:00,0.769,0.76904,0.76879,0.76904
2026-03-02 05:45:00+00:00,0.76901,0.76929,0.76872,0.76896
2026-03-02 06:00:00+00:00,0.76895,0.76951,0.76885,0.76951
2026-03-02 06:15:00+00:00,0.76952,0.76984,0.76939,0.76976
2026-03-02 06:30:00+00:00,0.76976,0.77036,0.76968,0.7703
2026-03-02 06:45:00+00:00,0.77029,0.77042,0.76964,0.77037
2026-03-02 07:00:00+00:00,0.77035,0.77159,0.77035,0.77125
2026-03-02 07:15:00+00:00,0.77126,0.77209,0.77122,0.77138
2026-03-02 07:30:00+00:00,0.77137,0.77278,0.7713,0.77274
2026-03-02 07:45:00+00:00,0.77275,0.77374,0.77243,0.77275
2026-03-02 08:00:00+00:00,0.77277,0.77321,0.77235,0.77295
2026-03-02 08:15:00+00:00,0.77293,0.77412,0.77271,0.77393
2026-03-02 08:30:00+00:00,0.77392,0.77412,0.77333,0.7735
2026-03-02 08:45:00+00:00,0.7735,0.77375,0.77272,0.77282
2026-03-02 09:00:00+00:00,0.77281,0.77283,0.77173,0.77173
2026-03-02 09:15:00+00:00,0.77171,0.77196,0.77148,0.77172
2026-03-02 09:30:00+00:00,0.7717,0.77183,0.77124,0.77124
2026-03-02 09:45:00+00:00,0.77125,0.77216,0.77123,0.77211
2026-03-02 10:00:00+00:00,0.77209,0.77222,0.77198,0.77212
2026-03-02 10:15:00+00:00,0.7721,0.77218,0.77125,0.77139
2026-03-02 10:30:00+00:00,0.77139,0.77207,0.77122,0.77192
2026-03-02 10:45:00+00:00,0.77192,0.77306,0.77192,0.77301
2026-03-02 11:00:00+00:00,0.773,0.77393,0.77287,0.77372
2026-03-02 11:15:00+00:00,0.77371,0.77448,0.77368,0.77447
2026-03-02 11:30:00+00:00,0.77451,0.77489,0.77421,0.7744
2026-03-02 11:45:00+00:00,0.77442,0.77517,0.7742,0.77506
2026-03-02 12:00:00+00:00,0.77502,0.77673,0.77482,0.77665
2026-03-02 12:15:00+00:00,0.77661,0.77828,0.77651,0.77735
2026-03-02 12:30:00+00:00,0.77734,0.77735,0.77706,0.77719
2026-03-02 12:45:00+00:00,0.77722,0.77792,0.7771,0.7778
2026-03-02 13:00:00+00:00,0.7778,0.77939,0.77747,0.7788
2026-03-02 13:15:00+00:00,0.77883,0.77906,0.77801,0.77804
2026-03-02 13:30:00+00:00,0.77803,0.7785,0.778,0.7785
2026-03-02 13:45:00+00:00,0.77851,0.77855,0.77787,0.77831
2026-03-02 14:00:00+00:00,0.7783,0.77851,0.77749,0.77796
2026-03-02 14:15:00+00:00,0.77791,0.77843,0.77762,0.77833
2026-03-02 14:30:00+00:00,0.77832,0.77845,0.77789,0.77827
2026-03-02 14:45:00+00:00,0.77827,0.77841,0.77775,0.77826
2026-03-02 15:00:00+00:00,0.77826,0.77892,0.77824,0.77871
2026-03-02 15:15:00+00:00,0.77866,0.77945,0.77863,0.77939
2026-03-02 15:30:00+00:00,0.77938,0.78112,0.77919,0.78043
2026-03-02 15:45:00+00:00,0.78046,0.78075,0.78014,0.78045
2026-03-02 16:00:00+00:00,0.78045,0.78119,0.78008,0.78095
2026-03-02 16:15:00+00:00,0.78093,0.78136,0.78043,0.78045
2026-03-02 16:30:00+00:00,0.78044,0.78063,0.78012,0.78023
2026-03-02 16:45:00+00:00,0.78025,0.78043,0.77952,0.77969
2026-03-02 17:00:00+00:00,0.7797,0.7798,0.77927,0.77932
2026-03-02 17:15:00+00:00,0.77931,0.77933,0.77883,0.77901
2026-03-02 17:30:00+00:00,0.77899,0.77951,0.77891,0.77946
2026-03-02 17:45:00+00:00,0.77946,0.77951,0.77819,0.77833
2026-03-02 18:00:00+00:00,0.77834,0.77906,0.77832,0.77885
2026-03-02 18:15:00+00:00,0.77884,0.77929,0.77879,0.77925
2026-03-02 18:30:00+00:00,0.77923,0.77954,0.77914,0.77952
2026-03-02 18:45:00+00:00,0.77952,0.77956,0.77895,0.77917
2026-03-02 19:00:00+00:00,0.77918,0.77921,0.77851,0.77869
2026-03-02 19:15:00+00:00,0.77868,0.77887,0.77822,0.77835
2026-03-02 19:30:00+00:00,0.77833,0.77845,0.77808,0.77816
2026-03-02 19:45:00+00:00,0.77816,0.7783,0.77788,0.77807
2026-03-02 20:00:00+00:00,0.77808,0.7799,0.77795,0.77985
2026-03-02 20:15:00+00:00,0.77983,0.78018,0.77956,0.78014
2026-03-02 20:30:00+00:00,0.78012,0.78027,0.77947,0.77955
2026-03-02 20:45:00+00:00,0.77954,0.7798,0.77947,0.77958
2026-03-02 21:00:00+00:00,0.77959,0.77964,0.77925,0.77945
2026-03-02 21:15:00+00:00,0.77945,0.77946,0.77923,0.7793
2026-03-02 21:30:00+00:00,0.77929,0.77952,0.77924,0.77944
2026-03-02 21:45:00+00:00,0.77943,0.77951,0.77939,0.77942
2026-03-02 22:00:00+00:00,0.77942,0.78018,0.77859,0.77979
2026-03-02 22:15:00+00:00,0.7798,0.77989,0.77877,0.77911
2026-03-02 22:30:00+00:00,0.77911,0.77923,0.77875,0.77911
2026-03-02 22:45:00+00:00,0.77909,0.77945,0.77904,0.77938
2026-03-02 23:00:00+00:00,0.77937,0.77961,0.77851,0.77873
2026-03-02 23:15:00+00:00,0.77874,0.77878,0.77857,0.77876
2026-03-02 23:30:00+00:00,0.77873,0.7789,0.77862,0.77876
2026-03-02 23:45:00+00:00,0.77874,0.77883,0.77863,0.77877
2026-03-03 00:00:00+00:00,0.77877,0.77932,0.77876,0.77917
2026-03-03 00:15:00+00:00,0.77919,0.77951,0.77905,0.77948
2026-03-03 00:30:00+00:00,0.77947,0.77982,0.77944,0.77967
2026-03-03 00:45:00+00:00,0.77968,0.7797,0.77923,0.77924
2026-03-03 01:00:00+00:00,0.77924,0.7794,0.7792,0.77938
2026-03-03 01:15:00+00:00,0.77938,0.77939,0.7788,0.77893
2026-03-03 01:30:00+00:00,0.77892,0.77922,0.77858,0.77913
2026-03-03 01:45:00+00:00,0.7791,0.77927,0.779,0.77916
2026-03-03 02:00:00+00:00,0.77915,0.77967,0.77914,0.77958
2026-03-03 02:15:00+00:00,0.77959,0.77998,0.77945,0.77946
2026-03-03 02:30:00+00:00,0.77946,0.77964,0.77929,0.77947
2026-03-03 02:45:00+00:00,0.77944,0.77967,0.7794,0.77966
2026-03-03 03:00:00+00:00,0.77965,0.78015,0.77958,0.78001
2026-03-03 03:15:00+00:00,0.78003,0.78048,0.77998,0.78044
2026-03-03 03:30:00+00:00,0.78044,0.78045,0.77998,0.7801
2026-03-03 03:45:00+00:00,0.78008,0.78036,0.78004,0.78017
2026-03-03 04:00:00+00:00,0.78016,0.78045,0.78008,0.78041
2026-03-03 04:15:00+00:00,0.78041,0.78052,0.7802,0.78034
2026-03-03 04:30:00+00:00,0.78035,0.78077,0.78034,0.78073
2026-03-03 04:45:00+00:00,0.78071,0.78102,0.78066,0.78101
2026-03-03 05:00:00+00:00,0.781,0.78102,0.78069,0.78102
2026-03-03 05:15:00+00:00,0.78102,0.78117,0.78076,0.78084
2026-03-03 05:30:00+00:00,0.78084,0.78123,0.7808,0.78118
2026-03-03 05:45:00+00:00,0.78118,0.78138,0.78107,0.78134
2026-03-03 06:00:00+00:00,0.78132,0.78177,0.78127,0.78168
2026-03-03 06:15:00+00:00,0.78167,0.78173,0.78128,0.78128
2026-03-03 06:30:00+00:00,0.7813,0.78158,0.78112,0.78118
2026-03-03 06:45:00+00:00,0.78117,0.78142,0.78104,0.78113
2026-03-03 07:00:00+00:00,0.78111,0.782,0.78111,0.78177
2026-03-03 07:15:00+00:00,0.78176,0.78223,0.78123,0.78223
2026-03-03 07:30:00+00:00,0.78223,0.78255,0.78205,0.78241
2026-03-03 07:45:00+00:00,0.78241,0.78302,0.78228,0.78278
2026-03-03 08:00:00+00:00,0.78275,0.78421,0.78258,0.78421
2026-03-03 08:15:00+00:00,0.78421,0.78466,0.78406,0.78416
2026-03-03 08:30:00+00:00,0.78418,0.78433,0.7833,0.78424
2026-03-03 08:45:00+00:00,0.78424,0.78459,0.78384,0.78423
2026-03-03 09:00:00+00:00,0.7842,0.78464,0.78384,0.78457
2026-03-03 09:15:00+00:00,0.78456,0.78557,0.78435,0.78548
2026-03-03 09:30:00+00:00,0.78548,0.78565,0.78525,0.78556
2026-03-03 09:45:00+00:00,0.78557,0.78604,0.78556,0.78602
2026-03-03 10:00:00+00:00,0.78601,0.78666,0.78563,0.78654
2026-03-03 10:15:00+00:00,0.78652,0.78665,0.78614,0.78643
2026-03-03 10:30:00+00:00,0.78643,0.78739,0.78635,0.78693
2026-03-03 10:45:00+00:00,0.78692,0.78734,0.78644,0.78721
2026-03-03 11:00:00+00:00,0.78719,0.78756,0.7868,0.78751
2026-03-03 11:15:00+00:00,0.78749,0.78786,0.78725,0.78758
2026-03-03 11:30:00+00:00,0.78757,0.78761,0.78663,0.78686
2026-03-03 11:45:00+00:00,0.78685,0.78687,0.7862,0.78654
2026-03-03 12:00:00+00:00,0.78655,0.78686,0.78607,0.78607
2026-03-03 12:15:00+00:00,0.78605,0.7862,0.7853,0.78558
2026-03-03 12:30:00+00:00,0.78559,0.78579,0.78509,0.78509
2026-03-03 12:45:00+00:00,0.7851,0.78514,0.78421,0.78421
2026-03-03 13:00:00+00:00,0.78421,0.78492,0.7842,0.78482
2026-03-03 13:15:00+00:00,0.78479,0.78502,0.78468,0.78495
2026-03-03 13:30:00+00:00,0.78492,0.78514,0.78435,0.78493
2026-03-03 13:45:00+00:00,0.78492,0.7856,0.78475,0.7853
2026-03-03 14:00:00+00:00,0.78531,0.78532,0.78474,0.7852
2026-03-03 14:15:00+00:00,0.78516,0.7859,0.78516,0.78564
2026-03-03 14:30:00+00:00,0.78562,0.78577,0.78518,0.78563
2026-03-03 14:45:00+00:00,0.78565,0.78577,0.78501,0.78521
2026-03-03 15:00:00+00:00,0.78521,0.78558,0.78431,0.7855
2026-03-03 15:15:00+00:00,0.78546,0.7868,0.78546,0.78651
2026-03-03 15:30:00+00:00,0.7865,0.78674,0.78499,0.7851
2026-03-03 15:45:00+00:00,0.78511,0.78528,0.78468,0.78505
2026-03-03 16:00:00+00:00,0.78506,0.78506,0.78365,0.78372
2026-03-03 16:15:00+00:00,0.78372,0.7838,0.78229,0.78294
2026-03-03 16:30:00+00:00,0.78291,0.78339,0.78278,0.78292
2026-03-03 16:45:00+00:00,0.78286,0.78296,0.78182,0.7827
2026-03-03 17:00:00+00:00,0.78271,0.78364,0.7827,0.7836
2026-03-03 17:15:00+00:00,0.78358,0.7837,0.78314,0.78314
2026-03-03 17:30:00+00:00,0.78314,0.78335,0.78293,0.78304
2026-03-03 17:45:00+00:00,0.78301,0.78305,0.78208,0.78287
2026-03-03 18:00:00+00:00,0.78288,0.78298,0.78208,0.78227
2026-03-03 18:15:00+00:00,0.78227,0.78247,0.78203,0.78213
2026-03-03 18:30:00+00:00,0.78211,0.78217,0.78117,0.78163
2026-03-03 18:45:00+00:00,0.78162,0.78199,0.78144,0.78193
2026-03-03 19:00:00+00:00,0.78194,0.78249,0.7819,0.78225
2026-03-03 19:15:00+00:00,0.78224,0.78251,0.78215,0.78251
2026-03-03 19:30:00+00:00,0.78249,0.78264,0.7812,0.78134
2026-03-03 19:45:00+00:00,0.78134,0.78181,0.78105,0.78155
2026-03-03 20:00:00+00:00,0.78158,0.7818,0.7812,0.78121
2026-03-03 20:15:00+00:00,0.78121,0.78137,0.7809,0.78109
2026-03-03 20:30:00+00:00,0.78107,0.78133,0.78101,0.78124
2026-03-03 20:45:00+00:00,0.78123,0.78143,0.78112,0.78119
2026-03-03 21:00:00+00:00,0.78118,0.7813,0.78105,0.78122
2026-03-03 21:15:00+00:00,0.78123,0.78152,0.78113,0.78137
2026-03-03 21:30:00+00:00,0.78134,0.78179,0.78132,0.78179
2026-03-03 21:45:00+00:00,0.78177,0.78206,0.78169,0.78202
2026-03-03 22:00:00+00:00,0.78203,0.78314,0.78183,0.78212
2026-03-03 22:15:00+00:00,0.78212,0.78221,0.78198,0.7821
2026-03-03 22:30:00+00:00,0.78207,0.78225,0.78206,0.78222
2026-03-03 22:45:00+00:00,0.7822,0.78237,0.78193,0.78213
2026-03-03 23:00:00+00:00,0.78219,0.7828,0.78197,0.78202
2026-03-03 23:15:00+00:00,0.78202,0.78212,0.7819,0.78195
2026-03-03 23:30:00+00:00,0.78195,0.78206,0.78187,0.78198
2026-03-03 23:45:00+00:00,0.78195,0.78213,0.78195,0.78203
2026-03-04 00:00:00+00:00,0.78204,0.78228,0.78186,0.78192
2026-03-04 00:15:00+00:00,0.78195,0.78221,0.78165,0.7818
2026-03-04 00:30:00+00:00,0.78181,0.78181,0.78138,0.78175
2026-03-04 00:45:00+00:00,0.78172,0.78223,0.7817,0.78223
2026-03-04 01:00:00+00:00,0.78222,0.78238,0.78194,0.7822
2026-03-04 01:15:00+00:00,0.78223,0.78326,0.7822,0.78294
2026-03-04 01:30:00+00:00,0.78293,0.78311,0.78246,0.78248
2026-03-04 01:45:00+00:00,0.78247,0.78249,0.78216,0.78221
2026-03-04 02:00:00+00:00,0.7822,0.78228,0.78184,0.78195
2026-03-04 02:15:00+00:00,0.78195,0.78203,0.78178,0.78189
2026-03-04 02:30:00+00:00,0.78189,0.78208,0.78168,0.78169
2026-03-04 02:45:00+00:00,0.78167,0.78179,0.78138,0.78166
2026-03-04 03:00:00+00:00,0.78165,0.78171,0.78137,0.78141
2026-03-04 03:15:00+00:00,0.78141,0.78147,0.78118,0.78134
2026-03-04 03:30:00+00:00,0.78135,0.78146,0.7811,0.78121
2026-03-04 03:45:00+00:00,0.78119,0.78122,0.78055,0.78076
2026-03-04 04:00:00+00:00,0.78075,0.78077,0.78059,0.78066
2026-03-04 04:15:00+00:00,0.78064,0.78074,0.78042,0.78065
2026-03-04 04:30:00+00:00,0.78066,0.7813,0.78065,0.7813
2026-03-04 04:45:00+00:00,0.78129,0.78168,0.78127,0.78163
2026-03-04 05:00:00+00:00,0.78161,0.78183,0.7815,0.78155
2026-03-04 05:15:00+00:00,0.78155,0.78203,0.78155,0.78194
2026-03-04 05:30:00+00:00,0.78195,0.78223,0.78194,0.7822
2026-03-04 05:45:00+00:00,0.78218,0.78231,0.78176,0.78199
2026-03-04 06:00:00+00:00,0.78197,0.7824,0.78163,0.78172
2026-03-04 06:15:00+00:00,0.78172,0.78195,0.78091,0.78101
2026-03-04 06:30:00+00:00,0.78102,0.78109,0.78021,0.7804
2026-03-04 06:45:00+00:00,0.78039,0.78049,0.78023,0.78049
2026-03-04 07:00:00+00:00,0.78048,0.7805,0.77994,0.78002
2026-03-04 07:15:00+00:00,0.78001,0.78016,0.77958,0.77969
2026-03-04 07:30:00+00:00,0.77968,0.77981,0.7792,0.77946
2026-03-04 07:45:00+00:00,0.77946,0.78044,0.7794,0.78039
2026-03-04 08:00:00+00:00,0.78038,0.7808,0.7803,0.7808
2026-03-04 08:15:00+00:00,0.78079,0.78143,0.78071,0.78143
2026-03-04 08:30:00+00:00,0.78147,0.78234,0.78127,0.78232
2026-03-04 08:45:00+00:00,0.78232,0.78245,0.78197,0.78234
2026-03-04 09:00:00+00:00,0.78233,0.78244,0.78208,0.78218
2026-03-04 09:15:00+00:00,0.78217,0.78231,0.78172,0.78231
2026-03-04 09:30:00+00:00,0.78231,0.78329,0.78222,0.78329
2026-03-04 09:45:00+00:00,0.78329,0.78346,0.78303,0.78341
2026-03-04 10:00:00+00:00,0.78338,0.78347,0.78094,0.7813
2026-03-04 10:15:00+00:00,0.78128,0.78149,0.78061,0.78114
2026-03-04 10:30:00+00:00,0.78116,0.78174,0.78088,0.78148
2026-03-04 10:45:00+00:00,0.78148,0.78155,0.78077,0.78131
2026-03-04 11:00:00+00:00,0.7813,0.78135,0.78079,0.78079
2026-03-04 11:15:00+00:00,0.78079,0.78104,0.77991,0.78031
2026-03-04 11:30:00+00:00,0.78031,0.78106,0.78012,0.78092
2026-03-04 11:45:00+00:00,0.78093,0.78102,0.78063,0.78069
2026-03-04 12:00:00+00:00,0.78068,0.78075,0.77978,0.77981
2026-03-04 12:15:00+00:00,0.7798,0.78051,0.77964,0.78051
2026-03-04 12:30:00+00:00,0.78051,0.78054,0.7801,0.78022
2026-03-04 12:45:00+00:00,0.78025,0.7811,0.78021,0.78105
2026-03-04 13:00:00+00:00,0.78107,0.78107,0.77961,0.77961
2026-03-04 13:15:00+00:00,0.77958,0.7805,0.77958,0.78026
2026-03-04 13:30:00+00:00,0.78025,0.78053,0.78008,0.78044
2026-03-04 13:45:00+00:00,0.78045,0.78085,0.78027,0.78068
2026-03-04 14:00:00+00:00,0.78068,0.78145,0.78048,0.78139
2026-03-04 14:15:00+00:00,0.78137,0.78141,0.78018,0.7803
2026-03-04 14:30:00+00:00,0.78029,0.78143,0.78024,0.7813
2026-03-04 14:45:00+00:00,0.7813,0.78161,0.78103,0.78126
2026-03-04 15:00:00+00:00,0.78126,0.78186,0.78106,0.78122
2026-03-04 15:15:00+00:00,0.78118,0.78181,0.78056,0.7807
2026-03-04 15:30:00+00:00,0.78069,0.78072,0.78039,0.78067
2026-03-04 15:45:00+00:00,0.78068,0.78079,0.77992,0.78006
2026-03-04 16:00:00+00:00,0.78006,0.78015,0.77926,0.77973
2026-03-04 16:15:00+00:00,0.77969,0.7806,0.77958,0.78049
2026-03-04 16:30:00+00:00,0.78048,0.78053,0.78002,0.78008
2026-03-04 16:45:00+00:00,0.78009,0.7802,0.77976,0.7799
2026-03-04 17:00:00+00:00,0.77991,0.78,0.77946,0.77999
2026-03-04 17:15:00+00:00,0.77998,0.78026,0.77986,0.78021
2026-03-04 17:30:00+00:00,0.78019,0.78043,0.78009,0.78018
2026-03-04 17:45:00+00:00,0.78018,0.78026,0.77985,0.77993
2026-03-04 18:00:00+00:00,0.77994,0.78037,0.77993,0.7803
2026-03-04 18:15:00+00:00,0.78028,0.78043,0.78016,0.78027
2026-03-04 18:30:00+00:00,0.78027,0.78029,0.77994,0.78011
2026-03-04 18:45:00+00:00,0.78009,0.78025,0.77971,0.78014
2026-03-04 19:00:00+00:00,0.78014,0.78016,0.77967,0.77984
2026-03-04 19:15:00+00:00,0.77984,0.77987,0.77943,0.77952
2026-03-04 19:30:00+00:00,0.77951,0.77959,0.77926,0.77938
2026-03-04 19:45:00+00:00,0.77937,0.77945,0.77876,0.77885
2026-03-04 20:00:00+00:00,0.77886,0.77906,0.77877,0.77898
2026-03-04 20:15:00+00:00,0.77898,0.77921,0.77894,0.77908
2026-03-04 20:30:00+00:00,0.77907,0.77924,0.77884,0.77897
2026-03-04 20:45:00+00:00,0.77896,0.77915,0.77893,0.77908
2026-03-04 21:00:00+00:00,0.77911,0.7794,0.77902,0.77919
2026-03-04 21:15:00+00:00,0.77919,0.77925,0.77885,0.7791
2026-03-04 21:30:00+00:00,0.77909,0.77929,0.77903,0.77923
2026-03-04 21:45:00+00:00,0.77922,0.77927,0.77912,0.77919
2026-03-04 22:00:00+00:00,0.77923,0.77992,0.77917,0.77937
2026-03-04 22:15:00+00:00,0.77938,0.77943,0.77895,0.77895
2026-03-04 22:30:00+00:00,0.77893,0.77945,0.77893,0.77939
2026-03-04 22:45:00+00:00,0.77938,0.77948,0.77927,0.77941
2026-03-04 23:00:00+00:00,0.77941,0.77947,0.77889,0.7793
2026-03-04 23:15:00+00:00,0.7793,0.77931,0.77902,0.77903
2026-03-04 23:30:00+00:00,0.77902,0.77924,0.77895,0.77918
2026-03-04 23:45:00+00:00,0.77916,0.77922,0.77909,0.77922
2026-03-05 00:00:00+00:00,0.77921,0.77943,0.77899,0.77901
2026-03-05 00:15:00+00:00,0.77901,0.77902,0.77856,0.77865
2026-03-05 00:30:00+00:00,0.77864,0.77883,0.77846,0.77853
2026-03-05 00:45:00+00:00,0.7785,0.77872,0.77843,0.77844
2026-03-05 01:00:00+00:00,0.77843,0.77894,0.77843,0.77876
2026-03-05 01:15:00+00:00,0.77876,0.77877,0.77834,0.77835
2026-03-05 01:30:00+00:00,0.77834,0.77937,0.77834,0.77933
2026-03-05 01:45:00+00:00,0.77932,0.77941,0.77906,0.77931
2026-03-05 02:00:00+00:00,0.77931,0.77946,0.77918,0.7794
2026-03-05 02:15:00+00:00,0.77941,0.77987,0.77934,0.77959
2026-03-05 02:30:00+00:00,0.77959,0.7799,0.77956,0.77959
2026-03-05 02:45:00+00:00,0.77958,0.77983,0.77939,0.7797
2026-03-05 03:00:00+00:00,0.77969,0.77992,0.77945,0.77983
2026-03-05 03:15:00+00:00,0.77983,0.78024,0.77982,0.7802
2026-03-05 03:30:00+00:00,0.7802,0.78038,0.77989,0.78
2026-03-05 03:45:00+00:00,0.77998,0.78023,0.77994,0.78021
2026-03-05 04:00:00+00:00,0.7802,0.78027,0.77998,0.77999
2026-03-05 04:15:00+00:00,0.77999,0.7803,0.77995,0.7803
2026-03-05 04:30:00+00:00,0.78032,0.78047,0.78019,0.7803
2026-03-05 04:45:00+00:00,0.78029,0.78043,0.78019,0.78029
2026-03-05 05:00:00+00:00,0.78028,0.78032,0.78002,0.78007
2026-03-05 05:15:00+00:00,0.78007,0.78023,0.78003,0.7801
2026-03-05 05:30:00+00:00,0.78012,0.78072,0.78003,0.78054
2026-03-05 05:45:00+00:00,0.78052,0.78162,0.78052,0.78155
2026-03-05 06:00:00+00:00,0.78154,0.78188,0.78144,0.78177
2026-03-05 06:15:00+00:00,0.78177,0.78191,0.78146,0.78151
2026-03-05 06:30:00+00:00,0.78151,0.78152,0.78096,0.781
2026-03-05 06:45:00+00:00,0.781,0.78129,0.78055,0.78077
2026-03-05 07:00:00+00:00,0.78078,0.78111,0.78047,0.78111
2026-03-05 07:15:00+00:00,0.7811,0.78129,0.78074,0.78078
2026-03-05 07:30:00+00:00,0.78078,0.78083,0.77997,0.78009
2026-03-05 07:45:00+00:00,0.78008,0.78075,0.78006,0.78038
2026-03-05 08:00:00+00:00,0.78032,0.78137,0.78029,0.78136
2026-03-05 08:15:00+00:00,0.78135,0.78159,0.78102,0.78159
2026-03-05 08:30:00+00:00,0.78161,0.78175,0.78104,0.78117
2026-03-05 08:45:00+00:00,0.78117,0.78148,0.78109,0.78117
2026-03-05 09:00:00+00:00,0.78115,0.78121,0.77909,0.77979
2026-03-05 09:15:00+00:00,0.77979,0.78001,0.77897,0.7792
2026-03-05 09:30:00+00:00,0.7792,0.77944,0.77882,0.77911
2026-03-05 09:45:00+00:00,0.77912,0.77958,0.77905,0.77918
2026-03-05 10:00:00+00:00,0.7792,0.77941,0.77848,0.77891
2026-03-05 10:15:00+00:00,0.77891,0.77895,0.77873,0.77885
2026-03-05 10:30:00+00:00,0.77885,0.78,0.77884,0.77988
2026-03-05 10:45:00+00:00,0.77989,0.78029,0.77985,0.78021
2026-03-05 11:00:00+00:00,0.78016,0.78064,0.77966,0.77991
2026-03-05 11:15:00+00:00,0.77992,0.78031,0.77965,0.78016
2026-03-05 11:30:00+00:00,0.78017,0.78056,0.78001,0.78043
2026-03-05 11:45:00+00:00,0.78043,0.78048,0.77989,0.7803
2026-03-05 12:00:00+00:00,0.7803,0.7804,0.78006,0.78025
2026-03-05 12:15:00+00:00,0.78023,0.78027,0.77906,0.7792
2026-03-05 12:30:00+00:00,0.77919,0.77946,0.77895,0.77946
2026-03-05 12:45:00+00:00,0.77948,0.78063,0.77934,0.77996
2026-03-05 13:00:00+00:00,0.77995,0.78014,0.77984,0.77997
2026-03-05 13:15:00+00:00,0.77994,0.78059,0.77975,0.78045
2026-03-05 13:30:00+00:00,0.78044,0.78126,0.7804,0.78126
2026-03-05 13:45:00+00:00,0.7813,0.782,0.78102,0.7815
2026-03-05 14:00:00+00:00,0.7815,0.7815,0.78065,0.78091
2026-03-05 14:15:00+00:00,0.78089,0.78109,0.78069,0.78078
2026-03-05 14:30:00+00:00,0.78077,0.78096,0.7799,0.78092
2026-03-05 14:45:00+00:00,0.78093,0.78107,0.78024,0.78056
2026-03-05 15:00:00+00:00,0.78056,0.7806,0.78004,0.7806
2026-03-05 15:15:00+00:00,0.7806,0.78197,0.78053,0.78187
2026-03-05 15:30:00+00:00,0.78185,0.78255,0.78185,0.78219
2026-03-05 15:45:00+00:00,0.78217,0.78221,0.78178,0.78183
2026-03-05 16:00:00+00:00,0.78184,0.78296,0.78154,0.78237
2026-03-05 16:15:00+00:00,0.78236,0.7835,0.7823,0.78305
2026-03-05 16:30:00+00:00,0.78302,0.78314,0.78229,0.78242
2026-03-05 16:45:00+00:00,0.78242,0.7828,0.78211,0.78213
2026-03-05 17:00:00+00:00,0.78213,0.78253,0.78173,0.7825
2026-03-05 17:15:00+00:00,0.78249,0.78266,0.78189,0.78241
2026-03-05 17:30:00+00:00,0.78238,0.78291,0.78205,0.78227
2026-03-05 17:45:00+00:00,0.78227,0.78282,0.78226,0.78247
2026-03-05 18:00:00+00:00,0.78248,0.78257,0.78221,0.78239
2026-03-05 18:15:00+00:00,0.78238,0.78329,0.78237,0.78292
2026-03-05 18:30:00+00:00,0.78295,0.783,0.78217,0.78219
2026-03-05 18:45:00+00:00,0.78219,0.78258,0.78215,0.78253
2026-03-05 19:00:00+00:00,0.78252,0.7826,0.78238,0.78251
2026-03-05 19:15:00+00:00,0.78251,0.78304,0.78251,0.78298
2026-03-05 19:30:00+00:00,0.78297,0.7836,0.78297,0.78332
2026-03-05 19:45:00+00:00,0.78331,0.78371,0.78321,0.78361
2026-03-05 20:00:00+00:00,0.78361,0.78362,0.78153,0.78168
2026-03-05 20:15:00+00:00,0.78169,0.78195,0.78089,0.78114
2026-03-05 20:30:00+00:00,0.78112,0.78123,0.78088,0.78108
2026-03-05 20:45:00+00:00,0.78107,0.78136,0.7809,0.78116
2026-03-05 21:00:00+00:00,0.78116,0.78117,0.78058,0.78084
2026-03-05 21:15:00+00:00,0.78085,0.78106,0.78082,0.78092
2026-03-05 21:30:00+00:00,0.78091,0.78113,0.78081,0.78108
2026-03-05 21:45:00+00:00,0.78107,0.78121,0.78095,0.78098
2026-03-05 22:00:00+00:00,0.78099,0.78145,0.78088,0.78099
2026-03-05 22:15:00+00:00,0.78098,0.78115,0.78091,0.78102
2026-03-05 22:30:00+00:00,0.78102,0.78118,0.7809,0.78113
2026-03-05 22:45:00+00:00,0.78111,0.78119,0.78102,0.78113
2026-03-05 23:00:00+00:00,0.78112,0.78116,0.78088,0.78088
2026-03-05 23:15:00+00:00,0.78089,0.78093,0.7807,0.7808
2026-03-05 23:30:00+00:00,0.78079,0.78087,0.78067,0.78076
2026-03-05 23:45:00+00:00,0.78074,0.78084,0.7807,0.78084
2026-03-06 00:00:00+00:00,0.78084,0.78094,0.78062,0.78071
2026-03-06 00:15:00+00:00,0.78072,0.78076,0.78036,0.78039
2026-03-06 00:30:00+00:00,0.78038,0.78076,0.78037,0.78067
2026-03-06 00:45:00+00:00,0.78066,0.78079,0.78059,0.7807
2026-03-06 01:00:00+00:00,0.78069,0.78081,0.78038,0.78046
2026-03-06 01:15:00+00:00,0.78046,0.78099,0.78039,0.78099
2026-03-06 01:30:00+00:00,0.78099,0.78099,0.78035,0.78059
2026-03-06 01:45:00+00:00,0.78057,0.78065,0.78024,0.78051
2026-03-06 02:00:00+00:00,0.7805,0.78062,0.78036,0.78049
2026-03-06 02:15:00+00:00,0.78048,0.78054,0.78028,0.78034
2026-03-06 02:30:00+00:00,0.78034,0.78051,0.78026,0.78044
2026-03-06 02:45:00+00:00,0.78042,0.7806,0.78036,0.78056
2026-03-06 03:00:00+00:00,0.78055,0.78057,0.78023,0.78041
2026-03-06 03:15:00+00:00,0.78041,0.78046,0.78024,0.78036
2026-03-06 03:30:00+00:00,0.78036,0.7805,0.78034,0.7805
2026-03-06 03:45:00+00:00,0.78048,0.78051,0.78031,0.78036
2026-03-06 04:00:00+00:00,0.78035,0.78038,0.78024,0.78026
2026-03-06 04:15:00+00:00,0.78026,0.78032,0.78009,0.78018
2026-03-06 04:30:00+00:00,0.78018,0.78035,0.7801,0.7803
2026-03-06 04:45:00+00:00,0.78029,0.78065,0.78027,0.7806
2026-03-06 05:00:00+00:00,0.78058,0.78064,0.78043,0.78049
2026-03-06 05:15:00+00:00,0.7805,0.78077,0.78046,0.78067
2026-03-06 05:30:00+00:00,0.78068,0.78089,0.78053,0.78053
2026-03-06 05:45:00+00:00,0.78052,0.78113,0.78052,0.78108
2026-03-06 06:00:00+00:00,0.78106,0.7813,0.78087,0.78106
2026-03-06 06:15:00+00:00,0.78105,0.78114,0.7808,0.78095
2026-03-06 06:30:00+00:00,0.78096,0.78109,0.78089,0.78098
2026-03-06 06:45:00+00:00,0.78098,0.781,0.78056,0.78068
2026-03-06 07:00:00+00:00,0.78068,0.78082,0.78047,0.78074
2026-03-06 07:15:00+00:00,0.78073,0.78079,0.78018,0.78031
2026-03-06 07:30:00+00:00,0.78032,0.78043,0.77995,0.77997
2026-03-06 07:45:00+00:00,0.77997,0.78008,0.77951,0.77958
2026-03-06 08:00:00+00:00,0.77957,0.78006,0.77948,0.78006
2026-03-06 08:15:00+00:00,0.78005,0.78041,0.77986,0.78019
2026-03-06 08:30:00+00:00,0.78019,0.78029,0.77968,0.77987
2026-03-06 08:45:00+00:00,0.77988,0.7803,0.77983,0.78015
2026-03-06 09:00:00+00:00,0.78013,0.78061,0.78007,0.78061
2026-03-06 09:15:00+00:00,0.78059,0.78127,0.78059,0.78126
2026-03-06 09:30:00+00:00,0.78128,0.78172,0.78112,0.78162
2026-03-06 09:45:00+00:00,0.78161,0.7821,0.78155,0.78199
2026-03-06 10:00:00+00:00,0.78196,0.78232,0.78143,0.78164
2026-03-06 10:15:00+00:00,0.78163,0.78169,0.78128,0.7816
2026-03-06 10:30:00+00:00,0.78157,0.78178,0.78134,0.78178
2026-03-06 10:45:00+00:00,0.78178,0.78187,0.78142,0.78157
2026-03-06 11:00:00+00:00,0.78155,0.7822,0.78129,0.78147
2026-03-06 11:15:00+00:00,0.78146,0.78165,0.78135,0.78142
2026-03-06 11:30:00+00:00,0.78142,0.782,0.78141,0.78198
2026-03-06 11:45:00+00:00,0.78198,0.78219,0.78173,0.78216
2026-03-06 12:00:00+00:00,0.78216,0.7828,0.78203,0.78257
2026-03-06 12:15:00+00:00,0.78256,0.78261,0.78188,0.7819
2026-03-06 12:30:00+00:00,0.78189,0.78205,0.78147,0.78168
2026-03-06 12:45:00+00:00,0.78167,0.78241,0.78158,0.78241
2026-03-06 13:00:00+00:00,0.78241,0.78244,0.78214,0.78229
2026-03-06 13:15:00+00:00,0.78228,0.78231,0.78196,0.7821
2026-03-06 13:30:00+00:00,0.78205,0.78219,0.77998,0.78021
2026-03-06 13:45:00+00:00,0.78017,0.78173,0.77998,0.78158
2026-03-06 14:00:00+00:00,0.78158,0.78242,0.78145,0.78177
2026-03-06 14:15:00+00:00,0.78178,0.78209,0.7815,0.78191
2026-03-06 14:30:00+00:00,0.7819,0.78192,0.78013,0.78034
2026-03-06 14:45:00+00:00,0.78031,0.78059,0.77964,0.77975
2026-03-06 15:00:00+00:00,0.77975,0.77977,0.77824,0.77901
2026-03-06 15:15:00+00:00,0.779,0.7791,0.7784,0.77896
2026-03-06 15:30:00+00:00,0.77892,0.77963,0.77871,0.77935
2026-03-06 15:45:00+00:00,0.77937,0.77995,0.77916,0.77973
2026-03-06 16:00:00+00:00,0.77973,0.77976,0.77835,0.77894
2026-03-06 16:15:00+00:00,0.77894,0.77896,0.77804,0.77838
2026-03-06 16:30:00+00:00,0.77837,0.77848,0.77767,0.77791
2026-03-06 16:45:00+00:00,0.77789,0.77801,0.77726,0.77774
2026-03-06 17:00:00+00:00,0.77775,0.77807,0.77744,0.77774
2026-03-06 17:15:00+00:00,0.77772,0.77776,0.77704,0.77749
2026-03-06 17:30:00+00:00,0.77745,0.77769,0.77736,0.77761
2026-03-06 17:45:00+00:00,0.7776,0.77771,0.77719,0.77748
2026-03-06 18:00:00+00:00,0.77751,0.77775,0.77643,0.77643
2026-03-06 18:15:00+00:00,0.77643,0.77684,0.7761,0.77678
2026-03-06 18:30:00+00:00,0.77675,0.77681,0.77651,0.77659
2026-03-06 18:45:00+00:00,0.77658,0.77726,0.77655,0.77694
2026-03-06 19:00:00+00:00,0.77697,0.77727,0.7767,0.77672
2026-03-06 19:15:00+00:00,0.77672,0.77707,0.77659,0.7769
2026-03-06 19:30:00+00:00,0.77688,0.77704,0.7767,0.77691
2026-03-06 19:45:00+00:00,0.77689,0.77705,0.77661,0.77695
2026-03-06 20:00:00+00:00,0.77698,0.77726,0.77682,0.77706
2026-03-06 20:15:00+00:00,0.77706,0.7774,0.77706,0.77733
2026-03-06 20:30:00+00:00,0.77732,0.77747,0.7768,0.77716
2026-03-06 20:45:00+00:00,0.77715,0.77718,0.77677,0.77697
2026-03-06 21:00:00+00:00,0.77697,0.77712,0.77646,0.77647
2026-03-06 21:15:00+00:00,0.77647,0.77658,0.77615,0.77625
2026-03-06 21:30:00+00:00,0.77623,0.77659,0.77621,0.77648
2026-03-06 21:45:00+00:00,0.77645,0.77658,0.77599,0.77607
2026-03-06 22:00:00+00:00,0.77612,0.77718,0.77603,0.77622
2026-03-06 22:15:00+00:00,0.77623,0.77635,0.77621,0.77631
2026-03-06 22:30:00+00:00,0.77631,0.7765,0.77616,0.77626
2026-03-06 22:45:00+00:00,0.77624,0.77638,0.77614,0.77634
2026-03-06 23:00:00+00:00,0.77654,0.77888,0.77592,0.77639
2026-03-06 23:15:00+00:00,0.77639,0.77642,0.77631,0.77631
2026-03-06 23:30:00+00:00,0.7763,0.77645,0.77628,0.77641
2026-03-06 23:45:00+00:00,0.7764,0.77643,0.77629,0.77635
2026-03-07 00:00:00+00:00,0.77635,0.77656,0.77632,0.7764
2026-03-07 00:15:00+00:00,0.77641,0.77651,0.7764,0.77648
2026-03-07 00:30:00+00:00,0.77648,0.77651,0.77647,0.7765
2026-03-07 00:45:00+00:00,0.77648,0.77651,0.77647,0.77649
2026-03-07 01:00:00+00:00,0.77648,0.77651,0.77647,0.77648
2026-03-07 01:15:00+00:00,0.77648,0.77652,0.77647,0.77648
2026-03-07 01:30:00+00:00,0.77648,0.77652,0.77647,0.7765
2026-03-07 01:45:00+00:00,0.77649,0.77652,0.77647,0.77649
2026-03-07 02:00:00+00:00,0.77648,0.77652,0.77647,0.77648
2026-03-07 02:15:00+00:00,0.77648,0.77651,0.77647,0.77648
2026-03-07 02:30:00+00:00,0.77648,0.77652,0.77647,0.77649
2026-03-07 02:45:00+00:00,0.77648,0.77652,0.77647,0.7765
2026-03-07 03:00:00+00:00,0.77648,0.77651,0.77647,0.77648
2026-03-07 03:15:00+00:00,0.77648,0.77652,0.77647,0.77648
2026-03-07 03:30:00+00:00,0.77648,0.77651,0.77647,0.77649
2026-03-07 03:45:00+00:00,0.77648,0.77652,0.77647,0.7765
2026-03-07 04:00:00+00:00,0.77648,0.77651,0.77647,0.77648
2026-03-07 04:15:00+00:00,0.77648,0.77652,0.77647,0.77647
2026-03-07 04:30:00+00:00,0.77648,0.77652,0.77647,0.77649
2026-03-07 04:45:00+00:00,0.77648,0.77651,0.77647,0.7765
2026-03-07 05:00:00+00:00,0.77648,0.77652,0.77647,0.77649
2026-03-07 05:15:00+00:00,0.77648,0.77652,0.77647,0.77648
2026-03-07 05:30:00+00:00,0.77648,0.77651,0.77647,0.77649
2026-03-07 05:45:00+00:00,0.77648,0.77651,0.77647,0.7765
2026-03-07 06:00:00+00:00,0.77648,0.77651,0.77647,0.77649
2026-03-07 06:15:00+00:00,0.77648,0.77652,0.77647,0.77647
2026-03-07 06:30:00+00:00,0.77648,0.77651,0.77647,0.77649
2026-03-07 06:45:00+00:00,0.77649,0.77651,0.77647,0.7765
2026-03-07 07:00:00+00:00,0.77648,0.77652,0.77647,0.77649
2026-03-07 07:15:00+00:00,0.77648,0.77651,0.77647,0.77648
2026-03-07 07:30:00+00:00,0.77648,0.77652,0.77647,0.77648
2026-03-07 07:45:00+00:00,0.77648,0.77651,0.77634,0.7765
2026-03-07 08:00:00+00:00,0.77649,0.77652,0.77647,0.77649
2026-03-07 08:15:00+00:00,0.77648,0.77652,0.77647,0.77648
2026-03-07 08:30:00+00:00,0.77648,0.77651,0.77647,0.77648
2026-03-07 08:45:00+00:00,0.77648,0.77652,0.77647,0.77649
2026-03-07 09:00:00+00:00,0.77648,0.77652,0.77647,0.7765
2026-03-07 09:15:00+00:00,0.77648,0.77651,0.77647,0.77648
2026-03-07 09:30:00+00:00,0.77648,0.77652,0.77647,0.77648
2026-03-07 09:45:00+00:00,0.77647,0.7765,0.77634,0.77649
2026-03-07 10:00:00+00:00,0.77648,0.77653,0.77647,0.7765
2026-03-07 10:15:00+00:00,0.77648,0.77651,0.77647,0.77649
2026-03-07 10:30:00+00:00,0.77649,0.77652,0.77647,0.77647
2026-03-07 10:45:00+00:00,0.77648,0.77651,0.77645,0.77649
2026-03-07 11:00:00+00:00,0.77648,0.77651,0.77647,0.7765
2026-03-07 11:15:00+00:00,0.77648,0.77651,0.77645,0.77649
2026-03-07 11:30:00+00:00,0.77648,0.7769,0.77646,0.77658
2026-03-07 11:45:00+00:00,0.77658,0.77669,0.77648,0.77649
2026-03-07 12:00:00+00:00,0.77648,0.77658,0.77647,0.77651
2026-03-07 12:15:00+00:00,0.77649,0.77653,0.77647,0.77649
2026-03-07 12:30:00+00:00,0.77648,0.77664,0.77646,0.7766
2026-03-07 12:45:00+00:00,0.77661,0.77676,0.7766,0.77671
2026-03-07 13:00:00+00:00,0.77671,0.77675,0.7767,0.77673
2026-03-07 13:15:00+00:00,0.77671,0.77689,0.7767,0.77681
2026-03-07 13:30:00+00:00,0.7768,0.77684,0.77679,0.7768
2026-03-07 13:45:00+00:00,0.7768,0.7769,0.77679,0.77687
2026-03-07 14:00:00+00:00,0.77687,0.77693,0.77686,0.77693
2026-03-07 14:15:00+00:00,0.77692,0.77695,0.77691,0.77693
2026-03-07 14:30:00+00:00,0.77692,0.777,0.77691,0.77696
2026-03-07 14:45:00+00:00,0.77696,0.777,0.77695,0.77696
2026-03-07 15:00:00+00:00,0.77696,0.77698,0.77692,0.77694
2026-03-07 15:15:00+00:00,0.77693,0.77699,0.77692,0.77699
2026-03-07 15:30:00+00:00,0.77697,0.777,0.77696,0.77697
2026-03-07 15:45:00+00:00,0.77697,0.77703,0.77696,0.777
2026-03-07 16:00:00+00:00,0.777,0.77704,0.77699,0.77701
2026-03-07 16:15:00+00:00,0.777,0.77706,0.77699,0.77704
2026-03-07 16:30:00+00:00,0.77703,0.77706,0.77696,0.77697
2026-03-07 16:45:00+00:00,0.77696,0.777,0.77695,0.77696
2026-03-07 17:00:00+00:00,0.77704,0.77796,0.77691,0.77744
2026-03-07 17:15:00+00:00,0.77743,0.77747,0.77742,0.77745
2026-03-07 17:30:00+00:00,0.77743,0.77747,0.77736,0.77738
2026-03-07 17:45:00+00:00,0.77737,0.77741,0.77727,0.77732
2026-03-07 18:00:00+00:00,0.77732,0.77783,0.77726,0.7778
2026-03-07 18:15:00+00:00,0.7778,0.77783,0.77734,0.77738
2026-03-07 18:30:00+00:00,0.77736,0.77739,0.77708,0.77709
2026-03-07 18:45:00+00:00,0.77708,0.77713,0.77707,0.77709
2026-03-07 19:00:00+00:00,0.77719,0.77818,0.77705,0.77752
2026-03-07 19:15:00+00:00,0.77752,0.77762,0.7772,0.77723
2026-03-07 19:30:00+00:00,0.77721,0.77724,0.77718,0.77721
2026-03-07 19:45:00+00:00,0.77719,0.77723,0.77718,0.77719
2026-03-07 20:00:00+00:00,0.77719,0.77773,0.7771,0.7773
2026-03-07 20:15:00+00:00,0.7773,0.77734,0.77728,0.77728
2026-03-07 20:30:00+00:00,0.77727,0.77731,0.77726,0.77728
2026-03-07 20:45:00+00:00,0.77727,0.7773,0.77722,0.77724
2026-03-07 21:00:00+00:00,0.77733,0.77824,0.77721,0.77773
2026-03-07 21:15:00+00:00,0.77773,0.77776,0.7776,0.77762
2026-03-07 21:30:00+00:00,0.77761,0.77765,0.77728,0.77728
2026-03-07 21:45:00+00:00,0.77726,0.77764,0.77725,0.77726
2026-03-07 22:00:00+00:00,0.77726,0.77778,0.77717,0.77762
2026-03-07 22:15:00+00:00,0.77763,0.77766,0.77762,0.77763
2026-03-07 22:30:00+00:00,0.77763,0.77766,0.77752,0.77754
2026-03-07 22:45:00+00:00,0.77753,0.77756,0.77733,0.77734
2026-03-07 23:00:00+00:00,0.77733,0.77781,0.77721,0.77777
2026-03-07 23:15:00+00:00,0.77777,0.77784,0.77695,0.77735
2026-03-07 23:30:00+00:00,0.77734,0.77738,0.77707,0.7771
2026-03-07 23:45:00+00:00,0.77708,0.77713,0.77708,0.7771
2026-03-08 00:00:00+00:00,0.77709,0.77713,0.77686,0.77687
2026-03-08 00:15:00+00:00,0.77688,0.77698,0.77686,0.77693
2026-03-08 00:30:00+00:00,0.77692,0.77696,0.77664,0.77687
2026-03-08 00:45:00+00:00,0.77686,0.77689,0.77668,0.7767
2026-03-08 01:00:00+00:00,0.77669,0.77682,0.77667,0.77679
2026-03-08 01:15:00+00:00,0.77679,0.77683,0.77678,0.77679
2026-03-08 01:30:00+00:00,0.77679,0.77689,0.77679,0.77687
2026-03-08 01:45:00+00:00,0.77686,0.77697,0.77685,0.77693
2026-03-08 02:00:00+00:00,0.77691,0.77695,0.7769,0.77691
2026-03-08 02:15:00+00:00,0.77691,0.77699,0.7769,0.77695
2026-03-08 02:30:00+00:00,0.77696,0.77699,0.77695,0.77697
2026-03-08 02:45:00+00:00,0.77696,0.77699,0.7769,0.77694
2026-03-08 03:00:00+00:00,0.77693,0.77696,0.77662,0.77682
2026-03-08 03:15:00+00:00,0.77682,0.77686,0.77681,0.77682
2026-03-08 03:30:00+00:00,0.77682,0.77694,0.77682,0.7769
2026-03-08 03:45:00+00:00,0.77689,0.77692,0.77687,0.7769
2026-03-08 04:00:00+00:00,0.77689,0.77697,0.77688,0.77694
2026-03-08 04:15:00+00:00,0.77693,0.77697,0.7769,0.77691
2026-03-08 04:30:00+00:00,0.77692,0.77695,0.7769,0.77692
2026-03-08 04:45:00+00:00,0.77692,0.77699,0.77691,0.77698
2026-03-08 05:00:00+00:00,0.77696,0.77699,0.77695,0.77696
2026-03-08 05:15:00+00:00,0.77696,0.77703,0.77695,0.77699
2026-03-08 05:30:00+00:00,0.77699,0.77705,0.77698,0.77702
2026-03-08 05:45:00+00:00,0.77702,0.77705,0.77701,0.77704
2026-03-08 06:00:00+00:00,0.77702,0.77705,0.77695,0.77697
2026-03-08 06:15:00+00:00,0.77696,0.77699,0.77695,0.77695
2026-03-08 06:30:00+00:00,0.77696,0.77703,0.77695,0.77699
2026-03-08 06:45:00+00:00,0.77699,0.77705,0.77698,0.77704
2026-03-08 07:00:00+00:00,0.77702,0.77705,0.77701,0.77703
2026-03-08 07:15:00+00:00,0.77702,0.77707,0.77701,0.77704
2026-03-08 07:30:00+00:00,0.77704,0.77708,0.77703,0.77704
2026-03-08 07:45:00+00:00,0.77704,0.77705,0.77696,0.77698
2026-03-08 08:00:00+00:00,0.77697,0.77703,0.77696,0.77702
2026-03-08 08:15:00+00:00,0.777,0.77704,0.77699,0.777
2026-03-08 08:30:00+00:00,0.777,0.77706,0.77699,0.77702
2026-03-08 08:45:00+00:00,0.77703,0.77706,0.77702,0.77704
2026-03-08 09:00:00+00:00,0.77703,0.77708,0.77684,0.77686
2026-03-08 09:15:00+00:00,0.77684,0.77692,0.77683,0.7769
2026-03-08 09:30:00+00:00,0.7769,0.77693,0.77689,0.7769
2026-03-08 09:45:00+00:00,0.7769,0.777,0.77689,0.77696
2026-03-08 10:00:00+00:00,0.77695,0.77698,0.77694,0.77696
2026-03-08 10:15:00+00:00,0.77695,0.77698,0.77683,0.77687
2026-03-08 10:30:00+00:00,0.77686,0.7769,0.77685,0.77686
2026-03-08 10:45:00+00:00,0.77686,0.77689,0.77674,0.7768
2026-03-08 11:00:00+00:00,0.7768,0.77683,0.77679,0.77682
2026-03-08 11:15:00+00:00,0.7768,0.77683,0.77674,0.77675
2026-03-08 11:30:00+00:00,0.77675,0.77678,0.7767,0.7767
2026-03-08 11:45:00+00:00,0.7767,0.77674,0.77669,0.77671
2026-03-08 12:00:00+00:00,0.7767,0.77674,0.77664,0.77669
2026-03-08 12:15:00+00:00,0.77667,0.7767,0.77666,0.77668
2026-03-08 12:30:00+00:00,0.77667,0.77669,0.77663,0.77664
2026-03-08 12:45:00+00:00,0.77664,0.77668,0.77662,0.77662
2026-03-08 13:00:00+00:00,0.77662,0.77665,0.7765,0.77652
2026-03-08 13:15:00+00:00,0.7765,0.77654,0.77649,0.77652
2026-03-08 13:30:00+00:00,0.77651,0.77654,0.7765,0.77651
2026-03-08 13:45:00+00:00,0.77651,0.77655,0.7765,0.77651
2026-03-08 14:00:00+00:00,0.77651,0.77655,0.77642,0.77647
2026-03-08 14:15:00+00:00,0.77646,0.77649,0.77645,0.77647
2026-03-08 14:30:00+00:00,0.77646,0.77651,0.77645,0.77647
2026-03-08 14:45:00+00:00,0.77648,0.77651,0.77647,0.77647
2026-03-08 15:00:00+00:00,0.77648,0.77653,0.77601,0.77623
2026-03-08 15:15:00+00:00,0.77621,0.77635,0.7762,0.77629
2026-03-08 15:30:00+00:00,0.77628,0.77631,0.77627,0.77628
2026-03-08 15:45:00+00:00,0.77628,0.77643,0.77627,0.77638
2026-03-08 16:00:00+00:00,0.77639,0.77642,0.77631,0.77633
2026-03-08 16:15:00+00:00,0.77632,0.77639,0.77631,0.77638
2026-03-08 16:30:00+00:00,0.77636,0.77641,0.77635,0.7764
2026-03-08 16:45:00+00:00,0.7764,0.77643,0.77639,0.77639
2026-03-08 17:00:00+00:00,0.7764,0.7772,0.77622,0.77672
2026-03-08 17:15:00+00:00,0.77671,0.77675,0.77655,0.7766
2026-03-08 17:30:00+00:00,0.77658,0.77661,0.77656,0.77658
2026-03-08 17:45:00+00:00,0.77657,0.77771,0.77654,0.77744
2026-03-08 18:00:00+00:00,0.77744,0.77951,0.7774,0.77944
2026-03-08 18:15:00+00:00,0.77946,0.77958,0.77768,0.77864
2026-03-08 18:30:00+00:00,0.77854,0.77922,0.77791,0.77899
2026-03-08 18:45:00+00:00,0.77899,0.77919,0.77865,0.77884
2026-03-08 19:00:00+00:00,0.77886,0.77903,0.77776,0.77846
2026-03-08 19:15:00+00:00,0.77846,0.77953,0.77838,0.77934
2026-03-08 19:30:00+00:00,0.77933,0.77937,0.77893,0.77919
2026-03-08 19:45:00+00:00,0.77918,0.77958,0.7791,0.77953
2026-03-08 20:00:00+00:00,0.77954,0.77993,0.7795,0.77984
2026-03-08 20:15:00+00:00,0.77984,0.77995,0.77963,0.77988
2026-03-08 20:30:00+00:00,0.77984,0.77999,0.77955,0.77965
2026-03-08 20:45:00+00:00,0.77964,0.77978,0.77945,0.77967
2026-03-08 21:00:00+00:00,0.77968,0.77985,0.7791,0.77926
2026-03-08 21:15:00+00:00,0.77927,0.77939,0.77899,0.77926
2026-03-08 21:30:00+00:00,0.77923,0.77964,0.77917,0.77962
2026-03-08 21:45:00+00:00,0.77961,0.77992,0.77948,0.77962
2026-03-08 22:00:00+00:00,0.7796,0.78002,0.77932,0.78002
2026-03-08 22:15:00+00:00,0.78003,0.78012,0.77891,0.77963
2026-03-08 22:30:00+00:00,0.77962,0.77996,0.77962,0.77991
2026-03-08 22:45:00+00:00,0.77988,0.78003,0.77948,0.77997
2026-03-08 23:00:00+00:00,0.77996,0.78092,0.7799,0.78085
2026-03-08 23:15:00+00:00,0.78083,0.78102,0.78062,0.78076
2026-03-08 23:30:00+00:00,0.78076,0.78112,0.78046,0.78092
2026-03-08 23:45:00+00:00,0.7809,0.78132,0.78089,0.78127
2026-03-09 00:00:00+00:00,0.78126,0.7813,0.78102,0.78112
2026-03-09 00:15:00+00:00,0.78115,0.78152,0.78112,0.78148
2026-03-09 00:30:00+00:00,0.78148,0.78149,0.78098,0.78143
2026-03-09 00:45:00+00:00,0.78141,0.78197,0.78138,0.78179
2026-03-09 01:00:00+00:00,0.78178,0.78221,0.78177,0.78207
2026-03-09 01:15:00+00:00,0.78207,0.78239,0.78193,0.78214
2026-03-09 01:30:00+00:00,0.78214,0.78219,0.78161,0.78209
2026-03-09 01:45:00+00:00,0.78208,0.78253,0.782,0.78245
2026-03-09 02:00:00+00:00,0.78243,0.78253,0.78174,0.7819
2026-03-09 02:15:00+00:00,0.78191,0.7822,0.78172,0.78183
2026-03-09 02:30:00+00:00,0.78183,0.78191,0.78123,0.78148
2026-03-09 02:45:00+00:00,0.78145,0.78185,0.78128,0.78136
2026-03-09 03:00:00+00:00,0.78135,0.78161,0.78117,0.78154
2026-03-09 03:15:00+00:00,0.78154,0.78157,0.78132,0.7815
2026-03-09 03:30:00+00:00,0.7815,0.78166,0.78129,0.78165
2026-03-09 03:45:00+00:00,0.78164,0.78166,0.78128,0.78133
2026-03-09 04:00:00+00:00,0.78132,0.78136,0.78072,0.78096
2026-03-09 04:15:00+00:00,0.78096,0.78118,0.78086,0.78098
2026-03-09 04:30:00+00:00,0.78099,0.78104,0.78066,0.78067
2026-03-09 04:45:00+00:00,0.78066,0.78079,0.78057,0.78076
2026-03-09 05:00:00+00:00,0.78074,0.78081,0.78001,0.78031
2026-03-09 05:15:00+00:00,0.7803,0.78045,0.77892,0.77906
2026-03-09 05:30:00+00:00,0.77905,0.77997,0.77875,0.77959
2026-03-09 05:45:00+00:00,0.77958,0.77964,0.7785,0.77888
2026-03-09 06:00:00+00:00,0.77887,0.77943,0.77879,0.77943
2026-03-09 06:15:00+00:00,0.77942,0.78035,0.7793,0.78008
2026-03-09 06:30:00+00:00,0.78007,0.78015,0.77916,0.77952
2026-03-09 06:45:00+00:00,0.77952,0.7802,0.77946,0.78002
2026-03-09 07:00:00+00:00,0.78,0.78052,0.77984,0.78034
2026-03-09 07:15:00+00:00,0.78032,0.78068,0.78006,0.78016
2026-03-09 07:30:00+00:00,0.78014,0.7802,0.7788,0.77896
2026-03-09 07:45:00+00:00,0.77896,0.77903,0.77786,0.77818
2026-03-09 08:00:00+00:00,0.77818,0.77853,0.77792,0.77847
2026-03-09 08:15:00+00:00,0.77846,0.77981,0.77828,0.7796
2026-03-09 08:30:00+00:00,0.77961,0.7805,0.77932,0.78024
2026-03-09 08:45:00+00:00,0.78024,0.78074,0.78019,0.78049
2026-03-09 09:00:00+00:00,0.78049,0.78056,0.77953,0.77986
2026-03-09 09:15:00+00:00,0.77983,0.77999,0.7791,0.7794
2026-03-09 09:30:00+00:00,0.77941,0.77987,0.77834,0.77954
2026-03-09 09:45:00+00:00,0.77954,0.77962,0.77907,0.77929
2026-03-09 10:00:00+00:00,0.77927,0.77954,0.7789,0.77913
2026-03-09 10:15:00+00:00,0.77909,0.77932,0.77878,0.77881
2026-03-09 10:30:00+00:00,0.7788,0.7792,0.77836,0.7788
2026-03-09 10:45:00+00:00,0.77881,0.77924,0.77877,0.77877
2026-03-09 11:00:00+00:00,0.77877,0.77883,0.7784,0.77843
2026-03-09 11:15:00+00:00,0.7784,0.77926,0.7784,0.7792
2026-03-09 11:30:00+00:00,0.7792,0.77956,0.7785,0.77914
2026-03-09 11:45:00+00:00,0.77917,0.77932,0.77888,0.77924
2026-03-09 12:00:00+00:00,0.77924,0.77927,0.77866,0.77907
2026-03-09 12:15:00+00:00,0.77906,0.77923,0.77891,0.77892
2026-03-09 12:30:00+00:00,0.77892,0.77909,0.7789,0.77904
2026-03-09 12:45:00+00:00,0.77907,0.77975,0.77901,0.77973
2026-03-09 13:00:00+00:00,0.77973,0.77974,0.77905,0.77905
2026-03-09 13:15:00+00:00,0.77906,0.77919,0.77843,0.77874
2026-03-09 13:30:00+00:00,0.77872,0.77898,0.77805,0.77893
2026-03-09 13:45:00+00:00,0.77893,0.77929,0.77859,0.77929
2026-03-09 14:00:00+00:00,0.77929,0.78038,0.77905,0.78036
2026-03-09 14:15:00+00:00,0.7803,0.7807,0.77895,0.77912
2026-03-09 14:30:00+00:00,0.77911,0.77936,0.77871,0.77932
2026-03-09 14:45:00+00:00,0.77932,0.77938,0.77882,0.77905
2026-03-09 15:00:00+00:00,0.77906,0.77923,0.7786,0.77865
2026-03-09 15:15:00+00:00,0.77866,0.77878,0.77829,0.77851
2026-03-09 15:30:00+00:00,0.77849,0.77882,0.77848,0.7787
2026-03-09 15:45:00+00:00,0.77868,0.7788,0.77832,0.77838
2026-03-09 16:00:00+00:00,0.7784,0.7789,0.77815,0.77825
2026-03-09 16:15:00+00:00,0.77824,0.7792,0.77824,0.77892
2026-03-09 16:30:00+00:00,0.7789,0.77893,0.77843,0.77849
2026-03-09 16:45:00+00:00,0.77848,0.77913,0.77834,0.77898
2026-03-09 17:00:00+00:00,0.77899,0.77965,0.77897,0.77964
2026-03-09 17:15:00+00:00,0.77964,0.77996,0.7796,0.77965
2026-03-09 17:30:00+00:00,0.77963,0.7798,0.77963,0.77976
2026-03-09 17:45:00+00:00,0.77975,0.77992,0.77957,0.77987
2026-03-09 18:00:00+00:00,0.77988,0.77993,0.77959,0.77968
2026-03-09 18:15:00+00:00,0.77968,0.78006,0.77967,0.78
2026-03-09 18:30:00+00:00,0.77998,0.78003,0.77982,0.78003
2026-03-09 18:45:00+00:00,0.78002,0.78023,0.77996,0.78023
2026-03-09 19:00:00+00:00,0.78025,0.78049,0.77987,0.78003
2026-03-09 19:15:00+00:00,0.78003,0.78003,0.77799,0.77816
2026-03-09 19:30:00+00:00,0.77815,0.77866,0.77784,0.77784
2026-03-09 19:45:00+00:00,0.77783,0.77813,0.77697,0.77809
2026-03-09 20:00:00+00:00,0.77811,0.77835,0.77799,0.77806
2026-03-09 20:15:00+00:00,0.77806,0.77819,0.77782,0.77784
2026-03-09 20:30:00+00:00,0.77782,0.77808,0.77767,0.77767
2026-03-09 20:45:00+00:00,0.77767,0.77781,0.77727,0.77728
2026-03-09 21:00:00+00:00,0.77733,0.77808,0.77726,0.77739
2026-03-09 21:15:00+00:00,0.7774,0.77745,0.77731,0.77745
2026-03-09 21:30:00+00:00,0.77744,0.77756,0.77735,0.77743
2026-03-09 21:45:00+00:00,0.77741,0.77755,0.77732,0.77737
2026-03-09 22:00:00+00:00,0.77738,0.77752,0.77711,0.77715
2026-03-09 22:15:00+00:00,0.77713,0.77761,0.77692,0.77738
2026-03-09 22:30:00+00:00,0.77737,0.77767,0.77719,0.77764
2026-03-09 22:45:00+00:00,0.77762,0.77766,0.7773,0.77733
2026-03-09 23:00:00+00:00,0.77733,0.77769,0.7773,0.77739
2026-03-09 23:15:00+00:00,0.7774,0.77746,0.77717,0.77735
2026-03-09 23:30:00+00:00,0.77735,0.77796,0.77735,0.77792
2026-03-09 23:45:00+00:00,0.77788,0.77814,0.77784,0.77802
2026-03-10 00:00:00+00:00,0.77801,0.77831,0.77787,0.77793
2026-03-10 00:15:00+00:00,0.77792,0.77796,0.77715,0.77716
2026-03-10 00:30:00+00:00,0.77716,0.77728,0.77652,0.77667
2026-03-10 00:45:00+00:00,0.77664,0.7775,0.77664,0.7772
2026-03-10 01:00:00+00:00,0.77719,0.77746,0.77705,0.77744
2026-03-10 01:15:00+00:00,0.77741,0.77799,0.77712,0.77789
2026-03-10 01:30:00+00:00,0.77789,0.77799,0.77759,0.77779
2026-03-10 01:45:00+00:00,0.77779,0.77784,0.77736,0.77742
2026-03-10 02:00:00+00:00,0.77741,0.77743,0.77712,0.77715
2026-03-10 02:15:00+00:00,0.77715,0.77721,0.77704,0.77713
2026-03-10 02:30:00+00:00,0.77714,0.77752,0.77703,0.77739
2026-03-10 02:45:00+00:00,0.77739,0.7778,0.77726,0.77772
2026-03-10 03:00:00+00:00,0.7777,0.77784,0.77759,0.7778
2026-03-10 03:15:00+00:00,0.7778,0.778,0.77775,0.77797
2026-03-10 03:30:00+00:00,0.77798,0.77802,0.77789,0.77798
2026-03-10 03:45:00+00:00,0.77796,0.77817,0.77791,0.77803
2026-03-10 04:00:00+00:00,0.77801,0.77831,0.778,0.77809
2026-03-10 04:15:00+00:00,0.77808,0.7782,0.77799,0.77808
2026-03-10 04:30:00+00:00,0.77808,0.77824,0.77804,0.77811
2026-03-10 04:45:00+00:00,0.77811,0.77813,0.77795,0.77802
2026-03-10 05:00:00+00:00,0.778,0.77804,0.77767,0.77772
2026-03-10 05:15:00+00:00,0.77771,0.77772,0.77752,0.77764
2026-03-10 05:30:00+00:00,0.77764,0.77789,0.77761,0.77787
2026-03-10 05:45:00+00:00,0.77787,0.77794,0.77769,0.77771
2026-03-10 06:00:00+00:00,0.77771,0.77773,0.77724,0.77729
2026-03-10 06:15:00+00:00,0.77728,0.77736,0.77708,0.77722
2026-03-10 06:30:00+00:00,0.77722,0.77741,0.77675,0.77676
2026-03-10 06:45:00+00:00,0.77676,0.77723,0.77661,0.77705
2026-03-10 07:00:00+00:00,0.77701,0.77725,0.77675,0.77704
2026-03-10 07:15:00+00:00,0.77703,0.7771,0.77604,0.77606
2026-03-10 07:30:00+00:00,0.77608,0.77656,0.77602,0.77625
2026-03-10 07:45:00+00:00,0.77625,0.77633,0.77565,0.77578
2026-03-10 08:00:00+00:00,0.77577,0.77625,0.77554,0.77614
2026-03-10 08:15:00+00:00,0.77613,0.77615,0.77562,0.7757
2026-03-10 08:30:00+00:00,0.7757,0.77604,0.77561,0.77567
2026-03-10 08:45:00+00:00,0.77568,0.77632,0.77559,0.7763
2026-03-10 09:00:00+00:00,0.7763,0.77632,0.77527,0.77541
2026-03-10 09:15:00+00:00,0.7754,0.77568,0.77527,0.77558
2026-03-10 09:30:00+00:00,0.77557,0.77562,0.77514,0.77516
2026-03-10 09:45:00+00:00,0.77517,0.77552,0.77516,0.77539
2026-03-10 10:00:00+00:00,0.77536,0.77603,0.77536,0.77603
2026-03-10 10:15:00+00:00,0.776,0.77638,0.776,0.77627
2026-03-10 10:30:00+00:00,0.77626,0.77732,0.77624,0.77688
2026-03-10 10:45:00+00:00,0.77688,0.77693,0.77652,0.77652
2026-03-10 11:00:00+00:00,0.77653,0.77658,0.77565,0.7759
2026-03-10 11:15:00+00:00,0.77589,0.776,0.77548,0.77574
2026-03-10 11:30:00+00:00,0.77573,0.77613,0.77559,0.77595
2026-03-10 11:45:00+00:00,0.77596,0.77626,0.77561,0.77597
2026-03-10 12:00:00+00:00,0.77597,0.77682,0.77594,0.77669
2026-03-10 12:15:00+00:00,0.77666,0.77694,0.77641,0.77672
2026-03-10 12:30:00+00:00,0.77671,0.77678,0.77638,0.77646
2026-03-10 12:45:00+00:00,0.77646,0.77652,0.77576,0.77585
2026-03-10 13:00:00+00:00,0.77585,0.77591,0.77516,0.77525
2026-03-10 13:15:00+00:00,0.77521,0.77537,0.77499,0.77506
2026-03-10 13:30:00+00:00,0.77505,0.77595,0.77488,0.77568
2026-03-10 13:45:00+00:00,0.77566,0.77626,0.77543,0.77613
2026-03-10 14:00:00+00:00,0.77614,0.7766,0.77607,0.77656
2026-03-10 14:15:00+00:00,0.77655,0.77661,0.77602,0.77611
2026-03-10 14:30:00+00:00,0.7761,0.77612,0.77528,0.77535
2026-03-10 14:45:00+00:00,0.77534,0.77585,0.77518,0.77524
2026-03-10 15:00:00+00:00,0.77525,0.77599,0.77515,0.7758
2026-03-10 15:15:00+00:00,0.77578,0.77614,0.77549,0.7758
2026-03-10 15:30:00+00:00,0.77578,0.77581,0.77501,0.77502
2026-03-10 15:45:00+00:00,0.77501,0.77561,0.77496,0.77534
2026-03-10 16:00:00+00:00,0.77536,0.77611,0.77533,0.77604
2026-03-10 16:15:00+00:00,0.77603,0.77635,0.77601,0.7763
2026-03-10 16:30:00+00:00,0.77629,0.77631,0.77562,0.77609
2026-03-10 16:45:00+00:00,0.77609,0.77641,0.77559,0.77565
2026-03-10 17:00:00+00:00,0.77566,0.77588,0.77555,0.77584
2026-03-10 17:15:00+00:00,0.77584,0.7759,0.77549,0.7758
2026-03-10 17:30:00+00:00,0.77576,0.77692,0.77568,0.77692
2026-03-10 17:45:00+00:00,0.77691,0.77705,0.77683,0.77688
2026-03-10 18:00:00+00:00,0.77689,0.77737,0.77681,0.77737
2026-03-10 18:15:00+00:00,0.77736,0.77875,0.77707,0.7778
2026-03-10 18:30:00+00:00,0.77778,0.77834,0.77757,0.77817
2026-03-10 18:45:00+00:00,0.77816,0.77822,0.77773,0.77809
2026-03-10 19:00:00+00:00,0.7781,0.77848,0.77804,0.77833
2026-03-10 19:15:00+00:00,0.77833,0.77871,0.77801,0.77867
2026-03-10 19:30:00+00:00,0.77864,0.77891,0.77829,0.77845
2026-03-10 19:45:00+00:00,0.77843,0.77892,0.77843,0.77864
2026-03-10 20:00:00+00:00,0.7786,0.77896,0.77835,0.77855
2026-03-10 20:15:00+00:00,0.77856,0.77883,0.77846,0.77864
2026-03-10 20:30:00+00:00,0.77864,0.77876,0.77848,0.77863
2026-03-10 20:45:00+00:00,0.77861,0.77869,0.7785,0.77861
2026-03-10 21:00:00+00:00,0.77859,0.77874,0.77765,0.77874
2026-03-10 21:15:00+00:00,0.77875,0.77886,0.77863,0.77871
2026-03-10 21:30:00+00:00,0.7787,0.77872,0.77841,0.77847
2026-03-10 21:45:00+00:00,0.77846,0.7785,0.77834,0.77848
2026-03-10 22:00:00+00:00,0.77847,0.77867,0.7781,0.77859
2026-03-10 22:15:00+00:00,0.77859,0.77871,0.77856,0.77869
2026-03-10 22:30:00+00:00,0.77868,0.77886,0.77865,0.77885
2026-03-10 22:45:00+00:00,0.77884,0.77887,0.77871,0.77872
2026-03-10 23:00:00+00:00,0.77871,0.77895,0.77816,0.77858
2026-03-10 23:15:00+00:00,0.77858,0.77869,0.77851,0.77867
2026-03-10 23:30:00+00:00,0.77866,0.77873,0.77858,0.77867
2026-03-10 23:45:00+00:00,0.77866,0.77874,0.77857,0.77867
2026-03-11 00:00:00+00:00,0.77866,0.77892,0.77795,0.77811
2026-03-11 00:15:00+00:00,0.77812,0.77829,0.77803,0.77819
2026-03-11 00:30:00+00:00,0.77819,0.77851,0.77819,0.77832
2026-03-11 00:45:00+00:00,0.77832,0.77852,0.77819,0.77852
2026-03-11 01:00:00+00:00,0.77851,0.77895,0.77849,0.77862
2026-03-11 01:15:00+00:00,0.77862,0.77868,0.77815,0.77816
2026-03-11 01:30:00+00:00,0.77816,0.77821,0.77789,0.778
2026-03-11 01:45:00+00:00,0.778,0.77802,0.7778,0.7779
2026-03-11 02:00:00+00:00,0.77789,0.77796,0.77777,0.77789
2026-03-11 02:15:00+00:00,0.77789,0.77798,0.77765,0.77794
2026-03-11 02:30:00+00:00,0.77796,0.77809,0.77781,0.77781
2026-03-11 02:45:00+00:00,0.7778,0.7779,0.77726,0.7774
2026-03-11 03:00:00+00:00,0.77738,0.77749,0.77725,0.77741
2026-03-11 03:15:00+00:00,0.77741,0.77763,0.77735,0.77754
2026-03-11 03:30:00+00:00,0.77754,0.77755,0.77724,0.77733
2026-03-11 03:45:00+00:00,0.77732,0.77754,0.77721,0.77726
2026-03-11 04:00:00+00:00,0.77724,0.7774,0.77724,0.77732
2026-03-11 04:15:00+00:00,0.77731,0.77736,0.77719,0.77721
2026-03-11 04:30:00+00:00,0.77722,0.77726,0.77713,0.77714
2026-03-11 04:45:00+00:00,0.77714,0.77715,0.7769,0.77707
2026-03-11 05:00:00+00:00,0.77705,0.7771,0.77683,0.77707
2026-03-11 05:15:00+00:00,0.77706,0.77728,0.77703,0.77719
2026-03-11 05:30:00+00:00,0.7772,0.77725,0.77699,0.77708
2026-03-11 05:45:00+00:00,0.77707,0.77729,0.77705,0.77723
2026-03-11 06:00:00+00:00,0.77721,0.77724,0.77691,0.77691
2026-03-11 06:15:00+00:00,0.77689,0.77701,0.77668,0.77696
2026-03-11 06:30:00+00:00,0.77697,0.77709,0.77676,0.7769
2026-03-11 06:45:00+00:00,0.7769,0.77733,0.77687,0.7772
2026-03-11 07:00:00+00:00,0.7772,0.7775,0.77699,0.77746
2026-03-11 07:15:00+00:00,0.77745,0.77814,0.77714,0.77797
2026-03-11 07:30:00+00:00,0.77796,0.77812,0.77739,0.77784
2026-03-11 07:45:00+00:00,0.77784,0.77796,0.77761,0.77789
2026-03-11 08:00:00+00:00,0.77788,0.77819,0.77752,0.77774
2026-03-11 08:15:00+00:00,0.77771,0.7787,0.77771,0.77852
2026-03-11 08:30:00+00:00,0.77851,0.77868,0.77807,0.77833
2026-03-11 08:45:00+00:00,0.77834,0.77841,0.77785,0.77785
2026-03-11 09:00:00+00:00,0.77785,0.77888,0.77637,0.77684
2026-03-11 09:15:00+00:00,0.77679,0.77831,0.77679,0.77831
2026-03-11 09:30:00+00:00,0.7783,0.77839,0.778,0.77839
2026-03-11 09:45:00+00:00,0.7784,0.77873,0.77828,0.77855
2026-03-11 10:00:00+00:00,0.77854,0.77861,0.77818,0.77824
2026-03-11 10:15:00+00:00,0.77825,0.77837,0.77788,0.77837
2026-03-11 10:30:00+00:00,0.77837,0.7785,0.77813,0.77827
2026-03-11 10:45:00+00:00,0.77828,0.77849,0.7782,0.77838
2026-03-11 11:00:00+00:00,0.77838,0.7788,0.77829,0.77847
2026-03-11 11:15:00+00:00,0.77849,0.77863,0.77816,0.77863
2026-03-11 11:30:00+00:00,0.77862,0.77891,0.77852,0.77885
2026-03-11 11:45:00+00:00,0.77885,0.77915,0.77854,0.77884
2026-03-11 12:00:00+00:00,0.77883,0.779,0.77869,0.77881
2026-03-11 12:15:00+00:00,0.7788,0.77884,0.77812,0.77813
2026-03-11 12:30:00+00:00,0.77812,0.77865,0.7781,0.7785
2026-03-11 12:45:00+00:00,0.77851,0.77964,0.77848,0.77928
2026-03-11 13:00:00+00:00,0.77928,0.77986,0.77898,0.77972
2026-03-11 13:15:00+00:00,0.77972,0.77975,0.77878,0.77905
2026-03-11 13:30:00+00:00,0.77903,0.7795,0.779,0.77929
2026-03-11 13:45:00+00:00,0.77932,0.77986,0.77927,0.77928
2026-03-11 14:00:00+00:00,0.77927,0.77946,0.77858,0.77906
2026-03-11 14:15:00+00:00,0.77908,0.77908,0.77865,0.7789
2026-03-11 14:30:00+00:00,0.77888,0.77895,0.77835,0.77884
2026-03-11 14:45:00+00:00,0.77884,0.77908,0.77858,0.77886
2026-03-11 15:00:00+00:00,0.77887,0.77955,0.77884,0.77926
2026-03-11 15:15:00+00:00,0.77926,0.77936,0.77915,0.77923
2026-03-11 15:30:00+00:00,0.77921,0.77977,0.77921,0.77977
2026-03-11 15:45:00+00:00,0.77977,0.78001,0.77955,0.77997
2026-03-11 16:00:00+00:00,0.78002,0.78092,0.77975,0.78062
2026-03-11 16:15:00+00:00,0.78062,0.78063,0.77994,0.78009
2026-03-11 16:30:00+00:00,0.78007,0.7801,0.77975,0.77988
2026-03-11 16:45:00+00:00,0.77987,0.78004,0.77966,0.77974
2026-03-11 17:00:00+00:00,0.77974,0.77987,0.77942,0.77951
2026-03-11 17:15:00+00:00,0.77951,0.77989,0.7795,0.77957
2026-03-11 17:30:00+00:00,0.77957,0.78073,0.77944,0.78013
2026-03-11 17:45:00+00:00,0.78012,0.78015,0.77954,0.77971
2026-03-11 18:00:00+00:00,0.77969,0.78013,0.77952,0.77997
2026-03-11 18:15:00+00:00,0.77997,0.78009,0.77956,0.77962
2026-03-11 18:30:00+00:00,0.77958,0.77978,0.77958,0.77973
2026-03-11 18:45:00+00:00,0.77972,0.78001,0.77962,0.77994
2026-03-11 19:00:00+00:00,0.77994,0.77999,0.77986,0.77988
2026-03-11 19:15:00+00:00,0.77989,0.77997,0.77976,0.77996
2026-03-11 19:30:00+00:00,0.77996,0.77998,0.77975,0.7798
2026-03-11 19:45:00+00:00,0.77978,0.77981,0.77946,0.77973
2026-03-11 20:00:00+00:00,0.77974,0.77997,0.77968,0.77987
2026-03-11 20:15:00+00:00,0.77987,0.77999,0.77986,0.77999
2026-03-11 20:30:00+00:00,0.77998,0.78036,0.77995,0.78036
2026-03-11 20:45:00+00:00,0.78034,0.78072,0.78034,0.78058
2026-03-11 21:00:00+00:00,0.78054,0.78059,0.77958,0.78018
2026-03-11 21:15:00+00:00,0.7802,0.78057,0.77993,0.78012
2026-03-11 21:30:00+00:00,0.78011,0.78026,0.78008,0.78022
2026-03-11 21:45:00+00:00,0.7802,0.78033,0.78011,0.78012
2026-03-11 22:00:00+00:00,0.7801,0.78032,0.77995,0.78024
2026-03-11 22:15:00+00:00,0.78025,0.78087,0.78023,0.78076
2026-03-11 22:30:00+00:00,0.78076,0.781,0.78066,0.78099
2026-03-11 22:45:00+00:00,0.78098,0.78116,0.78081,0.78115
2026-03-11 23:00:00+00:00,0.78113,0.78161,0.78079,0.7815
2026-03-11 23:15:00+00:00,0.7815,0.78177,0.78148,0.78176
2026-03-11 23:30:00+00:00,0.78175,0.78196,0.78169,0.78196
2026-03-11 23:45:00+00:00,0.78195,0.78198,0.78174,0.78187
2026-03-12 00:00:00+00:00,0.78186,0.782,0.78182,0.78196
2026-03-12 00:15:00+00:00,0.78196,0.78206,0.78167,0.78172
2026-03-12 00:30:00+00:00,0.78172,0.78187,0.7812,0.7812
2026-03-12 00:45:00+00:00,0.78119,0.78125,0.78085,0.78118
2026-03-12 01:00:00+00:00,0.78117,0.78147,0.781,0.78129
2026-03-12 01:15:00+00:00,0.78128,0.7814,0.78089,0.78094
2026-03-12 01:30:00+00:00,0.78095,0.78113,0.78072,0.78082
2026-03-12 01:45:00+00:00,0.7808,0.78124,0.78076,0.78124
2026-03-12 02:00:00+00:00,0.78123,0.78125,0.781,0.78121
2026-03-12 02:15:00+00:00,0.78121,0.78175,0.78116,0.78169
2026-03-12 02:30:00+00:00,0.7817,0.78229,0.78166,0.78202
2026-03-12 02:45:00+00:00,0.78201,0.78217,0.78201,0.78208
2026-03-12 03:00:00+00:00,0.78206,0.78221,0.78204,0.78221
2026-03-12 03:15:00+00:00,0.7822,0.78227,0.782,0.78213
2026-03-12 03:30:00+00:00,0.78213,0.78215,0.78188,0.7819
2026-03-12 03:45:00+00:00,0.7819,0.78217,0.78188,0.78209
2026-03-12 04:00:00+00:00,0.78207,0.78215,0.78194,0.78195
2026-03-12 04:15:00+00:00,0.78194,0.78197,0.78177,0.78181
2026-03-12 04:30:00+00:00,0.78182,0.78211,0.78181,0.78211
2026-03-12 04:45:00+00:00,0.7821,0.78234,0.78209,0.78224
2026-03-12 05:00:00+00:00,0.78223,0.78226,0.78149,0.78172
2026-03-12 05:15:00+00:00,0.78171,0.78195,0.7815,0.78168
2026-03-12 05:30:00+00:00,0.78169,0.78181,0.78154,0.78158
2026-03-12 05:45:00+00:00,0.78158,0.78198,0.78155,0.78184
2026-03-12 06:00:00+00:00,0.78183,0.78187,0.78156,0.78185
2026-03-12 06:15:00+00:00,0.78184,0.78196,0.78142,0.78156
2026-03-12 06:30:00+00:00,0.78155,0.78163,0.78143,0.78145
2026-03-12 06:45:00+00:00,0.78145,0.78175,0.78132,0.78163
2026-03-12 07:00:00+00:00,0.78163,0.78165,0.78138,0.78138
2026-03-12 07:15:00+00:00,0.78136,0.78173,0.78133,0.78173
2026-03-12 07:30:00+00:00,0.78174,0.78181,0.78135,0.78153
2026-03-12 07:45:00+00:00,0.78154,0.78224,0.78147,0.7821
2026-03-12 08:00:00+00:00,0.78213,0.78215,0.78163,0.78172
2026-03-12 08:15:00+00:00,0.78171,0.7822,0.78154,0.7822
2026-03-12 08:30:00+00:00,0.78222,0.78277,0.78203,0.78238
2026-03-12 08:45:00+00:00,0.78237,0.7825,0.78186,0.78206
2026-03-12 09:00:00+00:00,0.78205,0.78216,0.78186,0.78189
2026-03-12 09:15:00+00:00,0.78188,0.78194,0.78091,0.781
2026-03-12 09:30:00+00:00,0.78098,0.78101,0.78061,0.78073
2026-03-12 09:45:00+00:00,0.78072,0.78075,0.78041,0.78046
2026-03-12 10:00:00+00:00,0.78045,0.78072,0.78025,0.78061
2026-03-12 10:15:00+00:00,0.7806,0.78116,0.78047,0.78113
2026-03-12 10:30:00+00:00,0.78112,0.78128,0.78077,0.78116
2026-03-12 10:45:00+00:00,0.78118,0.78135,0.78076,0.78083
2026-03-12 11:00:00+00:00,0.78083,0.781,0.78059,0.78069
2026-03-12 11:15:00+00:00,0.78066,0.78093,0.78065,0.78087
2026-03-12 11:30:00+00:00,0.78085,0.78087,0.78023,0.78058
2026-03-12 11:45:00+00:00,0.78058,0.78122,0.78049,0.78114
2026-03-12 12:00:00+00:00,0.78114,0.78193,0.78111,0.78183
2026-03-12 12:15:00+00:00,0.7818,0.78236,0.78171,0.78222
2026-03-12 12:30:00+00:00,0.78221,0.78242,0.78211,0.78219
2026-03-12 12:45:00+00:00,0.78219,0.78229,0.78201,0.78211
2026-03-12 13:00:00+00:00,0.78212,0.78238,0.78165,0.78226
2026-03-12 13:15:00+00:00,0.7822,0.78314,0.78208,0.78231
2026-03-12 13:30:00+00:00,0.7823,0.78247,0.7818,0.78203
2026-03-12 13:45:00+00:00,0.78203,0.78284,0.78195,0.78269
2026-03-12 14:00:00+00:00,0.7827,0.78326,0.78262,0.7832
2026-03-12 14:15:00+00:00,0.78319,0.78352,0.78298,0.78335
2026-03-12 14:30:00+00:00,0.78333,0.78387,0.78332,0.78387
2026-03-12 14:45:00+00:00,0.78386,0.78391,0.78326,0.78367
2026-03-12 15:00:00+00:00,0.78369,0.7849,0.78354,0.78484
2026-03-12 15:15:00+00:00,0.78481,0.78503,0.78415,0.78419
2026-03-12 15:30:00+00:00,0.78417,0.78466,0.78408,0.78412
2026-03-12 15:45:00+00:00,0.78412,0.78431,0.78388,0.78431
2026-03-12 16:00:00+00:00,0.78431,0.78499,0.78403,0.78489
2026-03-12 16:15:00+00:00,0.78488,0.78495,0.78393,0.78422
2026-03-12 16:30:00+00:00,0.7842,0.7846,0.78406,0.78411
2026-03-12 16:45:00+00:00,0.7841,0.7845,0.78406,0.78444
2026-03-12 17:00:00+00:00,0.78444,0.78444,0.78378,0.78427
2026-03-12 17:15:00+00:00,0.78426,0.78466,0.78409,0.78437
2026-03-12 17:30:00+00:00,0.78435,0.7844,0.78415,0.78426
2026-03-12 17:45:00+00:00,0.78425,0.78465,0.78424,0.78456
2026-03-12 18:00:00+00:00,0.78455,0.78473,0.7843,0.78459
2026-03-12 18:15:00+00:00,0.7846,0.78512,0.78459,0.78509
2026-03-12 18:30:00+00:00,0.78507,0.7855,0.785,0.78539
2026-03-12 18:45:00+00:00,0.78538,0.78555,0.78532,0.78555
2026-03-12 19:00:00+00:00,0.78557,0.78618,0.78546,0.78577
2026-03-12 19:15:00+00:00,0.78577,0.78579,0.78561,0.78571
2026-03-12 19:30:00+00:00,0.7857,0.78579,0.78533,0.78544
2026-03-12 19:45:00+00:00,0.78542,0.78586,0.78538,0.78584
2026-03-12 20:00:00+00:00,0.78585,0.78618,0.78557,0.78609
2026-03-12 20:15:00+00:00,0.7861,0.78629,0.78608,0.78626
2026-03-12 20:30:00+00:00,0.78625,0.78638,0.78604,0.78607
2026-03-12 20:45:00+00:00,0.78606,0.78611,0.78583,0.78611
2026-03-12 21:00:00+00:00,0.7861,0.78612,0.78543,0.78581
2026-03-12 21:15:00+00:00,0.78581,0.78594,0.78565,0.78582
2026-03-12 21:30:00+00:00,0.78581,0.78585,0.78566,0.7858
2026-03-12 21:45:00+00:00,0.78578,0.78585,0.78564,0.78574
2026-03-12 22:00:00+00:00,0.78574,0.7863,0.78572,0.786
2026-03-12 22:15:00+00:00,0.78601,0.78613,0.78593,0.78593
2026-03-12 22:30:00+00:00,0.78592,0.78605,0.78557,0.78567
2026-03-12 22:45:00+00:00,0.78565,0.78583,0.78563,0.78574
2026-03-12 23:00:00+00:00,0.78573,0.78578,0.78558,0.78565
2026-03-12 23:15:00+00:00,0.78567,0.78592,0.78563,0.78584
2026-03-12 23:30:00+00:00,0.78584,0.78587,0.78564,0.78578
2026-03-12 23:45:00+00:00,0.78577,0.78579,0.78537,0.78541
2026-03-13 00:00:00+00:00,0.7854,0.78543,0.78482,0.78488
2026-03-13 00:15:00+00:00,0.78488,0.78502,0.78477,0.78488
2026-03-13 00:30:00+00:00,0.78489,0.78533,0.78488,0.78528
2026-03-13 00:45:00+00:00,0.78527,0.78554,0.78507,0.78523
2026-03-13 01:00:00+00:00,0.78522,0.78524,0.78492,0.78506
2026-03-13 01:15:00+00:00,0.78506,0.7852,0.785,0.78512
2026-03-13 01:30:00+00:00,0.78513,0.7856,0.78511,0.78557
2026-03-13 01:45:00+00:00,0.78555,0.78599,0.7855,0.78591
2026-03-13 02:00:00+00:00,0.7859,0.78592,0.78551,0.78576
2026-03-13 02:15:00+00:00,0.78576,0.78606,0.78564,0.786
2026-03-13 02:30:00+00:00,0.78601,0.78646,0.78594,0.78645
2026-03-13 02:45:00+00:00,0.78644,0.78653,0.78609,0.78623
2026-03-13 03:00:00+00:00,0.7862,0.78663,0.78613,0.78663
2026-03-13 03:15:00+00:00,0.78663,0.78671,0.78654,0.78666
2026-03-13 03:30:00+00:00,0.78668,0.78676,0.78655,0.78655
2026-03-13 03:45:00+00:00,0.78654,0.78663,0.7864,0.78659
2026-03-13 04:00:00+00:00,0.78657,0.78689,0.78655,0.78689
2026-03-13 04:15:00+00:00,0.78688,0.78693,0.78682,0.78693
2026-03-13 04:30:00+00:00,0.78694,0.78732,0.78688,0.78699
2026-03-13 04:45:00+00:00,0.78699,0.78705,0.78677,0.78681
2026-03-13 05:00:00+00:00,0.78679,0.78693,0.78671,0.78683
2026-03-13 05:15:00+00:00,0.78682,0.78684,0.78659,0.78666
2026-03-13 05:30:00+00:00,0.78667,0.78697,0.78659,0.78697
2026-03-13 05:45:00+00:00,0.78697,0.78719,0.78689,0.78719
2026-03-13 06:00:00+00:00,0.78719,0.78721,0.7869,0.78706
2026-03-13 06:15:00+00:00,0.78705,0.78731,0.78698,0.78727
2026-03-13 06:30:00+00:00,0.78728,0.78762,0.78727,0.78743
2026-03-13 06:45:00+00:00,0.78743,0.78781,0.78736,0.78775
2026-03-13 07:00:00+00:00,0.78772,0.78823,0.78766,0.78806
2026-03-13 07:15:00+00:00,0.78804,0.78826,0.78781,0.78794
2026-03-13 07:30:00+00:00,0.78793,0.7881,0.78767,0.78806
2026-03-13 07:45:00+00:00,0.78807,0.78887,0.78796,0.78873
2026-03-13 08:00:00+00:00,0.78872,0.78911,0.78869,0.78905
2026-03-13 08:15:00+00:00,0.78903,0.78937,0.78902,0.78937
2026-03-13 08:30:00+00:00,0.78936,0.78937,0.78867,0.78883
2026-03-13 08:45:00+00:00,0.78884,0.78893,0.78841,0.7886
2026-03-13 09:00:00+00:00,0.7886,0.78862,0.78802,0.78814
2026-03-13 09:15:00+00:00,0.78815,0.78825,0.78765,0.78767
2026-03-13 09:30:00+00:00,0.78764,0.78813,0.78726,0.78813
2026-03-13 09:45:00+00:00,0.78816,0.78846,0.78805,0.78845
2026-03-13 10:00:00+00:00,0.78846,0.78847,0.78777,0.78795
2026-03-13 10:15:00+00:00,0.78793,0.78869,0.78786,0.78861
2026-03-13 10:30:00+00:00,0.7886,0.78879,0.78834,0.78848
2026-03-13 10:45:00+00:00,0.78847,0.78853,0.78762,0.7882
2026-03-13 11:00:00+00:00,0.7882,0.78842,0.78746,0.78828
2026-03-13 11:15:00+00:00,0.78826,0.7883,0.78745,0.78759
2026-03-13 11:30:00+00:00,0.78757,0.78782,0.78724,0.78756
2026-03-13 11:45:00+00:00,0.78753,0.78769,0.78705,0.78727
2026-03-13 12:00:00+00:00,0.78727,0.78778,0.78704,0.78776
2026-03-13 12:15:00+00:00,0.78777,0.78782,0.78724,0.7873
2026-03-13 12:30:00+00:00,0.78729,0.78738,0.78697,0.78708
2026-03-13 12:45:00+00:00,0.78704,0.7871,0.78622,0.787
2026-03-13 13:00:00+00:00,0.787,0.78733,0.78678,0.78702
2026-03-13 13:15:00+00:00,0.78699,0.78742,0.78699,0.78709
2026-03-13 13:30:00+00:00,0.78709,0.78714,0.78632,0.78638
2026-03-13 13:45:00+00:00,0.78637,0.7869,0.78625,0.78671
2026-03-13 14:00:00+00:00,0.78674,0.78776,0.78669,0.78769
2026-03-13 14:15:00+00:00,0.78766,0.78785,0.78739,0.78749
2026-03-13 14:30:00+00:00,0.78748,0.78825,0.7872,0.78825
2026-03-13 14:45:00+00:00,0.78827,0.78909,0.78819,0.78882
2026-03-13 15:00:00+00:00,0.78883,0.78907,0.7887,0.7887
2026-03-13 15:15:00+00:00,0.78869,0.78943,0.78869,0.78928
2026-03-13 15:30:00+00:00,0.78926,0.78984,0.78925,0.78984
2026-03-13 15:45:00+00:00,0.78982,0.78995,0.78917,0.78973
2026-03-13 16:00:00+00:00,0.78974,0.78986,0.78926,0.78963
2026-03-13 16:15:00+00:00,0.78963,0.78982,0.78941,0.78967
2026-03-13 16:30:00+00:00,0.78965,0.78986,0.78949,0.78986
2026-03-13 16:45:00+00:00,0.78986,0.78992,0.78945,0.78978
2026-03-13 17:00:00+00:00,0.78978,0.78999,0.78968,0.78993
2026-03-13 17:15:00+00:00,0.78993,0.78993,0.78947,0.78947
2026-03-13 17:30:00+00:00,0.78945,0.78964,0.78929,0.78945
2026-03-13 17:45:00+00:00,0.78944,0.78983,0.78937,0.78977
2026-03-13 18:00:00+00:00,0.78977,0.79008,0.78976,0.79008
2026-03-13 18:15:00+00:00,0.79008,0.79045,0.79002,0.79028
2026-03-13 18:30:00+00:00,0.79028,0.7903,0.79,0.79013
2026-03-13 18:45:00+00:00,0.79012,0.79046,0.79007,0.79046
2026-03-13 19:00:00+00:00,0.79044,0.79095,0.79014,0.79085
2026-03-13 19:15:00+00:00,0.79086,0.79105,0.79082,0.79104
2026-03-13 19:30:00+00:00,0.79103,0.79107,0.79087,0.79105
2026-03-13 19:45:00+00:00,0.79104,0.79131,0.79096,0.79117
2026-03-13 20:00:00+00:00,0.79116,0.79141,0.79105,0.79133
2026-03-13 20:15:00+00:00,0.79134,0.79169,0.79129,0.79158
2026-03-13 20:30:00+00:00,0.79157,0.79179,0.79147,0.79157
2026-03-13 20:45:00+00:00,0.79156,0.79173,0.79128,0.7914
2026-03-13 21:00:00+00:00,0.79138,0.7951,0.79012,0.79459
2026-03-13 21:15:00+00:00,0.79454,0.79514,0.79388,0.79425
2026-03-13 21:30:00+00:00,0.7942,0.79491,0.7942,0.7948
2026-03-13 21:45:00+00:00,0.79479,0.79543,0.79471,0.79542
2026-03-13 22:00:00+00:00,0.79541,0.79584,0.79239,0.79574
2026-03-13 22:15:00+00:00,0.79575,0.79583,0.79498,0.79577
2026-03-13 22:30:00+00:00,0.79576,0.79615,0.79501,0.79576
2026-03-13 22:45:00+00:00,0.79574,0.79583,0.79502,0.79578
2026-03-13 23:00:00+00:00,0.79577,0.79716,0.78997,0.79574
2026-03-13 23:15:00+00:00,0.79575,0.79584,0.7949,0.79576
2026-03-13 23:30:00+00:00,0.79576,0.79594,0.79523,0.79577
2026-03-13 23:45:00+00:00,0.79575,0.79596,0.79499,0.79579
2026-03-14 00:00:00+00:00,0.79577,0.79582,0.79379,0.79567
2026-03-14 00:15:00+00:00,0.79568,0.79576,0.79467,0.79568
2026-03-14 00:30:00+00:00,0.79568,0.79574,0.79425,0.79569
2026-03-14 00:45:00+00:00,0.79568,0.79579,0.79442,0.79569
2026-03-14 01:00:00+00:00,0.79568,0.79577,0.79468,0.79568
2026-03-14 01:15:00+00:00,0.79568,0.79578,0.79465,0.79566
2026-03-14 01:30:00+00:00,0.79567,0.79575,0.79427,0.79573
2026-03-14 01:45:00+00:00,0.79572,0.79587,0.7939,0.79568
2026-03-14 02:00:00+00:00,0.79566,0.79574,0.79409,0.79568
2026-03-14 02:15:00+00:00,0.79568,0.79574,0.7935,0.79567
2026-03-14 02:30:00+00:00,0.79567,0.79577,0.79431,0.79568
2026-03-14 02:45:00+00:00,0.79568,0.79575,0.79565,0.79573
2026-03-14 03:00:00+00:00,0.79571,0.79577,0.79429,0.79568
2026-03-14 03:15:00+00:00,0.79568,0.79581,0.79443,0.79569
2026-03-14 03:30:00+00:00,0.79569,0.79573,0.79568,0.79571
2026-03-14 03:45:00+00:00,0.7957,0.79574,0.79569,0.79572
2026-03-14 04:00:00+00:00,0.7957,0.79573,0.79569,0.79571
2026-03-14 04:15:00+00:00,0.7957,0.79574,0.79569,0.79569
2026-03-14 04:30:00+00:00,0.7957,0.79575,0.79569,0.7957
2026-03-14 04:45:00+00:00,0.7957,0.79573,0.79507,0.7957
2026-03-14 05:00:00+00:00,0.79568,0.79584,0.79568,0.79571
2026-03-14 05:15:00+00:00,0.7957,0.79576,0.79569,0.79571
2026-03-14 05:30:00+00:00,0.79572,0.79574,0.79569,0.7957
2026-03-14 05:45:00+00:00,0.7957,0.79652,0.79515,0.79557
2026-03-14 06:00:00+00:00,0.79554,0.79573,0.79541,0.79571
2026-03-14 06:15:00+00:00,0.7957,0.79578,0.7957,0.7957
2026-03-14 06:30:00+00:00,0.7957,0.79581,0.79568,0.79574
2026-03-14 06:45:00+00:00,0.79574,0.79579,0.79569,0.79571
2026-03-14 07:00:00+00:00,0.7957,0.79576,0.79569,0.79572
2026-03-14 07:15:00+00:00,0.7957,0.79573,0.79569,0.7957
2026-03-14 07:30:00+00:00,0.7957,0.79578,0.79569,0.7957
2026-03-14 07:45:00+00:00,0.7957,0.79576,0.79569,0.79574
2026-03-14 08:00:00+00:00,0.79573,0.79575,0.79569,0.79572
2026-03-14 08:15:00+00:00,0.7957,0.79582,0.79568,0.79571
2026-03-14 08:30:00+00:00,0.79571,0.79574,0.79569,0.79569
2026-03-14 08:45:00+00:00,0.7957,0.79577,0.79569,0.79571
2026-03-14 09:00:00+00:00,0.7957,0.79578,0.79569,0.79574
2026-03-14 09:15:00+00:00,0.79572,0.79575,0.79569,0.79571
2026-03-14 09:30:00+00:00,0.7957,0.79575,0.79569,0.7957
2026-03-14 09:45:00+00:00,0.7957,0.79573,0.79569,0.7957
2026-03-14 10:00:00+00:00,0.7957,0.79582,0.79569,0.79572
2026-03-14 10:15:00+00:00,0.7957,0.79575,0.79507,0.79572
2026-03-14 10:30:00+00:00,0.79571,0.79574,0.79569,0.79569
2026-03-14 10:45:00+00:00,0.7957,0.79577,0.79569,0.79571
2026-03-14 11:00:00+00:00,0.7957,0.79577,0.7948,0.7957
2026-03-14 11:15:00+00:00,0.79569,0.79576,0.79567,0.79571
2026-03-14 11:30:00+00:00,0.7957,0.79573,0.79564,0.79567
2026-03-14 11:45:00+00:00,0.79567,0.79576,0.79469,0.79568
2026-03-14 12:00:00+00:00,0.79568,0.79573,0.79564,0.79571
2026-03-14 12:15:00+00:00,0.79569,0.79573,0.79568,0.79571
2026-03-14 12:30:00+00:00,0.7957,0.79572,0.79484,0.79484
2026-03-14 12:45:00+00:00,0.79484,0.79507,0.79483,0.79496
2026-03-14 13:00:00+00:00,0.79496,0.795,0.79495,0.79497
2026-03-14 13:15:00+00:00,0.79496,0.7955,0.79258,0.79392
2026-03-14 13:30:00+00:00,0.79391,0.79394,0.7939,0.79391
2026-03-14 13:45:00+00:00,0.79391,0.79425,0.79385,0.79421
2026-03-14 14:00:00+00:00,0.79421,0.79425,0.79389,0.79397
2026-03-14 14:15:00+00:00,0.79397,0.794,0.79395,0.79398
2026-03-14 14:30:00+00:00,0.79397,0.79458,0.79394,0.79427
2026-03-14 14:45:00+00:00,0.79426,0.7949,0.79414,0.79421
2026-03-14 15:00:00+00:00,0.79421,0.79575,0.79412,0.79564
2026-03-14 15:15:00+00:00,0.79563,0.79566,0.79555,0.79561
2026-03-14 15:30:00+00:00,0.79559,0.79563,0.79558,0.7956
2026-03-14 15:45:00+00:00,0.79559,0.79581,0.79556,0.79577
2026-03-14 16:00:00+00:00,0.79578,0.79581,0.79577,0.79578
2026-03-14 16:15:00+00:00,0.79578,0.79587,0.7957,0.79586
2026-03-14 16:30:00+00:00,0.79584,0.79588,0.79566,0.79579
2026-03-14 16:45:00+00:00,0.79578,0.79588,0.79571,0.79584
2026-03-14 17:00:00+00:00,0.79584,0.79605,0.79348,0.79522
2026-03-14 17:15:00+00:00,0.79522,0.79525,0.7952,0.79523
2026-03-14 17:30:00+00:00,0.79522,0.79574,0.7943,0.79485
2026-03-14 17:45:00+00:00,0.79484,0.79548,0.79482,0.79528
2026-03-14 18:00:00+00:00,0.79506,0.79538,0.79418,0.79419
2026-03-14 18:15:00+00:00,0.79419,0.79523,0.79374,0.79423
2026-03-14 18:30:00+00:00,0.79421,0.79425,0.7942,0.79423
2026-03-14 18:45:00+00:00,0.79421,0.79468,0.79421,0.79446
2026-03-14 19:00:00+00:00,0.79429,0.79454,0.79349,0.79392
2026-03-14 19:15:00+00:00,0.79392,0.79396,0.7935,0.79393
2026-03-14 19:30:00+00:00,0.79392,0.79426,0.79388,0.79424
2026-03-14 19:45:00+00:00,0.79423,0.79426,0.79422,0.79423
2026-03-14 20:00:00+00:00,0.79423,0.79542,0.79244,0.79443
2026-03-14 20:15:00+00:00,0.79444,0.79475,0.79443,0.79465
2026-03-14 20:30:00+00:00,0.79464,0.79468,0.79443,0.79466
2026-03-14 20:45:00+00:00,0.79464,0.79483,0.79461,0.79481
2026-03-14 21:00:00+00:00,0.7948,0.79497,0.7929,0.79381
2026-03-14 21:15:00+00:00,0.79381,0.79417,0.79378,0.79415
2026-03-14 21:30:00+00:00,0.79414,0.7956,0.79408,0.79486
2026-03-14 21:45:00+00:00,0.79484,0.79488,0.7941,0.79485
2026-03-14 22:00:00+00:00,0.79484,0.79498,0.79312,0.79416
2026-03-14 22:15:00+00:00,0.79417,0.7942,0.79416,0.79417
2026-03-14 22:30:00+00:00,0.79417,0.7947,0.79415,0.79444
2026-03-14 22:45:00+00:00,0.79442,0.79446,0.79441,0.79443
2026-03-14 23:00:00+00:00,0.79443,0.79466,0.79441,0.79462
2026-03-14 23:15:00+00:00,0.79463,0.79513,0.79454,0.79509
2026-03-14 23:30:00+00:00,0.79509,0.79513,0.79508,0.79511
2026-03-14 23:45:00+00:00,0.79509,0.7952,0.79508,0.79518
2026-03-15 00:00:00+00:00,0.79516,0.7952,0.79515,0.79516
2026-03-15 00:15:00+00:00,0.79518,0.79528,0.79516,0.79522
2026-03-15 00:30:00+00:00,0.79522,0.79524,0.79363,0.79402
2026-03-15 00:45:00+00:00,0.79401,0.79404,0.794,0.79403
2026-03-15 01:00:00+00:00,0.79401,0.79481,0.79387,0.79478
2026-03-15 01:15:00+00:00,0.79478,0.79481,0.79477,0.79477
2026-03-15 01:30:00+00:00,0.79479,0.79498,0.79477,0.79492
2026-03-15 01:45:00+00:00,0.79491,0.79512,0.7949,0.79504
2026-03-15 02:00:00+00:00,0.79502,0.79505,0.79501,0.79502
2026-03-15 02:15:00+00:00,0.79502,0.79514,0.79501,0.7951
2026-03-15 02:30:00+00:00,0.79511,0.79514,0.79509,0.79511
2026-03-15 02:45:00+00:00,0.79507,0.79537,0.79507,0.79535
2026-03-15 03:00:00+00:00,0.79534,0.79539,0.79533,0.79537
2026-03-15 03:15:00+00:00,0.79536,0.79539,0.79535,0.79535
2026-03-15 03:30:00+00:00,0.79536,0.79541,0.79535,0.79538
2026-03-15 03:45:00+00:00,0.79538,0.79541,0.79537,0.7954
2026-03-15 04:00:00+00:00,0.79538,0.79543,0.79537,0.7954
2026-03-15 04:15:00+00:00,0.79539,0.79554,0.79466,0.79466
2026-03-15 04:30:00+00:00,0.79467,0.7947,0.79466,0.79467
2026-03-15 04:45:00+00:00,0.79467,0.79485,0.79464,0.79484
2026-03-15 05:00:00+00:00,0.79482,0.79486,0.79481,0.79484
2026-03-15 05:15:00+00:00,0.79482,0.79498,0.79481,0.79494
2026-03-15 05:30:00+00:00,0.79495,0.79516,0.79494,0.79505
2026-03-15 05:45:00+00:00,0.79505,0.79508,0.79504,0.79506
2026-03-15 06:00:00+00:00,0.79505,0.79535,0.79503,0.79532
2026-03-15 06:15:00+00:00,0.79531,0.79534,0.7953,0.79531
2026-03-15 06:30:00+00:00,0.79531,0.79537,0.7953,0.79533
2026-03-15 06:45:00+00:00,0.79534,0.79538,0.79533,0.79537
2026-03-15 07:00:00+00:00,0.79536,0.79539,0.79535,0.79538
2026-03-15 07:15:00+00:00,0.79536,0.79541,0.79535,0.79538
2026-03-15 07:30:00+00:00,0.79538,0.79541,0.79537,0.79537
2026-03-15 07:45:00+00:00,0.79538,0.79551,0.79537,0.79549
2026-03-15 08:00:00+00:00,0.79548,0.79551,0.79546,0.79549
2026-03-15 08:15:00+00:00,0.79547,0.79551,0.79546,0.79548
2026-03-15 08:30:00+00:00,0.79547,0.79551,0.79546,0.79546
2026-03-15 08:45:00+00:00,0.79547,0.7955,0.79546,0.79547
2026-03-15 09:00:00+00:00,0.79547,0.7955,0.79545,0.79548
2026-03-15 09:15:00+00:00,0.79546,0.79555,0.79545,0.79553
2026-03-15 09:30:00+00:00,0.79552,0.79555,0.79551,0.79551
2026-03-15 09:45:00+00:00,0.79552,0.79555,0.7955,0.79551
2026-03-15 10:00:00+00:00,0.79551,0.79554,0.7955,0.79552
2026-03-15 10:15:00+00:00,0.79551,0.79562,0.79549,0.79561
2026-03-15 10:30:00+00:00,0.7956,0.79563,0.79559,0.79559
2026-03-15 10:45:00+00:00,0.7956,0.7957,0.79558,0.79567
2026-03-15 11:00:00+00:00,0.79567,0.7957,0.79566,0.79568
2026-03-15 11:15:00+00:00,0.79567,0.79578,0.79566,0.79574
2026-03-15 11:30:00+00:00,0.79572,0.7958,0.79571,0.79577
2026-03-15 11:45:00+00:00,0.79577,0.7958,0.79576,0.79577
2026-03-15 12:00:00+00:00,0.79577,0.79584,0.79576,0.79582
2026-03-15 12:15:00+00:00,0.79581,0.79584,0.79579,0.79582
2026-03-15 12:30:00+00:00,0.79581,0.79587,0.7958,0.79583
2026-03-15 12:45:00+00:00,0.79583,0.79589,0.79582,0.79585
2026-03-15 13:00:00+00:00,0.79586,0.79589,0.79585,0.79587
2026-03-15 13:15:00+00:00,0.79586,0.79591,0.79585,0.79589
2026-03-15 13:30:00+00:00,0.79588,0.79591,0.79587,0.79588
2026-03-15 13:45:00+00:00,0.79588,0.79593,0.79587,0.79589
2026-03-15 14:00:00+00:00,0.79589,0.79593,0.79588,0.79591
2026-03-15 14:15:00+00:00,0.7959,0.79594,0.79589,0.79592
2026-03-15 14:30:00+00:00,0.7959,0.79595,0.7959,0.79592
2026-03-15 14:45:00+00:00,0.79591,0.79597,0.79591,0.79593
2026-03-15 15:00:00+00:00,0.79593,0.79628,0.7918,0.79373
2026-03-15 15:15:00+00:00,0.79372,0.79461,0.7937,0.79419
2026-03-15 15:30:00+00:00,0.79417,0.7942,0.79416,0.79418
2026-03-15 15:45:00+00:00,0.79417,0.79456,0.79413,0.79452
2026-03-15 16:00:00+00:00,0.79452,0.79456,0.79451,0.79453
2026-03-15 16:15:00+00:00,0.79452,0.79484,0.79448,0.79483
2026-03-15 16:30:00+00:00,0.79481,0.79521,0.79479,0.79505
2026-03-15 16:45:00+00:00,0.79504,0.7954,0.79498,0.79536
2026-03-15 17:00:00+00:00,0.79536,0.79564,0.7924,0.79366
2026-03-15 17:15:00+00:00,0.79366,0.79369,0.79365,0.79367
2026-03-15 17:30:00+00:00,0.79366,0.79419,0.79317,0.79359
2026-03-15 17:45:00+00:00,0.79357,0.79361,0.78955,0.78993
2026-03-15 18:00:00+00:00,0.78988,0.79153,0.78788,0.78997
2026-03-15 18:15:00+00:00,0.78999,0.79109,0.78988,0.79108
2026-03-15 18:30:00+00:00,0.79106,0.79134,0.79069,0.7913
2026-03-15 18:45:00+00:00,0.7913,0.79132,0.78982,0.78987
2026-03-15 19:00:00+00:00,0.78981,0.79244,0.78929,0.79106
2026-03-15 19:15:00+00:00,0.79106,0.79312,0.79096,0.79097
2026-03-15 19:30:00+00:00,0.79096,0.79109,0.79087,0.79108
2026-03-15 19:45:00+00:00,0.79107,0.7911,0.7901,0.79023
2026-03-15 20:00:00+00:00,0.79025,0.79071,0.78973,0.79044
2026-03-15 20:15:00+00:00,0.79045,0.79091,0.79034,0.79055
2026-03-15 20:30:00+00:00,0.79059,0.79084,0.78934,0.78998
2026-03-15 20:45:00+00:00,0.78992,0.79075,0.78979,0.79039
2026-03-15 21:00:00+00:00,0.79042,0.79086,0.78978,0.79011
2026-03-15 21:15:00+00:00,0.79009,0.7908,0.78941,0.79073
2026-03-15 21:30:00+00:00,0.79072,0.79095,0.79059,0.79061
2026-03-15 21:45:00+00:00,0.79059,0.79072,0.79048,0.79066
2026-03-15 22:00:00+00:00,0.79065,0.79104,0.79001,0.79061
2026-03-15 22:15:00+00:00,0.79061,0.79095,0.79043,0.79079
2026-03-15 22:30:00+00:00,0.79079,0.79085,0.79055,0.79078
2026-03-15 22:45:00+00:00,0.79076,0.7908,0.79027,0.79027
2026-03-15 23:00:00+00:00,0.79025,0.79043,0.79011,0.79016
2026-03-15 23:15:00+00:00,0.79016,0.79053,0.79012,0.79049
2026-03-15 23:30:00+00:00,0.79049,0.79051,0.79015,0.79019
2026-03-15 23:45:00+00:00,0.79018,0.79021,0.78995,0.79003
2026-03-16 00:00:00+00:00,0.79002,0.79004,0.78944,0.7895
2026-03-16 00:15:00+00:00,0.78951,0.78959,0.78929,0.78936
2026-03-16 00:30:00+00:00,0.78936,0.78949,0.78891,0.78904
2026-03-16 00:45:00+00:00,0.78901,0.78917,0.78894,0.78908
2026-03-16 01:00:00+00:00,0.78906,0.78956,0.78901,0.78956
2026-03-16 01:15:00+00:00,0.78956,0.78981,0.78948,0.78973
2026-03-16 01:30:00+00:00,0.78974,0.79006,0.78957,0.78964
2026-03-16 01:45:00+00:00,0.78964,0.7898,0.7894,0.78955
2026-03-16 02:00:00+00:00,0.78954,0.78966,0.78929,0.78931
2026-03-16 02:15:00+00:00,0.78931,0.78944,0.78927,0.78932
2026-03-16 02:30:00+00:00,0.78931,0.78938,0.78917,0.78925
2026-03-16 02:45:00+00:00,0.78924,0.78932,0.78904,0.78919
2026-03-16 03:00:00+00:00,0.78917,0.78963,0.78917,0.78952
2026-03-16 03:15:00+00:00,0.78952,0.78957,0.78916,0.78921
2026-03-16 03:30:00+00:00,0.78921,0.78927,0.78899,0.78899
2026-03-16 03:45:00+00:00,0.78899,0.7893,0.78894,0.78926
2026-03-16 04:00:00+00:00,0.78924,0.78946,0.78916,0.78928
2026-03-16 04:15:00+00:00,0.78927,0.78956,0.78923,0.78951
2026-03-16 04:30:00+00:00,0.78952,0.78965,0.78947,0.78961
2026-03-16 04:45:00+00:00,0.78961,0.7904,0.78934,0.79024
2026-03-16 05:00:00+00:00,0.79023,0.79051,0.79,0.79013
2026-03-16 05:15:00+00:00,0.79012,0.79025,0.79002,0.79015
2026-03-16 05:30:00+00:00,0.79016,0.79039,0.79008,0.79019
2026-03-16 05:45:00+00:00,0.79019,0.79045,0.79015,0.79045
2026-03-16 06:00:00+00:00,0.79044,0.79074,0.79038,0.7904
2026-03-16 06:15:00+00:00,0.79039,0.79104,0.79039,0.79098
2026-03-16 06:30:00+00:00,0.79097,0.79149,0.79079,0.7912
2026-03-16 06:45:00+00:00,0.7912,0.79138,0.79101,0.79101
2026-03-16 07:00:00+00:00,0.79099,0.79133,0.7909,0.79123
2026-03-16 07:15:00+00:00,0.7912,0.79174,0.79106,0.79173
2026-03-16 07:30:00+00:00,0.79173,0.79228,0.79169,0.79202
2026-03-16 07:45:00+00:00,0.79201,0.79206,0.79152,0.79155
2026-03-16 08:00:00+00:00,0.79157,0.79158,0.79072,0.79081
2026-03-16 08:15:00+00:00,0.79078,0.79098,0.78992,0.78997
2026-03-16 08:30:00+00:00,0.78995,0.79019,0.78969,0.78989
2026-03-16 08:45:00+00:00,0.78991,0.79003,0.78932,0.78961
2026-03-16 09:00:00+00:00,0.7896,0.78991,0.78936,0.78939
2026-03-16 09:15:00+00:00,0.78937,0.78956,0.78926,0.78932
2026-03-16 09:30:00+00:00,0.78932,0.78957,0.78919,0.78928
2026-03-16 09:45:00+00:00,0.78926,0.78939,0.78889,0.78935
2026-03-16 10:00:00+00:00,0.78935,0.78965,0.78884,0.78899
2026-03-16 10:15:00+00:00,0.78899,0.78901,0.78788,0.78803
2026-03-16 10:30:00+00:00,0.78802,0.78868,0.78795,0.78856
2026-03-16 10:45:00+00:00,0.78858,0.78874,0.78814,0.78815
2026-03-16 11:00:00+00:00,0.78815,0.78837,0.78796,0.78815
2026-03-16 11:15:00+00:00,0.78814,0.78817,0.78779,0.78809
2026-03-16 11:30:00+00:00,0.78807,0.78816,0.78748,0.7875
2026-03-16 11:45:00+00:00,0.7875,0.78778,0.78732,0.78763
2026-03-16 12:00:00+00:00,0.78764,0.78777,0.78703,0.78727
2026-03-16 12:15:00+00:00,0.78724,0.78753,0.78719,0.78731
2026-03-16 12:30:00+00:00,0.7873,0.78768,0.78707,0.7875
2026-03-16 12:45:00+00:00,0.78749,0.7879,0.78737,0.78786
2026-03-16 13:00:00+00:00,0.78785,0.78787,0.78755,0.78759
2026-03-16 13:15:00+00:00,0.78756,0.78787,0.78755,0.78771
2026-03-16 13:30:00+00:00,0.78768,0.78773,0.78735,0.7874
2026-03-16 13:45:00+00:00,0.78738,0.78748,0.78685,0.787
2026-03-16 14:00:00+00:00,0.78701,0.78738,0.78684,0.78699
2026-03-16 14:15:00+00:00,0.78697,0.7877,0.78697,0.78759
2026-03-16 14:30:00+00:00,0.78755,0.78825,0.78755,0.78825
2026-03-16 14:45:00+00:00,0.78824,0.78851,0.78802,0.78816
2026-03-16 15:00:00+00:00,0.78817,0.78826,0.78778,0.78786
2026-03-16 15:15:00+00:00,0.78787,0.7881,0.78765,0.78806
2026-03-16 15:30:00+00:00,0.78804,0.78814,0.78785,0.78814
2026-03-16 15:45:00+00:00,0.78814,0.78915,0.78801,0.78884
2026-03-16 16:00:00+00:00,0.78884,0.78897,0.78829,0.78834
2026-03-16 16:15:00+00:00,0.78834,0.78879,0.78817,0.78867
2026-03-16 16:30:00+00:00,0.78865,0.78873,0.78785,0.78788
2026-03-16 16:45:00+00:00,0.78787,0.78795,0.78757,0.78795
2026-03-16 17:00:00+00:00,0.78793,0.78797,0.78731,0.78732
2026-03-16 17:15:00+00:00,0.78732,0.78769,0.78731,0.78761
2026-03-16 17:30:00+00:00,0.78759,0.78802,0.78759,0.78796
2026-03-16 17:45:00+00:00,0.78795,0.78836,0.78784,0.78836
2026-03-16 18:00:00+00:00,0.78836,0.78839,0.78761,0.78775
2026-03-16 18:15:00+00:00,0.78775,0.78778,0.7868,0.7868
2026-03-16 18:30:00+00:00,0.78679,0.78686,0.78665,0.78667
2026-03-16 18:45:00+00:00,0.78666,0.78702,0.78657,0.78702
2026-03-16 19:00:00+00:00,0.78701,0.78711,0.78658,0.78688
2026-03-16 19:15:00+00:00,0.78687,0.78706,0.78676,0.78704
2026-03-16 19:30:00+00:00,0.78704,0.78722,0.78681,0.78716
2026-03-16 19:45:00+00:00,0.78713,0.78763,0.78706,0.78763
2026-03-16 20:00:00+00:00,0.78762,0.78764,0.7875,0.78753
2026-03-16 20:15:00+00:00,0.78753,0.78787,0.78752,0.78773
2026-03-16 20:30:00+00:00,0.78773,0.78775,0.78762,0.78774
2026-03-16 20:45:00+00:00,0.78772,0.78776,0.78763,0.78772
2026-03-16 21:00:00+00:00,0.7877,0.78774,0.7873,0.78765
2026-03-16 21:15:00+00:00,0.78765,0.78771,0.78749,0.78754
2026-03-16 21:30:00+00:00,0.78753,0.78765,0.78748,0.78764
2026-03-16 21:45:00+00:00,0.78763,0.78784,0.78752,0.78775
2026-03-16 22:00:00+00:00,0.78774,0.78793,0.78767,0.78768
2026-03-16 22:15:00+00:00,0.78768,0.78781,0.78767,0.78777
2026-03-16 22:30:00+00:00,0.78777,0.78798,0.78777,0.78798
2026-03-16 22:45:00+00:00,0.78796,0.7881,0.78792,0.78808
2026-03-16 23:00:00+00:00,0.78807,0.78829,0.78806,0.78825
2026-03-16 23:15:00+00:00,0.78825,0.78829,0.78814,0.78815
2026-03-16 23:30:00+00:00,0.78815,0.78822,0.78812,0.78819
2026-03-16 23:45:00+00:00,0.78817,0.78822,0.78812,0.78817
2026-03-17 00:00:00+00:00,0.78816,0.78859,0.78815,0.78855
2026-03-17 00:15:00+00:00,0.78854,0.78877,0.78842,0.78871
2026-03-17 00:30:00+00:00,0.78872,0.78872,0.78841,0.78858
2026-03-17 00:45:00+00:00,0.7886,0.7886,0.78821,0.78838
2026-03-17 01:00:00+00:00,0.78836,0.78859,0.78825,0.78832
2026-03-17 01:15:00+00:00,0.78833,0.7888,0.7883,0.78865
2026-03-17 01:30:00+00:00,0.78866,0.78897,0.7886,0.78893
2026-03-17 01:45:00+00:00,0.78891,0.78895,0.78862,0.78877
2026-03-17 02:00:00+00:00,0.78875,0.78905,0.78869,0.78902
2026-03-17 02:15:00+00:00,0.78902,0.78906,0.78868,0.7887
2026-03-17 02:30:00+00:00,0.78871,0.78874,0.7886,0.78865
2026-03-17 02:45:00+00:00,0.78865,0.78877,0.78855,0.78877
2026-03-17 03:00:00+00:00,0.78874,0.78884,0.78851,0.78857
2026-03-17 03:15:00+00:00,0.78856,0.78857,0.7882,0.78823
2026-03-17 03:30:00+00:00,0.78823,0.78828,0.78803,0.78818
2026-03-17 03:45:00+00:00,0.78818,0.78863,0.78817,0.78861
2026-03-17 04:00:00+00:00,0.78858,0.78873,0.78856,0.78862
2026-03-17 04:15:00+00:00,0.78861,0.78863,0.78843,0.78846
2026-03-17 04:30:00+00:00,0.78846,0.7885,0.78828,0.78829
2026-03-17 04:45:00+00:00,0.78829,0.78831,0.78801,0.78817
2026-03-17 05:00:00+00:00,0.78814,0.78838,0.78812,0.78831
2026-03-17 05:15:00+00:00,0.7883,0.78841,0.78814,0.78839
2026-03-17 05:30:00+00:00,0.7884,0.78877,0.78836,0.78877
2026-03-17 05:45:00+00:00,0.78878,0.78937,0.78868,0.78932
2026-03-17 06:00:00+00:00,0.7893,0.78996,0.7893,0.78996
2026-03-17 06:15:00+00:00,0.78995,0.79001,0.78965,0.78973
2026-03-17 06:30:00+00:00,0.7897,0.78975,0.78916,0.78917
2026-03-17 06:45:00+00:00,0.78917,0.78931,0.78893,0.78897
2026-03-17 07:00:00+00:00,0.78896,0.7891,0.78852,0.78857
2026-03-17 07:15:00+00:00,0.78855,0.78868,0.78802,0.78805
2026-03-17 07:30:00+00:00,0.78802,0.78809,0.78754,0.78771
2026-03-17 07:45:00+00:00,0.78773,0.78788,0.78765,0.78786
2026-03-17 08:00:00+00:00,0.78786,0.78801,0.78765,0.78801
2026-03-17 08:15:00+00:00,0.78799,0.78802,0.78721,0.78726
2026-03-17 08:30:00+00:00,0.78725,0.78771,0.78669,0.78675
2026-03-17 08:45:00+00:00,0.78676,0.78715,0.78667,0.78713
2026-03-17 09:00:00+00:00,0.78714,0.78723,0.78691,0.78714
2026-03-17 09:15:00+00:00,0.78713,0.78733,0.78656,0.78657
2026-03-17 09:30:00+00:00,0.78655,0.78696,0.78635,0.78685
2026-03-17 09:45:00+00:00,0.78688,0.78719,0.78684,0.787
2026-03-17 10:00:00+00:00,0.787,0.78708,0.78668,0.78701
2026-03-17 10:15:00+00:00,0.78698,0.78729,0.78692,0.78692
2026-03-17 10:30:00+00:00,0.78691,0.787,0.78659,0.78673
2026-03-17 10:45:00+00:00,0.78672,0.78682,0.78655,0.78682
2026-03-17 11:00:00+00:00,0.78682,0.78691,0.78639,0.78648
2026-03-17 11:15:00+00:00,0.78647,0.7865,0.78624,0.78644
2026-03-17 11:30:00+00:00,0.78642,0.78677,0.78638,0.78646
2026-03-17 11:45:00+00:00,0.78646,0.78748,0.78644,0.78744
2026-03-17 12:00:00+00:00,0.78745,0.78764,0.78681,0.78681
2026-03-17 12:15:00+00:00,0.78679,0.78759,0.78679,0.7875
2026-03-17 12:30:00+00:00,0.78748,0.78751,0.78711,0.78728
2026-03-17 12:45:00+00:00,0.78727,0.78733,0.78665,0.78671
2026-03-17 13:00:00+00:00,0.7867,0.78677,0.78603,0.78624
2026-03-17 13:15:00+00:00,0.78624,0.78628,0.78584,0.78609
2026-03-17 13:30:00+00:00,0.78608,0.78619,0.78574,0.78618
2026-03-17 13:45:00+00:00,0.78618,0.7867,0.78606,0.78658
2026-03-17 14:00:00+00:00,0.78659,0.78675,0.78615,0.78634
2026-03-17 14:15:00+00:00,0.78632,0.7868,0.78632,0.7868
2026-03-17 14:30:00+00:00,0.78678,0.78687,0.78608,0.78615
2026-03-17 14:45:00+00:00,0.78613,0.78645,0.78556,0.78604
2026-03-17 15:00:00+00:00,0.78604,0.78619,0.78572,0.78613
2026-03-17 15:15:00+00:00,0.78612,0.7863,0.78571,0.78578
2026-03-17 15:30:00+00:00,0.78576,0.78596,0.7857,0.78582
2026-03-17 15:45:00+00:00,0.78581,0.78591,0.78561,0.78565
2026-03-17 16:00:00+00:00,0.78566,0.78617,0.78549,0.78574
2026-03-17 16:15:00+00:00,0.78574,0.78589,0.78519,0.7852
2026-03-17 16:30:00+00:00,0.78519,0.78524,0.78495,0.78498
2026-03-17 16:45:00+00:00,0.78496,0.78502,0.78487,0.78495
2026-03-17 17:00:00+00:00,0.78497,0.78519,0.7849,0.78508
2026-03-17 17:15:00+00:00,0.78508,0.78535,0.78507,0.78522
2026-03-17 17:30:00+00:00,0.78522,0.78528,0.78479,0.78497
2026-03-17 17:45:00+00:00,0.78496,0.78498,0.78467,0.78495
2026-03-17 18:00:00+00:00,0.78494,0.78498,0.78446,0.78453
2026-03-17 18:15:00+00:00,0.78453,0.7847,0.78442,0.78469
2026-03-17 18:30:00+00:00,0.78467,0.7849,0.78466,0.7848
2026-03-17 18:45:00+00:00,0.78478,0.78484,0.78459,0.78484
2026-03-17 19:00:00+00:00,0.78485,0.78496,0.78474,0.78476
2026-03-17 19:15:00+00:00,0.78476,0.78482,0.78457,0.78479
2026-03-17 19:30:00+00:00,0.78477,0.78495,0.7847,0.78488
2026-03-17 19:45:00+00:00,0.78486,0.78524,0.78486,0.78519
2026-03-17 20:00:00+00:00,0.78519,0.78529,0.7849,0.78506
2026-03-17 20:15:00+00:00,0.78506,0.78516,0.78494,0.78514
2026-03-17 20:30:00+00:00,0.78513,0.78515,0.78485,0.78488
2026-03-17 20:45:00+00:00,0.78486,0.78494,0.78474,0.78475
2026-03-17 21:00:00+00:00,0.78475,0.78512,0.78474,0.78484
2026-03-17 21:15:00+00:00,0.78484,0.7849,0.78464,0.78464
2026-03-17 21:30:00+00:00,0.78464,0.78483,0.78461,0.78469
2026-03-17 21:45:00+00:00,0.78466,0.78488,0.78465,0.78488
2026-03-17 22:00:00+00:00,0.78487,0.78506,0.78469,0.7847
2026-03-17 22:15:00+00:00,0.7847,0.78487,0.78466,0.78477
2026-03-17 22:30:00+00:00,0.78477,0.78491,0.78477,0.78486
2026-03-17 22:45:00+00:00,0.78485,0.78491,0.78481,0.78488
2026-03-17 23:00:00+00:00,0.78487,0.78501,0.78481,0.78489
2026-03-17 23:15:00+00:00,0.78489,0.78493,0.78481,0.78489
2026-03-17 23:30:00+00:00,0.78489,0.78492,0.78481,0.78492
2026-03-17 23:45:00+00:00,0.78491,0.78504,0.78486,0.78502
2026-03-18 00:00:00+00:00,0.78501,0.78503,0.78465,0.78472
2026-03-18 00:15:00+00:00,0.78472,0.78493,0.78471,0.78488
2026-03-18 00:30:00+00:00,0.78489,0.78538,0.78487,0.78532
2026-03-18 00:45:00+00:00,0.78531,0.78536,0.78514,0.78531
2026-03-18 01:00:00+00:00,0.78529,0.78533,0.78493,0.78525
2026-03-18 01:15:00+00:00,0.78525,0.78538,0.78521,0.78529
2026-03-18 01:30:00+00:00,0.78531,0.78541,0.78528,0.78538
2026-03-18 01:45:00+00:00,0.78537,0.78573,0.78537,0.78563
2026-03-18 02:00:00+00:00,0.78561,0.78564,0.78551,0.78559
2026-03-18 02:15:00+00:00,0.78559,0.78564,0.78543,0.78545
2026-03-18 02:30:00+00:00,0.78546,0.78562,0.78542,0.78548
2026-03-18 02:45:00+00:00,0.78548,0.78555,0.78536,0.78554
2026-03-18 03:00:00+00:00,0.78552,0.78556,0.78542,0.78545
2026-03-18 03:15:00+00:00,0.78544,0.78557,0.78542,0.78553
2026-03-18 03:30:00+00:00,0.78554,0.78559,0.78549,0.78556
2026-03-18 03:45:00+00:00,0.78556,0.78559,0.7853,0.7854
2026-03-18 04:00:00+00:00,0.78539,0.78541,0.78518,0.78534
2026-03-18 04:15:00+00:00,0.78533,0.78534,0.78525,0.78529
2026-03-18 04:30:00+00:00,0.78529,0.78532,0.78521,0.78528
2026-03-18 04:45:00+00:00,0.78528,0.78535,0.78518,0.78534
2026-03-18 05:00:00+00:00,0.78533,0.78536,0.78521,0.78526
2026-03-18 05:15:00+00:00,0.78524,0.78528,0.78516,0.78527
2026-03-18 05:30:00+00:00,0.78528,0.7854,0.78522,0.7853
2026-03-18 05:45:00+00:00,0.78531,0.78538,0.78517,0.7852
2026-03-18 06:00:00+00:00,0.78518,0.78526,0.78513,0.7852
2026-03-18 06:15:00+00:00,0.78518,0.78521,0.78507,0.78514
2026-03-18 06:30:00+00:00,0.78513,0.7857,0.78511,0.78551
2026-03-18 06:45:00+00:00,0.78552,0.78574,0.78551,0.78558
2026-03-18 07:00:00+00:00,0.78556,0.78569,0.78552,0.78563
2026-03-18 07:15:00+00:00,0.7856,0.786,0.78559,0.78592
2026-03-18 07:30:00+00:00,0.78592,0.78649,0.7859,0.78644
2026-03-18 07:45:00+00:00,0.78644,0.78656,0.78629,0.78655
2026-03-18 08:00:00+00:00,0.78655,0.78673,0.78647,0.78667
2026-03-18 08:15:00+00:00,0.78664,0.78748,0.78658,0.78733
2026-03-18 08:30:00+00:00,0.78732,0.78737,0.78684,0.78687
2026-03-18 08:45:00+00:00,0.78687,0.7869,0.78618,0.78618
2026-03-18 09:00:00+00:00,0.78617,0.78717,0.78617,0.78693
2026-03-18 09:15:00+00:00,0.7869,0.78698,0.78643,0.78674
2026-03-18 09:30:00+00:00,0.78672,0.78676,0.7863,0.78638
2026-03-18 09:45:00+00:00,0.78638,0.78648,0.78617,0.78618
2026-03-18 10:00:00+00:00,0.78618,0.78625,0.78583,0.78586
2026-03-18 10:15:00+00:00,0.78584,0.78615,0.78582,0.78614
2026-03-18 10:30:00+00:00,0.78612,0.78642,0.78605,0.78629
2026-03-18 10:45:00+00:00,0.78629,0.78631,0.78596,0.78598
2026-03-18 11:00:00+00:00,0.78598,0.78601,0.78577,0.78584
2026-03-18 11:15:00+00:00,0.78583,0.78639,0.78556,0.78633
2026-03-18 11:30:00+00:00,0.78631,0.78639,0.78577,0.78579
2026-03-18 11:45:00+00:00,0.7858,0.78614,0.78559,0.78569
2026-03-18 12:00:00+00:00,0.7857,0.78665,0.78569,0.78659
2026-03-18 12:15:00+00:00,0.78657,0.78682,0.78635,0.78661
2026-03-18 12:30:00+00:00,0.78659,0.78693,0.78654,0.78663
2026-03-18 12:45:00+00:00,0.78663,0.78762,0.78662,0.78743
2026-03-18 13:00:00+00:00,0.78744,0.78886,0.78743,0.78878
2026-03-18 13:15:00+00:00,0.78873,0.78929,0.7886,0.78861
2026-03-18 13:30:00+00:00,0.78861,0.78869,0.78827,0.78832
2026-03-18 13:45:00+00:00,0.7883,0.78858,0.78794,0.78855
2026-03-18 14:00:00+00:00,0.78857,0.78866,0.78755,0.78765
2026-03-18 14:15:00+00:00,0.78762,0.78885,0.78754,0.78878
2026-03-18 14:30:00+00:00,0.78876,0.78906,0.78867,0.78901
2026-03-18 14:45:00+00:00,0.789,0.78909,0.78872,0.78888
2026-03-18 15:00:00+00:00,0.78889,0.78893,0.7882,0.78826
2026-03-18 15:15:00+00:00,0.78826,0.78875,0.78812,0.78864
2026-03-18 15:30:00+00:00,0.78865,0.78867,0.78822,0.78823
2026-03-18 15:45:00+00:00,0.78822,0.78906,0.78822,0.78899
2026-03-18 16:00:00+00:00,0.78901,0.78932,0.78887,0.78903
2026-03-18 16:15:00+00:00,0.78903,0.78928,0.78853,0.78867
2026-03-18 16:30:00+00:00,0.78866,0.78915,0.78865,0.78915
2026-03-18 16:45:00+00:00,0.78913,0.7895,0.78912,0.78939
2026-03-18 17:00:00+00:00,0.78939,0.7902,0.78923,0.7902
2026-03-18 17:15:00+00:00,0.79021,0.79032,0.78996,0.79015
2026-03-18 17:30:00+00:00,0.79014,0.79025,0.79,0.79014
2026-03-18 17:45:00+00:00,0.79013,0.79033,0.78991,0.79016
2026-03-18 18:00:00+00:00,0.79014,0.79018,0.7894,0.78983
2026-03-18 18:15:00+00:00,0.78986,0.79037,0.78977,0.79028
2026-03-18 18:30:00+00:00,0.79027,0.7914,0.79027,0.79122
2026-03-18 18:45:00+00:00,0.79119,0.79202,0.79111,0.79202
2026-03-18 19:00:00+00:00,0.79205,0.79238,0.79193,0.79216
2026-03-18 19:15:00+00:00,0.79216,0.7925,0.79208,0.79244
2026-03-18 19:30:00+00:00,0.79244,0.79246,0.79214,0.7924
2026-03-18 19:45:00+00:00,0.79237,0.79281,0.79233,0.79281
2026-03-18 20:00:00+00:00,0.7928,0.79306,0.79241,0.79296
2026-03-18 20:15:00+00:00,0.79296,0.79359,0.79295,0.79359
2026-03-18 20:30:00+00:00,0.79358,0.79361,0.79321,0.79329
2026-03-18 20:45:00+00:00,0.79329,0.79345,0.79316,0.79331
2026-03-18 21:00:00+00:00,0.7933,0.79352,0.79215,0.79321
2026-03-18 21:15:00+00:00,0.79315,0.79324,0.7925,0.79261
2026-03-18 21:30:00+00:00,0.79261,0.79271,0.79259,0.7926
2026-03-18 21:45:00+00:00,0.79258,0.79268,0.79253,0.79265
2026-03-18 22:00:00+00:00,0.79264,0.79314,0.79249,0.79313
2026-03-18 22:15:00+00:00,0.79314,0.79324,0.79305,0.79308
2026-03-18 22:30:00+00:00,0.79308,0.79318,0.79294,0.79294
2026-03-18 22:45:00+00:00,0.79293,0.79299,0.79283,0.79293
2026-03-18 23:00:00+00:00,0.79292,0.79295,0.79254,0.79286
2026-03-18 23:15:00+00:00,0.79286,0.7929,0.79256,0.79262
2026-03-18 23:30:00+00:00,0.79262,0.79272,0.79253,0.79259
2026-03-18 23:45:00+00:00,0.79254,0.79276,0.79246,0.79274
2026-03-19 00:00:00+00:00,0.79272,0.79275,0.79228,0.79249
2026-03-19 00:15:00+00:00,0.79248,0.79256,0.79226,0.79226
2026-03-19 00:30:00+00:00,0.79226,0.79246,0.79214,0.79244
2026-03-19 00:45:00+00:00,0.79243,0.79245,0.79204,0.79211
2026-03-19 01:00:00+00:00,0.79209,0.79216,0.792,0.79202
2026-03-19 01:15:00+00:00,0.79202,0.79205,0.79173,0.7918
2026-03-19 01:30:00+00:00,0.79179,0.79189,0.79142,0.79152
2026-03-19 01:45:00+00:00,0.79151,0.7918,0.79151,0.79174
2026-03-19 02:00:00+00:00,0.7917,0.79207,0.79117,0.79135
2026-03-19 02:15:00+00:00,0.79134,0.79139,0.79102,0.79111
2026-03-19 02:30:00+00:00,0.79112,0.79123,0.79099,0.79121
2026-03-19 02:45:00+00:00,0.79121,0.7917,0.79118,0.79166
2026-03-19 03:00:00+00:00,0.79164,0.79201,0.79159,0.79185
2026-03-19 03:15:00+00:00,0.79184,0.79189,0.79169,0.79183
2026-03-19 03:30:00+00:00,0.79183,0.79214,0.79182,0.79203
2026-03-19 03:45:00+00:00,0.79203,0.79217,0.79194,0.79205
2026-03-19 04:00:00+00:00,0.79202,0.79238,0.79202,0.79228
2026-03-19 04:15:00+00:00,0.79227,0.79237,0.79222,0.79235
2026-03-19 04:30:00+00:00,0.79235,0.7927,0.79231,0.79259
2026-03-19 04:45:00+00:00,0.7926,0.79276,0.79254,0.79267
2026-03-19 05:00:00+00:00,0.79265,0.79285,0.79264,0.79278
2026-03-19 05:15:00+00:00,0.79276,0.79279,0.79249,0.79251
2026-03-19 05:30:00+00:00,0.79252,0.79276,0.79248,0.79273
2026-03-19 05:45:00+00:00,0.79274,0.79276,0.79258,0.7927
2026-03-19 06:00:00+00:00,0.79267,0.793,0.7924,0.7924
2026-03-19 06:15:00+00:00,0.79238,0.79253,0.79218,0.79238
2026-03-19 06:30:00+00:00,0.79239,0.79274,0.79228,0.79237
2026-03-19 06:45:00+00:00,0.79236,0.79254,0.79223,0.79223
2026-03-19 07:00:00+00:00,0.79224,0.79274,0.79186,0.79198
2026-03-19 07:15:00+00:00,0.792,0.79209,0.79146,0.79186
2026-03-19 07:30:00+00:00,0.79185,0.79186,0.79148,0.79154
2026-03-19 07:45:00+00:00,0.79154,0.79218,0.7914,0.79213
2026-03-19 08:00:00+00:00,0.79213,0.79305,0.79203,0.79292
2026-03-19 08:15:00+00:00,0.79292,0.79294,0.79224,0.7925
2026-03-19 08:30:00+00:00,0.7925,0.79326,0.79199,0.79294
2026-03-19 08:45:00+00:00,0.79292,0.79315,0.79202,0.7927
2026-03-19 09:00:00+00:00,0.7927,0.79271,0.79202,0.79221
2026-03-19 09:15:00+00:00,0.79214,0.79367,0.79212,0.79329
2026-03-19 09:30:00+00:00,0.79328,0.79427,0.79307,0.79427
2026-03-19 09:45:00+00:00,0.79429,0.79523,0.79403,0.79469
2026-03-19 10:00:00+00:00,0.7947,0.79482,0.79324,0.7938
2026-03-19 10:15:00+00:00,0.79376,0.79468,0.79359,0.79459
2026-03-19 10:30:00+00:00,0.79458,0.79528,0.79457,0.79528
2026-03-19 10:45:00+00:00,0.79526,0.79563,0.79494,0.79543
2026-03-19 11:00:00+00:00,0.79543,0.79548,0.7945,0.79469
2026-03-19 11:15:00+00:00,0.79465,0.79577,0.79465,0.79563
2026-03-19 11:30:00+00:00,0.79561,0.79575,0.79545,0.79551
2026-03-19 11:45:00+00:00,0.79551,0.79553,0.79471,0.79476
2026-03-19 12:00:00+00:00,0.79476,0.79511,0.79421,0.79446
2026-03-19 12:15:00+00:00,0.79443,0.79486,0.79432,0.79482
2026-03-19 12:30:00+00:00,0.79481,0.79483,0.79376,0.79382
2026-03-19 12:45:00+00:00,0.79379,0.79404,0.7935,0.79363
2026-03-19 13:00:00+00:00,0.79364,0.79412,0.79334,0.79398
2026-03-19 13:15:00+00:00,0.79395,0.79423,0.79338,0.79399
2026-03-19 13:30:00+00:00,0.79396,0.79428,0.7936,0.79368
2026-03-19 13:45:00+00:00,0.79367,0.79414,0.7934,0.79368
2026-03-19 14:00:00+00:00,0.79363,0.79398,0.79183,0.79191
2026-03-19 14:15:00+00:00,0.79191,0.79236,0.79118,0.79218
2026-03-19 14:30:00+00:00,0.79216,0.79258,0.79192,0.79242
2026-03-19 14:45:00+00:00,0.7924,0.79243,0.79141,0.79165
2026-03-19 15:00:00+00:00,0.79166,0.79172,0.79123,0.79166
2026-03-19 15:15:00+00:00,0.79165,0.79197,0.7908,0.79136
2026-03-19 15:30:00+00:00,0.7914,0.7914,0.79041,0.79107
2026-03-19 15:45:00+00:00,0.79106,0.7918,0.79095,0.7918
2026-03-19 16:00:00+00:00,0.79186,0.79241,0.79174,0.79217
2026-03-19 16:15:00+00:00,0.79217,0.79256,0.79161,0.79162
2026-03-19 16:30:00+00:00,0.79157,0.79211,0.79157,0.79173
2026-03-19 16:45:00+00:00,0.79173,0.7924,0.7913,0.79237
2026-03-19 17:00:00+00:00,0.79238,0.79279,0.79205,0.79256
2026-03-19 17:15:00+00:00,0.79255,0.79274,0.79133,0.79157
2026-03-19 17:30:00+00:00,0.79156,0.79159,0.79027,0.79027
2026-03-19 17:45:00+00:00,0.79026,0.79061,0.79019,0.79055
2026-03-19 18:00:00+00:00,0.79054,0.79071,0.79029,0.79055
2026-03-19 18:15:00+00:00,0.79055,0.79091,0.79052,0.79073
2026-03-19 18:30:00+00:00,0.79069,0.79106,0.79048,0.79054
2026-03-19 18:45:00+00:00,0.79052,0.79088,0.79047,0.7905
2026-03-19 19:00:00+00:00,0.79049,0.79052,0.7878,0.7878
2026-03-19 19:15:00+00:00,0.78773,0.78783,0.78587,0.78645
2026-03-19 19:30:00+00:00,0.78641,0.78871,0.78631,0.78837
2026-03-19 19:45:00+00:00,0.78836,0.78852,0.78793,0.78852
2026-03-19 20:00:00+00:00,0.78851,0.78856,0.78809,0.78826
2026-03-19 20:15:00+00:00,0.78826,0.78834,0.78798,0.78804
2026-03-19 20:30:00+00:00,0.78803,0.78841,0.788,0.78831
2026-03-19 20:45:00+00:00,0.78829,0.78835,0.78812,0.78814
2026-03-19 21:00:00+00:00,0.78813,0.78898,0.78765,0.78823
2026-03-19 21:15:00+00:00,0.78823,0.78827,0.78813,0.78821
2026-03-19 21:30:00+00:00,0.78821,0.7883,0.78817,0.78821
2026-03-19 21:45:00+00:00,0.7882,0.78838,0.78816,0.78837
2026-03-19 22:00:00+00:00,0.78835,0.78837,0.78753,0.78795
2026-03-19 22:15:00+00:00,0.78795,0.78813,0.78795,0.78808
2026-03-19 22:30:00+00:00,0.78808,0.78864,0.78807,0.78853
2026-03-19 22:45:00+00:00,0.7885,0.78881,0.78838,0.78879
2026-03-19 23:00:00+00:00,0.78878,0.78896,0.78855,0.78883
2026-03-19 23:15:00+00:00,0.78883,0.78894,0.78881,0.78888
2026-03-19 23:30:00+00:00,0.78888,0.78903,0.78885,0.78885
2026-03-19 23:45:00+00:00,0.78884,0.78905,0.78884,0.78892
2026-03-20 00:00:00+00:00,0.7889,0.78909,0.78884,0.78888
2026-03-20 00:15:00+00:00,0.78887,0.78889,0.78855,0.78859
2026-03-20 00:30:00+00:00,0.7886,0.78884,0.78859,0.78862
2026-03-20 00:45:00+00:00,0.78861,0.78889,0.7886,0.78873
2026-03-20 01:00:00+00:00,0.78872,0.78874,0.78815,0.78821
2026-03-20 01:15:00+00:00,0.78821,0.78851,0.78813,0.78842
2026-03-20 01:30:00+00:00,0.78842,0.78885,0.78839,0.78868
2026-03-20 01:45:00+00:00,0.78868,0.78888,0.78865,0.78875
2026-03-20 02:00:00+00:00,0.78873,0.78883,0.78861,0.78871
2026-03-20 02:15:00+00:00,0.7887,0.78891,0.78869,0.78888
2026-03-20 02:30:00+00:00,0.78888,0.78899,0.78871,0.78892
2026-03-20 02:45:00+00:00,0.78891,0.78895,0.78875,0.78886
2026-03-20 03:00:00+00:00,0.78883,0.78923,0.7888,0.78921
2026-03-20 03:15:00+00:00,0.7892,0.78925,0.78915,0.7892
2026-03-20 03:30:00+00:00,0.7892,0.78943,0.78919,0.78936
2026-03-20 03:45:00+00:00,0.78936,0.78941,0.78924,0.78932
2026-03-20 04:00:00+00:00,0.78931,0.78934,0.7892,0.78931
2026-03-20 04:15:00+00:00,0.78929,0.78932,0.78915,0.7892
2026-03-20 04:30:00+00:00,0.78921,0.78926,0.78915,0.78924
2026-03-20 04:45:00+00:00,0.78925,0.7894,0.78917,0.78938
2026-03-20 05:00:00+00:00,0.78936,0.7894,0.78915,0.78924
2026-03-20 05:15:00+00:00,0.78923,0.78927,0.78909,0.78925
2026-03-20 05:30:00+00:00,0.78926,0.78959,0.78923,0.78948
2026-03-20 05:45:00+00:00,0.78948,0.78959,0.78941,0.78955
2026-03-20 06:00:00+00:00,0.78954,0.78957,0.78924,0.78929
2026-03-20 06:15:00+00:00,0.78927,0.78945,0.7892,0.7892
2026-03-20 06:30:00+00:00,0.7892,0.7893,0.78906,0.7893
2026-03-20 06:45:00+00:00,0.78931,0.78967,0.78919,0.78966
2026-03-20 07:00:00+00:00,0.78964,0.78993,0.78883,0.78898
2026-03-20 07:15:00+00:00,0.78896,0.78915,0.78877,0.78881
2026-03-20 07:30:00+00:00,0.78881,0.78949,0.7888,0.78945
2026-03-20 07:45:00+00:00,0.78945,0.78946,0.78902,0.78902
2026-03-20 08:00:00+00:00,0.78902,0.78933,0.78882,0.78912
2026-03-20 08:15:00+00:00,0.78911,0.78914,0.78853,0.78866
2026-03-20 08:30:00+00:00,0.78866,0.78895,0.78825,0.78828
2026-03-20 08:45:00+00:00,0.7883,0.78864,0.78827,0.78864
2026-03-20 09:00:00+00:00,0.78863,0.78874,0.78771,0.78794
2026-03-20 09:15:00+00:00,0.78791,0.78845,0.78779,0.78825
2026-03-20 09:30:00+00:00,0.78824,0.78828,0.78788,0.78817
2026-03-20 09:45:00+00:00,0.78817,0.78869,0.78813,0.78837
2026-03-20 10:00:00+00:00,0.78837,0.78918,0.78829,0.78872
2026-03-20 10:15:00+00:00,0.78873,0.78877,0.78839,0.78864
2026-03-20 10:30:00+00:00,0.78863,0.78865,0.78805,0.78816
2026-03-20 10:45:00+00:00,0.78817,0.78847,0.78811,0.78826
2026-03-20 11:00:00+00:00,0.78826,0.78827,0.78726,0.78737
2026-03-20 11:15:00+00:00,0.78734,0.78783,0.78713,0.78749
2026-03-20 11:30:00+00:00,0.78747,0.7875,0.78655,0.78662
2026-03-20 11:45:00+00:00,0.78661,0.78731,0.78659,0.78695
2026-03-20 12:00:00+00:00,0.78694,0.78708,0.78595,0.78608
2026-03-20 12:15:00+00:00,0.78607,0.78614,0.78577,0.78585
2026-03-20 12:30:00+00:00,0.78584,0.78644,0.7857,0.78635
2026-03-20 12:45:00+00:00,0.78634,0.7866,0.78611,0.78624
2026-03-20 13:00:00+00:00,0.78625,0.7873,0.78623,0.78726
2026-03-20 13:15:00+00:00,0.78726,0.7876,0.78718,0.7876
2026-03-20 13:30:00+00:00,0.78759,0.78778,0.78758,0.78769
2026-03-20 13:45:00+00:00,0.78769,0.78874,0.78751,0.78874
2026-03-20 14:00:00+00:00,0.78877,0.78968,0.78845,0.78967
2026-03-20 14:15:00+00:00,0.78966,0.79038,0.78961,0.79038
2026-03-20 14:30:00+00:00,0.79041,0.79041,0.7895,0.78958
2026-03-20 14:45:00+00:00,0.78957,0.78974,0.78934,0.78939
2026-03-20 15:00:00+00:00,0.78939,0.78959,0.78899,0.78909
2026-03-20 15:15:00+00:00,0.78909,0.78934,0.78876,0.78924
2026-03-20 15:30:00+00:00,0.78923,0.78928,0.78863,0.78899
2026-03-20 15:45:00+00:00,0.78898,0.78927,0.78882,0.78899
2026-03-20 16:00:00+00:00,0.789,0.78911,0.78797,0.78803
2026-03-20 16:15:00+00:00,0.78803,0.78816,0.78775,0.78803
2026-03-20 16:30:00+00:00,0.78799,0.78858,0.78799,0.78825
2026-03-20 16:45:00+00:00,0.78824,0.7883,0.7878,0.78801
2026-03-20 17:00:00+00:00,0.78802,0.78819,0.78774,0.78805
2026-03-20 17:15:00+00:00,0.78805,0.78807,0.7875,0.78766
2026-03-20 17:30:00+00:00,0.78766,0.78834,0.78755,0.78826
2026-03-20 17:45:00+00:00,0.78824,0.78852,0.78818,0.78852
2026-03-20 18:00:00+00:00,0.78851,0.78853,0.78823,0.78825
2026-03-20 18:15:00+00:00,0.78825,0.78872,0.78784,0.78795
2026-03-20 18:30:00+00:00,0.78794,0.78844,0.78786,0.78836
2026-03-20 18:45:00+00:00,0.78835,0.78883,0.78822,0.78883
2026-03-20 19:00:00+00:00,0.78882,0.78895,0.7885,0.7888
2026-03-20 19:15:00+00:00,0.78879,0.78891,0.78843,0.78866
2026-03-20 19:30:00+00:00,0.78866,0.78885,0.7884,0.7884
2026-03-20 19:45:00+00:00,0.7884,0.78853,0.7881,0.78835
2026-03-20 20:00:00+00:00,0.78834,0.78836,0.78812,0.78818
2026-03-20 20:15:00+00:00,0.78818,0.78821,0.78798,0.78807
2026-03-20 20:30:00+00:00,0.78807,0.78842,0.788,0.78842
2026-03-20 20:45:00+00:00,0.7884,0.78843,0.78793,0.78803
2026-03-20 21:00:00+00:00,0.78802,0.78866,0.78802,0.78839
2026-03-20 21:15:00+00:00,0.78842,0.78871,0.78832,0.78863
2026-03-20 21:30:00+00:00,0.78863,0.78941,0.78777,0.78832
2026-03-20 21:45:00+00:00,0.78825,0.78956,0.78797,0.78894
2026-03-20 22:00:00+00:00,0.78893,0.78978,0.7884,0.78914
2026-03-20 22:15:00+00:00,0.78912,0.79025,0.78831,0.78936
2026-03-20 22:30:00+00:00,0.78935,0.78979,0.78822,0.78915
2026-03-20 22:45:00+00:00,0.78909,0.7898,0.78889,0.78946
2026-03-20 23:00:00+00:00,0.78946,0.78967,0.78886,0.78909
2026-03-20 23:15:00+00:00,0.78915,0.79007,0.78857,0.78936
2026-03-20 23:30:00+00:00,0.78935,0.78991,0.78812,0.7891
2026-03-20 23:45:00+00:00,0.7891,0.78966,0.78879,0.78937
2026-03-21 00:00:00+00:00,0.78943,0.78953,0.7882,0.7882
2026-03-21 00:15:00+00:00,0.7882,0.78828,0.78818,0.78821
2026-03-21 00:30:00+00:00,0.78821,0.78823,0.78819,0.7882
2026-03-21 00:45:00+00:00,0.7882,0.78828,0.78818,0.78822
2026-03-21 01:00:00+00:00,0.7882,0.78823,0.78819,0.7882
2026-03-21 01:15:00+00:00,0.78819,0.78829,0.78819,0.78819
2026-03-21 01:30:00+00:00,0.7882,0.78834,0.78818,0.7883
2026-03-21 01:45:00+00:00,0.7883,0.78831,0.78819,0.78821
2026-03-21 02:00:00+00:00,0.7882,0.78831,0.78819,0.78821
2026-03-21 02:15:00+00:00,0.7882,0.78823,0.78819,0.78819
2026-03-21 02:30:00+00:00,0.78819,0.78828,0.78818,0.7882
2026-03-21 02:45:00+00:00,0.7882,0.78828,0.78818,0.78823
2026-03-21 03:00:00+00:00,0.78822,0.78825,0.78818,0.7882
2026-03-21 03:15:00+00:00,0.78819,0.78831,0.7881,0.78811
2026-03-21 03:30:00+00:00,0.78812,0.78814,0.78809,0.7881
2026-03-21 03:45:00+00:00,0.7881,0.7882,0.7881,0.78812
2026-03-21 04:00:00+00:00,0.7881,0.78821,0.78808,0.78814
2026-03-21 04:15:00+00:00,0.78813,0.78815,0.78809,0.7881
2026-03-21 04:30:00+00:00,0.7881,0.78819,0.78809,0.7881
2026-03-21 04:45:00+00:00,0.78811,0.78813,0.78809,0.78811
2026-03-21 05:00:00+00:00,0.7881,0.78851,0.78808,0.78812
2026-03-21 05:15:00+00:00,0.7881,0.78814,0.788,0.78805
2026-03-21 05:30:00+00:00,0.78804,0.78806,0.78799,0.788
2026-03-21 05:45:00+00:00,0.788,0.78809,0.78798,0.78802
2026-03-21 06:00:00+00:00,0.78801,0.78804,0.78799,0.78802
2026-03-21 06:15:00+00:00,0.788,0.7881,0.788,0.78801
2026-03-21 06:30:00+00:00,0.788,0.78819,0.78797,0.78808
2026-03-21 06:45:00+00:00,0.78808,0.78817,0.788,0.78801
2026-03-21 07:00:00+00:00,0.788,0.78812,0.78799,0.78802
2026-03-21 07:15:00+00:00,0.78801,0.78804,0.78799,0.78801
2026-03-21 07:30:00+00:00,0.788,0.78813,0.78799,0.788
2026-03-21 07:45:00+00:00,0.788,0.78809,0.78799,0.78805
2026-03-21 08:00:00+00:00,0.78805,0.78806,0.78799,0.78802
2026-03-21 08:15:00+00:00,0.788,0.78816,0.78798,0.78803
2026-03-21 08:30:00+00:00,0.78802,0.78804,0.78799,0.788
2026-03-21 08:45:00+00:00,0.788,0.78815,0.78799,0.788
2026-03-21 09:00:00+00:00,0.788,0.78811,0.78799,0.78805
2026-03-21 09:15:00+00:00,0.78803,0.78807,0.78799,0.78801
2026-03-21 09:30:00+00:00,0.788,0.78809,0.78799,0.788
2026-03-21 09:45:00+00:00,0.78801,0.78804,0.78799,0.788
2026-03-21 10:00:00+00:00,0.788,0.78819,0.78799,0.78802
2026-03-21 10:15:00+00:00,0.788,0.78818,0.78799,0.78806
2026-03-21 10:30:00+00:00,0.78805,0.78807,0.78799,0.788
2026-03-21 10:45:00+00:00,0.788,0.78809,0.78799,0.78801
2026-03-21 11:00:00+00:00,0.78801,0.78804,0.78799,0.78801
2026-03-21 11:15:00+00:00,0.788,0.78807,0.78799,0.78802
2026-03-21 11:30:00+00:00,0.788,0.78806,0.78799,0.78802
2026-03-21 11:45:00+00:00,0.78802,0.78805,0.78799,0.788
2026-03-21 12:00:00+00:00,0.788,0.78803,0.78798,0.78801
2026-03-21 12:15:00+00:00,0.788,0.78803,0.78799,0.78802
2026-03-21 12:30:00+00:00,0.788,0.78803,0.78798,0.78799
2026-03-21 12:45:00+00:00,0.78799,0.78802,0.78797,0.78797
2026-03-21 13:00:00+00:00,0.78798,0.78801,0.78797,0.78798
2026-03-21 13:15:00+00:00,0.78798,0.78808,0.78796,0.78805
2026-03-21 13:30:00+00:00,0.78803,0.78807,0.78802,0.78804
2026-03-21 13:45:00+00:00,0.78803,0.78806,0.78799,0.78801
2026-03-21 14:00:00+00:00,0.78801,0.78805,0.788,0.788
2026-03-21 14:15:00+00:00,0.788,0.78803,0.78799,0.78802
2026-03-21 14:30:00+00:00,0.788,0.78803,0.78798,0.788
2026-03-21 14:45:00+00:00,0.78799,0.78802,0.78798,0.78798
2026-03-21 15:00:00+00:00,0.78799,0.78807,0.78798,0.78804
2026-03-21 15:15:00+00:00,0.78804,0.78807,0.788,0.78803
2026-03-21 15:30:00+00:00,0.78802,0.78805,0.78801,0.78803
2026-03-21 15:45:00+00:00,0.78802,0.78805,0.788,0.78801
2026-03-21 16:00:00+00:00,0.78801,0.78804,0.788,0.78801
2026-03-21 16:15:00+00:00,0.78801,0.78803,0.78799,0.78801
2026-03-21 16:30:00+00:00,0.788,0.78807,0.78799,0.78806
2026-03-21 16:45:00+00:00,0.78804,0.78807,0.78799,0.78804
2026-03-21 17:00:00+00:00,0.78807,0.78841,0.78803,0.78816
2026-03-21 17:15:00+00:00,0.78817,0.78819,0.78807,0.78808
2026-03-21 17:30:00+00:00,0.78807,0.78811,0.78802,0.78806
2026-03-21 17:45:00+00:00,0.78805,0.78808,0.788,0.78801
2026-03-21 18:00:00+00:00,0.78801,0.78823,0.78798,0.78819
2026-03-21 18:15:00+00:00,0.7882,0.78823,0.78809,0.7881
2026-03-21 18:30:00+00:00,0.78809,0.78812,0.78808,0.78811
2026-03-21 18:45:00+00:00,0.78809,0.78812,0.78805,0.78806
2026-03-21 19:00:00+00:00,0.78806,0.78842,0.78805,0.78817
2026-03-21 19:15:00+00:00,0.78818,0.78824,0.78817,0.78818
2026-03-21 19:30:00+00:00,0.78818,0.78821,0.78812,0.78815
2026-03-21 19:45:00+00:00,0.78813,0.78816,0.78812,0.78814
2026-03-21 20:00:00+00:00,0.78813,0.78832,0.78811,0.78819
2026-03-21 20:15:00+00:00,0.78819,0.78823,0.78814,0.78814
2026-03-21 20:30:00+00:00,0.78814,0.7882,0.78813,0.78816
2026-03-21 20:45:00+00:00,0.78814,0.78818,0.78806,0.7881
2026-03-21 21:00:00+00:00,0.78809,0.7883,0.78807,0.78826
2026-03-21 21:15:00+00:00,0.78826,0.7883,0.78819,0.7882
2026-03-21 21:30:00+00:00,0.7882,0.78823,0.78814,0.78814
2026-03-21 21:45:00+00:00,0.78813,0.78817,0.78812,0.78814
2026-03-21 22:00:00+00:00,0.78813,0.78833,0.78811,0.78822
2026-03-21 22:15:00+00:00,0.78822,0.78826,0.78821,0.78822
2026-03-21 22:30:00+00:00,0.78822,0.78825,0.78815,0.78818
2026-03-21 22:45:00+00:00,0.78817,0.7882,0.78812,0.78815
2026-03-21 23:00:00+00:00,0.78813,0.7883,0.78808,0.78826
2026-03-21 23:15:00+00:00,0.78826,0.7883,0.7881,0.78817
2026-03-21 23:30:00+00:00,0.78818,0.78821,0.78817,0.78819
2026-03-21 23:45:00+00:00,0.78818,0.78821,0.78812,0.78815
2026-03-22 00:00:00+00:00,0.78813,0.78816,0.78812,0.78813
2026-03-22 00:15:00+00:00,0.78812,0.78813,0.78807,0.78808
2026-03-22 00:30:00+00:00,0.78808,0.78811,0.78801,0.78803
2026-03-22 00:45:00+00:00,0.78803,0.78806,0.78802,0.78805
2026-03-22 01:00:00+00:00,0.78803,0.78809,0.78802,0.78806
2026-03-22 01:15:00+00:00,0.78806,0.78809,0.78805,0.78805
2026-03-22 01:30:00+00:00,0.78805,0.78807,0.78802,0.78804
2026-03-22 01:45:00+00:00,0.78803,0.78807,0.788,0.78803
2026-03-22 02:00:00+00:00,0.78801,0.78805,0.78801,0.78803
2026-03-22 02:15:00+00:00,0.78802,0.78806,0.78799,0.788
2026-03-22 02:30:00+00:00,0.78801,0.78804,0.78799,0.78801
2026-03-22 02:45:00+00:00,0.788,0.78808,0.788,0.78806
2026-03-22 03:00:00+00:00,0.78805,0.78808,0.78802,0.78804
2026-03-22 03:15:00+00:00,0.78802,0.78806,0.78801,0.78802
2026-03-22 03:30:00+00:00,0.78802,0.78806,0.788,0.78801
2026-03-22 03:45:00+00:00,0.78801,0.78804,0.788,0.78802
2026-03-22 04:00:00+00:00,0.78801,0.78804,0.78798,0.78801
2026-03-22 04:15:00+00:00,0.78799,0.78811,0.78797,0.78808
2026-03-22 04:30:00+00:00,0.78808,0.78812,0.78807,0.78808
2026-03-22 04:45:00+00:00,0.78808,0.78812,0.78802,0.78807
2026-03-22 05:00:00+00:00,0.78805,0.78809,0.78804,0.78807
2026-03-22 05:15:00+00:00,0.78805,0.78808,0.78802,0.78803
2026-03-22 05:30:00+00:00,0.78803,0.78807,0.788,0.78801
2026-03-22 05:45:00+00:00,0.78801,0.78805,0.788,0.78802
2026-03-22 06:00:00+00:00,0.78801,0.7881,0.78797,0.78808
2026-03-22 06:15:00+00:00,0.78807,0.7881,0.78806,0.78807
2026-03-22 06:30:00+00:00,0.78807,0.78809,0.78802,0.78804
2026-03-22 06:45:00+00:00,0.78804,0.78807,0.78802,0.78803
2026-03-22 07:00:00+00:00,0.78802,0.78806,0.78801,0.78804
2026-03-22 07:15:00+00:00,0.78802,0.78805,0.78799,0.78802
2026-03-22 07:30:00+00:00,0.78801,0.78805,0.788,0.78801
2026-03-22 07:45:00+00:00,0.78801,0.78805,0.78796,0.78799
2026-03-22 08:00:00+00:00,0.78798,0.78802,0.78796,0.78799
2026-03-22 08:15:00+00:00,0.78797,0.78801,0.78796,0.78798
2026-03-22 08:30:00+00:00,0.78797,0.78801,0.78796,0.78796
2026-03-22 08:45:00+00:00,0.78797,0.788,0.78796,0.78797
2026-03-22 09:00:00+00:00,0.78797,0.788,0.78795,0.78798
2026-03-22 09:15:00+00:00,0.78796,0.788,0.78795,0.78797
2026-03-22 09:30:00+00:00,0.78796,0.78799,0.78795,0.78795
2026-03-22 09:45:00+00:00,0.78796,0.78799,0.78794,0.78795
2026-03-22 10:00:00+00:00,0.78795,0.78799,0.78794,0.78797
2026-03-22 10:15:00+00:00,0.78795,0.78808,0.78793,0.78807
2026-03-22 10:30:00+00:00,0.78805,0.78809,0.78804,0.78805
2026-03-22 10:45:00+00:00,0.78805,0.78816,0.78804,0.78812
2026-03-22 11:00:00+00:00,0.78813,0.78816,0.78812,0.78814
2026-03-22 11:15:00+00:00,0.78813,0.78826,0.78812,0.78821
2026-03-22 11:30:00+00:00,0.78819,0.78826,0.78818,0.78824
2026-03-22 11:45:00+00:00,0.78824,0.78828,0.78823,0.78824
2026-03-22 12:00:00+00:00,0.78824,0.78832,0.78823,0.78829
2026-03-22 12:15:00+00:00,0.78828,0.78832,0.78822,0.78825
2026-03-22 12:30:00+00:00,0.78824,0.78831,0.78823,0.78828
2026-03-22 12:45:00+00:00,0.78828,0.78832,0.78821,0.78828
2026-03-22 13:00:00+00:00,0.78829,0.78832,0.78827,0.78829
2026-03-22 13:15:00+00:00,0.78829,0.78835,0.78828,0.78833
2026-03-22 13:30:00+00:00,0.78832,0.78835,0.78831,0.78833
2026-03-22 13:45:00+00:00,0.78832,0.78838,0.78831,0.78834
2026-03-22 14:00:00+00:00,0.78834,0.78839,0.78833,0.78836
2026-03-22 14:15:00+00:00,0.78836,0.78839,0.78835,0.78838
2026-03-22 14:30:00+00:00,0.78836,0.78841,0.78835,0.78839
2026-03-22 14:45:00+00:00,0.78838,0.78839,0.7883,0.78831
2026-03-22 15:00:00+00:00,0.78831,0.78837,0.78822,0.78825
2026-03-22 15:15:00+00:00,0.78825,0.78831,0.78824,0.7883
2026-03-22 15:30:00+00:00,0.78829,0.78832,0.78828,0.7883
2026-03-22 15:45:00+00:00,0.78829,0.78835,0.78826,0.78826
2026-03-22 16:00:00+00:00,0.78827,0.7883,0.78825,0.78826
2026-03-22 16:15:00+00:00,0.78827,0.78833,0.78826,0.78831
2026-03-22 16:30:00+00:00,0.7883,0.78833,0.78819,0.78826
2026-03-22 16:45:00+00:00,0.78824,0.78828,0.78823,0.78825
2026-03-22 17:00:00+00:00,0.78824,0.78837,0.78823,0.78833
2026-03-22 17:15:00+00:00,0.78834,0.78837,0.78822,0.78823
2026-03-22 17:30:00+00:00,0.78822,0.7883,0.78821,0.78828
2026-03-22 17:45:00+00:00,0.78826,0.78832,0.78825,0.7883
2026-03-22 18:00:00+00:00,0.78829,0.78845,0.78799,0.78833
2026-03-22 18:15:00+00:00,0.78834,0.78981,0.78822,0.7897
2026-03-22 18:30:00+00:00,0.78972,0.78989,0.78865,0.78905
2026-03-22 18:45:00+00:00,0.78903,0.78908,0.78766,0.78846
2026-03-22 19:00:00+00:00,0.78846,0.79036,0.78836,0.78928
2026-03-22 19:15:00+00:00,0.78937,0.79029,0.78893,0.79025
2026-03-22 19:30:00+00:00,0.79027,0.79054,0.78689,0.78759
2026-03-22 19:45:00+00:00,0.78758,0.78821,0.78726,0.78743
2026-03-22 20:00:00+00:00,0.78746,0.78908,0.78707,0.78826
2026-03-22 20:15:00+00:00,0.78829,0.7891,0.78722,0.78813
2026-03-22 20:30:00+00:00,0.78813,0.78859,0.78757,0.78797
2026-03-22 20:45:00+00:00,0.78793,0.78873,0.78769,0.78832
2026-03-22 21:00:00+00:00,0.7883,0.7892,0.78766,0.78881
2026-03-22 21:15:00+00:00,0.78882,0.78902,0.78879,0.78892
2026-03-22 21:30:00+00:00,0.78892,0.78906,0.78884,0.78898
2026-03-22 21:45:00+00:00,0.78896,0.78905,0.78853,0.78854
2026-03-22 22:00:00+00:00,0.78852,0.78869,0.78735,0.78747
2026-03-22 22:15:00+00:00,0.78752,0.78796,0.78688,0.7869
2026-03-22 22:30:00+00:00,0.78692,0.7876,0.7869,0.78752
2026-03-22 22:45:00+00:00,0.78751,0.78753,0.78719,0.78726
2026-03-22 23:00:00+00:00,0.78724,0.78735,0.78699,0.78731
2026-03-22 23:15:00+00:00,0.78732,0.78783,0.78723,0.78764
2026-03-22 23:30:00+00:00,0.78764,0.78795,0.78756,0.78776
2026-03-22 23:45:00+00:00,0.78776,0.78798,0.78763,0.78787
2026-03-23 00:00:00+00:00,0.78786,0.78826,0.7876,0.78767
2026-03-23 00:15:00+00:00,0.78769,0.78815,0.7876,0.78807
2026-03-23 00:30:00+00:00,0.78807,0.78907,0.78804,0.78904
2026-03-23 00:45:00+00:00,0.78901,0.78929,0.78875,0.78885
2026-03-23 01:00:00+00:00,0.78882,0.78895,0.78806,0.78809
2026-03-23 01:15:00+00:00,0.78807,0.78835,0.7879,0.78823
2026-03-23 01:30:00+00:00,0.78824,0.78831,0.78772,0.7881
2026-03-23 01:45:00+00:00,0.7881,0.78842,0.78802,0.78841
2026-03-23 02:00:00+00:00,0.7884,0.78867,0.78815,0.78867
2026-03-23 02:15:00+00:00,0.78866,0.78879,0.78836,0.7887
2026-03-23 02:30:00+00:00,0.78872,0.78928,0.78868,0.78901
2026-03-23 02:45:00+00:00,0.78901,0.78938,0.789,0.78913
2026-03-23 03:00:00+00:00,0.78911,0.78956,0.78905,0.78948
2026-03-23 03:15:00+00:00,0.78947,0.78951,0.78913,0.78919
2026-03-23 03:30:00+00:00,0.7892,0.78923,0.78891,0.78893
2026-03-23 03:45:00+00:00,0.78894,0.78922,0.78887,0.78922
2026-03-23 04:00:00+00:00,0.78921,0.78933,0.78905,0.78932
2026-03-23 04:15:00+00:00,0.78931,0.78933,0.78908,0.78916
2026-03-23 04:30:00+00:00,0.78917,0.78931,0.78906,0.78917
2026-03-23 04:45:00+00:00,0.78918,0.78925,0.78906,0.78907
2026-03-23 05:00:00+00:00,0.78906,0.78916,0.78892,0.78915
2026-03-23 05:15:00+00:00,0.78913,0.7897,0.7891,0.78964
2026-03-23 05:30:00+00:00,0.78966,0.78991,0.78957,0.78972
2026-03-23 05:45:00+00:00,0.78973,0.78998,0.7896,0.78994
2026-03-23 06:00:00+00:00,0.78992,0.79031,0.78984,0.79024
2026-03-23 06:15:00+00:00,0.79026,0.79041,0.78971,0.79019
2026-03-23 06:30:00+00:00,0.79019,0.79061,0.79018,0.79055
2026-03-23 06:45:00+00:00,0.79056,0.79063,0.7899,0.78996
2026-03-23 07:00:00+00:00,0.78996,0.78998,0.78946,0.78957
2026-03-23 07:15:00+00:00,0.78952,0.78991,0.78918,0.78959
2026-03-23 07:30:00+00:00,0.78959,0.78974,0.78887,0.78889
2026-03-23 07:45:00+00:00,0.78891,0.78962,0.78888,0.78947
2026-03-23 08:00:00+00:00,0.78947,0.78956,0.78855,0.78876
2026-03-23 08:15:00+00:00,0.78875,0.7897,0.78873,0.78927
2026-03-23 08:30:00+00:00,0.78926,0.79022,0.78925,0.79001
2026-03-23 08:45:00+00:00,0.78998,0.79101,0.78984,0.79081
2026-03-23 09:00:00+00:00,0.79081,0.79159,0.79071,0.79139
2026-03-23 09:15:00+00:00,0.79136,0.79268,0.79136,0.79242
2026-03-23 09:30:00+00:00,0.79241,0.79282,0.79227,0.79282
2026-03-23 09:45:00+00:00,0.79282,0.79325,0.79255,0.79308
2026-03-23 10:00:00+00:00,0.79308,0.79338,0.793,0.79332
2026-03-23 10:15:00+00:00,0.79329,0.79347,0.79311,0.79333
2026-03-23 10:30:00+00:00,0.79331,0.7935,0.79298,0.79341
2026-03-23 10:45:00+00:00,0.7934,0.79385,0.79324,0.79368
2026-03-23 11:00:00+00:00,0.79369,0.79399,0.78362,0.78997
2026-03-23 11:15:00+00:00,0.79004,0.79016,0.7876,0.79011
2026-03-23 11:30:00+00:00,0.79015,0.79018,0.78743,0.78793
2026-03-23 11:45:00+00:00,0.78797,0.79031,0.7879,0.78952
2026-03-23 12:00:00+00:00,0.78955,0.79057,0.78945,0.78988
2026-03-23 12:15:00+00:00,0.78986,0.78997,0.78861,0.78896
2026-03-23 12:30:00+00:00,0.7889,0.7896,0.78713,0.78723
2026-03-23 12:45:00+00:00,0.78721,0.78761,0.78525,0.78552
2026-03-23 13:00:00+00:00,0.78553,0.78728,0.78552,0.78718
2026-03-23 13:15:00+00:00,0.78718,0.78805,0.78694,0.78748
2026-03-23 13:30:00+00:00,0.78742,0.78769,0.78659,0.78685
2026-03-23 13:45:00+00:00,0.78687,0.78747,0.7866,0.7871
2026-03-23 14:00:00+00:00,0.78706,0.78716,0.78614,0.78642
2026-03-23 14:15:00+00:00,0.78641,0.78654,0.78464,0.78473
2026-03-23 14:30:00+00:00,0.78473,0.78496,0.78362,0.78472
2026-03-23 14:45:00+00:00,0.7847,0.78534,0.78456,0.78513
2026-03-23 15:00:00+00:00,0.78518,0.78564,0.78423,0.78445
2026-03-23 15:15:00+00:00,0.78445,0.78556,0.78445,0.78537
2026-03-23 15:30:00+00:00,0.78535,0.78602,0.78512,0.78593
2026-03-23 15:45:00+00:00,0.78591,0.7878,0.78589,0.78768
2026-03-23 16:00:00+00:00,0.7877,0.78823,0.7875,0.78777
2026-03-23 16:15:00+00:00,0.78777,0.7882,0.78765,0.78796
2026-03-23 16:30:00+00:00,0.78793,0.788,0.78714,0.78748
2026-03-23 16:45:00+00:00,0.78746,0.78753,0.78673,0.78743
2026-03-23 17:00:00+00:00,0.78743,0.78768,0.78696,0.78697
2026-03-23 17:15:00+00:00,0.78699,0.7874,0.78696,0.78704
2026-03-23 17:30:00+00:00,0.78704,0.78717,0.78644,0.78671
2026-03-23 17:45:00+00:00,0.78667,0.78727,0.78667,0.78701
2026-03-23 18:00:00+00:00,0.787,0.78735,0.78661,0.78668
2026-03-23 18:15:00+00:00,0.7867,0.78701,0.78637,0.78644
2026-03-23 18:30:00+00:00,0.78644,0.78645,0.7848,0.78498
2026-03-23 18:45:00+00:00,0.78495,0.78503,0.78448,0.78474
2026-03-23 19:00:00+00:00,0.78475,0.78545,0.78471,0.78532
2026-03-23 19:15:00+00:00,0.78533,0.7859,0.78522,0.78589
2026-03-23 19:30:00+00:00,0.78589,0.78622,0.78585,0.78618
2026-03-23 19:45:00+00:00,0.78617,0.78636,0.78605,0.78617
2026-03-23 20:00:00+00:00,0.78617,0.7864,0.78615,0.78625
2026-03-23 20:15:00+00:00,0.78624,0.7866,0.78616,0.78654
2026-03-23 20:30:00+00:00,0.78654,0.78662,0.78638,0.78649
2026-03-23 20:45:00+00:00,0.78649,0.78659,0.78633,0.78646
2026-03-23 21:00:00+00:00,0.78645,0.78661,0.78611,0.78623
2026-03-23 21:15:00+00:00,0.78624,0.78635,0.78622,0.78623
2026-03-23 21:30:00+00:00,0.78623,0.78632,0.78616,0.78631
2026-03-23 21:45:00+00:00,0.7863,0.78634,0.78628,0.78632
2026-03-23 22:00:00+00:00,0.7863,0.78662,0.7862,0.78637
2026-03-23 22:15:00+00:00,0.78636,0.78664,0.78634,0.78649
2026-03-23 22:30:00+00:00,0.78648,0.78666,0.78641,0.78666
2026-03-23 22:45:00+00:00,0.78665,0.78686,0.78624,0.78631
2026-03-23 23:00:00+00:00,0.78629,0.78659,0.78628,0.78641
2026-03-23 23:15:00+00:00,0.78641,0.78645,0.78621,0.78631
2026-03-23 23:30:00+00:00,0.78632,0.78656,0.78626,0.78647
2026-03-23 23:45:00+00:00,0.78646,0.78677,0.78646,0.78674
2026-03-24 00:00:00+00:00,0.78673,0.78748,0.78669,0.78748
2026-03-24 00:15:00+00:00,0.78751,0.78806,0.7874,0.78779
2026-03-24 00:30:00+00:00,0.78779,0.78858,0.78755,0.78833
2026-03-24 00:45:00+00:00,0.78832,0.78834,0.78793,0.78814
2026-03-24 01:00:00+00:00,0.78812,0.78832,0.78768,0.78775
2026-03-24 01:15:00+00:00,0.78775,0.78829,0.78771,0.78806
2026-03-24 01:30:00+00:00,0.78807,0.78861,0.78804,0.78854
2026-03-24 01:45:00+00:00,0.78853,0.7888,0.78839,0.78849
2026-03-24 02:00:00+00:00,0.78849,0.78851,0.78807,0.7883
2026-03-24 02:15:00+00:00,0.78829,0.78831,0.78793,0.788
2026-03-24 02:30:00+00:00,0.78799,0.78811,0.78783,0.78802
2026-03-24 02:45:00+00:00,0.78802,0.78848,0.78785,0.7884
2026-03-24 03:00:00+00:00,0.78838,0.78857,0.7883,0.78841
2026-03-24 03:15:00+00:00,0.7884,0.78842,0.78783,0.78792
2026-03-24 03:30:00+00:00,0.78793,0.78849,0.78791,0.78838
2026-03-24 03:45:00+00:00,0.78838,0.78852,0.7883,0.78852
2026-03-24 04:00:00+00:00,0.78851,0.78872,0.78843,0.78872
2026-03-24 04:15:00+00:00,0.7887,0.78895,0.7887,0.78892
2026-03-24 04:30:00+00:00,0.78892,0.78899,0.78874,0.78874
2026-03-24 04:45:00+00:00,0.78875,0.78889,0.78856,0.78882
2026-03-24 05:00:00+00:00,0.78883,0.78885,0.78825,0.78844
2026-03-24 05:15:00+00:00,0.78842,0.78852,0.78822,0.78847
2026-03-24 05:30:00+00:00,0.78848,0.78859,0.78825,0.7883
2026-03-24 05:45:00+00:00,0.78831,0.78857,0.78815,0.78849
2026-03-24 06:00:00+00:00,0.78848,0.78859,0.78799,0.78846
2026-03-24 06:15:00+00:00,0.78844,0.78873,0.78828,0.7887
2026-03-24 06:30:00+00:00,0.78869,0.78887,0.78858,0.78878
2026-03-24 06:45:00+00:00,0.78879,0.78883,0.78816,0.7882
2026-03-24 07:00:00+00:00,0.7882,0.78828,0.78645,0.78687
2026-03-24 07:15:00+00:00,0.78686,0.78699,0.78666,0.78692
2026-03-24 07:30:00+00:00,0.78691,0.78702,0.78611,0.78627
2026-03-24 07:45:00+00:00,0.7863,0.78669,0.78627,0.7863
2026-03-24 08:00:00+00:00,0.7863,0.7867,0.78614,0.7865
2026-03-24 08:15:00+00:00,0.78646,0.7872,0.78646,0.78705
2026-03-24 08:30:00+00:00,0.78704,0.78753,0.78686,0.78734
2026-03-24 08:45:00+00:00,0.78726,0.78736,0.78664,0.78715
2026-03-24 09:00:00+00:00,0.78715,0.78739,0.78699,0.78717
2026-03-24 09:15:00+00:00,0.78712,0.78757,0.78712,0.78713
2026-03-24 09:30:00+00:00,0.78712,0.78727,0.78663,0.78665
2026-03-24 09:45:00+00:00,0.78665,0.78685,0.7865,0.78654
2026-03-24 10:00:00+00:00,0.78655,0.78702,0.78654,0.78692
2026-03-24 10:15:00+00:00,0.7869,0.78744,0.7869,0.78744
2026-03-24 10:30:00+00:00,0.78742,0.78769,0.78737,0.78766
2026-03-24 10:45:00+00:00,0.78765,0.78812,0.78753,0.78764
2026-03-24 11:00:00+00:00,0.78764,0.78785,0.7871,0.78719
2026-03-24 11:15:00+00:00,0.78718,0.7875,0.78714,0.78714
2026-03-24 11:30:00+00:00,0.78711,0.78748,0.78711,0.78718
2026-03-24 11:45:00+00:00,0.78717,0.78818,0.78716,0.78753
2026-03-24 12:00:00+00:00,0.78754,0.78774,0.78729,0.78769
2026-03-24 12:15:00+00:00,0.78766,0.78834,0.78766,0.78818
2026-03-24 12:30:00+00:00,0.78814,0.78952,0.78814,0.78949
2026-03-24 12:45:00+00:00,0.7895,0.78969,0.78862,0.78919
2026-03-24 13:00:00+00:00,0.78923,0.79041,0.78901,0.78985
2026-03-24 13:15:00+00:00,0.78984,0.79101,0.78984,0.79077
2026-03-24 13:30:00+00:00,0.79074,0.79154,0.79053,0.79154
2026-03-24 13:45:00+00:00,0.79152,0.79158,0.7907,0.79087
2026-03-24 14:00:00+00:00,0.79087,0.79103,0.79016,0.79016
2026-03-24 14:15:00+00:00,0.79016,0.79052,0.78983,0.78993
2026-03-24 14:30:00+00:00,0.78993,0.79017,0.78955,0.79015
2026-03-24 14:45:00+00:00,0.79014,0.79067,0.7898,0.79015
2026-03-24 15:00:00+00:00,0.79019,0.79098,0.7899,0.79096
2026-03-24 15:15:00+00:00,0.79097,0.79125,0.7909,0.79105
2026-03-24 15:30:00+00:00,0.79105,0.79122,0.79035,0.79087
2026-03-24 15:45:00+00:00,0.79086,0.79113,0.79068,0.79113
2026-03-24 16:00:00+00:00,0.79115,0.79154,0.79093,0.79128
2026-03-24 16:15:00+00:00,0.79128,0.79128,0.7909,0.79094
2026-03-24 16:30:00+00:00,0.79093,0.79108,0.79069,0.79108
2026-03-24 16:45:00+00:00,0.79106,0.7911,0.79072,0.7911
2026-03-24 17:00:00+00:00,0.79111,0.79236,0.79102,0.79177
2026-03-24 17:15:00+00:00,0.79177,0.79206,0.79142,0.79148
2026-03-24 17:30:00+00:00,0.79148,0.79207,0.79143,0.79195
2026-03-24 17:45:00+00:00,0.79193,0.79212,0.79091,0.79143
2026-03-24 18:00:00+00:00,0.79142,0.79202,0.79127,0.79176
2026-03-24 18:15:00+00:00,0.79177,0.79189,0.79136,0.79136
2026-03-24 18:30:00+00:00,0.79136,0.79138,0.79046,0.79076
2026-03-24 18:45:00+00:00,0.79074,0.79104,0.79066,0.79097
2026-03-24 19:00:00+00:00,0.79095,0.79103,0.79008,0.79017
2026-03-24 19:15:00+00:00,0.79018,0.79027,0.79009,0.79017
2026-03-24 19:30:00+00:00,0.79016,0.7904,0.7901,0.79017
2026-03-24 19:45:00+00:00,0.79015,0.79023,0.79006,0.79023
2026-03-24 20:00:00+00:00,0.79022,0.79029,0.79003,0.7901
2026-03-24 20:15:00+00:00,0.79012,0.79024,0.78711,0.78811
2026-03-24 20:30:00+00:00,0.78811,0.7887,0.7878,0.78855
2026-03-24 20:45:00+00:00,0.78856,0.78867,0.78792,0.78823
2026-03-24 21:00:00+00:00,0.78821,0.78835,0.78813,0.78821
2026-03-24 21:15:00+00:00,0.78821,0.78829,0.7882,0.78823
2026-03-24 21:30:00+00:00,0.78823,0.78826,0.78815,0.78818
2026-03-24 21:45:00+00:00,0.78817,0.78821,0.78811,0.78815
2026-03-24 22:00:00+00:00,0.78813,0.78824,0.78777,0.78819
2026-03-24 22:15:00+00:00,0.78819,0.78855,0.78814,0.78832
2026-03-24 22:30:00+00:00,0.7883,0.78836,0.78804,0.78812
2026-03-24 22:45:00+00:00,0.78811,0.78818,0.78789,0.78803
2026-03-24 23:00:00+00:00,0.78801,0.78836,0.78801,0.78823
2026-03-24 23:15:00+00:00,0.78823,0.78826,0.78787,0.78792
2026-03-24 23:30:00+00:00,0.78792,0.78827,0.78786,0.78827
2026-03-24 23:45:00+00:00,0.78825,0.78838,0.78804,0.78809
2026-03-25 00:00:00+00:00,0.78806,0.78817,0.78738,0.78757
2026-03-25 00:15:00+00:00,0.78758,0.78795,0.78742,0.78762
2026-03-25 00:30:00+00:00,0.78764,0.78772,0.78712,0.78718
2026-03-25 00:45:00+00:00,0.78718,0.78751,0.78709,0.78744
2026-03-25 01:00:00+00:00,0.78741,0.78762,0.78733,0.78758
2026-03-25 01:15:00+00:00,0.78757,0.78765,0.7874,0.78761
2026-03-25 01:30:00+00:00,0.78762,0.78776,0.78749,0.78758
2026-03-25 01:45:00+00:00,0.78757,0.78832,0.78749,0.78831
2026-03-25 02:00:00+00:00,0.78829,0.78873,0.7882,0.7887
2026-03-25 02:15:00+00:00,0.78869,0.78872,0.78842,0.78864
2026-03-25 02:30:00+00:00,0.78864,0.78899,0.78859,0.78893
2026-03-25 02:45:00+00:00,0.78894,0.78941,0.78893,0.78938
2026-03-25 03:00:00+00:00,0.78936,0.78943,0.78913,0.78933
2026-03-25 03:15:00+00:00,0.78932,0.78934,0.78918,0.78929
2026-03-25 03:30:00+00:00,0.78929,0.78934,0.78902,0.78909
2026-03-25 03:45:00+00:00,0.78909,0.78937,0.78909,0.78936
2026-03-25 04:00:00+00:00,0.78935,0.78966,0.78932,0.78952
2026-03-25 04:15:00+00:00,0.78951,0.78954,0.78912,0.78924
2026-03-25 04:30:00+00:00,0.78925,0.78948,0.78915,0.78946
2026-03-25 04:45:00+00:00,0.78947,0.7896,0.78941,0.78948
2026-03-25 05:00:00+00:00,0.78946,0.78971,0.78945,0.78952
2026-03-25 05:15:00+00:00,0.7895,0.78983,0.78949,0.78973
2026-03-25 05:30:00+00:00,0.78972,0.78976,0.78951,0.78969
2026-03-25 05:45:00+00:00,0.78969,0.79002,0.78962,0.78993
2026-03-25 06:00:00+00:00,0.78992,0.79017,0.7897,0.7901
2026-03-25 06:15:00+00:00,0.79008,0.79012,0.78986,0.79006
2026-03-25 06:30:00+00:00,0.79005,0.79006,0.78971,0.78978
2026-03-25 06:45:00+00:00,0.78979,0.78987,0.78946,0.78973
2026-03-25 07:00:00+00:00,0.78973,0.78975,0.78935,0.78938
2026-03-25 07:15:00+00:00,0.78936,0.78991,0.78922,0.78958
2026-03-25 07:30:00+00:00,0.78958,0.79058,0.78952,0.79023
2026-03-25 07:45:00+00:00,0.79024,0.79027,0.78976,0.79002
2026-03-25 08:00:00+00:00,0.79002,0.79085,0.7897,0.78986
2026-03-25 08:15:00+00:00,0.78985,0.78987,0.78881,0.78881
2026-03-25 08:30:00+00:00,0.7888,0.78925,0.78841,0.7888
2026-03-25 08:45:00+00:00,0.78882,0.78932,0.78879,0.78922
2026-03-25 09:00:00+00:00,0.78923,0.78951,0.78916,0.78951
2026-03-25 09:15:00+00:00,0.7895,0.79019,0.78948,0.79019
2026-03-25 09:30:00+00:00,0.79017,0.79057,0.79014,0.79047
2026-03-25 09:45:00+00:00,0.79046,0.79051,0.78982,0.78999
2026-03-25 10:00:00+00:00,0.78999,0.79025,0.78937,0.78952
2026-03-25 10:15:00+00:00,0.7895,0.78971,0.78938,0.78966
2026-03-25 10:30:00+00:00,0.78964,0.78977,0.78949,0.78977
2026-03-25 10:45:00+00:00,0.78977,0.78979,0.78902,0.78911
2026-03-25 11:00:00+00:00,0.78911,0.78932,0.78865,0.78931
2026-03-25 11:15:00+00:00,0.7893,0.78933,0.78875,0.78895
2026-03-25 11:30:00+00:00,0.78894,0.78896,0.78869,0.78885
2026-03-25 11:45:00+00:00,0.78883,0.78928,0.78876,0.78885
2026-03-25 12:00:00+00:00,0.78884,0.78886,0.78827,0.78838
2026-03-25 12:15:00+00:00,0.78837,0.78969,0.7883,0.78962
2026-03-25 12:30:00+00:00,0.78961,0.78983,0.78949,0.78967
2026-03-25 12:45:00+00:00,0.78967,0.79015,0.7895,0.78976
2026-03-25 13:00:00+00:00,0.78975,0.79014,0.78921,0.79014
2026-03-25 13:15:00+00:00,0.79014,0.79073,0.78993,0.79064
2026-03-25 13:30:00+00:00,0.79061,0.79109,0.79051,0.79107
2026-03-25 13:45:00+00:00,0.79106,0.79186,0.79093,0.79156
2026-03-25 14:00:00+00:00,0.79157,0.79205,0.79128,0.7916
2026-03-25 14:15:00+00:00,0.7916,0.79161,0.79075,0.79088
2026-03-25 14:30:00+00:00,0.79088,0.791,0.79071,0.79079
2026-03-25 14:45:00+00:00,0.79078,0.79084,0.79032,0.79049
2026-03-25 15:00:00+00:00,0.79049,0.79127,0.79044,0.79127
2026-03-25 15:15:00+00:00,0.79128,0.7919,0.79118,0.79149
2026-03-25 15:30:00+00:00,0.79152,0.79217,0.79106,0.79212
2026-03-25 15:45:00+00:00,0.7921,0.79221,0.79164,0.79177
2026-03-25 16:00:00+00:00,0.79177,0.79256,0.79165,0.79226
2026-03-25 16:15:00+00:00,0.79226,0.79229,0.79131,0.79141
2026-03-25 16:30:00+00:00,0.7914,0.79142,0.79123,0.79129
2026-03-25 16:45:00+00:00,0.79128,0.79169,0.79127,0.79168
2026-03-25 17:00:00+00:00,0.79168,0.79173,0.79141,0.79146
2026-03-25 17:15:00+00:00,0.79148,0.79165,0.79131,0.79133
2026-03-25 17:30:00+00:00,0.79133,0.79135,0.79074,0.79079
2026-03-25 17:45:00+00:00,0.79077,0.79121,0.79077,0.79102
2026-03-25 18:00:00+00:00,0.79102,0.7915,0.79097,0.7911
2026-03-25 18:15:00+00:00,0.79109,0.7911,0.79085,0.79103
2026-03-25 18:30:00+00:00,0.79103,0.79154,0.79095,0.79151
2026-03-25 18:45:00+00:00,0.79148,0.79201,0.79144,0.79182
2026-03-25 19:00:00+00:00,0.79182,0.79213,0.7918,0.79207
2026-03-25 19:15:00+00:00,0.79207,0.7921,0.79172,0.79192
2026-03-25 19:30:00+00:00,0.79192,0.792,0.7916,0.79173
2026-03-25 19:45:00+00:00,0.79171,0.79179,0.79157,0.7917
2026-03-25 20:00:00+00:00,0.79169,0.79197,0.79167,0.79197
2026-03-25 20:15:00+00:00,0.79197,0.7921,0.7919,0.79197
2026-03-25 20:30:00+00:00,0.79198,0.79206,0.79169,0.79179
2026-03-25 20:45:00+00:00,0.79176,0.79206,0.79159,0.79169
2026-03-25 21:00:00+00:00,0.79168,0.79185,0.79152,0.79169
2026-03-25 21:15:00+00:00,0.79169,0.79187,0.79164,0.79176
2026-03-25 21:30:00+00:00,0.79177,0.79182,0.79162,0.79176
2026-03-25 21:45:00+00:00,0.79175,0.79177,0.79163,0.79172
2026-03-25 22:00:00+00:00,0.79171,0.79174,0.79161,0.79171
2026-03-25 22:15:00+00:00,0.79171,0.79183,0.79169,0.7917
2026-03-25 22:30:00+00:00,0.79171,0.79178,0.79152,0.79152
2026-03-25 22:45:00+00:00,0.79152,0.79163,0.79137,0.79158
2026-03-25 23:00:00+00:00,0.79157,0.7916,0.79147,0.79149
2026-03-25 23:15:00+00:00,0.79149,0.7916,0.79147,0.79152
2026-03-25 23:30:00+00:00,0.79152,0.79163,0.79151,0.79162
2026-03-25 23:45:00+00:00,0.79162,0.79169,0.79156,0.79165
2026-03-26 00:00:00+00:00,0.79163,0.79166,0.79141,0.79142
2026-03-26 00:15:00+00:00,0.79142,0.79169,0.7914,0.79167
2026-03-26 00:30:00+00:00,0.79169,0.79212,0.79166,0.79212
2026-03-26 00:45:00+00:00,0.79211,0.79224,0.79186,0.79196
2026-03-26 01:00:00+00:00,0.79197,0.79198,0.7914,0.79176
2026-03-26 01:15:00+00:00,0.79176,0.79199,0.79175,0.79186
2026-03-26 01:30:00+00:00,0.79186,0.79188,0.79171,0.79185
2026-03-26 01:45:00+00:00,0.79185,0.79205,0.7918,0.79199
2026-03-26 02:00:00+00:00,0.79198,0.79203,0.79187,0.79195
2026-03-26 02:15:00+00:00,0.79193,0.79198,0.79181,0.79186
2026-03-26 02:30:00+00:00,0.79188,0.79238,0.79185,0.79215
2026-03-26 02:45:00+00:00,0.79215,0.79231,0.79211,0.79229
2026-03-26 03:00:00+00:00,0.79228,0.79235,0.79204,0.79204
2026-03-26 03:15:00+00:00,0.79202,0.79212,0.79165,0.7917
2026-03-26 03:30:00+00:00,0.79169,0.79177,0.79151,0.79172
2026-03-26 03:45:00+00:00,0.79173,0.79183,0.79169,0.7918
2026-03-26 04:00:00+00:00,0.79179,0.79184,0.79167,0.79175
2026-03-26 04:15:00+00:00,0.79173,0.79176,0.79156,0.79158
2026-03-26 04:30:00+00:00,0.79157,0.79158,0.79146,0.79148
2026-03-26 04:45:00+00:00,0.79148,0.79165,0.79147,0.79163
2026-03-26 05:00:00+00:00,0.79162,0.79165,0.79146,0.79157
2026-03-26 05:15:00+00:00,0.79156,0.79175,0.79155,0.79169
2026-03-26 05:30:00+00:00,0.79168,0.79179,0.79157,0.79177
2026-03-26 05:45:00+00:00,0.79179,0.79222,0.79169,0.79221
2026-03-26 06:00:00+00:00,0.7922,0.79274,0.79213,0.79259
2026-03-26 06:15:00+00:00,0.79256,0.79269,0.79223,0.79225
2026-03-26 06:30:00+00:00,0.79224,0.79257,0.79222,0.79249
2026-03-26 06:45:00+00:00,0.7925,0.79253,0.79182,0.79197
2026-03-26 07:00:00+00:00,0.79196,0.79287,0.79189,0.79274
2026-03-26 07:15:00+00:00,0.79272,0.79294,0.7924,0.79263
2026-03-26 07:30:00+00:00,0.79262,0.79264,0.79213,0.79224
2026-03-26 07:45:00+00:00,0.79224,0.79256,0.7922,0.79241
2026-03-26 08:00:00+00:00,0.79241,0.79276,0.79228,0.79253
2026-03-26 08:15:00+00:00,0.79253,0.79255,0.79194,0.79222
2026-03-26 08:30:00+00:00,0.7922,0.79242,0.79197,0.79215
2026-03-26 08:45:00+00:00,0.79215,0.7922,0.79157,0.79159
2026-03-26 09:00:00+00:00,0.79159,0.79181,0.79143,0.79168
2026-03-26 09:15:00+00:00,0.79166,0.79229,0.79157,0.79223
2026-03-26 09:30:00+00:00,0.79222,0.79244,0.79202,0.79244
2026-03-26 09:45:00+00:00,0.79245,0.79258,0.79202,0.79213
2026-03-26 10:00:00+00:00,0.79213,0.79215,0.79148,0.79157
2026-03-26 10:15:00+00:00,0.79155,0.79173,0.7915,0.79155
2026-03-26 10:30:00+00:00,0.79153,0.79178,0.79152,0.79178
2026-03-26 10:45:00+00:00,0.79178,0.79243,0.79163,0.792
2026-03-26 11:00:00+00:00,0.792,0.79231,0.79188,0.79225
2026-03-26 11:15:00+00:00,0.79224,0.79285,0.7921,0.7928
2026-03-26 11:30:00+00:00,0.79279,0.79343,0.79269,0.79343
2026-03-26 11:45:00+00:00,0.79342,0.79364,0.79337,0.79364
2026-03-26 12:00:00+00:00,0.79364,0.7937,0.79303,0.79303
2026-03-26 12:15:00+00:00,0.79303,0.79318,0.79286,0.79293
2026-03-26 12:30:00+00:00,0.79289,0.79338,0.79289,0.79331
2026-03-26 12:45:00+00:00,0.7933,0.79342,0.79314,0.79319
2026-03-26 13:00:00+00:00,0.79318,0.79331,0.79288,0.79307
2026-03-26 13:15:00+00:00,0.79307,0.79324,0.79291,0.79306
2026-03-26 13:30:00+00:00,0.79305,0.79357,0.79288,0.7934
2026-03-26 13:45:00+00:00,0.79338,0.79346,0.79288,0.79344
2026-03-26 14:00:00+00:00,0.79343,0.79366,0.79323,0.79359
2026-03-26 14:15:00+00:00,0.79359,0.79362,0.79265,0.79276
2026-03-26 14:30:00+00:00,0.79275,0.79324,0.79256,0.79322
2026-03-26 14:45:00+00:00,0.7932,0.79325,0.79248,0.793
2026-03-26 15:00:00+00:00,0.79299,0.79346,0.79291,0.7931
2026-03-26 15:15:00+00:00,0.79311,0.79359,0.79307,0.79355
2026-03-26 15:30:00+00:00,0.79353,0.79431,0.79347,0.79426
2026-03-26 15:45:00+00:00,0.79425,0.79427,0.79351,0.79352
2026-03-26 16:00:00+00:00,0.79353,0.79393,0.79351,0.79373
2026-03-26 16:15:00+00:00,0.79373,0.79434,0.79373,0.79419
2026-03-26 16:30:00+00:00,0.79417,0.79459,0.79412,0.79449
2026-03-26 16:45:00+00:00,0.79448,0.79451,0.79413,0.79436
2026-03-26 17:00:00+00:00,0.79437,0.7946,0.79424,0.7944
2026-03-26 17:15:00+00:00,0.79441,0.79461,0.79438,0.79457
2026-03-26 17:30:00+00:00,0.79456,0.79497,0.79456,0.79497
2026-03-26 17:45:00+00:00,0.79495,0.79502,0.79493,0.79499
2026-03-26 18:00:00+00:00,0.79499,0.79507,0.7949,0.79502
2026-03-26 18:15:00+00:00,0.79503,0.79527,0.79497,0.79516
2026-03-26 18:30:00+00:00,0.79515,0.79521,0.79483,0.79486
2026-03-26 18:45:00+00:00,0.79485,0.79503,0.79478,0.79497
2026-03-26 19:00:00+00:00,0.79496,0.79565,0.7948,0.7956
2026-03-26 19:15:00+00:00,0.79559,0.79565,0.79537,0.79565
2026-03-26 19:30:00+00:00,0.79565,0.79565,0.79534,0.79558
2026-03-26 19:45:00+00:00,0.79556,0.79575,0.79548,0.79571
2026-03-26 20:00:00+00:00,0.7957,0.7959,0.79329,0.79402
2026-03-26 20:15:00+00:00,0.79405,0.79461,0.79382,0.79457
2026-03-26 20:30:00+00:00,0.79457,0.79468,0.79437,0.79465
2026-03-26 20:45:00+00:00,0.79463,0.79522,0.79459,0.79517
2026-03-26 21:00:00+00:00,0.79515,0.79541,0.79453,0.79456
2026-03-26 21:15:00+00:00,0.79456,0.79509,0.79455,0.79493
2026-03-26 21:30:00+00:00,0.79493,0.79503,0.7948,0.79485
2026-03-26 21:45:00+00:00,0.79483,0.79487,0.79446,0.79459
2026-03-26 22:00:00+00:00,0.79458,0.79481,0.79431,0.79463
2026-03-26 22:15:00+00:00,0.79463,0.79473,0.79453,0.79467
2026-03-26 22:30:00+00:00,0.79467,0.79469,0.79451,0.79451
2026-03-26 22:45:00+00:00,0.7945,0.79456,0.79436,0.7945
2026-03-26 23:00:00+00:00,0.79449,0.79465,0.79436,0.79457
2026-03-26 23:15:00+00:00,0.79456,0.79469,0.79443,0.79463
2026-03-26 23:30:00+00:00,0.79463,0.79469,0.79443,0.79467
2026-03-26 23:45:00+00:00,0.79467,0.79482,0.79457,0.79479
2026-03-27 00:00:00+00:00,0.79477,0.79485,0.79459,0.79485
2026-03-27 00:15:00+00:00,0.79484,0.79542,0.7948,0.79526
2026-03-27 00:30:00+00:00,0.79527,0.79541,0.79519,0.79533
2026-03-27 00:45:00+00:00,0.79532,0.79564,0.79509,0.79516
2026-03-27 01:00:00+00:00,0.79516,0.79519,0.7949,0.79496
2026-03-27 01:15:00+00:00,0.79495,0.79504,0.79486,0.79489
2026-03-27 01:30:00+00:00,0.79489,0.79491,0.79468,0.79481
2026-03-27 01:45:00+00:00,0.79481,0.795,0.79467,0.79472
2026-03-27 02:00:00+00:00,0.79472,0.79501,0.79459,0.79498
2026-03-27 02:15:00+00:00,0.79497,0.79511,0.79488,0.79494
2026-03-27 02:30:00+00:00,0.79493,0.79501,0.79483,0.79491
2026-03-27 02:45:00+00:00,0.79491,0.79511,0.79487,0.79507
2026-03-27 03:00:00+00:00,0.79506,0.79549,0.79499,0.79547
2026-03-27 03:15:00+00:00,0.79545,0.79565,0.79538,0.79554
2026-03-27 03:30:00+00:00,0.79552,0.79558,0.79528,0.79538
2026-03-27 03:45:00+00:00,0.79539,0.7956,0.79538,0.79554
2026-03-27 04:00:00+00:00,0.79553,0.79564,0.79529,0.79537
2026-03-27 04:15:00+00:00,0.79535,0.79548,0.7952,0.79541
2026-03-27 04:30:00+00:00,0.79541,0.79553,0.79527,0.79528
2026-03-27 04:45:00+00:00,0.79529,0.7954,0.79525,0.79529
2026-03-27 05:00:00+00:00,0.79527,0.7954,0.79508,0.79508
2026-03-27 05:15:00+00:00,0.79506,0.79531,0.79491,0.79522
2026-03-27 05:30:00+00:00,0.79522,0.79591,0.7952,0.79552
2026-03-27 05:45:00+00:00,0.79551,0.79556,0.79523,0.79544
2026-03-27 06:00:00+00:00,0.79544,0.79561,0.79537,0.79537
2026-03-27 06:15:00+00:00,0.79537,0.7957,0.79513,0.7957
2026-03-27 06:30:00+00:00,0.79569,0.79588,0.79566,0.79567
2026-03-27 06:45:00+00:00,0.79568,0.79593,0.79566,0.79588
2026-03-27 07:00:00+00:00,0.79587,0.79642,0.79587,0.79628
2026-03-27 07:15:00+00:00,0.79626,0.79644,0.79606,0.79641
2026-03-27 07:30:00+00:00,0.7964,0.79688,0.79622,0.79673
2026-03-27 07:45:00+00:00,0.79675,0.79691,0.79642,0.79689
2026-03-27 08:00:00+00:00,0.79689,0.7969,0.79641,0.79645
2026-03-27 08:15:00+00:00,0.79643,0.79657,0.79622,0.79622
2026-03-27 08:30:00+00:00,0.79622,0.79662,0.79601,0.79642
2026-03-27 08:45:00+00:00,0.79643,0.79674,0.79636,0.79662
2026-03-27 09:00:00+00:00,0.79662,0.79726,0.79656,0.79683
2026-03-27 09:15:00+00:00,0.79682,0.7969,0.79648,0.79663
2026-03-27 09:30:00+00:00,0.7966,0.79704,0.79658,0.797
2026-03-27 09:45:00+00:00,0.79701,0.79754,0.797,0.79742
2026-03-27 10:00:00+00:00,0.79742,0.79765,0.79709,0.79757
2026-03-27 10:15:00+00:00,0.79757,0.7976,0.79708,0.79711
2026-03-27 10:30:00+00:00,0.7971,0.79747,0.79693,0.79736
2026-03-27 10:45:00+00:00,0.79736,0.79768,0.79721,0.79758
2026-03-27 11:00:00+00:00,0.79758,0.79759,0.7971,0.7971
2026-03-27 11:15:00+00:00,0.79708,0.79751,0.79708,0.79744
2026-03-27 11:30:00+00:00,0.79744,0.79753,0.79729,0.79746
2026-03-27 11:45:00+00:00,0.79745,0.79775,0.79745,0.79753
2026-03-27 12:00:00+00:00,0.79754,0.79801,0.79747,0.7977
2026-03-27 12:15:00+00:00,0.79769,0.79796,0.7975,0.79764
2026-03-27 12:30:00+00:00,0.79764,0.79785,0.79728,0.7973
2026-03-27 12:45:00+00:00,0.79728,0.7973,0.79694,0.79698
2026-03-27 13:00:00+00:00,0.797,0.79714,0.79676,0.79691
2026-03-27 13:15:00+00:00,0.79691,0.79691,0.7961,0.79644
2026-03-27 13:30:00+00:00,0.79643,0.79664,0.79581,0.7959
2026-03-27 13:45:00+00:00,0.79588,0.7962,0.79566,0.79616
2026-03-27 14:00:00+00:00,0.79616,0.79617,0.79571,0.79587
2026-03-27 14:15:00+00:00,0.79587,0.79597,0.79543,0.79597
2026-03-27 14:30:00+00:00,0.79594,0.79684,0.79582,0.79677
2026-03-27 14:45:00+00:00,0.79676,0.79681,0.79643,0.79659
2026-03-27 15:00:00+00:00,0.79659,0.79735,0.79656,0.79733
2026-03-27 15:15:00+00:00,0.79734,0.7978,0.79693,0.79713
2026-03-27 15:30:00+00:00,0.79712,0.79717,0.79658,0.79696
2026-03-27 15:45:00+00:00,0.79694,0.79739,0.79687,0.79702
2026-03-27 16:00:00+00:00,0.79703,0.79713,0.79669,0.7967
2026-03-27 16:15:00+00:00,0.79671,0.79676,0.79657,0.79662
2026-03-27 16:30:00+00:00,0.79662,0.79676,0.79647,0.7966
2026-03-27 16:45:00+00:00,0.79658,0.79687,0.7965,0.79687
2026-03-27 17:00:00+00:00,0.79687,0.79732,0.79676,0.79725
2026-03-27 17:15:00+00:00,0.79726,0.79783,0.79724,0.79783
2026-03-27 17:30:00+00:00,0.79782,0.798,0.79773,0.79794
2026-03-27 17:45:00+00:00,0.79793,0.79795,0.7976,0.79784
2026-03-27 18:00:00+00:00,0.79783,0.79834,0.79774,0.79829
2026-03-27 18:15:00+00:00,0.7983,0.79851,0.79807,0.79829
2026-03-27 18:30:00+00:00,0.79829,0.79835,0.79818,0.79833
2026-03-27 18:45:00+00:00,0.79832,0.79865,0.79825,0.7986
2026-03-27 19:00:00+00:00,0.79859,0.799,0.79859,0.79879
2026-03-27 19:15:00+00:00,0.79881,0.79899,0.79878,0.79895
2026-03-27 19:30:00+00:00,0.79895,0.79904,0.79887,0.79897
2026-03-27 19:45:00+00:00,0.79895,0.79899,0.79864,0.79864
2026-03-27 20:00:00+00:00,0.79862,0.79897,0.79856,0.79877
2026-03-27 20:15:00+00:00,0.79877,0.79892,0.79857,0.79889
2026-03-27 20:30:00+00:00,0.7989,0.7993,0.79886,0.79906
2026-03-27 20:45:00+00:00,0.79904,0.79911,0.79881,0.79895
2026-03-27 21:00:00+00:00,0.79894,0.79896,0.79852,0.79865
2026-03-27 21:15:00+00:00,0.79863,0.79899,0.7982,0.79856
2026-03-27 21:30:00+00:00,0.79856,0.79937,0.79855,0.79868
2026-03-27 21:45:00+00:00,0.79864,0.79951,0.79853,0.79875
2026-03-27 22:00:00+00:00,0.79877,0.79879,0.79814,0.79872
2026-03-27 22:15:00+00:00,0.79873,0.79886,0.79865,0.79878
2026-03-27 22:30:00+00:00,0.79878,0.79888,0.79865,0.79873
2026-03-27 22:45:00+00:00,0.79872,0.79886,0.7987,0.79884
2026-03-27 23:00:00+00:00,0.79889,0.79889,0.79799,0.79873
2026-03-27 23:15:00+00:00,0.79873,0.79892,0.79863,0.79879
2026-03-27 23:30:00+00:00,0.7988,0.79889,0.79859,0.7987
2026-03-27 23:45:00+00:00,0.79869,0.79888,0.79859,0.7988
2026-03-28 00:00:00+00:00,0.7988,0.79882,0.7984,0.79869
2026-03-28 00:15:00+00:00,0.79868,0.79873,0.79865,0.79868
2026-03-28 00:30:00+00:00,0.79869,0.79873,0.79868,0.7987
2026-03-28 00:45:00+00:00,0.7987,0.79873,0.79866,0.79871
2026-03-28 01:00:00+00:00,0.7987,0.79873,0.79869,0.79871
2026-03-28 01:15:00+00:00,0.7987,0.79873,0.79866,0.7987
2026-03-28 01:30:00+00:00,0.7987,0.79883,0.79862,0.79868
2026-03-28 01:45:00+00:00,0.79868,0.79873,0.79866,0.79871
2026-03-28 02:00:00+00:00,0.7987,0.79873,0.79867,0.79871
2026-03-28 02:15:00+00:00,0.7987,0.79873,0.79869,0.7987
2026-03-28 02:30:00+00:00,0.7987,0.79873,0.79862,0.7987
2026-03-28 02:45:00+00:00,0.7987,0.79873,0.79867,0.7987
2026-03-28 03:00:00+00:00,0.79868,0.79873,0.79868,0.79872
2026-03-28 03:15:00+00:00,0.7987,0.79873,0.79863,0.7987
2026-03-28 03:30:00+00:00,0.7987,0.79873,0.79869,0.79869
2026-03-28 03:45:00+00:00,0.7987,0.79873,0.79866,0.79871
2026-03-28 04:00:00+00:00,0.7987,0.79873,0.79862,0.79871
2026-03-28 04:15:00+00:00,0.79869,0.79873,0.79868,0.7987
2026-03-28 04:30:00+00:00,0.7987,0.79873,0.79867,0.79869
2026-03-28 04:45:00+00:00,0.7987,0.79873,0.79869,0.79871
2026-03-28 05:00:00+00:00,0.7987,0.79873,0.79862,0.79872
2026-03-28 05:15:00+00:00,0.7987,0.79873,0.79865,0.79869
2026-03-28 05:30:00+00:00,0.79868,0.79873,0.7984,0.79847
2026-03-28 05:45:00+00:00,0.79847,0.79854,0.7984,0.79841
2026-03-28 06:00:00+00:00,0.7984,0.79865,0.79839,0.79842
2026-03-28 06:15:00+00:00,0.7984,0.79845,0.79839,0.79841
2026-03-28 06:30:00+00:00,0.7984,0.79848,0.79839,0.79842
2026-03-28 06:45:00+00:00,0.79843,0.79867,0.7984,0.79841
2026-03-28 07:00:00+00:00,0.79841,0.79845,0.79839,0.79842
2026-03-28 07:15:00+00:00,0.7984,0.79844,0.79839,0.79841
2026-03-28 07:30:00+00:00,0.7984,0.79844,0.7984,0.7984
2026-03-28 07:45:00+00:00,0.7984,0.79844,0.79839,0.79841
2026-03-28 08:00:00+00:00,0.79841,0.79844,0.79839,0.79841
2026-03-28 08:15:00+00:00,0.7984,0.79848,0.79839,0.79842
2026-03-28 08:30:00+00:00,0.79841,0.79844,0.79803,0.7982
2026-03-28 08:45:00+00:00,0.7982,0.79839,0.79774,0.79775
2026-03-28 09:00:00+00:00,0.79776,0.79788,0.79774,0.79782
2026-03-28 09:15:00+00:00,0.79781,0.79803,0.79771,0.79776
2026-03-28 09:30:00+00:00,0.79774,0.79795,0.79768,0.79776
2026-03-28 09:45:00+00:00,0.79776,0.79781,0.7977,0.79771
2026-03-28 10:00:00+00:00,0.79771,0.79803,0.7977,0.79773
2026-03-28 10:15:00+00:00,0.79772,0.79804,0.7977,0.79781
2026-03-28 10:30:00+00:00,0.7978,0.798,0.79771,0.79772
2026-03-28 10:45:00+00:00,0.79772,0.79784,0.7977,0.79772
2026-03-28 11:00:00+00:00,0.79772,0.79775,0.7977,0.79772
2026-03-28 11:15:00+00:00,0.79771,0.79795,0.7977,0.79773
2026-03-28 11:30:00+00:00,0.79771,0.79817,0.79769,0.79787
2026-03-28 11:45:00+00:00,0.79787,0.79802,0.79771,0.79771
2026-03-28 12:00:00+00:00,0.79771,0.79786,0.79769,0.79773
2026-03-28 12:15:00+00:00,0.79773,0.79775,0.7977,0.79773
2026-03-28 12:30:00+00:00,0.79771,0.79794,0.7977,0.79788
2026-03-28 12:45:00+00:00,0.79787,0.79822,0.79785,0.79812
2026-03-28 13:00:00+00:00,0.79813,0.79816,0.79812,0.79813
2026-03-28 13:15:00+00:00,0.79813,0.79835,0.7981,0.79834
2026-03-28 13:30:00+00:00,0.79833,0.79858,0.79832,0.79851
2026-03-28 13:45:00+00:00,0.79849,0.79856,0.79491,0.79554
2026-03-28 14:00:00+00:00,0.79554,0.79662,0.7955,0.79613
2026-03-28 14:15:00+00:00,0.79613,0.79617,0.79612,0.79615
2026-03-28 14:30:00+00:00,0.79613,0.7969,0.79611,0.79662
2026-03-28 14:45:00+00:00,0.79661,0.79664,0.7966,0.79661
2026-03-28 15:00:00+00:00,0.79661,0.79758,0.79644,0.79754
2026-03-28 15:15:00+00:00,0.79755,0.79775,0.79753,0.79775
2026-03-28 15:30:00+00:00,0.79774,0.79777,0.79773,0.79776
2026-03-28 15:45:00+00:00,0.79774,0.79805,0.79773,0.79789
2026-03-28 16:00:00+00:00,0.79789,0.79793,0.79788,0.79789
2026-03-28 16:15:00+00:00,0.79789,0.79805,0.79788,0.79802
2026-03-28 16:30:00+00:00,0.79801,0.79829,0.79796,0.79829
2026-03-28 16:45:00+00:00,0.79827,0.7983,0.79826,0.79827
2026-03-28 17:00:00+00:00,0.79827,0.79829,0.798,0.79811
2026-03-28 17:15:00+00:00,0.79811,0.79869,0.79809,0.79844
2026-03-28 17:30:00+00:00,0.79844,0.79848,0.79843,0.79847
2026-03-28 17:45:00+00:00,0.79845,0.79849,0.79844,0.79847
2026-03-28 18:00:00+00:00,0.79846,0.79849,0.79816,0.79816
2026-03-28 18:15:00+00:00,0.79817,0.79855,0.79815,0.79835
2026-03-28 18:30:00+00:00,0.79835,0.79838,0.79834,0.79836
2026-03-28 18:45:00+00:00,0.79835,0.79841,0.79834,0.79839
2026-03-28 19:00:00+00:00,0.79838,0.7984,0.79799,0.79818
2026-03-28 19:15:00+00:00,0.79818,0.79822,0.7981,0.79818
2026-03-28 19:30:00+00:00,0.79818,0.79828,0.79817,0.79826
2026-03-28 19:45:00+00:00,0.79825,0.79828,0.79824,0.79826
2026-03-28 20:00:00+00:00,0.79826,0.7985,0.79795,0.7984
2026-03-28 20:15:00+00:00,0.7984,0.79844,0.79839,0.79842
2026-03-28 20:30:00+00:00,0.79843,0.79846,0.7984,0.79844
2026-03-28 20:45:00+00:00,0.79843,0.79848,0.79842,0.79846
2026-03-28 21:00:00+00:00,0.79845,0.79847,0.79815,0.79816
2026-03-28 21:15:00+00:00,0.79816,0.79829,0.79815,0.79822
2026-03-28 21:30:00+00:00,0.79823,0.79846,0.79822,0.79838
2026-03-28 21:45:00+00:00,0.79837,0.79841,0.79822,0.79839
2026-03-28 22:00:00+00:00,0.79837,0.7984,0.79808,0.79819
2026-03-28 22:15:00+00:00,0.79818,0.79822,0.79817,0.79818
2026-03-28 22:30:00+00:00,0.79818,0.79829,0.79817,0.79826
2026-03-28 22:45:00+00:00,0.79825,0.79829,0.79824,0.79826
2026-03-28 23:00:00+00:00,0.79831,0.79834,0.79794,0.79805
2026-03-28 23:15:00+00:00,0.79804,0.79831,0.79802,0.79827
2026-03-28 23:30:00+00:00,0.79828,0.79831,0.79827,0.79828
2026-03-28 23:45:00+00:00,0.79828,0.79838,0.79827,0.79834
2026-03-29 00:00:00+00:00,0.79833,0.79836,0.79832,0.79834
2026-03-29 00:15:00+00:00,0.79833,0.7984,0.79832,0.79836
2026-03-29 00:30:00+00:00,0.79837,0.7984,0.79804,0.79822
2026-03-29 00:45:00+00:00,0.79822,0.79825,0.79821,0.79824
2026-03-29 01:00:00+00:00,0.79822,0.79853,0.79821,0.79851
2026-03-29 01:15:00+00:00,0.79849,0.79853,0.79848,0.79849
2026-03-29 01:30:00+00:00,0.7985,0.79854,0.79849,0.7985
2026-03-29 01:45:00+00:00,0.7985,0.79871,0.79849,0.7987
2026-03-29 02:00:00+00:00,0.79869,0.79873,0.79868,0.79871
2026-03-29 02:15:00+00:00,0.79869,0.79872,0.79862,0.79866
2026-03-29 02:30:00+00:00,0.79866,0.79881,0.79865,0.79873
2026-03-29 02:45:00+00:00,0.79873,0.79874,0.79862,0.79864
2026-03-29 03:00:00+00:00,0.79863,0.79867,0.7986,0.79863
2026-03-29 03:15:00+00:00,0.79861,0.79864,0.7986,0.79861
2026-03-29 03:30:00+00:00,0.79861,0.79864,0.79858,0.79859
2026-03-29 03:45:00+00:00,0.79859,0.79863,0.79858,0.7986
2026-03-29 04:00:00+00:00,0.79859,0.79877,0.79855,0.79876
2026-03-29 04:15:00+00:00,0.79874,0.79881,0.798,0.79846
2026-03-29 04:30:00+00:00,0.79845,0.79849,0.79844,0.79845
2026-03-29 04:45:00+00:00,0.79845,0.7985,0.79844,0.79847
2026-03-29 05:00:00+00:00,0.79847,0.7985,0.79845,0.79848
2026-03-29 05:15:00+00:00,0.79847,0.79857,0.79689,0.79744
2026-03-29 05:30:00+00:00,0.79743,0.7978,0.79741,0.79764
2026-03-29 05:45:00+00:00,0.79765,0.79768,0.79764,0.79765
2026-03-29 06:00:00+00:00,0.79765,0.7981,0.79758,0.79809
2026-03-29 06:15:00+00:00,0.79807,0.79811,0.79806,0.79809
2026-03-29 06:30:00+00:00,0.79807,0.7982,0.79807,0.79816
2026-03-29 06:45:00+00:00,0.79816,0.79831,0.79815,0.79824
2026-03-29 07:00:00+00:00,0.79824,0.79827,0.79823,0.79825
2026-03-29 07:15:00+00:00,0.79824,0.79833,0.79823,0.79831
2026-03-29 07:30:00+00:00,0.79829,0.79833,0.79828,0.79829
2026-03-29 07:45:00+00:00,0.79829,0.79844,0.79827,0.7984
2026-03-29 08:00:00+00:00,0.79841,0.79845,0.7984,0.79844
2026-03-29 08:15:00+00:00,0.79843,0.79846,0.79842,0.79845
2026-03-29 08:30:00+00:00,0.79843,0.79848,0.79842,0.79845
2026-03-29 08:45:00+00:00,0.79845,0.79848,0.79844,0.79844
2026-03-29 09:00:00+00:00,0.79845,0.7985,0.79844,0.79847
2026-03-29 09:15:00+00:00,0.79846,0.79853,0.79845,0.79851
2026-03-29 09:30:00+00:00,0.79849,0.79853,0.79848,0.7985
2026-03-29 09:45:00+00:00,0.79849,0.79853,0.79848,0.79849
2026-03-29 10:00:00+00:00,0.7985,0.79853,0.79849,0.79851
2026-03-29 10:15:00+00:00,0.7985,0.79862,0.79715,0.79782
2026-03-29 10:30:00+00:00,0.7978,0.79784,0.79779,0.79781
2026-03-29 10:45:00+00:00,0.7978,0.79784,0.79724,0.79724
2026-03-29 11:00:00+00:00,0.79725,0.79728,0.79723,0.79725
2026-03-29 11:15:00+00:00,0.79725,0.79729,0.79679,0.79682
2026-03-29 11:30:00+00:00,0.7968,0.79686,0.79614,0.79645
2026-03-29 11:45:00+00:00,0.79644,0.79728,0.79643,0.79695
2026-03-29 12:00:00+00:00,0.79695,0.797,0.79634,0.79657
2026-03-29 12:15:00+00:00,0.79657,0.7966,0.79656,0.79658
2026-03-29 12:30:00+00:00,0.79657,0.7966,0.79625,0.79627
2026-03-29 12:45:00+00:00,0.79626,0.79629,0.79601,0.79601
2026-03-29 13:00:00+00:00,0.79601,0.79604,0.796,0.79601
2026-03-29 13:15:00+00:00,0.79601,0.79717,0.79597,0.79633
2026-03-29 13:30:00+00:00,0.79631,0.79635,0.7963,0.79633
2026-03-29 13:45:00+00:00,0.79631,0.79633,0.79602,0.79605
2026-03-29 14:00:00+00:00,0.79605,0.79764,0.79562,0.79607
2026-03-29 14:15:00+00:00,0.79607,0.79685,0.79606,0.79608
2026-03-29 14:30:00+00:00,0.79607,0.79611,0.79584,0.79588
2026-03-29 14:45:00+00:00,0.79586,0.79595,0.79482,0.79491
2026-03-29 15:00:00+00:00,0.79491,0.79497,0.7949,0.79493
2026-03-29 15:15:00+00:00,0.79493,0.79497,0.79492,0.79496
2026-03-29 15:30:00+00:00,0.79495,0.79499,0.79494,0.79497
2026-03-29 15:45:00+00:00,0.79495,0.795,0.79495,0.79497
2026-03-29 16:00:00+00:00,0.79496,0.79503,0.79427,0.79461
2026-03-29 16:15:00+00:00,0.79462,0.79494,0.79461,0.7947
2026-03-29 16:30:00+00:00,0.7947,0.79483,0.79469,0.79478
2026-03-29 16:45:00+00:00,0.79476,0.7948,0.79475,0.79477
2026-03-29 17:00:00+00:00,0.79476,0.79821,0.7944,0.79757
2026-03-29 17:15:00+00:00,0.79757,0.79852,0.79752,0.7981
2026-03-29 17:30:00+00:00,0.79809,0.7982,0.7969,0.79805
2026-03-29 17:45:00+00:00,0.79803,0.79807,0.79743,0.79744
2026-03-29 18:00:00+00:00,0.79743,0.79826,0.79594,0.79694
2026-03-29 18:15:00+00:00,0.79706,0.79838,0.79669,0.79774
2026-03-29 18:30:00+00:00,0.79774,0.79845,0.79758,0.7983
2026-03-29 18:45:00+00:00,0.79834,0.79834,0.7954,0.79799
2026-03-29 19:00:00+00:00,0.79798,0.79803,0.79571,0.79763
2026-03-29 19:15:00+00:00,0.79769,0.79944,0.79726,0.79902
2026-03-29 19:30:00+00:00,0.79901,0.79908,0.79768,0.79768
2026-03-29 19:45:00+00:00,0.79765,0.7993,0.79765,0.79922
2026-03-29 20:00:00+00:00,0.79926,0.79927,0.79758,0.79771
2026-03-29 20:15:00+00:00,0.79778,0.79865,0.79761,0.79827
2026-03-29 20:30:00+00:00,0.79828,0.79867,0.79784,0.79784
2026-03-29 20:45:00+00:00,0.79784,0.79805,0.79666,0.79697
2026-03-29 21:00:00+00:00,0.79694,0.79894,0.79644,0.79793
2026-03-29 21:15:00+00:00,0.79795,0.79815,0.79748,0.79812
2026-03-29 21:30:00+00:00,0.79814,0.79872,0.79758,0.79832
2026-03-29 21:45:00+00:00,0.79829,0.79894,0.79828,0.79879
2026-03-29 22:00:00+00:00,0.79873,0.79971,0.79873,0.79954
2026-03-29 22:15:00+00:00,0.79953,0.79983,0.79949,0.7998
2026-03-29 22:30:00+00:00,0.79981,0.79993,0.79978,0.79993
2026-03-29 22:45:00+00:00,0.79993,0.79994,0.79972,0.79989
2026-03-29 23:00:00+00:00,0.79988,0.80001,0.79971,0.79997
2026-03-29 23:15:00+00:00,0.79996,0.79997,0.7998,0.79992
2026-03-29 23:30:00+00:00,0.79992,0.8,0.79982,0.79996
2026-03-29 23:45:00+00:00,0.79995,0.80002,0.79976,0.7999
2026-03-30 00:00:00+00:00,0.79988,0.79994,0.79951,0.79971
2026-03-30 00:15:00+00:00,0.7997,0.79975,0.79858,0.7987
2026-03-30 00:30:00+00:00,0.79872,0.79888,0.79854,0.79881
2026-03-30 00:45:00+00:00,0.79881,0.79898,0.79873,0.79873
2026-03-30 01:00:00+00:00,0.79873,0.79882,0.79848,0.79864
2026-03-30 01:15:00+00:00,0.79862,0.79874,0.79848,0.79853
2026-03-30 01:30:00+00:00,0.79854,0.79895,0.79838,0.79877
2026-03-30 01:45:00+00:00,0.79877,0.79894,0.79871,0.79889
2026-03-30 02:00:00+00:00,0.79886,0.7991,0.79884,0.79892
2026-03-30 02:15:00+00:00,0.79891,0.79913,0.79884,0.79908
2026-03-30 02:30:00+00:00,0.79906,0.79911,0.79869,0.79869
2026-03-30 02:45:00+00:00,0.79869,0.79872,0.79852,0.79872
2026-03-30 03:00:00+00:00,0.7987,0.79881,0.79842,0.79847
2026-03-30 03:15:00+00:00,0.79845,0.79849,0.79818,0.79836
2026-03-30 03:30:00+00:00,0.79837,0.7985,0.79835,0.79839
2026-03-30 03:45:00+00:00,0.7984,0.79874,0.79838,0.7987
2026-03-30 04:00:00+00:00,0.79869,0.79872,0.79859,0.79864
2026-03-30 04:15:00+00:00,0.79862,0.79865,0.79829,0.79835
2026-03-30 04:30:00+00:00,0.79835,0.79859,0.79829,0.79848
2026-03-30 04:45:00+00:00,0.79848,0.79869,0.79846,0.79864
2026-03-30 05:00:00+00:00,0.79863,0.79884,0.79861,0.79879
2026-03-30 05:15:00+00:00,0.79876,0.79884,0.79855,0.79884
2026-03-30 05:30:00+00:00,0.79883,0.79898,0.79875,0.79887
2026-03-30 05:45:00+00:00,0.79886,0.79891,0.79845,0.79856
2026-03-30 06:00:00+00:00,0.79856,0.79859,0.79812,0.79819
2026-03-30 06:15:00+00:00,0.79816,0.79832,0.79804,0.79806
2026-03-30 06:30:00+00:00,0.79805,0.79839,0.79798,0.79806
2026-03-30 06:45:00+00:00,0.79805,0.79877,0.79799,0.79872
2026-03-30 07:00:00+00:00,0.79872,0.79961,0.7987,0.79931
2026-03-30 07:15:00+00:00,0.79929,0.79982,0.79929,0.7998
2026-03-30 07:30:00+00:00,0.79979,0.80003,0.79971,0.79983
2026-03-30 07:45:00+00:00,0.79982,0.79999,0.79968,0.79992
2026-03-30 08:00:00+00:00,0.79992,0.79999,0.79978,0.79978
2026-03-30 08:15:00+00:00,0.79976,0.80003,0.79976,0.79995
2026-03-30 08:30:00+00:00,0.79993,0.79996,0.79953,0.79988
2026-03-30 08:45:00+00:00,0.79989,0.80022,0.79988,0.80011
2026-03-30 09:00:00+00:00,0.80012,0.80025,0.79997,0.80024
2026-03-30 09:15:00+00:00,0.80023,0.80038,0.79993,0.80021
2026-03-30 09:30:00+00:00,0.80018,0.80039,0.79992,0.79996
2026-03-30 09:45:00+00:00,0.79994,0.80004,0.79949,0.79953
2026-03-30 10:00:00+00:00,0.79957,0.79988,0.79953,0.7996
2026-03-30 10:15:00+00:00,0.7996,0.79967,0.79923,0.79951
2026-03-30 10:30:00+00:00,0.79949,0.79958,0.79924,0.79926
2026-03-30 10:45:00+00:00,0.79925,0.79949,0.79919,0.79945
2026-03-30 11:00:00+00:00,0.79946,0.7995,0.79927,0.79935
2026-03-30 11:15:00+00:00,0.79935,0.79962,0.79882,0.79941
2026-03-30 11:30:00+00:00,0.79941,0.7997,0.79916,0.79947
2026-03-30 11:45:00+00:00,0.79946,0.79984,0.79936,0.79979
2026-03-30 12:00:00+00:00,0.79982,0.80042,0.79973,0.80037
2026-03-30 12:15:00+00:00,0.80036,0.80061,0.80017,0.80028
2026-03-30 12:30:00+00:00,0.80023,0.80042,0.79991,0.80011
2026-03-30 12:45:00+00:00,0.8001,0.80023,0.79955,0.79992
2026-03-30 13:00:00+00:00,0.79988,0.80015,0.79953,0.79956
2026-03-30 13:15:00+00:00,0.79956,0.79968,0.79919,0.79966
2026-03-30 13:30:00+00:00,0.79964,0.80022,0.79961,0.8002
2026-03-30 13:45:00+00:00,0.80018,0.80032,0.80014,0.80027
2026-03-30 14:00:00+00:00,0.80028,0.80078,0.80026,0.8006
2026-03-30 14:15:00+00:00,0.80061,0.80124,0.8006,0.80122
2026-03-30 14:30:00+00:00,0.80121,0.80123,0.80047,0.80054
2026-03-30 14:45:00+00:00,0.80053,0.80057,0.79986,0.79997
2026-03-30 15:00:00+00:00,0.79997,0.80037,0.79989,0.80035
2026-03-30 15:15:00+00:00,0.80038,0.80068,0.80008,0.80025
2026-03-30 15:30:00+00:00,0.80024,0.80026,0.79991,0.79996
2026-03-30 15:45:00+00:00,0.79994,0.80016,0.79987,0.80007
2026-03-30 16:00:00+00:00,0.80008,0.80029,0.79995,0.80003
2026-03-30 16:15:00+00:00,0.80004,0.80015,0.80001,0.80006
2026-03-30 16:30:00+00:00,0.80004,0.80027,0.8,0.80008
2026-03-30 16:45:00+00:00,0.80006,0.80025,0.79995,0.80023
2026-03-30 17:00:00+00:00,0.80022,0.80048,0.7999,0.80045
2026-03-30 17:15:00+00:00,0.80047,0.80062,0.80028,0.80028
2026-03-30 17:30:00+00:00,0.80027,0.80047,0.80027,0.8003
2026-03-30 17:45:00+00:00,0.8003,0.80049,0.80014,0.80049
2026-03-30 18:00:00+00:00,0.80048,0.8005,0.80001,0.80001
2026-03-30 18:15:00+00:00,0.80001,0.80002,0.79977,0.79984
2026-03-30 18:30:00+00:00,0.79984,0.79996,0.79973,0.79991
2026-03-30 18:45:00+00:00,0.7999,0.79994,0.79956,0.79979
2026-03-30 19:00:00+00:00,0.79978,0.80022,0.79978,0.8001
2026-03-30 19:15:00+00:00,0.80011,0.80014,0.80001,0.80002
2026-03-30 19:30:00+00:00,0.80002,0.80007,0.79985,0.7999
2026-03-30 19:45:00+00:00,0.79988,0.80001,0.79984,0.79993
2026-03-30 20:00:00+00:00,0.79992,0.79994,0.79959,0.79975
2026-03-30 20:15:00+00:00,0.79975,0.79984,0.79971,0.79973
2026-03-30 20:30:00+00:00,0.79974,0.79985,0.79971,0.7998
2026-03-30 20:45:00+00:00,0.7998,0.79984,0.79943,0.79955
2026-03-30 21:00:00+00:00,0.79953,0.79969,0.79819,0.79959
2026-03-30 21:15:00+00:00,0.79959,0.79982,0.79958,0.79965
2026-03-30 21:30:00+00:00,0.79965,0.79966,0.79935,0.7994
2026-03-30 21:45:00+00:00,0.7994,0.79952,0.79933,0.7994
2026-03-30 22:00:00+00:00,0.79937,0.79958,0.79937,0.79957
2026-03-30 22:15:00+00:00,0.79956,0.79965,0.79948,0.79961
2026-03-30 22:30:00+00:00,0.79962,0.7997,0.7996,0.79964
2026-03-30 22:45:00+00:00,0.79964,0.79981,0.79963,0.79979
2026-03-30 23:00:00+00:00,0.79976,0.80012,0.79976,0.79997
2026-03-30 23:15:00+00:00,0.79997,0.80008,0.79995,0.8
2026-03-30 23:30:00+00:00,0.80001,0.8001,0.79987,0.79987
2026-03-30 23:45:00+00:00,0.79987,0.80009,0.79984,0.80005
2026-03-31 00:00:00+00:00,0.80004,0.80023,0.79992,0.80018
2026-03-31 00:15:00+00:00,0.80017,0.80029,0.80005,0.8001
2026-03-31 00:30:00+00:00,0.80011,0.80022,0.79958,0.79961
2026-03-31 00:45:00+00:00,0.79961,0.79967,0.7988,0.79883
2026-03-31 01:00:00+00:00,0.79881,0.79907,0.79874,0.79893
2026-03-31 01:15:00+00:00,0.79892,0.79895,0.79815,0.79817
2026-03-31 01:30:00+00:00,0.79816,0.79823,0.79794,0.79808
2026-03-31 01:45:00+00:00,0.79808,0.79842,0.79808,0.79841
2026-03-31 02:00:00+00:00,0.79838,0.79864,0.79836,0.79844
2026-03-31 02:15:00+00:00,0.79842,0.79847,0.79833,0.79841
2026-03-31 02:30:00+00:00,0.79842,0.79867,0.7984,0.79855
2026-03-31 02:45:00+00:00,0.79855,0.79859,0.79829,0.79841
2026-03-31 03:00:00+00:00,0.79839,0.79851,0.79837,0.79844
2026-03-31 03:15:00+00:00,0.79842,0.79868,0.79839,0.79861
2026-03-31 03:30:00+00:00,0.79861,0.79874,0.79853,0.79868
2026-03-31 03:45:00+00:00,0.79869,0.79888,0.79868,0.7988
2026-03-31 04:00:00+00:00,0.7988,0.79882,0.79866,0.79869
2026-03-31 04:15:00+00:00,0.79867,0.79874,0.79863,0.79866
2026-03-31 04:30:00+00:00,0.79866,0.79873,0.79853,0.79868
2026-03-31 04:45:00+00:00,0.79869,0.79881,0.79863,0.79869
2026-03-31 05:00:00+00:00,0.79869,0.79891,0.79854,0.79888
2026-03-31 05:15:00+00:00,0.79885,0.79892,0.79861,0.79867
2026-03-31 05:30:00+00:00,0.79866,0.79886,0.79857,0.79886
2026-03-31 05:45:00+00:00,0.79886,0.79921,0.79879,0.79921
2026-03-31 06:00:00+00:00,0.7992,0.79935,0.79918,0.79932
2026-03-31 06:15:00+00:00,0.7993,0.79953,0.7993,0.79939
2026-03-31 06:30:00+00:00,0.79938,0.79998,0.79923,0.79998
2026-03-31 06:45:00+00:00,0.79997,0.8,0.79945,0.7996
2026-03-31 07:00:00+00:00,0.7996,0.79992,0.79925,0.79989
2026-03-31 07:15:00+00:00,0.79988,0.80003,0.79971,0.79999
2026-03-31 07:30:00+00:00,0.79998,0.80012,0.79985,0.79989
2026-03-31 07:45:00+00:00,0.79991,0.80022,0.79988,0.79999
2026-03-31 08:00:00+00:00,0.79999,0.80011,0.79985,0.8001
2026-03-31 08:15:00+00:00,0.80009,0.80014,0.80002,0.80003
2026-03-31 08:30:00+00:00,0.80002,0.80011,0.79955,0.79978
2026-03-31 08:45:00+00:00,0.79977,0.80024,0.79954,0.80003
2026-03-31 09:00:00+00:00,0.80003,0.80011,0.7999,0.80008
2026-03-31 09:15:00+00:00,0.80007,0.80076,0.79999,0.80058
2026-03-31 09:30:00+00:00,0.80058,0.8006,0.80035,0.80049
2026-03-31 09:45:00+00:00,0.80049,0.80057,0.80042,0.80045
2026-03-31 10:00:00+00:00,0.80046,0.80065,0.80036,0.80061
2026-03-31 10:15:00+00:00,0.80059,0.80075,0.80054,0.80063
2026-03-31 10:30:00+00:00,0.80063,0.80084,0.80043,0.80079
2026-03-31 10:45:00+00:00,0.80079,0.80123,0.80078,0.80109
2026-03-31 11:00:00+00:00,0.80109,0.80115,0.80095,0.80107
2026-03-31 11:15:00+00:00,0.80107,0.80111,0.79997,0.8001
2026-03-31 11:30:00+00:00,0.80007,0.80029,0.79955,0.79955
2026-03-31 11:45:00+00:00,0.79954,0.79984,0.79931,0.79971
2026-03-31 12:00:00+00:00,0.79968,0.80014,0.79947,0.80004
2026-03-31 12:15:00+00:00,0.80005,0.80005,0.7995,0.7996
2026-03-31 12:30:00+00:00,0.79959,0.7997,0.79934,0.79947
2026-03-31 12:45:00+00:00,0.79946,0.8002,0.7994,0.80012
2026-03-31 13:00:00+00:00,0.80015,0.80033,0.79984,0.80017
2026-03-31 13:15:00+00:00,0.80016,0.80018,0.79943,0.79982
2026-03-31 13:30:00+00:00,0.79981,0.80022,0.79975,0.8002
2026-03-31 13:45:00+00:00,0.80019,0.80063,0.79993,0.80007
2026-03-31 14:00:00+00:00,0.80003,0.80032,0.79927,0.80015
2026-03-31 14:15:00+00:00,0.80014,0.80023,0.79981,0.80004
2026-03-31 14:30:00+00:00,0.80003,0.80091,0.79955,0.80085
2026-03-31 14:45:00+00:00,0.80083,0.80343,0.80066,0.80343
2026-03-31 15:00:00+00:00,0.80345,0.80416,0.80314,0.80353
2026-03-31 15:15:00+00:00,0.80353,0.80365,0.80187,0.80218
2026-03-31 15:30:00+00:00,0.80217,0.80247,0.80197,0.80221
2026-03-31 15:45:00+00:00,0.8022,0.80269,0.80195,0.80263
2026-03-31 16:00:00+00:00,0.80264,0.80341,0.8023,0.80313
2026-03-31 16:15:00+00:00,0.80311,0.80337,0.80235,0.8025
2026-03-31 16:30:00+00:00,0.8025,0.80254,0.80025,0.8009
2026-03-31 16:45:00+00:00,0.80083,0.8017,0.80077,0.8012
2026-03-31 17:00:00+00:00,0.80119,0.80121,0.80039,0.80073
2026-03-31 17:15:00+00:00,0.8007,0.80093,0.80013,0.8005
2026-03-31 17:30:00+00:00,0.8005,0.80074,0.80018,0.80037
2026-03-31 17:45:00+00:00,0.80036,0.80083,0.80016,0.80082
2026-03-31 18:00:00+00:00,0.80081,0.8009,0.79996,0.80007
2026-03-31 18:15:00+00:00,0.80007,0.80037,0.80001,0.80005
2026-03-31 18:30:00+00:00,0.80005,0.80041,0.79999,0.80016
2026-03-31 18:45:00+00:00,0.80016,0.80055,0.80004,0.80028
2026-03-31 19:00:00+00:00,0.80026,0.80096,0.80026,0.80067
2026-03-31 19:15:00+00:00,0.80065,0.80074,0.80047,0.80063
2026-03-31 19:30:00+00:00,0.80063,0.80066,0.79971,0.79999
2026-03-31 19:45:00+00:00,0.79999,0.80001,0.79946,0.79962
2026-03-31 20:00:00+00:00,0.7996,0.79963,0.79926,0.79938
2026-03-31 20:15:00+00:00,0.79937,0.79942,0.79909,0.79926
2026-03-31 20:30:00+00:00,0.79927,0.79946,0.79924,0.79933
2026-03-31 20:45:00+00:00,0.79933,0.79946,0.79922,0.79943
2026-03-31 21:00:00+00:00,0.7994,0.79997,0.79922,0.79973
2026-03-31 21:15:00+00:00,0.79974,0.7999,0.79894,0.79915
2026-03-31 21:30:00+00:00,0.79916,0.79931,0.79912,0.79913
2026-03-31 21:45:00+00:00,0.79911,0.79963,0.79911,0.79942
2026-03-31 22:00:00+00:00,0.79939,0.79946,0.79905,0.7993
2026-03-31 22:15:00+00:00,0.79929,0.79933,0.79911,0.79926
2026-03-31 22:30:00+00:00,0.79926,0.79929,0.79903,0.7992
2026-03-31 22:45:00+00:00,0.79919,0.79927,0.79911,0.79918
2026-03-31 23:00:00+00:00,0.79917,0.79925,0.79908,0.7991
2026-03-31 23:15:00+00:00,0.79908,0.79913,0.79862,0.79864
2026-03-31 23:30:00+00:00,0.79865,0.79871,0.79848,0.79853
2026-03-31 23:45:00+00:00,0.79853,0.79855,0.79769,0.79776
2026-04-01 00:00:00+00:00,0.79773,0.79804,0.79765,0.79779
2026-04-01 00:15:00+00:00,0.79777,0.79783,0.79731,0.79736
2026-04-01 00:30:00+00:00,0.79735,0.79741,0.79693,0.79696
2026-04-01 00:45:00+00:00,0.79696,0.79708,0.79685,0.79688
2026-04-01 01:00:00+00:00,0.79686,0.79802,0.79686,0.79746
2026-04-01 01:15:00+00:00,0.79744,0.79806,0.79744,0.79781
2026-04-01 01:30:00+00:00,0.79779,0.7985,0.79757,0.79838
2026-04-01 01:45:00+00:00,0.79839,0.79845,0.79811,0.79819
2026-04-01 02:00:00+00:00,0.79819,0.79828,0.79788,0.79795
2026-04-01 02:15:00+00:00,0.79794,0.79797,0.7977,0.79784
2026-04-01 02:30:00+00:00,0.79785,0.79792,0.79754,0.79755
2026-04-01 02:45:00+00:00,0.79756,0.79767,0.79746,0.79757
2026-04-01 03:00:00+00:00,0.79756,0.79778,0.79749,0.79759
2026-04-01 03:15:00+00:00,0.79756,0.79772,0.79752,0.79768
2026-04-01 03:30:00+00:00,0.79768,0.79801,0.79768,0.79799
2026-04-01 03:45:00+00:00,0.798,0.79827,0.79795,0.79819
2026-04-01 04:00:00+00:00,0.79819,0.79821,0.79787,0.79787
2026-04-01 04:15:00+00:00,0.79785,0.79804,0.79785,0.79791
2026-04-01 04:30:00+00:00,0.7979,0.79794,0.79766,0.79773
2026-04-01 04:45:00+00:00,0.79774,0.7979,0.79762,0.7977
2026-04-01 05:00:00+00:00,0.7977,0.79772,0.79735,0.79741
2026-04-01 05:15:00+00:00,0.79738,0.79746,0.79696,0.7971
2026-04-01 05:30:00+00:00,0.79709,0.79717,0.79672,0.79675
2026-04-01 05:45:00+00:00,0.79674,0.79683,0.79661,0.7968
2026-04-01 06:00:00+00:00,0.7968,0.79701,0.79671,0.79685
2026-04-01 06:15:00+00:00,0.79683,0.79687,0.79495,0.79499
2026-04-01 06:30:00+00:00,0.79498,0.79548,0.79463,0.79521
2026-04-01 06:45:00+00:00,0.7952,0.79534,0.79458,0.79459
2026-04-01 07:00:00+00:00,0.79459,0.79513,0.79452,0.7946
2026-04-01 07:15:00+00:00,0.79457,0.79469,0.79396,0.79427
2026-04-01 07:30:00+00:00,0.79426,0.79428,0.79336,0.79341
2026-04-01 07:45:00+00:00,0.79341,0.79452,0.79288,0.79436
2026-04-01 08:00:00+00:00,0.79437,0.79454,0.79398,0.79441
2026-04-01 08:15:00+00:00,0.7944,0.79445,0.7936,0.79385
2026-04-01 08:30:00+00:00,0.79385,0.79386,0.79314,0.79321
2026-04-01 08:45:00+00:00,0.79319,0.79371,0.79307,0.7936
2026-04-01 09:00:00+00:00,0.7936,0.79397,0.79348,0.79394
2026-04-01 09:15:00+00:00,0.79393,0.79413,0.79387,0.79407
2026-04-01 09:30:00+00:00,0.79406,0.79409,0.79358,0.7936
2026-04-01 09:45:00+00:00,0.79358,0.7936,0.79302,0.79309
2026-04-01 10:00:00+00:00,0.79309,0.79323,0.79296,0.79313
2026-04-01 10:15:00+00:00,0.79312,0.79325,0.79287,0.79289
2026-04-01 10:30:00+00:00,0.79289,0.79296,0.79256,0.79263
2026-04-01 10:45:00+00:00,0.79262,0.79276,0.79205,0.79245
2026-04-01 11:00:00+00:00,0.79244,0.79251,0.79221,0.79226
2026-04-01 11:15:00+00:00,0.79226,0.79254,0.79213,0.7925
2026-04-01 11:30:00+00:00,0.79249,0.79252,0.79216,0.79237
2026-04-01 11:45:00+00:00,0.79236,0.79237,0.79172,0.79173
2026-04-01 12:00:00+00:00,0.79174,0.79203,0.79132,0.79168
2026-04-01 12:15:00+00:00,0.79168,0.79241,0.79153,0.79228
2026-04-01 12:30:00+00:00,0.79229,0.7924,0.79169,0.79179
2026-04-01 12:45:00+00:00,0.7918,0.79214,0.79088,0.79214
2026-04-01 13:00:00+00:00,0.79214,0.7925,0.79202,0.79216
2026-04-01 13:15:00+00:00,0.79216,0.79231,0.79169,0.79207
2026-04-01 13:30:00+00:00,0.79204,0.79214,0.79108,0.792
2026-04-01 13:45:00+00:00,0.79199,0.79316,0.79182,0.79316
2026-04-01 14:00:00+00:00,0.79317,0.79393,0.79287,0.79299
2026-04-01 14:15:00+00:00,0.79299,0.793,0.7925,0.79275
2026-04-01 14:30:00+00:00,0.79273,0.79311,0.79235,0.79283
2026-04-01 14:45:00+00:00,0.79283,0.79294,0.79244,0.79265
2026-04-01 15:00:00+00:00,0.79266,0.79329,0.79253,0.79329
2026-04-01 15:15:00+00:00,0.7933,0.79387,0.79315,0.79384
2026-04-01 15:30:00+00:00,0.79382,0.79398,0.79333,0.79333
2026-04-01 15:45:00+00:00,0.79331,0.79345,0.79323,0.79329
2026-04-01 16:00:00+00:00,0.79328,0.79376,0.79318,0.79376
2026-04-01 16:15:00+00:00,0.79377,0.79379,0.79332,0.79354
2026-04-01 16:30:00+00:00,0.79355,0.79356,0.79321,0.79334
2026-04-01 16:45:00+00:00,0.79332,0.79335,0.79234,0.79235
2026-04-01 17:00:00+00:00,0.79234,0.79244,0.79196,0.79227
2026-04-01 17:15:00+00:00,0.79228,0.79274,0.79227,0.79271
2026-04-01 17:30:00+00:00,0.79271,0.79334,0.7927,0.79294
2026-04-01 17:45:00+00:00,0.79291,0.79344,0.79291,0.79343
2026-04-01 18:00:00+00:00,0.79342,0.79393,0.79335,0.79387
2026-04-01 18:15:00+00:00,0.79389,0.79436,0.79385,0.79432
2026-04-01 18:30:00+00:00,0.79432,0.79469,0.79418,0.79429
2026-04-01 18:45:00+00:00,0.79427,0.79467,0.79422,0.79458
2026-04-01 19:00:00+00:00,0.79456,0.79486,0.79439,0.79477
2026-04-01 19:15:00+00:00,0.79478,0.79501,0.79471,0.79477
2026-04-01 19:30:00+00:00,0.79478,0.79483,0.79451,0.7946
2026-04-01 19:45:00+00:00,0.79458,0.79497,0.79456,0.79474
2026-04-01 20:00:00+00:00,0.79473,0.79485,0.79445,0.7945
2026-04-01 20:15:00+00:00,0.79449,0.79457,0.79437,0.79439
2026-04-01 20:30:00+00:00,0.7944,0.79443,0.79417,0.7942
2026-04-01 20:45:00+00:00,0.79419,0.79435,0.79413,0.79431
2026-04-01 21:00:00+00:00,0.79429,0.79503,0.79415,0.79472
2026-04-01 21:15:00+00:00,0.79467,0.79497,0.7939,0.79419
2026-04-01 21:30:00+00:00,0.79419,0.79431,0.79414,0.79421
2026-04-01 21:45:00+00:00,0.79421,0.79424,0.79409,0.79419
2026-04-01 22:00:00+00:00,0.79417,0.79432,0.79412,0.79414
2026-04-01 22:15:00+00:00,0.79413,0.79418,0.79404,0.79406
2026-04-01 22:30:00+00:00,0.79407,0.79419,0.79406,0.79409
2026-04-01 22:45:00+00:00,0.79409,0.79411,0.79395,0.79409
2026-04-01 23:00:00+00:00,0.79408,0.79411,0.79375,0.79378
2026-04-01 23:15:00+00:00,0.79377,0.79401,0.79376,0.79396
2026-04-01 23:30:00+00:00,0.79396,0.79401,0.79383,0.7939
2026-04-01 23:45:00+00:00,0.7939,0.79406,0.79389,0.79405
2026-04-02 00:00:00+00:00,0.79402,0.79424,0.7936,0.79381
2026-04-02 00:15:00+00:00,0.7938,0.79411,0.79372,0.79409
2026-04-02 00:30:00+00:00,0.79409,0.79411,0.79352,0.79355
2026-04-02 00:45:00+00:00,0.79355,0.79362,0.79306,0.79319
2026-04-02 01:00:00+00:00,0.79317,0.79418,0.79268,0.79369
2026-04-02 01:15:00+00:00,0.79367,0.79573,0.79366,0.79553
2026-04-02 01:30:00+00:00,0.79556,0.79646,0.79551,0.79642
2026-04-02 01:45:00+00:00,0.79643,0.79685,0.7962,0.79664
2026-04-02 02:00:00+00:00,0.79663,0.79683,0.79641,0.79665
2026-04-02 02:15:00+00:00,0.79665,0.79709,0.79647,0.79709
2026-04-02 02:30:00+00:00,0.79711,0.79746,0.79687,0.79737
2026-04-02 02:45:00+00:00,0.79737,0.79746,0.79727,0.79732
2026-04-02 03:00:00+00:00,0.7973,0.79756,0.7973,0.79752
2026-04-02 03:15:00+00:00,0.7975,0.79767,0.79743,0.79753
2026-04-02 03:30:00+00:00,0.79751,0.79753,0.79731,0.79733
2026-04-02 03:45:00+00:00,0.79734,0.79821,0.79732,0.79816
2026-04-02 04:00:00+00:00,0.79816,0.79845,0.79796,0.79831
2026-04-02 04:15:00+00:00,0.79829,0.7986,0.79814,0.7986
2026-04-02 04:30:00+00:00,0.79859,0.79872,0.79855,0.79864
2026-04-02 04:45:00+00:00,0.79865,0.79885,0.7986,0.79867
2026-04-02 05:00:00+00:00,0.79867,0.79893,0.79834,0.79885
2026-04-02 05:15:00+00:00,0.79882,0.79905,0.79874,0.79895
2026-04-02 05:30:00+00:00,0.79893,0.79901,0.79869,0.79878
2026-04-02 05:45:00+00:00,0.79879,0.79945,0.79878,0.79945
2026-04-02 06:00:00+00:00,0.79945,0.79984,0.79915,0.79978
2026-04-02 06:15:00+00:00,0.79976,0.79991,0.79944,0.7996
2026-04-02 06:30:00+00:00,0.79958,0.7999,0.79893,0.79895
2026-04-02 06:45:00+00:00,0.79895,0.79913,0.79852,0.79868
2026-04-02 07:00:00+00:00,0.79868,0.7995,0.79859,0.79933
2026-04-02 07:15:00+00:00,0.79932,0.79942,0.79909,0.79931
2026-04-02 07:30:00+00:00,0.79928,0.8,0.79915,0.79982
2026-04-02 07:45:00+00:00,0.7998,0.79986,0.79894,0.79894
2026-04-02 08:00:00+00:00,0.79895,0.79938,0.79893,0.79918
2026-04-02 08:15:00+00:00,0.79916,0.79968,0.79916,0.79958
2026-04-02 08:30:00+00:00,0.79956,0.79979,0.79917,0.79965
2026-04-02 08:45:00+00:00,0.79964,0.79973,0.79934,0.79963
2026-04-02 09:00:00+00:00,0.79963,0.79986,0.79951,0.79984
2026-04-02 09:15:00+00:00,0.79984,0.79993,0.79944,0.79969
2026-04-02 09:30:00+00:00,0.79967,0.79971,0.79903,0.79947
2026-04-02 09:45:00+00:00,0.79946,0.79979,0.7994,0.79972
2026-04-02 10:00:00+00:00,0.79973,0.80038,0.79972,0.80037
2026-04-02 10:15:00+00:00,0.80036,0.80069,0.80026,0.80037
2026-04-02 10:30:00+00:00,0.80037,0.80062,0.80022,0.80037
2026-04-02 10:45:00+00:00,0.80036,0.80081,0.80034,0.80061
2026-04-02 11:00:00+00:00,0.80064,0.8008,0.80041,0.80063
2026-04-02 11:15:00+00:00,0.80063,0.8008,0.80058,0.80076
2026-04-02 11:30:00+00:00,0.80074,0.80087,0.80013,0.80038
2026-04-02 11:45:00+00:00,0.80037,0.80058,0.79983,0.79989
2026-04-02 12:00:00+00:00,0.79988,0.79996,0.79912,0.79939
2026-04-02 12:15:00+00:00,0.79939,0.7996,0.79926,0.79929
2026-04-02 12:30:00+00:00,0.79926,0.79945,0.7992,0.7994
2026-04-02 12:45:00+00:00,0.79938,0.79947,0.79884,0.79927
2026-04-02 13:00:00+00:00,0.79925,0.79959,0.79885,0.79958
2026-04-02 13:15:00+00:00,0.79958,0.79959,0.79906,0.79918
2026-04-02 13:30:00+00:00,0.79916,0.80027,0.79911,0.8002
2026-04-02 13:45:00+00:00,0.80018,0.80041,0.79984,0.79986
2026-04-02 14:00:00+00:00,0.79984,0.80004,0.79958,0.79963
2026-04-02 14:15:00+00:00,0.79963,0.79978,0.79945,0.79951
2026-04-02 14:30:00+00:00,0.79947,0.80001,0.79832,0.7986
2026-04-02 14:45:00+00:00,0.7986,0.7991,0.79832,0.79896
2026-04-02 15:00:00+00:00,0.79894,0.79896,0.798,0.79809
2026-04-02 15:15:00+00:00,0.79808,0.79862,0.7979,0.79815
2026-04-02 15:30:00+00:00,0.79813,0.79843,0.79807,0.79833
2026-04-02 15:45:00+00:00,0.79832,0.79875,0.79824,0.79858
2026-04-02 16:00:00+00:00,0.79857,0.79867,0.79837,0.79846
2026-04-02 16:15:00+00:00,0.79846,0.79858,0.79804,0.79846
2026-04-02 16:30:00+00:00,0.79845,0.79861,0.79832,0.79834
2026-04-02 16:45:00+00:00,0.79833,0.79861,0.79815,0.79861
2026-04-02 17:00:00+00:00,0.7986,0.79881,0.79842,0.79851
2026-04-02 17:15:00+00:00,0.79849,0.7986,0.79806,0.7983
2026-04-02 17:30:00+00:00,0.79829,0.79863,0.79824,0.79859
2026-04-02 17:45:00+00:00,0.79857,0.79879,0.79857,0.79879
2026-04-02 18:00:00+00:00,0.79878,0.79902,0.79872,0.79889
2026-04-02 18:15:00+00:00,0.79889,0.79918,0.79888,0.79917
2026-04-02 18:30:00+00:00,0.79917,0.7992,0.79895,0.799
2026-04-02 18:45:00+00:00,0.79899,0.79901,0.79875,0.79894
2026-04-02 19:00:00+00:00,0.79892,0.79896,0.7987,0.79886
2026-04-02 19:15:00+00:00,0.79887,0.79897,0.79861,0.79877
2026-04-02 19:30:00+00:00,0.79878,0.799,0.7987,0.79896
2026-04-02 19:45:00+00:00,0.79895,0.79904,0.79885,0.79903
2026-04-02 20:00:00+00:00,0.799,0.79913,0.79878,0.79879
2026-04-02 20:15:00+00:00,0.79879,0.79881,0.79858,0.79862
2026-04-02 20:30:00+00:00,0.79862,0.79878,0.79859,0.79874
2026-04-02 20:45:00+00:00,0.79874,0.79889,0.79864,0.79885
2026-04-02 21:00:00+00:00,0.79883,0.79916,0.79848,0.7985
2026-04-02 21:15:00+00:00,0.7985,0.79862,0.7984,0.79849
2026-04-02 21:30:00+00:00,0.7985,0.79873,0.79849,0.79872
2026-04-02 21:45:00+00:00,0.79872,0.79874,0.79841,0.79847
2026-04-02 22:00:00+00:00,0.79842,0.79911,0.79842,0.79895
2026-04-02 22:15:00+00:00,0.79894,0.79898,0.79883,0.79894
2026-04-02 22:30:00+00:00,0.79894,0.79896,0.79881,0.79886
2026-04-02 22:45:00+00:00,0.79885,0.79891,0.79882,0.79891
2026-04-02 23:00:00+00:00,0.7989,0.79892,0.79871,0.7988
2026-04-02 23:15:00+00:00,0.79879,0.79881,0.79863,0.79868
2026-04-02 23:30:00+00:00,0.79868,0.79871,0.79861,0.7987
2026-04-02 23:45:00+00:00,0.7987,0.79878,0.79868,0.79873
2026-04-03 00:00:00+00:00,0.79872,0.79875,0.79848,0.79868
2026-04-03 00:15:00+00:00,0.79866,0.79868,0.79859,0.79865
2026-04-03 00:30:00+00:00,0.79865,0.7987,0.79851,0.79858
2026-04-03 00:45:00+00:00,0.79858,0.79887,0.79854,0.79882
2026-04-03 01:00:00+00:00,0.79881,0.79884,0.79867,0.7988
2026-04-03 01:15:00+00:00,0.79878,0.79889,0.7987,0.79886
2026-04-03 01:30:00+00:00,0.79887,0.79906,0.79885,0.79903
2026-04-03 01:45:00+00:00,0.79904,0.79909,0.79897,0.79906
2026-04-03 02:00:00+00:00,0.79906,0.79908,0.79871,0.79883
2026-04-03 02:15:00+00:00,0.79881,0.79898,0.79878,0.79894
2026-04-03 02:30:00+00:00,0.79894,0.79898,0.79877,0.79878
2026-04-03 02:45:00+00:00,0.79879,0.79884,0.79874,0.79876
2026-04-03 03:00:00+00:00,0.79875,0.79879,0.79872,0.79875
2026-04-03 03:15:00+00:00,0.79873,0.79881,0.79869,0.79871
2026-04-03 03:30:00+00:00,0.7987,0.79881,0.79868,0.79875
2026-04-03 03:45:00+00:00,0.79876,0.79887,0.7987,0.79873
2026-04-03 04:00:00+00:00,0.79873,0.79882,0.79871,0.79881
2026-04-03 04:15:00+00:00,0.7988,0.79883,0.79868,0.79871
2026-04-03 04:30:00+00:00,0.7987,0.79882,0.79867,0.79878
2026-04-03 04:45:00+00:00,0.79878,0.7988,0.79869,0.79876
2026-04-03 05:00:00+00:00,0.79875,0.79885,0.79871,0.79876
2026-04-03 05:15:00+00:00,0.79874,0.79894,0.79873,0.7989
2026-04-03 05:30:00+00:00,0.79889,0.79891,0.79868,0.79874
2026-04-03 05:45:00+00:00,0.79871,0.7988,0.79845,0.79846
2026-04-03 06:00:00+00:00,0.79847,0.79856,0.79843,0.79846
2026-04-03 06:15:00+00:00,0.79844,0.79868,0.79844,0.79867
2026-04-03 06:30:00+00:00,0.79866,0.79872,0.79836,0.79839
2026-04-03 06:45:00+00:00,0.79841,0.79854,0.79835,0.79837
2026-04-03 07:00:00+00:00,0.79837,0.7984,0.79807,0.79816
2026-04-03 07:15:00+00:00,0.79816,0.7982,0.7978,0.79805
2026-04-03 07:30:00+00:00,0.79804,0.79807,0.79781,0.79784
2026-04-03 07:45:00+00:00,0.79784,0.7979,0.79776,0.79781
2026-04-03 08:00:00+00:00,0.79782,0.79815,0.7978,0.79815
2026-04-03 08:15:00+00:00,0.79814,0.79821,0.79798,0.79801
2026-04-03 08:30:00+00:00,0.79799,0.79802,0.79786,0.7979
2026-04-03 08:45:00+00:00,0.79789,0.79804,0.79781,0.79799
2026-04-03 09:00:00+00:00,0.798,0.79812,0.79796,0.79808
2026-04-03 09:15:00+00:00,0.79807,0.79814,0.79801,0.79806
2026-04-03 09:30:00+00:00,0.79805,0.79816,0.798,0.79811
2026-04-03 09:45:00+00:00,0.7981,0.79823,0.79808,0.79811
2026-04-03 10:00:00+00:00,0.79811,0.7982,0.7981,0.79816
2026-04-03 10:15:00+00:00,0.79816,0.79823,0.79811,0.79812
2026-04-03 10:30:00+00:00,0.79809,0.79837,0.79809,0.79837
2026-04-03 10:45:00+00:00,0.79836,0.79837,0.79801,0.79814
2026-04-03 11:00:00+00:00,0.79815,0.79821,0.79806,0.79819
2026-04-03 11:15:00+00:00,0.79818,0.79838,0.79816,0.79838
2026-04-03 11:30:00+00:00,0.79837,0.79854,0.79824,0.79836
2026-04-03 11:45:00+00:00,0.79835,0.79842,0.79825,0.79836
2026-04-03 12:00:00+00:00,0.79836,0.79841,0.79821,0.79826
2026-04-03 12:15:00+00:00,0.79827,0.79847,0.79826,0.79844
2026-04-03 12:30:00+00:00,0.79829,0.79993,0.79829,0.79964
2026-04-03 12:45:00+00:00,0.79963,0.79973,0.79923,0.79933
2026-04-03 13:00:00+00:00,0.79934,0.79943,0.79887,0.79888
2026-04-03 13:15:00+00:00,0.79888,0.79907,0.79874,0.79904
2026-04-03 13:30:00+00:00,0.79903,0.79915,0.79886,0.79903
2026-04-03 13:45:00+00:00,0.79903,0.79906,0.79867,0.79869
2026-04-03 14:00:00+00:00,0.79868,0.79935,0.79867,0.79928
2026-04-03 14:15:00+00:00,0.79929,0.79958,0.79926,0.79954
2026-04-03 14:30:00+00:00,0.79953,0.79964,0.79947,0.7995
2026-04-03 14:45:00+00:00,0.79948,0.79971,0.79948,0.79971
2026-04-03 15:00:00+00:00,0.79971,0.79979,0.79954,0.79966
2026-04-03 15:15:00+00:00,0.79965,0.79984,0.79939,0.79981
2026-04-03 15:30:00+00:00,0.79981,0.79998,0.79974,0.79997
2026-04-03 15:45:00+00:00,0.79996,0.80047,0.79972,0.80028
2026-04-03 16:00:00+00:00,0.80026,0.80047,0.80017,0.80029
2026-04-03 16:15:00+00:00,0.8003,0.80045,0.80028,0.8003
2026-04-03 16:30:00+00:00,0.8003,0.80075,0.80027,0.8007
2026-04-03 16:45:00+00:00,0.80069,0.80084,0.80063,0.8008
2026-04-03 17:00:00+00:00,0.80078,0.80083,0.8007,0.80073
2026-04-03 17:15:00+00:00,0.80073,0.80087,0.8007,0.80081
2026-04-03 17:30:00+00:00,0.80081,0.80089,0.80071,0.80081
2026-04-03 17:45:00+00:00,0.80079,0.80089,0.80058,0.80062
2026-04-03 18:00:00+00:00,0.8006,0.80084,0.80059,0.80061
2026-04-03 18:15:00+00:00,0.80062,0.80076,0.8006,0.80063
2026-04-03 18:30:00+00:00,0.80063,0.80083,0.80058,0.80079
2026-04-03 18:45:00+00:00,0.80078,0.80092,0.80067,0.80088
2026-04-03 19:00:00+00:00,0.80086,0.80103,0.80082,0.801
2026-04-03 19:15:00+00:00,0.801,0.80128,0.80058,0.80083
2026-04-03 19:30:00+00:00,0.80083,0.80116,0.80069,0.80111
2026-04-03 19:45:00+00:00,0.8011,0.80126,0.80105,0.80113
2026-04-03 20:00:00+00:00,0.80112,0.80114,0.7996,0.79974
2026-04-03 20:15:00+00:00,0.79977,0.80086,0.79963,0.80052
2026-04-03 20:30:00+00:00,0.80051,0.80112,0.80038,0.80063
2026-04-03 20:45:00+00:00,0.80064,0.80083,0.79998,0.80002
2026-04-03 21:00:00+00:00,0.8,0.80035,0.79998,0.80022
2026-04-03 21:15:00+00:00,0.80021,0.80031,0.80016,0.80019
2026-04-03 21:30:00+00:00,0.8002,0.80032,0.80017,0.80026
2026-04-03 21:45:00+00:00,0.80026,0.80028,0.80017,0.80025
2026-04-03 22:00:00+00:00,0.80024,0.80028,0.80011,0.80024
2026-04-03 22:15:00+00:00,0.80023,0.80031,0.80019,0.80026
2026-04-03 22:30:00+00:00,0.80026,0.80031,0.80018,0.80022
2026-04-03 22:45:00+00:00,0.80022,0.8003,0.80018,0.80028
2026-04-03 23:00:00+00:00,0.80027,0.80029,0.8001,0.80022
2026-04-03 23:15:00+00:00,0.80021,0.80031,0.80015,0.80025
2026-04-03 23:30:00+00:00,0.80025,0.80031,0.80015,0.8002
2026-04-03 23:45:00+00:00,0.80021,0.8003,0.80017,0.80027
2026-04-04 00:00:00+00:00,0.80026,0.80029,0.80004,0.80007
2026-04-04 00:15:00+00:00,0.80005,0.80012,0.80005,0.80006
2026-04-04 00:30:00+00:00,0.80006,0.80009,0.80004,0.80005
2026-04-04 00:45:00+00:00,0.80005,0.80009,0.80004,0.80006
2026-04-04 01:00:00+00:00,0.80005,0.80009,0.80004,0.80007
2026-04-04 01:15:00+00:00,0.80005,0.80009,0.80004,0.80005
2026-04-04 01:30:00+00:00,0.80005,0.80008,0.8,0.80003
2026-04-04 01:45:00+00:00,0.80004,0.80008,0.80003,0.80006
2026-04-04 02:00:00+00:00,0.80005,0.80008,0.80001,0.80007
2026-04-04 02:15:00+00:00,0.80005,0.80008,0.80004,0.80005
2026-04-04 02:30:00+00:00,0.80005,0.80008,0.79998,0.80004
2026-04-04 02:45:00+00:00,0.80005,0.80008,0.80002,0.80004
2026-04-04 03:00:00+00:00,0.80004,0.80008,0.80004,0.80007
2026-04-04 03:15:00+00:00,0.80005,0.80008,0.8,0.80005
2026-04-04 03:30:00+00:00,0.80005,0.80008,0.80004,0.80004
2026-04-04 03:45:00+00:00,0.80005,0.80008,0.8,0.80005
2026-04-04 04:00:00+00:00,0.80005,0.80008,0.79999,0.80006
2026-04-04 04:15:00+00:00,0.80004,0.80008,0.80003,0.80006
2026-04-04 04:30:00+00:00,0.80005,0.80009,0.80002,0.80004
2026-04-04 04:45:00+00:00,0.80005,0.80009,0.80004,0.80005
2026-04-04 05:00:00+00:00,0.80005,0.80007,0.8,0.80006
2026-04-04 05:15:00+00:00,0.80005,0.80009,0.8,0.80005
2026-04-04 05:30:00+00:00,0.80004,0.80009,0.80004,0.80005
2026-04-04 05:45:00+00:00,0.80005,0.80008,0.80002,0.80005
2026-04-04 06:00:00+00:00,0.80005,0.80009,0.80004,0.80006
2026-04-04 06:15:00+00:00,0.80005,0.80008,0.79998,0.80007
2026-04-04 06:30:00+00:00,0.80005,0.80008,0.80001,0.80003
2026-04-04 06:45:00+00:00,0.80003,0.80008,0.80001,0.80005
2026-04-04 07:00:00+00:00,0.80005,0.80008,0.80001,0.80006
2026-04-04 07:15:00+00:00,0.80005,0.80009,0.80004,0.80007
2026-04-04 07:30:00+00:00,0.80005,0.80008,0.80003,0.80005
2026-04-04 07:45:00+00:00,0.80005,0.80008,0.79998,0.80003
2026-04-04 08:00:00+00:00,0.80003,0.8001,0.80002,0.80006
2026-04-04 08:15:00+00:00,0.80005,0.80008,0.80001,0.80006
2026-04-04 08:30:00+00:00,0.80005,0.80008,0.80004,0.80006
2026-04-04 08:45:00+00:00,0.80005,0.80012,0.80001,0.80004
2026-04-04 09:00:00+00:00,0.80005,0.80008,0.80001,0.80004
2026-04-04 09:15:00+00:00,0.80004,0.80008,0.80002,0.80007
2026-04-04 09:30:00+00:00,0.80005,0.80008,0.79998,0.80006
2026-04-04 09:45:00+00:00,0.80005,0.80008,0.80004,0.80004
2026-04-04 10:00:00+00:00,0.80005,0.80008,0.80001,0.80005
2026-04-04 10:15:00+00:00,0.80005,0.80008,0.7999,0.8
2026-04-04 10:30:00+00:00,0.79997,0.80008,0.79997,0.80006
2026-04-04 10:45:00+00:00,0.80005,0.80008,0.79991,0.80003
2026-04-04 11:00:00+00:00,0.80003,0.80008,0.80002,0.80005
2026-04-04 11:15:00+00:00,0.80005,0.80007,0.79994,0.80006
2026-04-04 11:30:00+00:00,0.80005,0.80008,0.79968,0.79985
2026-04-04 11:45:00+00:00,0.79983,0.79987,0.79982,0.79983
2026-04-04 12:00:00+00:00,0.79983,0.79987,0.79968,0.79974
2026-04-04 12:15:00+00:00,0.79974,0.79986,0.79973,0.79984
2026-04-04 12:30:00+00:00,0.79982,0.79986,0.79972,0.79975
2026-04-04 12:45:00+00:00,0.79974,0.79977,0.79966,0.79966
2026-04-04 13:00:00+00:00,0.79966,0.79984,0.79965,0.79976
2026-04-04 13:15:00+00:00,0.79976,0.7998,0.79962,0.7997
2026-04-04 13:30:00+00:00,0.79969,0.79972,0.79968,0.79971
2026-04-04 13:45:00+00:00,0.79969,0.79972,0.79961,0.79963
2026-04-04 14:00:00+00:00,0.79963,0.79966,0.79957,0.79957
2026-04-04 14:15:00+00:00,0.79958,0.79961,0.79957,0.79958
2026-04-04 14:30:00+00:00,0.79958,0.79981,0.79954,0.79972
2026-04-04 14:45:00+00:00,0.7997,0.79974,0.79969,0.79971
2026-04-04 16:00:00+00:00,0.79956,0.79958,0.79936,0.79943
2026-04-04 16:15:00+00:00,0.79944,0.79947,0.79941,0.79943
2026-04-04 16:30:00+00:00,0.79943,0.79996,0.79941,0.7997
2026-04-04 16:45:00+00:00,0.79968,0.79972,0.7994,0.7997
2026-04-04 17:00:00+00:00,0.79968,0.7997,0.79948,0.7996
2026-04-04 17:15:00+00:00,0.79961,0.79964,0.7996,0.7996
2026-04-04 17:30:00+00:00,0.79961,0.7997,0.7996,0.79968
2026-04-04 17:45:00+00:00,0.79966,0.79973,0.79965,0.79972
2026-04-04 18:00:00+00:00,0.7997,0.79973,0.79954,0.79955
2026-04-04 18:15:00+00:00,0.79955,0.79992,0.79954,0.79983
2026-04-04 18:30:00+00:00,0.79983,0.79986,0.79982,0.79984
2026-04-04 18:45:00+00:00,0.79983,0.79987,0.79982,0.79986
2026-04-04 19:00:00+00:00,0.79984,0.79987,0.79965,0.79985
2026-04-04 19:15:00+00:00,0.79985,0.79988,0.79984,0.79984
2026-04-04 19:30:00+00:00,0.79985,0.79988,0.79984,0.79986
2026-04-04 19:45:00+00:00,0.79985,0.79989,0.79984,0.79987
2026-04-04 20:00:00+00:00,0.79985,0.79988,0.79965,0.79982
2026-04-04 20:15:00+00:00,0.79981,0.79985,0.7998,0.79982
2026-04-04 20:30:00+00:00,0.79982,0.79986,0.79981,0.79983
2026-04-04 20:45:00+00:00,0.79982,0.79987,0.79981,0.79985
2026-04-04 21:00:00+00:00,0.79984,0.79987,0.79965,0.79967
2026-04-04 21:15:00+00:00,0.79966,0.79975,0.79965,0.7997
2026-04-04 21:30:00+00:00,0.7997,0.79974,0.79969,0.79971
2026-04-04 21:45:00+00:00,0.79969,0.79991,0.79969,0.7999
2026-04-04 22:00:00+00:00,0.79992,0.79992,0.7995,0.79974
2026-04-04 22:15:00+00:00,0.79973,0.79977,0.79972,0.79973
2026-04-04 22:30:00+00:00,0.79973,0.7998,0.79972,0.79976
2026-04-04 22:45:00+00:00,0.79976,0.7998,0.79975,0.79978
2026-04-04 23:00:00+00:00,0.79976,0.79981,0.79959,0.79979
2026-04-04 23:15:00+00:00,0.79977,0.79989,0.79976,0.79986
2026-04-04 23:30:00+00:00,0.79986,0.7999,0.79985,0.79986
2026-04-04 23:45:00+00:00,0.79986,0.7999,0.79985,0.79988
2026-04-05 00:00:00+00:00,0.79987,0.7999,0.79985,0.79988
2026-04-05 00:15:00+00:00,0.79987,0.7999,0.79986,0.79987
2026-04-05 00:30:00+00:00,0.79987,0.80034,0.79979,0.80022
2026-04-05 00:45:00+00:00,0.80022,0.80026,0.80021,0.80023
2026-04-05 01:00:00+00:00,0.80022,0.80026,0.80008,0.80011
2026-04-05 01:15:00+00:00,0.80009,0.80013,0.80008,0.80009
2026-04-05 01:30:00+00:00,0.80009,0.8001,0.80004,0.80004
2026-04-05 01:45:00+00:00,0.80005,0.80008,0.79999,0.80002
2026-04-05 02:00:00+00:00,0.80002,0.80005,0.8,0.80003
2026-04-05 02:15:00+00:00,0.80002,0.80005,0.79997,0.79999
2026-04-05 02:30:00+00:00,0.79999,0.80002,0.79998,0.79998
2026-04-05 02:45:00+00:00,0.79999,0.80001,0.79996,0.79998
2026-04-05 03:00:00+00:00,0.79997,0.80001,0.79994,0.79997
2026-04-05 03:15:00+00:00,0.79995,0.79999,0.79994,0.79996
2026-04-05 03:30:00+00:00,0.79995,0.79999,0.79993,0.79993
2026-04-05 03:45:00+00:00,0.79994,0.79997,0.79993,0.79994
2026-04-05 04:00:00+00:00,0.79994,0.79996,0.79992,0.79994
2026-04-05 04:15:00+00:00,0.79993,0.79997,0.79992,0.79995
2026-04-05 04:30:00+00:00,0.79994,0.79998,0.79993,0.79994
2026-04-05 04:45:00+00:00,0.79994,0.79998,0.79992,0.79993
2026-04-05 05:00:00+00:00,0.79993,0.79996,0.79992,0.79994
2026-04-05 05:15:00+00:00,0.79993,0.79996,0.79991,0.79993
2026-04-05 05:30:00+00:00,0.79992,0.79995,0.79991,0.79991
2026-04-05 05:45:00+00:00,0.79991,0.79995,0.7999,0.79991
2026-04-05 06:00:00+00:00,0.79991,0.79997,0.7999,0.79995
2026-04-05 06:15:00+00:00,0.79993,0.79997,0.79992,0.79995
2026-04-05 06:30:00+00:00,0.79993,0.79996,0.79991,0.79992
2026-04-05 06:45:00+00:00,0.79992,0.79996,0.7999,0.79991
2026-04-05 07:00:00+00:00,0.79991,0.79995,0.7999,0.79992
2026-04-05 07:15:00+00:00,0.79991,0.79995,0.7999,0.79992
2026-04-05 07:30:00+00:00,0.79991,0.79994,0.7999,0.79991
2026-04-05 07:45:00+00:00,0.79991,0.79997,0.7999,0.79992
2026-04-05 08:00:00+00:00,0.79993,0.79997,0.79992,0.79993
2026-04-05 08:15:00+00:00,0.79992,0.79996,0.79991,0.79994
2026-04-05 08:30:00+00:00,0.79992,0.79995,0.7999,0.79992
2026-04-05 08:45:00+00:00,0.79991,0.79995,0.7999,0.79991
2026-04-05 09:00:00+00:00,0.79991,0.79994,0.79989,0.79991
2026-04-05 09:15:00+00:00,0.79991,0.79994,0.79989,0.79992
2026-04-05 09:30:00+00:00,0.7999,0.79993,0.79989,0.79991
2026-04-05 09:45:00+00:00,0.7999,0.79993,0.79989,0.79989
2026-04-05 10:00:00+00:00,0.7999,0.79993,0.79988,0.7999
2026-04-05 10:15:00+00:00,0.7999,0.79993,0.79956,0.79969
2026-04-05 10:30:00+00:00,0.79967,0.7997,0.79966,0.79968
2026-04-05 10:45:00+00:00,0.79967,0.7997,0.79948,0.79948
2026-04-05 11:00:00+00:00,0.79949,0.79952,0.79948,0.79948
2026-04-05 11:15:00+00:00,0.79949,0.7995,0.79933,0.79936
2026-04-05 11:30:00+00:00,0.79934,0.79938,0.7991,0.79924
2026-04-05 11:45:00+00:00,0.79922,0.79926,0.79921,0.79922
2026-04-05 12:00:00+00:00,0.79922,0.79926,0.79912,0.79913
2026-04-05 12:15:00+00:00,0.79913,0.79917,0.79912,0.79914
2026-04-05 12:30:00+00:00,0.79913,0.79916,0.79905,0.79907
2026-04-05 12:45:00+00:00,0.79906,0.79909,0.79898,0.799
2026-04-05 13:00:00+00:00,0.799,0.79903,0.79899,0.79899
2026-04-05 13:15:00+00:00,0.799,0.79994,0.79894,0.79952
2026-04-05 13:30:00+00:00,0.79951,0.79955,0.7995,0.79953
2026-04-05 13:45:00+00:00,0.79951,0.79955,0.79935,0.79937
2026-04-05 14:00:00+00:00,0.79936,0.79975,0.79931,0.79966
2026-04-05 14:15:00+00:00,0.79966,0.7997,0.79965,0.79967
2026-04-05 14:30:00+00:00,0.79966,0.7997,0.79936,0.7995
2026-04-05 14:45:00+00:00,0.79948,0.79994,0.79947,0.79982
2026-04-05 15:00:00+00:00,0.79982,0.79984,0.7996,0.7996
2026-04-05 15:15:00+00:00,0.79961,0.79964,0.79934,0.79944
2026-04-05 15:30:00+00:00,0.79944,0.79947,0.79943,0.79945
2026-04-05 15:45:00+00:00,0.79944,0.79947,0.79919,0.79931
2026-04-05 16:00:00+00:00,0.7993,0.79934,0.79929,0.7993
2026-04-05 16:15:00+00:00,0.7993,0.79934,0.79918,0.79919
2026-04-05 16:30:00+00:00,0.79919,0.79923,0.7991,0.79912
2026-04-05 16:45:00+00:00,0.79911,0.79914,0.7991,0.79912
2026-04-05 17:00:00+00:00,0.79911,0.7997,0.79907,0.79948
2026-04-05 17:15:00+00:00,0.79949,0.79952,0.79948,0.79949
2026-04-05 17:30:00+00:00,0.79949,0.7995,0.79927,0.79936
2026-04-05 17:45:00+00:00,0.79934,0.79938,0.79922,0.79924
2026-04-05 18:00:00+00:00,0.79923,0.80025,0.79917,0.80022
2026-04-05 18:15:00+00:00,0.80022,0.80026,0.79995,0.80021
2026-04-05 18:30:00+00:00,0.80021,0.80026,0.8002,0.80024
2026-04-05 18:45:00+00:00,0.80023,0.80027,0.79977,0.80024
2026-04-05 19:00:00+00:00,0.80025,0.80483,0.79969,0.80015
2026-04-05 19:15:00+00:00,0.80012,0.80035,0.79981,0.80015
2026-04-05 19:30:00+00:00,0.80016,0.80023,0.79953,0.8001
2026-04-05 19:45:00+00:00,0.80008,0.80039,0.79974,0.80008
2026-04-05 20:00:00+00:00,0.80006,0.80019,0.79976,0.7999
2026-04-05 20:15:00+00:00,0.79989,0.80025,0.79967,0.79976
2026-04-05 20:30:00+00:00,0.79976,0.80008,0.79969,0.80006
2026-04-05 20:45:00+00:00,0.80005,0.80016,0.79983,0.80001
2026-04-05 21:00:00+00:00,0.79998,0.80065,0.79992,0.80007
2026-04-05 21:15:00+00:00,0.80006,0.80009,0.79967,0.79995
2026-04-05 21:30:00+00:00,0.79996,0.80009,0.79983,0.80001
2026-04-05 21:45:00+00:00,0.80001,0.80048,0.79983,0.79983
2026-04-05 22:00:00+00:00,0.7998,0.80117,0.7998,0.80092
2026-04-05 22:15:00+00:00,0.80091,0.801,0.8007,0.80084
2026-04-05 22:30:00+00:00,0.80085,0.80095,0.80079,0.80088
2026-04-05 22:45:00+00:00,0.80088,0.80089,0.80029,0.80042
2026-04-05 23:00:00+00:00,0.8004,0.80059,0.80022,0.80059
2026-04-05 23:15:00+00:00,0.80057,0.80099,0.80055,0.80099
2026-04-05 23:30:00+00:00,0.80101,0.80113,0.80093,0.80113
2026-04-05 23:45:00+00:00,0.80113,0.80119,0.80104,0.80119
2026-04-06 00:00:00+00:00,0.80117,0.80123,0.80082,0.80092
2026-04-06 00:15:00+00:00,0.80091,0.80097,0.8007,0.80093
2026-04-06 00:30:00+00:00,0.80093,0.80098,0.80079,0.80085
2026-04-06 00:45:00+00:00,0.80086,0.80129,0.80085,0.80125
2026-04-06 01:00:00+00:00,0.80124,0.80158,0.80115,0.80154
2026-04-06 01:15:00+00:00,0.80152,0.80156,0.80121,0.80129
2026-04-06 01:30:00+00:00,0.80128,0.80181,0.80122,0.80164
2026-04-06 01:45:00+00:00,0.80165,0.80182,0.80162,0.80181
2026-04-06 02:00:00+00:00,0.80181,0.80183,0.80101,0.80119
2026-04-06 02:15:00+00:00,0.80117,0.8012,0.80071,0.80083
2026-04-06 02:30:00+00:00,0.80082,0.80085,0.80067,0.80069
2026-04-06 02:45:00+00:00,0.80071,0.80083,0.80068,0.80083
2026-04-06 03:00:00+00:00,0.80082,0.80085,0.8006,0.80074
2026-04-06 03:15:00+00:00,0.80073,0.80082,0.80058,0.80064
2026-04-06 03:30:00+00:00,0.80063,0.8009,0.8006,0.80072
2026-04-06 03:45:00+00:00,0.80072,0.80086,0.8007,0.8008
2026-04-06 04:00:00+00:00,0.8008,0.80083,0.80062,0.80079
2026-04-06 04:15:00+00:00,0.80078,0.80089,0.80066,0.80077
2026-04-06 04:30:00+00:00,0.80075,0.80079,0.80052,0.80059
2026-04-06 04:45:00+00:00,0.80059,0.80064,0.80047,0.80056
2026-04-06 05:00:00+00:00,0.80056,0.80059,0.80038,0.8004
2026-04-06 05:15:00+00:00,0.80038,0.80042,0.80008,0.8002
2026-04-06 05:30:00+00:00,0.80019,0.80037,0.80016,0.80036
2026-04-06 05:45:00+00:00,0.80036,0.80043,0.80021,0.80036
2026-04-06 06:00:00+00:00,0.80036,0.80039,0.80009,0.80015
2026-04-06 06:15:00+00:00,0.80013,0.8004,0.80011,0.80038
2026-04-06 06:30:00+00:00,0.80035,0.80062,0.80025,0.80029
2026-04-06 06:45:00+00:00,0.80029,0.80037,0.79964,0.79976
2026-04-06 07:00:00+00:00,0.79976,0.80053,0.79968,0.80037
2026-04-06 07:15:00+00:00,0.80038,0.80039,0.79973,0.79973
2026-04-06 07:30:00+00:00,0.79974,0.79982,0.79825,0.79829
2026-04-06 07:45:00+00:00,0.79827,0.79836,0.7968,0.79692
2026-04-06 08:00:00+00:00,0.79693,0.79751,0.79689,0.79739
2026-04-06 08:15:00+00:00,0.79738,0.79754,0.79701,0.79732
2026-04-06 08:30:00+00:00,0.7973,0.79734,0.797,0.79728
2026-04-06 08:45:00+00:00,0.79728,0.79756,0.79726,0.79737
2026-04-06 09:00:00+00:00,0.79738,0.79749,0.79723,0.79749
2026-04-06 09:15:00+00:00,0.79749,0.79755,0.79736,0.79747
2026-04-06 09:30:00+00:00,0.79744,0.79756,0.79731,0.79756
2026-04-06 09:45:00+00:00,0.79755,0.79802,0.79739,0.79792
2026-04-06 10:00:00+00:00,0.79792,0.79799,0.79767,0.79778
2026-04-06 10:15:00+00:00,0.79778,0.79804,0.79772,0.79797
2026-04-06 10:30:00+00:00,0.79795,0.7981,0.79774,0.79778
2026-04-06 10:45:00+00:00,0.79777,0.79826,0.79769,0.79771
2026-04-06 11:00:00+00:00,0.79772,0.79834,0.79771,0.79834
2026-04-06 11:15:00+00:00,0.79834,0.79865,0.79827,0.79849
2026-04-06 11:30:00+00:00,0.79849,0.79854,0.79799,0.79823
2026-04-06 11:45:00+00:00,0.79822,0.79824,0.79787,0.79792
2026-04-06 12:00:00+00:00,0.79793,0.7983,0.79791,0.79821
2026-04-06 12:15:00+00:00,0.79821,0.79845,0.79799,0.79799
2026-04-06 12:30:00+00:00,0.79799,0.79814,0.79751,0.79759
2026-04-06 12:45:00+00:00,0.79758,0.79768,0.79716,0.7972
2026-04-06 13:00:00+00:00,0.7972,0.7975,0.79717,0.79729
2026-04-06 13:15:00+00:00,0.79729,0.79738,0.79711,0.79715
2026-04-06 13:30:00+00:00,0.79716,0.79723,0.79702,0.79718
2026-04-06 13:45:00+00:00,0.79715,0.79735,0.79689,0.79697
2026-04-06 14:00:00+00:00,0.79695,0.79759,0.79684,0.79729
2026-04-06 14:15:00+00:00,0.79729,0.7974,0.79662,0.79667
2026-04-06 14:30:00+00:00,0.79667,0.79691,0.79631,0.7966
2026-04-06 14:45:00+00:00,0.79655,0.79789,0.79655,0.79789
2026-04-06 15:00:00+00:00,0.79789,0.79846,0.79787,0.79842
2026-04-06 15:15:00+00:00,0.79842,0.79848,0.79816,0.79831
2026-04-06 15:30:00+00:00,0.7983,0.79851,0.79823,0.79836
2026-04-06 15:45:00+00:00,0.79834,0.79839,0.79794,0.79794
2026-04-06 16:00:00+00:00,0.79793,0.79799,0.79768,0.79776
2026-04-06 16:15:00+00:00,0.79776,0.798,0.79774,0.79791
2026-04-06 16:30:00+00:00,0.79791,0.798,0.79773,0.79782
2026-04-06 16:45:00+00:00,0.79779,0.79812,0.79778,0.79809
2026-04-06 17:00:00+00:00,0.79808,0.79866,0.79807,0.79861
2026-04-06 17:15:00+00:00,0.79862,0.79876,0.79821,0.79822
2026-04-06 17:30:00+00:00,0.79823,0.79839,0.79802,0.79834
2026-04-06 17:45:00+00:00,0.79834,0.79848,0.79822,0.79841
2026-04-06 18:00:00+00:00,0.79839,0.79849,0.79786,0.7979
2026-04-06 18:15:00+00:00,0.79789,0.7979,0.79758,0.79761
2026-04-06 18:30:00+00:00,0.79761,0.79802,0.7976,0.79801
2026-04-06 18:45:00+00:00,0.798,0.79814,0.79797,0.79807
2026-04-06 19:00:00+00:00,0.79805,0.79815,0.79794,0.79809
2026-04-06 19:15:00+00:00,0.79808,0.79823,0.79799,0.79819
2026-04-06 19:30:00+00:00,0.79819,0.79826,0.7981,0.79817
2026-04-06 19:45:00+00:00,0.79817,0.7982,0.79797,0.79817
2026-04-06 20:00:00+00:00,0.79815,0.79829,0.79809,0.79822
2026-04-06 20:15:00+00:00,0.79821,0.79825,0.79809,0.79811
2026-04-06 20:30:00+00:00,0.79813,0.79823,0.79809,0.79813
2026-04-06 20:45:00+00:00,0.79812,0.79817,0.79803,0.79812
2026-04-06 21:00:00+00:00,0.79809,0.79828,0.79801,0.79825
2026-04-06 21:15:00+00:00,0.79824,0.79829,0.79816,0.79823
2026-04-06 21:30:00+00:00,0.79823,0.79824,0.79791,0.798
2026-04-06 21:45:00+00:00,0.798,0.79806,0.79785,0.79788
2026-04-06 22:00:00+00:00,0.79786,0.7979,0.79777,0.79789
2026-04-06 22:15:00+00:00,0.79788,0.79802,0.79779,0.79799
2026-04-06 22:30:00+00:00,0.79798,0.79802,0.79793,0.79793
2026-04-06 22:45:00+00:00,0.79793,0.79803,0.79792,0.79803
2026-04-06 23:00:00+00:00,0.79801,0.79808,0.79797,0.79803
2026-04-06 23:15:00+00:00,0.79802,0.79811,0.79797,0.7981
2026-04-06 23:30:00+00:00,0.79811,0.79826,0.79808,0.79826
2026-04-06 23:45:00+00:00,0.79826,0.79827,0.7981,0.79817
2026-04-07 00:00:00+00:00,0.79815,0.79862,0.79814,0.79854
2026-04-07 00:15:00+00:00,0.79853,0.79858,0.7984,0.79856
2026-04-07 00:30:00+00:00,0.79856,0.79887,0.79853,0.79882
2026-04-07 00:45:00+00:00,0.79883,0.79896,0.79882,0.79896
2026-04-07 01:00:00+00:00,0.79895,0.79904,0.7987,0.799
2026-04-07 01:15:00+00:00,0.79898,0.79901,0.79885,0.79886
2026-04-07 01:30:00+00:00,0.79885,0.79971,0.79883,0.79958
2026-04-07 01:45:00+00:00,0.79959,0.80005,0.79958,0.79993
2026-04-07 02:00:00+00:00,0.79992,0.80006,0.79985,0.79998
2026-04-07 02:15:00+00:00,0.79996,0.8,0.79983,0.79984
2026-04-07 02:30:00+00:00,0.79983,0.79991,0.79975,0.79976
2026-04-07 02:45:00+00:00,0.79976,0.79978,0.7996,0.79963
2026-04-07 03:00:00+00:00,0.79963,0.79968,0.79948,0.79966
2026-04-07 03:15:00+00:00,0.79964,0.79974,0.7996,0.79963
2026-04-07 03:30:00+00:00,0.79962,0.79966,0.79937,0.79937
2026-04-07 03:45:00+00:00,0.79937,0.7994,0.79929,0.79933
2026-04-07 04:00:00+00:00,0.79932,0.79945,0.79923,0.79942
2026-04-07 04:15:00+00:00,0.7994,0.79944,0.79921,0.79924
2026-04-07 04:30:00+00:00,0.79923,0.79925,0.79907,0.79907
2026-04-07 04:45:00+00:00,0.79907,0.79911,0.79861,0.79867
2026-04-07 05:00:00+00:00,0.79867,0.79869,0.79846,0.79867
2026-04-07 05:15:00+00:00,0.79866,0.79882,0.79857,0.79882
2026-04-07 05:30:00+00:00,0.79881,0.79902,0.79862,0.799
2026-04-07 05:45:00+00:00,0.79902,0.7993,0.79873,0.79875
2026-04-07 06:00:00+00:00,0.79876,0.79911,0.79872,0.7991
2026-04-07 06:15:00+00:00,0.79909,0.79916,0.79884,0.79884
2026-04-07 06:30:00+00:00,0.79882,0.7989,0.79854,0.79855
2026-04-07 06:45:00+00:00,0.79856,0.79906,0.79855,0.79901
2026-04-07 07:00:00+00:00,0.79902,0.79961,0.79892,0.79929
2026-04-07 07:15:00+00:00,0.79928,0.79994,0.79926,0.79988
2026-04-07 07:30:00+00:00,0.79986,0.79992,0.79961,0.79968
2026-04-07 07:45:00+00:00,0.79968,0.79992,0.79942,0.79988
2026-04-07 08:00:00+00:00,0.79989,0.79993,0.7984,0.7984
2026-04-07 08:15:00+00:00,0.79839,0.79901,0.79839,0.79886
2026-04-07 08:30:00+00:00,0.79886,0.79892,0.79835,0.79848
2026-04-07 08:45:00+00:00,0.79847,0.79864,0.79791,0.79807
2026-04-07 09:00:00+00:00,0.79809,0.79838,0.79798,0.79822
2026-04-07 09:15:00+00:00,0.79821,0.7984,0.79816,0.7984
2026-04-07 09:30:00+00:00,0.79838,0.79842,0.79799,0.79819
2026-04-07 09:45:00+00:00,0.79818,0.79849,0.79817,0.79849
2026-04-07 10:00:00+00:00,0.79852,0.79919,0.79843,0.79883
2026-04-07 10:15:00+00:00,0.79883,0.79976,0.79868,0.79941
2026-04-07 10:30:00+00:00,0.79941,0.79994,0.79918,0.79985
2026-04-07 10:45:00+00:00,0.79984,0.80002,0.79956,0.79967
2026-04-07 11:00:00+00:00,0.79967,0.80009,0.79966,0.79999
2026-04-07 11:15:00+00:00,0.79999,0.8,0.79961,0.79975
2026-04-07 11:30:00+00:00,0.79972,0.80003,0.79956,0.79956
2026-04-07 11:45:00+00:00,0.79955,0.79977,0.79949,0.7995
2026-04-07 12:00:00+00:00,0.79949,0.79988,0.79921,0.79983
2026-04-07 12:15:00+00:00,0.79982,0.79984,0.79936,0.79953
2026-04-07 12:30:00+00:00,0.7995,0.79966,0.79943,0.79959
2026-04-07 12:45:00+00:00,0.79958,0.79983,0.79933,0.79967
2026-04-07 13:00:00+00:00,0.79968,0.79985,0.79947,0.79971
2026-04-07 13:15:00+00:00,0.79971,0.8001,0.79967,0.80005
2026-04-07 13:30:00+00:00,0.80004,0.80068,0.79992,0.80064
2026-04-07 13:45:00+00:00,0.80061,0.80067,0.8001,0.80021
2026-04-07 14:00:00+00:00,0.80021,0.80087,0.80015,0.80073
2026-04-07 14:15:00+00:00,0.80073,0.80107,0.80007,0.80011
2026-04-07 14:30:00+00:00,0.80012,0.80013,0.7992,0.79931
2026-04-07 14:45:00+00:00,0.79927,0.80006,0.79909,0.80006
2026-04-07 15:00:00+00:00,0.80005,0.80095,0.79991,0.80083
2026-04-07 15:15:00+00:00,0.80083,0.80087,0.79985,0.79993
2026-04-07 15:30:00+00:00,0.79994,0.8006,0.79988,0.80056
2026-04-07 15:45:00+00:00,0.80054,0.8006,0.79961,0.79979
2026-04-07 16:00:00+00:00,0.79977,0.79986,0.79944,0.79962
2026-04-07 16:15:00+00:00,0.79963,0.79972,0.79943,0.79945
2026-04-07 16:30:00+00:00,0.79945,0.79945,0.79894,0.79936
2026-04-07 16:45:00+00:00,0.79937,0.79958,0.79915,0.79938
2026-04-07 17:00:00+00:00,0.79937,0.79947,0.7991,0.79944
2026-04-07 17:15:00+00:00,0.79944,0.79966,0.79943,0.79956
2026-04-07 17:30:00+00:00,0.79956,0.79956,0.79869,0.79905
2026-04-07 17:45:00+00:00,0.79902,0.79929,0.79898,0.79912
2026-04-07 18:00:00+00:00,0.79911,0.79913,0.7989,0.79898
2026-04-07 18:15:00+00:00,0.79897,0.79903,0.79873,0.79882
2026-04-07 18:30:00+00:00,0.79882,0.79905,0.79876,0.79904
2026-04-07 18:45:00+00:00,0.79902,0.79955,0.79899,0.79932
2026-04-07 19:00:00+00:00,0.7993,0.79951,0.7993,0.7994
2026-04-07 19:15:00+00:00,0.7994,0.79943,0.79852,0.7989
2026-04-07 19:30:00+00:00,0.7989,0.79894,0.79869,0.79869
2026-04-07 19:45:00+00:00,0.7987,0.79873,0.79744,0.7979
2026-04-07 20:00:00+00:00,0.79787,0.79803,0.7976,0.79761
2026-04-07 20:15:00+00:00,0.79759,0.79761,0.79733,0.79755
2026-04-07 20:30:00+00:00,0.79756,0.79777,0.79742,0.79755
2026-04-07 20:45:00+00:00,0.79754,0.79784,0.79754,0.79773
2026-04-07 21:00:00+00:00,0.79771,0.79915,0.79771,0.79784
2026-04-07 21:15:00+00:00,0.79783,0.79784,0.79749,0.79765
2026-04-07 21:30:00+00:00,0.79765,0.79769,0.79756,0.79766
2026-04-07 21:45:00+00:00,0.79766,0.79769,0.79757,0.79762
2026-04-07 22:00:00+00:00,0.79761,0.79764,0.79647,0.79673
2026-04-07 22:15:00+00:00,0.79672,0.79702,0.79668,0.7969
2026-04-07 22:30:00+00:00,0.79689,0.79692,0.79434,0.79455
2026-04-07 22:45:00+00:00,0.79456,0.79506,0.79309,0.79309
2026-04-07 23:00:00+00:00,0.79308,0.79383,0.79196,0.79242
2026-04-07 23:15:00+00:00,0.7924,0.79249,0.79098,0.79156
2026-04-07 23:30:00+00:00,0.79155,0.79183,0.79091,0.79099
2026-04-07 23:45:00+00:00,0.79099,0.79111,0.79043,0.79064
2026-04-08 00:00:00+00:00,0.79065,0.79119,0.78974,0.7908
2026-04-08 00:15:00+00:00,0.79076,0.79129,0.7907,0.79121
2026-04-08 00:30:00+00:00,0.79121,0.79165,0.79107,0.79126
2026-04-08 00:45:00+00:00,0.79129,0.79152,0.79093,0.79125
2026-04-08 01:00:00+00:00,0.79124,0.79127,0.79024,0.79043
2026-04-08 01:15:00+00:00,0.79039,0.79062,0.78992,0.78996
2026-04-08 01:30:00+00:00,0.78997,0.79057,0.78995,0.79023
2026-04-08 01:45:00+00:00,0.79023,0.79041,0.78983,0.79036
2026-04-08 02:00:00+00:00,0.79036,0.79042,0.78993,0.79025
2026-04-08 02:15:00+00:00,0.79022,0.79066,0.7902,0.79041
2026-04-08 02:30:00+00:00,0.7904,0.79054,0.79034,0.79044
2026-04-08 02:45:00+00:00,0.79045,0.79063,0.79042,0.79053
2026-04-08 03:00:00+00:00,0.79054,0.79058,0.79016,0.7902
2026-04-08 03:15:00+00:00,0.79019,0.7907,0.79014,0.79062
2026-04-08 03:30:00+00:00,0.79061,0.7907,0.79026,0.79026
2026-04-08 03:45:00+00:00,0.79027,0.79041,0.79018,0.79034
2026-04-08 04:00:00+00:00,0.79034,0.79034,0.78992,0.78993
2026-04-08 04:15:00+00:00,0.78993,0.78998,0.78957,0.78982
2026-04-08 04:30:00+00:00,0.7898,0.78994,0.78941,0.78985
2026-04-08 04:45:00+00:00,0.78986,0.78989,0.78958,0.78962
2026-04-08 05:00:00+00:00,0.78962,0.78974,0.78947,0.78947
2026-04-08 05:15:00+00:00,0.78944,0.78988,0.78902,0.78905
2026-04-08 05:30:00+00:00,0.78903,0.78912,0.78877,0.78894
2026-04-08 05:45:00+00:00,0.78894,0.78897,0.78803,0.78876
2026-04-08 06:00:00+00:00,0.78877,0.78897,0.78859,0.78882
2026-04-08 06:15:00+00:00,0.78882,0.78892,0.78736,0.78741
2026-04-08 06:30:00+00:00,0.78738,0.78775,0.78738,0.78768
2026-04-08 06:45:00+00:00,0.78768,0.7882,0.7875,0.78798
2026-04-08 07:00:00+00:00,0.78801,0.7896,0.78795,0.78948
2026-04-08 07:15:00+00:00,0.78947,0.78954,0.78847,0.78859
2026-04-08 07:30:00+00:00,0.78857,0.78861,0.78807,0.78809
2026-04-08 07:45:00+00:00,0.78806,0.78812,0.78743,0.78764
2026-04-08 08:00:00+00:00,0.78766,0.7881,0.7873,0.78807
2026-04-08 08:15:00+00:00,0.78806,0.78842,0.78801,0.78823
2026-04-08 08:30:00+00:00,0.78823,0.789,0.78807,0.789
2026-04-08 08:45:00+00:00,0.78897,0.78902,0.78834,0.78883
2026-04-08 09:00:00+00:00,0.78883,0.78897,0.78854,0.78865
2026-04-08 09:15:00+00:00,0.78864,0.78881,0.78825,0.78851
2026-04-08 09:30:00+00:00,0.78848,0.78871,0.7883,0.78867
2026-04-08 09:45:00+00:00,0.78866,0.78902,0.78848,0.78893
2026-04-08 10:00:00+00:00,0.78895,0.78931,0.78892,0.789
2026-04-08 10:15:00+00:00,0.789,0.78938,0.78898,0.78901
2026-04-08 10:30:00+00:00,0.78901,0.78906,0.78871,0.78873
2026-04-08 10:45:00+00:00,0.78872,0.78881,0.78841,0.78845
2026-04-08 11:00:00+00:00,0.78847,0.78893,0.78822,0.78829
2026-04-08 11:15:00+00:00,0.7883,0.78842,0.78768,0.78768
2026-04-08 11:30:00+00:00,0.78766,0.78867,0.7876,0.78847
2026-04-08 11:45:00+00:00,0.78846,0.78853,0.78813,0.78844
2026-04-08 12:00:00+00:00,0.78843,0.78845,0.78765,0.78784
2026-04-08 12:15:00+00:00,0.78785,0.78907,0.78784,0.78885
2026-04-08 12:30:00+00:00,0.78888,0.78893,0.78722,0.78747
2026-04-08 12:45:00+00:00,0.78745,0.78754,0.78719,0.78746
2026-04-08 13:00:00+00:00,0.78746,0.78775,0.78686,0.78768
2026-04-08 13:15:00+00:00,0.78768,0.78815,0.78746,0.78808
2026-04-08 13:30:00+00:00,0.78805,0.78985,0.78783,0.78963
2026-04-08 13:45:00+00:00,0.78961,0.78976,0.78907,0.78935
2026-04-08 14:00:00+00:00,0.78934,0.78936,0.78863,0.78887
2026-04-08 14:15:00+00:00,0.78889,0.7893,0.78875,0.78897
2026-04-08 14:30:00+00:00,0.78895,0.78974,0.78889,0.78944
2026-04-08 14:45:00+00:00,0.78942,0.78963,0.78843,0.78861
2026-04-08 15:00:00+00:00,0.7886,0.7894,0.78842,0.7894
2026-04-08 15:15:00+00:00,0.7894,0.78973,0.7891,0.78973
2026-04-08 15:30:00+00:00,0.78973,0.78974,0.78884,0.78944
2026-04-08 15:45:00+00:00,0.7894,0.78983,0.78929,0.78981
2026-04-08 16:00:00+00:00,0.7898,0.79046,0.78973,0.7901
2026-04-08 16:15:00+00:00,0.79012,0.79045,0.79008,0.79026
2026-04-08 16:30:00+00:00,0.79026,0.79032,0.79016,0.79032
2026-04-08 16:45:00+00:00,0.7903,0.79039,0.79009,0.79009
2026-04-08 17:00:00+00:00,0.79008,0.79027,0.78986,0.7899
2026-04-08 17:15:00+00:00,0.78991,0.79071,0.7899,0.79065
2026-04-08 17:30:00+00:00,0.79066,0.79096,0.79062,0.79073
2026-04-08 17:45:00+00:00,0.79072,0.79103,0.79069,0.79085
2026-04-08 18:00:00+00:00,0.79083,0.7909,0.7903,0.79032
2026-04-08 18:15:00+00:00,0.79032,0.7914,0.7902,0.7913
2026-04-08 18:30:00+00:00,0.7913,0.79198,0.79125,0.79197
2026-04-08 18:45:00+00:00,0.79196,0.79241,0.79191,0.79229
2026-04-08 19:00:00+00:00,0.79224,0.79258,0.79224,0.79229
2026-04-08 19:15:00+00:00,0.79227,0.79237,0.79207,0.79222
2026-04-08 19:30:00+00:00,0.79222,0.79225,0.79139,0.79168
2026-04-08 19:45:00+00:00,0.79168,0.7917,0.79115,0.79115
2026-04-08 20:00:00+00:00,0.79113,0.79139,0.79097,0.79131
2026-04-08 20:15:00+00:00,0.7913,0.79152,0.79125,0.79144
2026-04-08 20:30:00+00:00,0.79145,0.79148,0.79127,0.79127
2026-04-08 20:45:00+00:00,0.79127,0.79143,0.79119,0.79137
2026-04-08 21:00:00+00:00,0.79136,0.79189,0.79101,0.79104
2026-04-08 21:15:00+00:00,0.79102,0.79136,0.79089,0.79129
2026-04-08 21:30:00+00:00,0.7913,0.79142,0.79126,0.79129
2026-04-08 21:45:00+00:00,0.79129,0.79135,0.79123,0.79124
2026-04-08 22:00:00+00:00,0.79124,0.79126,0.79108,0.79123
2026-04-08 22:15:00+00:00,0.79121,0.79139,0.79117,0.79125
2026-04-08 22:30:00+00:00,0.79124,0.79134,0.79102,0.79108
2026-04-08 22:45:00+00:00,0.79109,0.79121,0.79107,0.79121
2026-04-08 23:00:00+00:00,0.79121,0.79127,0.7909,0.79127
2026-04-08 23:15:00+00:00,0.79126,0.79144,0.7912,0.79139
2026-04-08 23:30:00+00:00,0.79139,0.79152,0.7913,0.79134
2026-04-08 23:45:00+00:00,0.79135,0.79151,0.79121,0.79148
2026-04-09 00:00:00+00:00,0.79147,0.79201,0.79147,0.79187
2026-04-09 00:15:00+00:00,0.79185,0.79191,0.79161,0.79174
2026-04-09 00:30:00+00:00,0.79174,0.79184,0.79159,0.79173
2026-04-09 00:45:00+00:00,0.79173,0.79186,0.79167,0.7918
2026-04-09 01:00:00+00:00,0.79179,0.79193,0.79162,0.79191
2026-04-09 01:15:00+00:00,0.79189,0.7922,0.79186,0.79208
2026-04-09 01:30:00+00:00,0.79207,0.79209,0.79177,0.7918
2026-04-09 01:45:00+00:00,0.7918,0.79185,0.79148,0.79149
2026-04-09 02:00:00+00:00,0.79149,0.79165,0.79148,0.79163
2026-04-09 02:15:00+00:00,0.79163,0.79165,0.79134,0.79135
2026-04-09 02:30:00+00:00,0.79134,0.79138,0.79109,0.79113
2026-04-09 02:45:00+00:00,0.79114,0.79121,0.79111,0.79116
2026-04-09 03:00:00+00:00,0.79115,0.7913,0.79115,0.79128
2026-04-09 03:15:00+00:00,0.79127,0.79132,0.79117,0.79117
2026-04-09 03:30:00+00:00,0.79116,0.79118,0.79086,0.79092
2026-04-09 03:45:00+00:00,0.79093,0.79127,0.79092,0.79127
2026-04-09 04:00:00+00:00,0.79127,0.7913,0.79071,0.79074
2026-04-09 04:15:00+00:00,0.79074,0.79079,0.7906,0.7907
2026-04-09 04:30:00+00:00,0.79069,0.79079,0.79063,0.79068
2026-04-09 04:45:00+00:00,0.7907,0.79115,0.79067,0.79109
2026-04-09 05:00:00+00:00,0.7911,0.7915,0.79103,0.79148
2026-04-09 05:15:00+00:00,0.79147,0.7915,0.79123,0.79129
2026-04-09 05:30:00+00:00,0.79128,0.7915,0.79122,0.79149
2026-04-09 05:45:00+00:00,0.79149,0.79184,0.79147,0.79173
2026-04-09 06:00:00+00:00,0.79174,0.79191,0.79163,0.7919
2026-04-09 06:15:00+00:00,0.79189,0.79219,0.79181,0.79212
2026-04-09 06:30:00+00:00,0.79211,0.79214,0.79186,0.79188
2026-04-09 06:45:00+00:00,0.79188,0.79202,0.79145,0.79152
2026-04-09 07:00:00+00:00,0.79151,0.79153,0.79099,0.79121
2026-04-09 07:15:00+00:00,0.7912,0.7915,0.79092,0.79092
2026-04-09 07:30:00+00:00,0.7909,0.79115,0.79068,0.79086
2026-04-09 07:45:00+00:00,0.79085,0.79101,0.7908,0.79097
2026-04-09 08:00:00+00:00,0.79099,0.79119,0.79072,0.79119
2026-04-09 08:15:00+00:00,0.79119,0.79151,0.79116,0.79141
2026-04-09 08:30:00+00:00,0.7914,0.79143,0.79097,0.79123
2026-04-09 08:45:00+00:00,0.79121,0.79129,0.79075,0.79101
2026-04-09 09:00:00+00:00,0.79104,0.79143,0.79087,0.79107
2026-04-09 09:15:00+00:00,0.79107,0.79126,0.79102,0.79119
2026-04-09 09:30:00+00:00,0.79117,0.79132,0.79101,0.7911
2026-04-09 09:45:00+00:00,0.79108,0.7914,0.79099,0.79112
2026-04-09 10:00:00+00:00,0.79112,0.79135,0.79099,0.7913
2026-04-09 10:15:00+00:00,0.7913,0.79139,0.79112,0.79124
2026-04-09 10:30:00+00:00,0.79122,0.79152,0.79121,0.79146
2026-04-09 10:45:00+00:00,0.79144,0.79161,0.79134,0.7916
2026-04-09 11:00:00+00:00,0.79161,0.79175,0.79121,0.79122
2026-04-09 11:15:00+00:00,0.79122,0.79125,0.79096,0.79107
2026-04-09 11:30:00+00:00,0.79108,0.79109,0.79044,0.79046
2026-04-09 11:45:00+00:00,0.79045,0.79067,0.79034,0.79049
2026-04-09 12:00:00+00:00,0.79048,0.79079,0.79014,0.79071
2026-04-09 12:15:00+00:00,0.79071,0.79094,0.79056,0.79081
2026-04-09 12:30:00+00:00,0.79081,0.79103,0.79066,0.79096
2026-04-09 12:45:00+00:00,0.79095,0.79098,0.79059,0.79062
2026-04-09 13:00:00+00:00,0.7906,0.79068,0.79015,0.79015
2026-04-09 13:15:00+00:00,0.79015,0.79017,0.7898,0.78988
2026-04-09 13:30:00+00:00,0.78987,0.78992,0.78914,0.78928
2026-04-09 13:45:00+00:00,0.78926,0.78973,0.78896,0.78932
2026-04-09 14:00:00+00:00,0.78933,0.78983,0.78909,0.78936
2026-04-09 14:15:00+00:00,0.78935,0.78944,0.7891,0.7891
2026-04-09 14:30:00+00:00,0.7891,0.79027,0.78909,0.7902
2026-04-09 14:45:00+00:00,0.79016,0.79092,0.79009,0.79051
2026-04-09 15:00:00+00:00,0.7905,0.79114,0.79034,0.79084
2026-04-09 15:15:00+00:00,0.79079,0.79104,0.78968,0.79015
2026-04-09 15:30:00+00:00,0.79015,0.79016,0.78916,0.7895
2026-04-09 15:45:00+00:00,0.78948,0.78959,0.78881,0.78894
2026-04-09 16:00:00+00:00,0.78893,0.78895,0.78841,0.78856
2026-04-09 16:15:00+00:00,0.78856,0.78859,0.78809,0.78814
2026-04-09 16:30:00+00:00,0.78814,0.7885,0.78809,0.7884
2026-04-09 16:45:00+00:00,0.78839,0.7886,0.78839,0.78852
2026-04-09 17:00:00+00:00,0.78851,0.78865,0.78805,0.78818
2026-04-09 17:15:00+00:00,0.78817,0.7883,0.78816,0.78821
2026-04-09 17:30:00+00:00,0.78822,0.78856,0.788,0.78845
2026-04-09 17:45:00+00:00,0.78843,0.78893,0.78825,0.7889
2026-04-09 18:00:00+00:00,0.78888,0.78967,0.78888,0.78967
2026-04-09 18:15:00+00:00,0.78968,0.79024,0.78956,0.7902
2026-04-09 18:30:00+00:00,0.79021,0.79061,0.7902,0.79053
2026-04-09 18:45:00+00:00,0.79052,0.79054,0.79028,0.79045
2026-04-09 19:00:00+00:00,0.79042,0.79057,0.7901,0.79011
2026-04-09 19:15:00+00:00,0.7901,0.79057,0.79006,0.79036
2026-04-09 19:30:00+00:00,0.79036,0.7904,0.78999,0.79
2026-04-09 19:45:00+00:00,0.78999,0.79047,0.7899,0.79046
2026-04-09 20:00:00+00:00,0.79043,0.7906,0.79042,0.79058
2026-04-09 20:15:00+00:00,0.79056,0.79061,0.7905,0.79052
2026-04-09 20:30:00+00:00,0.79052,0.79067,0.79048,0.79066
2026-04-09 20:45:00+00:00,0.79066,0.7907,0.79049,0.79051
2026-04-09 21:00:00+00:00,0.7905,0.79054,0.78971,0.78999
2026-04-09 21:15:00+00:00,0.78998,0.79053,0.7898,0.79019
2026-04-09 21:30:00+00:00,0.79019,0.79022,0.79004,0.7901
2026-04-09 21:45:00+00:00,0.7901,0.79018,0.78992,0.79003
2026-04-09 22:00:00+00:00,0.79,0.7905,0.78999,0.79041
2026-04-09 22:15:00+00:00,0.79039,0.79049,0.79037,0.79045
2026-04-09 22:30:00+00:00,0.79047,0.79066,0.79038,0.79064
2026-04-09 22:45:00+00:00,0.79065,0.79086,0.79062,0.79071
2026-04-09 23:00:00+00:00,0.7907,0.79075,0.79056,0.79073
2026-04-09 23:15:00+00:00,0.79072,0.79082,0.79069,0.79073
2026-04-09 23:30:00+00:00,0.79073,0.79091,0.79072,0.79088
2026-04-09 23:45:00+00:00,0.79089,0.79103,0.79086,0.791
2026-04-10 00:00:00+00:00,0.79098,0.7914,0.79096,0.79138
2026-04-10 00:15:00+00:00,0.79137,0.79139,0.7912,0.79137
2026-04-10 00:30:00+00:00,0.79137,0.7914,0.79118,0.79125
2026-04-10 00:45:00+00:00,0.79126,0.79143,0.7912,0.79129
2026-04-10 01:00:00+00:00,0.79128,0.79131,0.79118,0.79124
2026-04-10 01:15:00+00:00,0.79122,0.79135,0.79112,0.79115
2026-04-10 01:30:00+00:00,0.79115,0.79116,0.79061,0.79063
2026-04-10 01:45:00+00:00,0.79063,0.79066,0.79034,0.79055
2026-04-10 02:00:00+00:00,0.79055,0.79088,0.7905,0.79084
2026-04-10 02:15:00+00:00,0.79081,0.79112,0.79076,0.79112
2026-04-10 02:30:00+00:00,0.79111,0.79115,0.7907,0.79076
2026-04-10 02:45:00+00:00,0.79075,0.79082,0.79063,0.7907
2026-04-10 03:00:00+00:00,0.7907,0.79075,0.79052,0.79064
2026-04-10 03:15:00+00:00,0.79063,0.79066,0.79046,0.79049
2026-04-10 03:30:00+00:00,0.79048,0.79057,0.79031,0.79051
2026-04-10 03:45:00+00:00,0.79051,0.79054,0.79027,0.79034
2026-04-10 04:00:00+00:00,0.79034,0.79042,0.79022,0.79037
2026-04-10 04:15:00+00:00,0.79036,0.79039,0.79018,0.79026
2026-04-10 04:30:00+00:00,0.79024,0.79038,0.7902,0.79035
2026-04-10 04:45:00+00:00,0.79035,0.79041,0.79027,0.79036
2026-04-10 05:00:00+00:00,0.79036,0.79055,0.79035,0.79053
2026-04-10 05:15:00+00:00,0.79053,0.79063,0.79044,0.79063
2026-04-10 05:30:00+00:00,0.79061,0.79064,0.79037,0.79042
2026-04-10 05:45:00+00:00,0.79041,0.79045,0.79028,0.79033
2026-04-10 06:00:00+00:00,0.79034,0.79062,0.79013,0.7905
2026-04-10 06:15:00+00:00,0.79049,0.79069,0.79049,0.79051
2026-04-10 06:30:00+00:00,0.79049,0.79062,0.78974,0.79017
2026-04-10 06:45:00+00:00,0.79016,0.7904,0.79005,0.79023
2026-04-10 07:00:00+00:00,0.79023,0.79026,0.78964,0.78994
2026-04-10 07:15:00+00:00,0.78992,0.79015,0.78981,0.78998
2026-04-10 07:30:00+00:00,0.78996,0.79018,0.78983,0.79018
2026-04-10 07:45:00+00:00,0.79017,0.79052,0.79014,0.79052
2026-04-10 08:00:00+00:00,0.79053,0.79064,0.79015,0.79017
2026-04-10 08:15:00+00:00,0.79017,0.79027,0.78974,0.78985
2026-04-10 08:30:00+00:00,0.78984,0.78991,0.78955,0.78966
2026-04-10 08:45:00+00:00,0.78966,0.79023,0.78956,0.79018
2026-04-10 09:00:00+00:00,0.79019,0.79026,0.78994,0.79008
2026-04-10 09:15:00+00:00,0.79008,0.79031,0.78869,0.79026
2026-04-10 09:30:00+00:00,0.79023,0.79057,0.79002,0.79002
2026-04-10 09:45:00+00:00,0.79001,0.79009,0.78978,0.78987
2026-04-10 10:00:00+00:00,0.78987,0.79007,0.78977,0.78986
2026-04-10 10:15:00+00:00,0.78987,0.79028,0.78972,0.78981
2026-04-10 10:30:00+00:00,0.78981,0.7899,0.7893,0.78939
2026-04-10 10:45:00+00:00,0.78937,0.7894,0.78923,0.78928
2026-04-10 11:00:00+00:00,0.78929,0.7894,0.78906,0.78909
2026-04-10 11:15:00+00:00,0.7891,0.78929,0.78909,0.78926
2026-04-10 11:30:00+00:00,0.78925,0.78928,0.78899,0.78899
2026-04-10 11:45:00+00:00,0.78899,0.78906,0.7888,0.78881
2026-04-10 12:00:00+00:00,0.78882,0.7891,0.78845,0.7885
2026-04-10 12:15:00+00:00,0.7885,0.7888,0.78834,0.78854
2026-04-10 12:30:00+00:00,0.78858,0.78874,0.78795,0.7885
2026-04-10 12:45:00+00:00,0.7885,0.78859,0.78811,0.78836
2026-04-10 13:00:00+00:00,0.78835,0.7884,0.78776,0.78783
2026-04-10 13:15:00+00:00,0.78784,0.78793,0.78643,0.78643
2026-04-10 13:30:00+00:00,0.78644,0.78715,0.78623,0.78691
2026-04-10 13:45:00+00:00,0.78689,0.78722,0.78679,0.78716
2026-04-10 14:00:00+00:00,0.78714,0.78722,0.78627,0.78655
2026-04-10 14:15:00+00:00,0.78651,0.7866,0.78568,0.78578
2026-04-10 14:30:00+00:00,0.78578,0.78631,0.78555,0.78625
2026-04-10 14:45:00+00:00,0.7862,0.78974,0.7862,0.78927
2026-04-10 15:00:00+00:00,0.78925,0.78928,0.78795,0.78805
2026-04-10 15:15:00+00:00,0.78804,0.78824,0.78787,0.78806
2026-04-10 15:30:00+00:00,0.78807,0.78896,0.78794,0.78895
2026-04-10 15:45:00+00:00,0.78895,0.78926,0.78878,0.78923
2026-04-10 16:00:00+00:00,0.78921,0.78959,0.78905,0.7891
2026-04-10 16:15:00+00:00,0.7891,0.78928,0.78898,0.78916
2026-04-10 16:30:00+00:00,0.78917,0.78994,0.78913,0.78989
2026-04-10 16:45:00+00:00,0.78985,0.79003,0.78949,0.7895
2026-04-10 17:00:00+00:00,0.78949,0.78985,0.78943,0.78955
2026-04-10 17:15:00+00:00,0.78955,0.78968,0.78951,0.78957
2026-04-10 17:30:00+00:00,0.78957,0.78958,0.78939,0.78941
2026-04-10 17:45:00+00:00,0.78939,0.78965,0.78928,0.7896
2026-04-10 18:00:00+00:00,0.78959,0.78969,0.78935,0.78939
2026-04-10 18:15:00+00:00,0.78937,0.78939,0.78875,0.78881
2026-04-10 18:30:00+00:00,0.78881,0.78888,0.78854,0.78861
2026-04-10 18:45:00+00:00,0.7886,0.78883,0.7886,0.78878
2026-04-10 19:00:00+00:00,0.78877,0.78897,0.78873,0.78887
2026-04-10 19:15:00+00:00,0.78886,0.7889,0.78874,0.78882
2026-04-10 19:30:00+00:00,0.78884,0.78897,0.78876,0.7888
2026-04-10 19:45:00+00:00,0.7888,0.78914,0.78878,0.78911
2026-04-10 20:00:00+00:00,0.78907,0.78924,0.78904,0.78912
2026-04-10 20:15:00+00:00,0.78911,0.78922,0.78907,0.78919
2026-04-10 20:30:00+00:00,0.7892,0.78926,0.78912,0.78924
2026-04-10 20:45:00+00:00,0.78924,0.78924,0.78909,0.78918
2026-04-10 21:00:00+00:00,0.78918,0.7895,0.78901,0.7894
2026-04-10 21:15:00+00:00,0.78938,0.78956,0.78922,0.78942
2026-04-10 21:30:00+00:00,0.78942,0.78948,0.78931,0.78945
2026-04-10 21:45:00+00:00,0.78945,0.78947,0.78927,0.78927
2026-04-10 22:00:00+00:00,0.78924,0.78951,0.78872,0.78939
2026-04-10 22:15:00+00:00,0.78938,0.7894,0.78931,0.78934
2026-04-10 22:30:00+00:00,0.78935,0.78942,0.7893,0.78937
2026-04-10 22:45:00+00:00,0.78938,0.78943,0.7893,0.78935
2026-04-10 23:00:00+00:00,0.78933,0.7894,0.78918,0.78937
2026-04-10 23:15:00+00:00,0.78935,0.78938,0.78932,0.78934
2026-04-10 23:30:00+00:00,0.78934,0.78965,0.78897,0.7895
2026-04-10 23:45:00+00:00,0.78949,0.78965,0.78924,0.78938
2026-04-11 00:00:00+00:00,0.78935,0.78996,0.78935,0.78994
2026-04-11 00:15:00+00:00,0.78993,0.78996,0.78964,0.7899
2026-04-11 00:30:00+00:00,0.7899,0.78996,0.78989,0.78992
2026-04-11 00:45:00+00:00,0.78993,0.78996,0.78976,0.78993
2026-04-11 01:00:00+00:00,0.78992,0.78996,0.78951,0.78993
2026-04-11 01:15:00+00:00,0.78992,0.78995,0.78985,0.78993
2026-04-11 01:30:00+00:00,0.78992,0.78996,0.78959,0.78984
2026-04-11 01:45:00+00:00,0.78985,0.78996,0.78977,0.78993
2026-04-11 02:00:00+00:00,0.78993,0.78996,0.7898,0.78994
2026-04-11 02:15:00+00:00,0.78992,0.78996,0.78991,0.78993
2026-04-11 02:30:00+00:00,0.78992,0.78995,0.78979,0.78992
2026-04-11 02:45:00+00:00,0.78992,0.78996,0.78981,0.78987
2026-04-11 03:00:00+00:00,0.78987,0.78995,0.78987,0.78994
2026-04-11 03:15:00+00:00,0.78993,0.78996,0.78957,0.78991
2026-04-11 03:30:00+00:00,0.7899,0.78996,0.7899,0.78992
2026-04-11 03:45:00+00:00,0.78993,0.78996,0.7896,0.78991
2026-04-11 04:00:00+00:00,0.78991,0.78996,0.78978,0.7899
2026-04-11 04:15:00+00:00,0.78989,0.78996,0.78937,0.78988
2026-04-11 04:30:00+00:00,0.78987,0.78995,0.78981,0.78992
2026-04-11 04:45:00+00:00,0.78992,0.78996,0.78991,0.78992
2026-04-11 05:00:00+00:00,0.78992,0.78996,0.78952,0.78993
2026-04-11 05:15:00+00:00,0.78992,0.78996,0.78971,0.78989
2026-04-11 05:30:00+00:00,0.78987,0.78996,0.78987,0.78993
2026-04-11 05:45:00+00:00,0.78992,0.78996,0.78978,0.78991
2026-04-11 06:00:00+00:00,0.78991,0.78996,0.78991,0.78994
2026-04-11 06:15:00+00:00,0.78993,0.78995,0.78981,0.78994
2026-04-11 06:30:00+00:00,0.78993,0.78996,0.78966,0.7898
2026-04-11 06:45:00+00:00,0.78979,0.78994,0.78958,0.7899
2026-04-11 07:00:00+00:00,0.78991,0.78995,0.78977,0.78992
2026-04-11 07:15:00+00:00,0.78992,0.78996,0.78991,0.78994
2026-04-11 07:30:00+00:00,0.78993,0.78996,0.78968,0.78993
2026-04-11 07:45:00+00:00,0.78992,0.78996,0.78966,0.78985
2026-04-11 08:00:00+00:00,0.78986,0.78996,0.78985,0.78993
2026-04-11 08:15:00+00:00,0.78993,0.78996,0.78966,0.78991
2026-04-11 08:30:00+00:00,0.78989,0.78996,0.78989,0.78994
2026-04-11 08:45:00+00:00,0.78993,0.78996,0.78978,0.78992
2026-04-11 09:00:00+00:00,0.78993,0.78996,0.78973,0.78987
2026-04-11 09:15:00+00:00,0.78987,0.78995,0.78982,0.78994
2026-04-11 09:30:00+00:00,0.78992,0.78996,0.78972,0.78993
2026-04-11 09:45:00+00:00,0.78992,0.78996,0.78991,0.78993
2026-04-11 10:00:00+00:00,0.78993,0.78996,0.78966,0.78992
2026-04-11 10:15:00+00:00,0.78992,0.78997,0.78941,0.78989
2026-04-11 10:30:00+00:00,0.78987,0.78996,0.78987,0.78994
2026-04-11 10:45:00+00:00,0.78992,0.78996,0.78979,0.78992
2026-04-11 11:00:00+00:00,0.78992,0.78996,0.78972,0.78991
2026-04-11 11:15:00+00:00,0.78992,0.78995,0.78983,0.78994
2026-04-11 11:30:00+00:00,0.78993,0.78996,0.78966,0.78969
2026-04-11 11:45:00+00:00,0.78967,0.78971,0.78966,0.78968
2026-04-11 12:00:00+00:00,0.78967,0.78971,0.78963,0.78963
2026-04-11 12:15:00+00:00,0.78964,0.78967,0.78962,0.78964
2026-04-11 12:30:00+00:00,0.78964,0.78967,0.78959,0.78962
2026-04-11 12:45:00+00:00,0.78961,0.78964,0.78958,0.78959
2026-04-11 13:00:00+00:00,0.78958,0.78962,0.78957,0.78958
2026-04-11 13:15:00+00:00,0.78958,0.78961,0.7894,0.7895
2026-04-11 13:30:00+00:00,0.78949,0.78953,0.78948,0.78951
2026-04-11 13:45:00+00:00,0.78949,0.78953,0.7893,0.78932
2026-04-11 14:00:00+00:00,0.78931,0.78938,0.7893,0.78934
2026-04-11 14:15:00+00:00,0.78934,0.78938,0.78933,0.78934
2026-04-11 14:30:00+00:00,0.78934,0.7894,0.78933,0.78939
2026-04-11 14:45:00+00:00,0.78937,0.78941,0.78936,0.78939
2026-04-11 15:00:00+00:00,0.78937,0.78942,0.78937,0.78938
2026-04-11 15:15:00+00:00,0.78939,0.78943,0.78938,0.78941
2026-04-11 15:30:00+00:00,0.78941,0.78944,0.7894,0.78942
2026-04-11 15:45:00+00:00,0.78941,0.78946,0.7894,0.78944
2026-04-11 16:00:00+00:00,0.78942,0.78945,0.78913,0.78919
2026-04-11 16:15:00+00:00,0.78919,0.78928,0.78918,0.78925
2026-04-11 16:30:00+00:00,0.78925,0.78934,0.78924,0.78934
2026-04-11 16:45:00+00:00,0.78932,0.78936,0.78931,0.78934
2026-04-11 17:00:00+00:00,0.78932,0.78937,0.78928,0.78933
2026-04-11 17:15:00+00:00,0.78933,0.78938,0.78882,0.78908
2026-04-11 17:30:00+00:00,0.78908,0.7892,0.78907,0.78917
2026-04-11 17:45:00+00:00,0.78916,0.78929,0.78915,0.78925
2026-04-11 18:00:00+00:00,0.78923,0.78926,0.78916,0.78922
2026-04-11 18:15:00+00:00,0.78921,0.78934,0.7892,0.7893
2026-04-11 18:30:00+00:00,0.78931,0.78938,0.7893,0.78935
2026-04-11 18:45:00+00:00,0.78935,0.78941,0.78934,0.78939
2026-04-11 19:00:00+00:00,0.78938,0.78941,0.78929,0.78937
2026-04-11 19:15:00+00:00,0.78936,0.7894,0.78933,0.78936
2026-04-11 19:30:00+00:00,0.78936,0.78942,0.78935,0.78939
2026-04-11 19:45:00+00:00,0.78939,0.78942,0.78938,0.7894
2026-04-11 20:00:00+00:00,0.78939,0.78942,0.78933,0.78938
2026-04-11 20:15:00+00:00,0.78937,0.7894,0.78936,0.78939
2026-04-11 20:30:00+00:00,0.78939,0.78943,0.78937,0.78939
2026-04-11 20:45:00+00:00,0.78939,0.78944,0.78938,0.78943
2026-04-11 21:00:00+00:00,0.78941,0.78945,0.78935,0.78937
2026-04-11 21:15:00+00:00,0.78936,0.78942,0.78935,0.78938
2026-04-11 21:30:00+00:00,0.78939,0.78942,0.78937,0.78939
2026-04-11 21:45:00+00:00,0.78939,0.78944,0.78924,0.78926
2026-04-11 22:00:00+00:00,0.78925,0.78932,0.78921,0.7893
2026-04-11 22:15:00+00:00,0.78928,0.78932,0.78927,0.78928
2026-04-11 22:30:00+00:00,0.78928,0.78936,0.78927,0.78932
2026-04-11 22:45:00+00:00,0.78932,0.78935,0.78931,0.78934
2026-04-11 23:00:00+00:00,0.78932,0.78939,0.78931,0.78938
2026-04-11 23:15:00+00:00,0.78936,0.78941,0.78935,0.78938
2026-04-11 23:30:00+00:00,0.78938,0.78941,0.78937,0.78937
2026-04-11 23:45:00+00:00,0.78938,0.78944,0.78937,0.78941
2026-04-12 00:00:00+00:00,0.7894,0.78944,0.78939,0.78942
2026-04-12 00:15:00+00:00,0.7894,0.78945,0.7894,0.78942
2026-04-12 00:30:00+00:00,0.78942,0.78947,0.78884,0.7892
2026-04-12 00:45:00+00:00,0.78921,0.78924,0.7892,0.78921
2026-04-12 01:00:00+00:00,0.78921,0.7894,0.7892,0.78932
2026-04-12 01:15:00+00:00,0.7893,0.78934,0.78929,0.78931
2026-04-12 01:30:00+00:00,0.78931,0.78938,0.7893,0.78934
2026-04-12 01:45:00+00:00,0.78934,0.7894,0.78933,0.78937
2026-04-12 02:00:00+00:00,0.78937,0.7894,0.78936,0.78939
2026-04-12 02:15:00+00:00,0.78937,0.78943,0.78936,0.78941
2026-04-12 02:30:00+00:00,0.78939,0.78943,0.78938,0.78939
2026-04-12 02:45:00+00:00,0.78939,0.78943,0.78938,0.7894
2026-04-12 03:00:00+00:00,0.7894,0.78944,0.78939,0.78943
2026-04-12 03:15:00+00:00,0.78942,0.78945,0.78941,0.78943
2026-04-12 03:30:00+00:00,0.78942,0.78946,0.78941,0.78943
2026-04-12 03:45:00+00:00,0.78943,0.78946,0.78942,0.78943
2026-04-12 04:00:00+00:00,0.78943,0.78948,0.78943,0.78945
2026-04-12 04:15:00+00:00,0.78944,0.78948,0.7894,0.78944
2026-04-12 04:30:00+00:00,0.78942,0.78946,0.78941,0.78942
2026-04-12 04:45:00+00:00,0.78942,0.78947,0.78941,0.78943
2026-04-12 05:00:00+00:00,0.78944,0.78947,0.78943,0.78945
2026-04-12 05:15:00+00:00,0.78944,0.78948,0.78943,0.78946
2026-04-12 05:30:00+00:00,0.78945,0.78948,0.78944,0.78946
2026-04-12 05:45:00+00:00,0.78945,0.78949,0.78944,0.78945
2026-04-12 06:00:00+00:00,0.78945,0.78948,0.78941,0.78944
2026-04-12 06:15:00+00:00,0.78943,0.78946,0.78942,0.78945
2026-04-12 06:30:00+00:00,0.78943,0.78948,0.78942,0.78945
2026-04-12 06:45:00+00:00,0.78944,0.78948,0.78943,0.78944
2026-04-12 07:00:00+00:00,0.78945,0.78948,0.78944,0.78945
2026-04-12 07:15:00+00:00,0.78945,0.78949,0.78944,0.78948
2026-04-12 07:30:00+00:00,0.78946,0.78949,0.78945,0.78947
2026-04-12 07:45:00+00:00,0.78946,0.78948,0.78942,0.78943
2026-04-12 08:00:00+00:00,0.78943,0.78947,0.78942,0.78944
2026-04-12 08:15:00+00:00,0.78944,0.78948,0.78943,0.78946
2026-04-12 08:30:00+00:00,0.78944,0.78949,0.78943,0.78946
2026-04-12 08:45:00+00:00,0.78945,0.78948,0.78944,0.78945
2026-04-12 09:00:00+00:00,0.78945,0.78949,0.78944,0.78946
2026-04-12 09:15:00+00:00,0.78946,0.78949,0.78943,0.78945
2026-04-12 09:30:00+00:00,0.78943,0.78947,0.78942,0.78945
2026-04-12 09:45:00+00:00,0.78943,0.78947,0.78942,0.78944
2026-04-12 10:00:00+00:00,0.78944,0.78948,0.78943,0.78944
2026-04-12 10:15:00+00:00,0.78944,0.78948,0.7894,0.78941
2026-04-12 10:30:00+00:00,0.7894,0.78943,0.78939,0.78942
2026-04-12 10:45:00+00:00,0.7894,0.78943,0.78935,0.78937
2026-04-12 11:00:00+00:00,0.78936,0.7894,0.78935,0.78936
2026-04-12 11:15:00+00:00,0.78936,0.78939,0.78933,0.78934
2026-04-12 11:30:00+00:00,0.78934,0.78937,0.78929,0.78933
2026-04-12 11:45:00+00:00,0.78931,0.78935,0.7893,0.78932
2026-04-12 12:00:00+00:00,0.78931,0.78935,0.78929,0.78929
2026-04-12 12:15:00+00:00,0.7893,0.78933,0.78928,0.7893
2026-04-12 12:30:00+00:00,0.7893,0.78932,0.78927,0.7893
2026-04-12 12:45:00+00:00,0.78928,0.78931,0.78926,0.78928
2026-04-12 13:00:00+00:00,0.78927,0.7893,0.78926,0.78926
2026-04-12 13:15:00+00:00,0.78927,0.7893,0.78921,0.78923
2026-04-12 13:30:00+00:00,0.78922,0.78926,0.78921,0.78924
2026-04-12 13:45:00+00:00,0.78922,0.78926,0.78921,0.78924
2026-04-12 14:00:00+00:00,0.78922,0.78938,0.78922,0.78933
2026-04-12 14:15:00+00:00,0.78933,0.78937,0.78932,0.78933
2026-04-12 14:30:00+00:00,0.78933,0.78937,0.78929,0.78933
2026-04-12 14:45:00+00:00,0.78931,0.78941,0.7893,0.78939
2026-04-12 15:00:00+00:00,0.78938,0.7894,0.78933,0.78934
2026-04-12 15:15:00+00:00,0.78934,0.78938,0.7893,0.78932
2026-04-12 15:30:00+00:00,0.78932,0.78935,0.78931,0.78933
2026-04-12 15:45:00+00:00,0.78932,0.78935,0.78929,0.78932
2026-04-12 16:00:00+00:00,0.7893,0.78933,0.78926,0.78927
2026-04-12 16:15:00+00:00,0.78927,0.7893,0.78925,0.78926
2026-04-12 16:30:00+00:00,0.78926,0.78943,0.78925,0.7894
2026-04-12 16:45:00+00:00,0.78939,0.78942,0.78932,0.7894
2026-04-12 17:00:00+00:00,0.78939,0.78941,0.78904,0.78932
2026-04-12 17:15:00+00:00,0.78931,0.78935,0.7893,0.78931
2026-04-12 17:30:00+00:00,0.78931,0.78945,0.78929,0.78942
2026-04-12 17:45:00+00:00,0.78941,0.78945,0.78925,0.78933
2026-04-12 18:00:00+00:00,0.7893,0.78938,0.78881,0.78882
2026-04-12 18:15:00+00:00,0.78881,0.78949,0.7888,0.78945
2026-04-12 18:30:00+00:00,0.78945,0.78952,0.78944,0.78949
2026-04-12 18:45:00+00:00,0.78949,0.78951,0.78903,0.78934
2026-04-12 19:00:00+00:00,0.78931,0.79101,0.78884,0.79068
2026-04-12 19:15:00+00:00,0.79067,0.79102,0.7895,0.79074
2026-04-12 19:30:00+00:00,0.79071,0.79125,0.79027,0.79045
2026-04-12 19:45:00+00:00,0.79044,0.79122,0.79033,0.79094
2026-04-12 20:00:00+00:00,0.79093,0.79132,0.7907,0.79115
2026-04-12 20:15:00+00:00,0.79114,0.79165,0.79111,0.79152
2026-04-12 20:30:00+00:00,0.7915,0.79153,0.79068,0.79096
2026-04-12 20:45:00+00:00,0.79096,0.79096,0.79036,0.79055
2026-04-12 21:00:00+00:00,0.79055,0.79121,0.7903,0.79092
2026-04-12 21:15:00+00:00,0.79091,0.79092,0.79049,0.79054
2026-04-12 21:30:00+00:00,0.79055,0.79065,0.79049,0.79065
2026-04-12 21:45:00+00:00,0.79065,0.79138,0.79053,0.7912
2026-04-12 22:00:00+00:00,0.79118,0.79209,0.79118,0.79198
2026-04-12 22:15:00+00:00,0.79196,0.79298,0.79192,0.79284
2026-04-12 22:30:00+00:00,0.79284,0.79317,0.79278,0.79285
2026-04-12 22:45:00+00:00,0.79284,0.79295,0.79268,0.7928
2026-04-12 23:00:00+00:00,0.79278,0.79305,0.79269,0.79304
2026-04-12 23:15:00+00:00,0.79302,0.79347,0.79302,0.79311
2026-04-12 23:30:00+00:00,0.7931,0.79317,0.79282,0.79286
2026-04-12 23:45:00+00:00,0.79287,0.79292,0.79265,0.79273
2026-04-13 00:00:00+00:00,0.79272,0.79308,0.79255,0.79279
2026-04-13 00:15:00+00:00,0.79278,0.79281,0.79251,0.79258
2026-04-13 00:30:00+00:00,0.79258,0.79274,0.7925,0.7927
2026-04-13 00:45:00+00:00,0.79271,0.79274,0.79259,0.79262
2026-04-13 01:00:00+00:00,0.79263,0.79263,0.79216,0.79217
2026-04-13 01:15:00+00:00,0.79214,0.79242,0.79214,0.79242
2026-04-13 01:30:00+00:00,0.79242,0.79269,0.79241,0.79266
2026-04-13 01:45:00+00:00,0.79267,0.79272,0.79223,0.79228
2026-04-13 02:00:00+00:00,0.79228,0.79229,0.79214,0.79218
2026-04-13 02:15:00+00:00,0.79217,0.7922,0.79198,0.79202
2026-04-13 02:30:00+00:00,0.79201,0.79217,0.79188,0.79206
2026-04-13 02:45:00+00:00,0.79207,0.79211,0.79192,0.79194
2026-04-13 03:00:00+00:00,0.79194,0.79211,0.79192,0.79207
2026-04-13 03:15:00+00:00,0.79205,0.79211,0.79196,0.79203
2026-04-13 03:30:00+00:00,0.79202,0.79209,0.79188,0.7919
2026-04-13 03:45:00+00:00,0.7919,0.79198,0.79178,0.79181
2026-04-13 04:00:00+00:00,0.79181,0.79191,0.79176,0.79177
2026-04-13 04:15:00+00:00,0.79176,0.7919,0.79173,0.79185
2026-04-13 04:30:00+00:00,0.79183,0.79206,0.79178,0.79203
2026-04-13 04:45:00+00:00,0.79203,0.7921,0.79194,0.79207
2026-04-13 05:00:00+00:00,0.79207,0.79226,0.79205,0.79226
2026-04-13 05:15:00+00:00,0.79226,0.79228,0.79202,0.79207
2026-04-13 05:30:00+00:00,0.79205,0.79211,0.79187,0.792
2026-04-13 05:45:00+00:00,0.79199,0.7922,0.79196,0.79206
2026-04-13 06:00:00+00:00,0.79204,0.7921,0.79155,0.79192
2026-04-13 06:15:00+00:00,0.79191,0.792,0.79164,0.79179
2026-04-13 06:30:00+00:00,0.79177,0.7922,0.79158,0.7922
2026-04-13 06:45:00+00:00,0.79219,0.7922,0.79111,0.79124
2026-04-13 07:00:00+00:00,0.79121,0.79139,0.7904,0.79054
2026-04-13 07:15:00+00:00,0.79054,0.79061,0.79007,0.79023
2026-04-13 07:30:00+00:00,0.79021,0.79025,0.7898,0.79009
2026-04-13 07:45:00+00:00,0.79008,0.79031,0.78997,0.79003
2026-04-13 08:00:00+00:00,0.79005,0.79029,0.78985,0.7902
2026-04-13 08:15:00+00:00,0.7902,0.7905,0.79003,0.79011
2026-04-13 08:30:00+00:00,0.79009,0.7904,0.78998,0.79039
2026-04-13 08:45:00+00:00,0.79037,0.79054,0.79014,0.79047
2026-04-13 09:00:00+00:00,0.79045,0.79052,0.79007,0.79047
2026-04-13 09:15:00+00:00,0.79048,0.7905,0.7902,0.79031
2026-04-13 09:30:00+00:00,0.7903,0.79039,0.78999,0.79032
2026-04-13 09:45:00+00:00,0.7903,0.79052,0.79025,0.7904
2026-04-13 10:00:00+00:00,0.7904,0.79051,0.79022,0.7904
2026-04-13 10:15:00+00:00,0.7904,0.79051,0.79023,0.79041
2026-04-13 10:30:00+00:00,0.79041,0.79053,0.79016,0.79022
2026-04-13 10:45:00+00:00,0.7902,0.79027,0.78991,0.79006
2026-04-13 11:00:00+00:00,0.79004,0.79007,0.78949,0.78952
2026-04-13 11:15:00+00:00,0.78951,0.7897,0.78931,0.78968
2026-04-13 11:30:00+00:00,0.78968,0.79048,0.78957,0.7903
2026-04-13 11:45:00+00:00,0.79029,0.791,0.79016,0.791
2026-04-13 12:00:00+00:00,0.791,0.79115,0.79071,0.79081
2026-04-13 12:15:00+00:00,0.79081,0.79085,0.79047,0.79047
2026-04-13 12:30:00+00:00,0.79047,0.79051,0.79015,0.79019
2026-04-13 12:45:00+00:00,0.79018,0.79021,0.7896,0.78964
2026-04-13 13:00:00+00:00,0.78963,0.78968,0.78939,0.78958
2026-04-13 13:15:00+00:00,0.78958,0.78991,0.78955,0.78968
2026-04-13 13:30:00+00:00,0.78969,0.79003,0.78936,0.78936
2026-04-13 13:45:00+00:00,0.78934,0.78946,0.78871,0.78901
2026-04-13 14:00:00+00:00,0.789,0.7893,0.78823,0.78833
2026-04-13 14:15:00+00:00,0.78833,0.78844,0.78752,0.78758
2026-04-13 14:30:00+00:00,0.78758,0.78775,0.78724,0.78724
2026-04-13 14:45:00+00:00,0.78725,0.78776,0.78705,0.78756
2026-04-13 15:00:00+00:00,0.78754,0.78799,0.78753,0.78786
2026-04-13 15:15:00+00:00,0.78784,0.78796,0.78754,0.7876
2026-04-13 15:30:00+00:00,0.78761,0.78787,0.78746,0.78762
2026-04-13 15:45:00+00:00,0.7876,0.78776,0.78748,0.7877
2026-04-13 16:00:00+00:00,0.78768,0.78771,0.78731,0.78757
2026-04-13 16:15:00+00:00,0.78755,0.78757,0.78691,0.787
2026-04-13 16:30:00+00:00,0.787,0.78713,0.78602,0.78605
2026-04-13 16:45:00+00:00,0.78605,0.78627,0.78575,0.78588
2026-04-13 17:00:00+00:00,0.78584,0.78604,0.78516,0.7852
2026-04-13 17:15:00+00:00,0.78518,0.78526,0.78482,0.78486
2026-04-13 17:30:00+00:00,0.78486,0.78509,0.78483,0.78504
2026-04-13 17:45:00+00:00,0.78502,0.78538,0.78502,0.78538
2026-04-13 18:00:00+00:00,0.78535,0.78546,0.78477,0.78478
2026-04-13 18:15:00+00:00,0.78478,0.78484,0.78466,0.78475
2026-04-13 18:30:00+00:00,0.78474,0.78479,0.78399,0.78402
2026-04-13 18:45:00+00:00,0.78402,0.78405,0.78329,0.78331
2026-04-13 19:00:00+00:00,0.78331,0.78385,0.78309,0.78374
2026-04-13 19:15:00+00:00,0.78373,0.78392,0.78358,0.7836
2026-04-13 19:30:00+00:00,0.78361,0.78383,0.78357,0.78379
2026-04-13 19:45:00+00:00,0.78379,0.78387,0.78359,0.78376
2026-04-13 20:00:00+00:00,0.78369,0.78404,0.78361,0.78378
2026-04-13 20:15:00+00:00,0.78377,0.78395,0.78369,0.78386
2026-04-13 20:30:00+00:00,0.78386,0.78392,0.78381,0.78389
2026-04-13 20:45:00+00:00,0.78389,0.78402,0.78383,0.78391
2026-04-13 21:00:00+00:00,0.78385,0.78485,0.78319,0.78393
2026-04-13 21:15:00+00:00,0.78391,0.78394,0.78368,0.78371
2026-04-13 21:30:00+00:00,0.78371,0.78382,0.78366,0.78376
2026-04-13 21:45:00+00:00,0.78376,0.78385,0.78368,0.78384
2026-04-13 22:00:00+00:00,0.78381,0.78415,0.78322,0.78354
2026-04-13 22:15:00+00:00,0.78352,0.78372,0.7835,0.78357
2026-04-13 22:30:00+00:00,0.78357,0.78364,0.78354,0.78363
2026-04-13 22:45:00+00:00,0.78363,0.78369,0.78357,0.78361
2026-04-13 23:00:00+00:00,0.7836,0.78424,0.78332,0.78342
2026-04-13 23:15:00+00:00,0.7834,0.78343,0.78334,0.78335
2026-04-13 23:30:00+00:00,0.78335,0.78342,0.7833,0.78335
2026-04-13 23:45:00+00:00,0.78335,0.78336,0.78317,0.78326
2026-04-14 00:00:00+00:00,0.78325,0.78367,0.78325,0.78346
2026-04-14 00:15:00+00:00,0.78346,0.78356,0.78315,0.78338
2026-04-14 00:30:00+00:00,0.78337,0.7834,0.78324,0.78326
2026-04-14 00:45:00+00:00,0.78326,0.78332,0.7831,0.7831
2026-04-14 01:00:00+00:00,0.7831,0.78324,0.78299,0.78312
2026-04-14 01:15:00+00:00,0.7831,0.78341,0.7831,0.78317
2026-04-14 01:30:00+00:00,0.78317,0.78354,0.78316,0.78345
2026-04-14 01:45:00+00:00,0.78344,0.7836,0.78335,0.78356
2026-04-14 02:00:00+00:00,0.78356,0.78371,0.78342,0.78366
2026-04-14 02:15:00+00:00,0.78364,0.78378,0.78357,0.78376
2026-04-14 02:30:00+00:00,0.78375,0.78383,0.7836,0.7836
2026-04-14 02:45:00+00:00,0.78361,0.78378,0.78359,0.78364
2026-04-14 03:00:00+00:00,0.78365,0.78377,0.78363,0.78377
2026-04-14 03:15:00+00:00,0.78375,0.78378,0.7836,0.78371
2026-04-14 03:30:00+00:00,0.78369,0.78372,0.78324,0.78331
2026-04-14 03:45:00+00:00,0.78331,0.78339,0.78296,0.78301
2026-04-14 04:00:00+00:00,0.78302,0.78314,0.78301,0.78314
2026-04-14 04:15:00+00:00,0.78312,0.78326,0.78294,0.783
2026-04-14 04:30:00+00:00,0.78299,0.78315,0.78299,0.78311
2026-04-14 04:45:00+00:00,0.78311,0.78313,0.78297,0.78309
2026-04-14 05:00:00+00:00,0.7831,0.78326,0.78293,0.78326
2026-04-14 05:15:00+00:00,0.78325,0.78359,0.78321,0.78359
2026-04-14 05:30:00+00:00,0.78357,0.78367,0.78328,0.78333
2026-04-14 05:45:00+00:00,0.78332,0.78345,0.78323,0.78336
2026-04-14 06:00:00+00:00,0.78332,0.78351,0.78278,0.78346
2026-04-14 06:15:00+00:00,0.78345,0.78373,0.78335,0.78338
2026-04-14 06:30:00+00:00,0.78336,0.7834,0.78297,0.78299
2026-04-14 06:45:00+00:00,0.78297,0.78302,0.78232,0.78236
2026-04-14 07:00:00+00:00,0.78235,0.78241,0.78049,0.78122
2026-04-14 07:15:00+00:00,0.78122,0.78151,0.78111,0.78111
2026-04-14 07:30:00+00:00,0.78113,0.78122,0.78023,0.78049
2026-04-14 07:45:00+00:00,0.78048,0.78109,0.78019,0.78109
2026-04-14 08:00:00+00:00,0.78114,0.78182,0.78094,0.78162
2026-04-14 08:15:00+00:00,0.78162,0.78179,0.78145,0.78145
2026-04-14 08:30:00+00:00,0.78147,0.78161,0.78077,0.78082
2026-04-14 08:45:00+00:00,0.78081,0.78109,0.78051,0.78055
2026-04-14 09:00:00+00:00,0.78056,0.78064,0.78007,0.78035
2026-04-14 09:15:00+00:00,0.78035,0.78069,0.78003,0.78066
2026-04-14 09:30:00+00:00,0.78062,0.78093,0.78011,0.78049
2026-04-14 09:45:00+00:00,0.78046,0.78098,0.78031,0.7807
2026-04-14 10:00:00+00:00,0.7807,0.78072,0.7801,0.78017
2026-04-14 10:15:00+00:00,0.78018,0.78073,0.78017,0.78061
2026-04-14 10:30:00+00:00,0.78058,0.78085,0.78042,0.78077
2026-04-14 10:45:00+00:00,0.78076,0.78085,0.78058,0.78077
2026-04-14 11:00:00+00:00,0.78078,0.78091,0.78044,0.78044
2026-04-14 11:15:00+00:00,0.78045,0.78047,0.78009,0.78009
2026-04-14 11:30:00+00:00,0.78008,0.78073,0.78006,0.78047
2026-04-14 11:45:00+00:00,0.78046,0.78059,0.78016,0.78026
2026-04-14 12:00:00+00:00,0.78027,0.78094,0.78019,0.78038
2026-04-14 12:15:00+00:00,0.78038,0.78054,0.77984,0.78005
2026-04-14 12:30:00+00:00,0.78006,0.78036,0.77979,0.78019
2026-04-14 12:45:00+00:00,0.78018,0.78022,0.77989,0.77998
2026-04-14 13:00:00+00:00,0.77997,0.78032,0.7798,0.78017
2026-04-14 13:15:00+00:00,0.78018,0.78063,0.78016,0.78062
2026-04-14 13:30:00+00:00,0.78062,0.781,0.78002,0.78022
2026-04-14 13:45:00+00:00,0.78019,0.78072,0.78019,0.78065
2026-04-14 14:00:00+00:00,0.78064,0.78071,0.77973,0.77979
2026-04-14 14:15:00+00:00,0.77978,0.77986,0.77912,0.77923
2026-04-14 14:30:00+00:00,0.77923,0.77962,0.7792,0.77955
2026-04-14 14:45:00+00:00,0.77955,0.77974,0.7794,0.77971
2026-04-14 15:00:00+00:00,0.77969,0.78037,0.7796,0.78012
2026-04-14 15:15:00+00:00,0.78015,0.78067,0.78009,0.78059
2026-04-14 15:30:00+00:00,0.78059,0.78092,0.78044,0.7809
2026-04-14 15:45:00+00:00,0.78089,0.7812,0.78085,0.78098
2026-04-14 16:00:00+00:00,0.78096,0.78127,0.78091,0.78111
2026-04-14 16:15:00+00:00,0.78109,0.78114,0.7807,0.78072
2026-04-14 16:30:00+00:00,0.78073,0.78093,0.7807,0.78075
2026-04-14 16:45:00+00:00,0.78073,0.78122,0.78073,0.7812
2026-04-14 17:00:00+00:00,0.78118,0.78121,0.78094,0.78103
2026-04-14 17:15:00+00:00,0.78103,0.78107,0.78065,0.78068
2026-04-14 17:30:00+00:00,0.78069,0.78091,0.78062,0.78067
2026-04-14 17:45:00+00:00,0.78066,0.78105,0.78062,0.78082
2026-04-14 18:00:00+00:00,0.7808,0.78094,0.78072,0.78089
2026-04-14 18:15:00+00:00,0.78088,0.78117,0.78088,0.78109
2026-04-14 18:30:00+00:00,0.7811,0.78116,0.78099,0.78113
2026-04-14 18:45:00+00:00,0.78112,0.7814,0.78105,0.78118
2026-04-14 19:00:00+00:00,0.78116,0.78128,0.78109,0.78123
2026-04-14 19:15:00+00:00,0.78122,0.78129,0.78114,0.78122
2026-04-14 19:30:00+00:00,0.78122,0.78137,0.78114,0.78124
2026-04-14 19:45:00+00:00,0.78124,0.78138,0.7812,0.78137
2026-04-14 20:00:00+00:00,0.78135,0.78139,0.78114,0.78118
2026-04-14 20:15:00+00:00,0.78117,0.78124,0.78093,0.781
2026-04-14 20:30:00+00:00,0.78101,0.78114,0.78096,0.7811
2026-04-14 20:45:00+00:00,0.7811,0.78113,0.78097,0.781
2026-04-14 21:00:00+00:00,0.781,0.78123,0.78091,0.78099
2026-04-14 21:15:00+00:00,0.78097,0.78122,0.78097,0.78109
2026-04-14 21:30:00+00:00,0.78109,0.78119,0.78105,0.78114
2026-04-14 21:45:00+00:00,0.78114,0.78116,0.78097,0.78105
2026-04-14 22:00:00+00:00,0.78106,0.78108,0.7808,0.78092
2026-04-14 22:15:00+00:00,0.78091,0.78095,0.78074,0.78094
2026-04-14 22:30:00+00:00,0.78093,0.78111,0.78087,0.78106
2026-04-14 22:45:00+00:00,0.78106,0.78109,0.781,0.78103
2026-04-14 23:00:00+00:00,0.78102,0.78116,0.78099,0.78114
2026-04-14 23:15:00+00:00,0.78112,0.78116,0.78087,0.78088
2026-04-14 23:30:00+00:00,0.78088,0.78099,0.78062,0.78081
2026-04-14 23:45:00+00:00,0.78081,0.78099,0.78077,0.78095
2026-04-15 00:00:00+00:00,0.78095,0.78147,0.78095,0.78147
2026-04-15 00:15:00+00:00,0.78145,0.78149,0.78124,0.7813
2026-04-15 00:30:00+00:00,0.78128,0.78167,0.7812,0.78159
2026-04-15 00:45:00+00:00,0.78159,0.78161,0.78105,0.78105
2026-04-15 01:00:00+00:00,0.78105,0.7815,0.7808,0.78091
2026-04-15 01:15:00+00:00,0.78089,0.78115,0.78089,0.78107
2026-04-15 01:30:00+00:00,0.78106,0.78111,0.78098,0.78109
2026-04-15 01:45:00+00:00,0.78109,0.78156,0.78089,0.78138
2026-04-15 02:00:00+00:00,0.78138,0.78148,0.78115,0.78143
2026-04-15 02:15:00+00:00,0.78141,0.78178,0.78134,0.78177
2026-04-15 02:30:00+00:00,0.78176,0.78201,0.78172,0.7818
2026-04-15 02:45:00+00:00,0.7818,0.78185,0.78171,0.78176
2026-04-15 03:00:00+00:00,0.78176,0.78193,0.78167,0.78172
2026-04-15 03:15:00+00:00,0.78172,0.78174,0.78143,0.7815
2026-04-15 03:30:00+00:00,0.78148,0.78159,0.78145,0.78147
2026-04-15 03:45:00+00:00,0.78146,0.78147,0.78127,0.78137
2026-04-15 04:00:00+00:00,0.78137,0.78143,0.78133,0.78139
2026-04-15 04:15:00+00:00,0.78138,0.78144,0.78134,0.78141
2026-04-15 04:30:00+00:00,0.78139,0.78146,0.78126,0.78138
2026-04-15 04:45:00+00:00,0.78137,0.78143,0.78127,0.78129
2026-04-15 05:00:00+00:00,0.78129,0.78131,0.78113,0.78119
2026-04-15 05:15:00+00:00,0.78118,0.7812,0.78087,0.78109
2026-04-15 05:30:00+00:00,0.78107,0.78133,0.78107,0.78126
2026-04-15 05:45:00+00:00,0.78125,0.78131,0.78094,0.78099
2026-04-15 06:00:00+00:00,0.78099,0.78106,0.78077,0.78105
2026-04-15 06:15:00+00:00,0.78104,0.78137,0.78093,0.78117
2026-04-15 06:30:00+00:00,0.78116,0.78142,0.78109,0.78136
2026-04-15 06:45:00+00:00,0.78135,0.78139,0.78118,0.78122
2026-04-15 07:00:00+00:00,0.78123,0.78135,0.7809,0.78114
2026-04-15 07:15:00+00:00,0.78114,0.78131,0.78098,0.78111
2026-04-15 07:30:00+00:00,0.78111,0.78114,0.78075,0.7808
2026-04-15 07:45:00+00:00,0.78079,0.78124,0.78077,0.78119
2026-04-15 08:00:00+00:00,0.78117,0.78121,0.78042,0.78043
2026-04-15 08:15:00+00:00,0.78043,0.78046,0.77993,0.78014
2026-04-15 08:30:00+00:00,0.78012,0.78079,0.78012,0.78075
2026-04-15 08:45:00+00:00,0.78073,0.7811,0.78065,0.78079
2026-04-15 09:00:00+00:00,0.7808,0.78202,0.78079,0.78186
2026-04-15 09:15:00+00:00,0.78186,0.78191,0.78135,0.78169
2026-04-15 09:30:00+00:00,0.78168,0.78199,0.78158,0.7817
2026-04-15 09:45:00+00:00,0.78168,0.7819,0.78166,0.78171
2026-04-15 10:00:00+00:00,0.78171,0.78189,0.78149,0.78161
2026-04-15 10:15:00+00:00,0.78162,0.78257,0.78156,0.78256
2026-04-15 10:30:00+00:00,0.78256,0.78264,0.78188,0.78221
2026-04-15 10:45:00+00:00,0.78219,0.78247,0.78196,0.78247
2026-04-15 11:00:00+00:00,0.78248,0.78266,0.78231,0.78257
2026-04-15 11:15:00+00:00,0.78257,0.78281,0.78254,0.78279
2026-04-15 11:30:00+00:00,0.78279,0.78294,0.78258,0.78289
2026-04-15 11:45:00+00:00,0.78288,0.78306,0.78246,0.78256
2026-04-15 12:00:00+00:00,0.78255,0.78274,0.78237,0.78267
2026-04-15 12:15:00+00:00,0.78267,0.7827,0.78226,0.78241
2026-04-15 12:30:00+00:00,0.78241,0.78281,0.78227,0.7828
2026-04-15 12:45:00+00:00,0.78278,0.78293,0.78223,0.78244
2026-04-15 13:00:00+00:00,0.78243,0.78244,0.78219,0.78227
2026-04-15 13:15:00+00:00,0.78226,0.78236,0.78155,0.78158
2026-04-15 13:30:00+00:00,0.78158,0.78213,0.78136,0.78199
2026-04-15 13:45:00+00:00,0.78197,0.78216,0.78171,0.78191
2026-04-15 14:00:00+00:00,0.7819,0.78201,0.7811,0.78117
2026-04-15 14:15:00+00:00,0.78119,0.7813,0.78076,0.78081
2026-04-15 14:30:00+00:00,0.78081,0.78151,0.78076,0.78141
2026-04-15 14:45:00+00:00,0.78139,0.78163,0.7812,0.78156
2026-04-15 15:00:00+00:00,0.78155,0.78164,0.78128,0.78132
2026-04-15 15:15:00+00:00,0.78132,0.78149,0.78093,0.78108
2026-04-15 15:30:00+00:00,0.78109,0.78159,0.78106,0.78126
2026-04-15 15:45:00+00:00,0.78125,0.78159,0.78117,0.78149
2026-04-15 16:00:00+00:00,0.78147,0.78156,0.78133,0.78138
2026-04-15 16:15:00+00:00,0.78137,0.78156,0.78133,0.78139
2026-04-15 16:30:00+00:00,0.7814,0.78173,0.78133,0.78155
2026-04-15 16:45:00+00:00,0.78155,0.78176,0.78146,0.78169
2026-04-15 17:00:00+00:00,0.78167,0.78171,0.78142,0.7815
2026-04-15 17:15:00+00:00,0.78149,0.78178,0.78147,0.78177
2026-04-15 17:30:00+00:00,0.78178,0.78222,0.78172,0.7822
2026-04-15 17:45:00+00:00,0.78219,0.78237,0.78216,0.78219
2026-04-15 18:00:00+00:00,0.78217,0.78221,0.78177,0.78186
2026-04-15 18:15:00+00:00,0.78185,0.78187,0.78165,0.78172
2026-04-15 18:30:00+00:00,0.78174,0.78183,0.78166,0.7818
2026-04-15 18:45:00+00:00,0.7818,0.78181,0.78141,0.78173
2026-04-15 19:00:00+00:00,0.78171,0.78174,0.78142,0.78172
2026-04-15 19:15:00+00:00,0.78171,0.78183,0.78164,0.78171
2026-04-15 19:30:00+00:00,0.78172,0.78178,0.78161,0.78173
2026-04-15 19:45:00+00:00,0.78173,0.78174,0.78162,0.78169
2026-04-15 20:00:00+00:00,0.78167,0.78197,0.78167,0.78189
2026-04-15 20:15:00+00:00,0.78188,0.78195,0.78183,0.78192
2026-04-15 20:30:00+00:00,0.78192,0.78201,0.78191,0.78194
2026-04-15 20:45:00+00:00,0.78194,0.78212,0.78191,0.782
2026-04-15 21:00:00+00:00,0.782,0.78277,0.78188,0.78271
2026-04-15 21:15:00+00:00,0.7827,0.78272,0.78244,0.78251
2026-04-15 21:30:00+00:00,0.7825,0.78251,0.78198,0.78206
2026-04-15 21:45:00+00:00,0.78207,0.7822,0.78202,0.7822
2026-04-15 22:00:00+00:00,0.78223,0.78223,0.78153,0.78158
2026-04-15 22:15:00+00:00,0.78156,0.78169,0.78156,0.78166
2026-04-15 22:30:00+00:00,0.78166,0.78168,0.78152,0.78154
2026-04-15 22:45:00+00:00,0.78155,0.78158,0.78151,0.78155
2026-04-15 23:00:00+00:00,0.78155,0.78156,0.78139,0.78148
2026-04-15 23:15:00+00:00,0.78145,0.78158,0.78145,0.78155
2026-04-15 23:30:00+00:00,0.78155,0.78157,0.78124,0.78133
2026-04-15 23:45:00+00:00,0.78133,0.78143,0.78131,0.78137
2026-04-16 00:00:00+00:00,0.78137,0.78155,0.78129,0.78143
2026-04-16 00:15:00+00:00,0.78141,0.78145,0.78133,0.78134
2026-04-16 00:30:00+00:00,0.78132,0.7814,0.78126,0.78135
2026-04-16 00:45:00+00:00,0.78136,0.78143,0.78108,0.78111
2026-04-16 01:00:00+00:00,0.78111,0.78114,0.78093,0.78101
2026-04-16 01:15:00+00:00,0.78098,0.78119,0.78098,0.78118
2026-04-16 01:30:00+00:00,0.78116,0.78164,0.78114,0.78134
2026-04-16 01:45:00+00:00,0.78134,0.7814,0.78118,0.78137
2026-04-16 02:00:00+00:00,0.78137,0.78139,0.78118,0.78139
2026-04-16 02:15:00+00:00,0.78138,0.78141,0.78126,0.78131
2026-04-16 02:30:00+00:00,0.78129,0.78132,0.78062,0.78066
2026-04-16 02:45:00+00:00,0.78065,0.78081,0.78044,0.78046
2026-04-16 03:00:00+00:00,0.78046,0.78049,0.77995,0.7802
2026-04-16 03:15:00+00:00,0.78019,0.7804,0.78017,0.78032
2026-04-16 03:30:00+00:00,0.7803,0.78053,0.78021,0.78047
2026-04-16 03:45:00+00:00,0.78046,0.78052,0.78036,0.78046
2026-04-16 04:00:00+00:00,0.78048,0.78073,0.78044,0.78067
2026-04-16 04:15:00+00:00,0.78066,0.78069,0.78049,0.78067
2026-04-16 04:30:00+00:00,0.78065,0.7807,0.78057,0.78068
2026-04-16 04:45:00+00:00,0.78068,0.78082,0.78068,0.78078
2026-04-16 05:00:00+00:00,0.7808,0.7809,0.78072,0.78088
2026-04-16 05:15:00+00:00,0.78087,0.78121,0.78081,0.78116
2026-04-16 05:30:00+00:00,0.78114,0.7813,0.78095,0.7813
2026-04-16 05:45:00+00:00,0.78128,0.7813,0.78102,0.78118
2026-04-16 06:00:00+00:00,0.78118,0.78136,0.78102,0.78115
2026-04-16 06:15:00+00:00,0.78114,0.78154,0.78114,0.78147
2026-04-16 06:30:00+00:00,0.78146,0.7816,0.78128,0.78129
2026-04-16 06:45:00+00:00,0.78128,0.78132,0.78083,0.78083
2026-04-16 07:00:00+00:00,0.78083,0.78114,0.78068,0.78111
2026-04-16 07:15:00+00:00,0.78111,0.78177,0.78111,0.78162
2026-04-16 07:30:00+00:00,0.78161,0.78205,0.78159,0.78198
2026-04-16 07:45:00+00:00,0.78197,0.78221,0.78194,0.78199
2026-04-16 08:00:00+00:00,0.782,0.78246,0.78197,0.78228
2026-04-16 08:15:00+00:00,0.78228,0.78298,0.78217,0.78282
2026-04-16 08:30:00+00:00,0.78282,0.78291,0.78253,0.78257
2026-04-16 08:45:00+00:00,0.78255,0.78261,0.78206,0.78238
2026-04-16 09:00:00+00:00,0.78239,0.78323,0.78232,0.78322
2026-04-16 09:15:00+00:00,0.78323,0.78376,0.78316,0.78375
2026-04-16 09:30:00+00:00,0.78372,0.78401,0.78333,0.78363
2026-04-16 09:45:00+00:00,0.78362,0.78366,0.78335,0.78364
2026-04-16 10:00:00+00:00,0.78366,0.78434,0.78361,0.78379
2026-04-16 10:15:00+00:00,0.78378,0.78438,0.78373,0.78436
2026-04-16 10:30:00+00:00,0.78435,0.78437,0.78403,0.78412
2026-04-16 10:45:00+00:00,0.78411,0.78418,0.78385,0.7839
2026-04-16 11:00:00+00:00,0.78389,0.78402,0.78334,0.78348
2026-04-16 11:15:00+00:00,0.78348,0.78368,0.78338,0.78354
2026-04-16 11:30:00+00:00,0.78354,0.78362,0.78332,0.78332
2026-04-16 11:45:00+00:00,0.78332,0.78347,0.78316,0.7833
2026-04-16 12:00:00+00:00,0.78329,0.78364,0.78323,0.78359
2026-04-16 12:15:00+00:00,0.78358,0.78388,0.78347,0.78348
2026-04-16 12:30:00+00:00,0.78347,0.78385,0.78335,0.78351
2026-04-16 12:45:00+00:00,0.78353,0.78371,0.78317,0.78348
2026-04-16 13:00:00+00:00,0.78347,0.78367,0.78331,0.78347
2026-04-16 13:15:00+00:00,0.78346,0.78357,0.78314,0.78332
2026-04-16 13:30:00+00:00,0.78332,0.78341,0.78314,0.78336
2026-04-16 13:45:00+00:00,0.78336,0.78359,0.7831,0.78329
2026-04-16 14:00:00+00:00,0.78328,0.78358,0.78284,0.78291
2026-04-16 14:15:00+00:00,0.78291,0.78326,0.78285,0.7829
2026-04-16 14:30:00+00:00,0.7829,0.78312,0.78262,0.78288
2026-04-16 14:45:00+00:00,0.78287,0.78389,0.78284,0.78383
2026-04-16 15:00:00+00:00,0.78381,0.78404,0.78381,0.78394
2026-04-16 15:15:00+00:00,0.78394,0.78413,0.78389,0.78407
2026-04-16 15:30:00+00:00,0.78407,0.78414,0.78369,0.7839
2026-04-16 15:45:00+00:00,0.78389,0.78399,0.78348,0.78349
2026-04-16 16:00:00+00:00,0.78349,0.78358,0.7832,0.78321
2026-04-16 16:15:00+00:00,0.7832,0.78348,0.78304,0.78347
2026-04-16 16:30:00+00:00,0.78348,0.78414,0.78344,0.784
2026-04-16 16:45:00+00:00,0.78399,0.78425,0.78391,0.78409
2026-04-16 17:00:00+00:00,0.78408,0.78418,0.78387,0.78418
2026-04-16 17:15:00+00:00,0.78419,0.78434,0.78401,0.78408
2026-04-16 17:30:00+00:00,0.78409,0.78424,0.78391,0.7842
2026-04-16 17:45:00+00:00,0.78419,0.78454,0.78419,0.78447
2026-04-16 18:00:00+00:00,0.78447,0.78449,0.78387,0.78423
2026-04-16 18:15:00+00:00,0.78421,0.78425,0.78397,0.78405
2026-04-16 18:30:00+00:00,0.78403,0.78406,0.7836,0.78373
2026-04-16 18:45:00+00:00,0.78373,0.78379,0.78343,0.78355
2026-04-16 19:00:00+00:00,0.78354,0.78356,0.7831,0.78323
2026-04-16 19:15:00+00:00,0.78322,0.78328,0.78301,0.78305
2026-04-16 19:30:00+00:00,0.78306,0.78311,0.78294,0.78308
2026-04-16 19:45:00+00:00,0.78308,0.78336,0.78303,0.78332
2026-04-16 20:00:00+00:00,0.7833,0.78358,0.78325,0.7835
2026-04-16 20:15:00+00:00,0.78349,0.78359,0.78347,0.78349
2026-04-16 20:30:00+00:00,0.78348,0.7835,0.78334,0.78344
2026-04-16 20:45:00+00:00,0.78344,0.78364,0.78339,0.78361
2026-04-16 21:00:00+00:00,0.78359,0.78388,0.78345,0.78356
2026-04-16 21:15:00+00:00,0.78355,0.78357,0.78337,0.78352
2026-04-16 21:30:00+00:00,0.78351,0.78353,0.7834,0.78345
2026-04-16 21:45:00+00:00,0.78346,0.78353,0.78342,0.78344
2026-04-16 22:00:00+00:00,0.78342,0.78352,0.78311,0.78319
2026-04-16 22:15:00+00:00,0.78316,0.7834,0.78314,0.78326
2026-04-16 22:30:00+00:00,0.78326,0.78342,0.78325,0.78333
2026-04-16 22:45:00+00:00,0.78333,0.78341,0.78332,0.78335
2026-04-16 23:00:00+00:00,0.78334,0.78347,0.78331,0.78331
2026-04-16 23:15:00+00:00,0.78329,0.78336,0.78303,0.78315
2026-04-16 23:30:00+00:00,0.78314,0.7832,0.78307,0.78309
2026-04-16 23:45:00+00:00,0.7831,0.78328,0.78308,0.78327
2026-04-17 00:00:00+00:00,0.78326,0.7835,0.78324,0.78342
2026-04-17 00:15:00+00:00,0.78339,0.78349,0.78325,0.78328
2026-04-17 00:30:00+00:00,0.78326,0.78328,0.78298,0.78315
2026-04-17 00:45:00+00:00,0.78316,0.78333,0.7831,0.78328
2026-04-17 01:00:00+00:00,0.78328,0.78356,0.78326,0.78337
2026-04-17 01:15:00+00:00,0.78336,0.78348,0.78331,0.78347
2026-04-17 01:30:00+00:00,0.78346,0.78349,0.78334,0.78342
2026-04-17 01:45:00+00:00,0.78341,0.78346,0.78334,0.78334
2026-04-17 02:00:00+00:00,0.78334,0.78387,0.78334,0.78382
2026-04-17 02:15:00+00:00,0.78381,0.78384,0.78362,0.78363
2026-04-17 02:30:00+00:00,0.78361,0.78366,0.7835,0.78362
2026-04-17 02:45:00+00:00,0.78362,0.78367,0.78357,0.78361
2026-04-17 03:00:00+00:00,0.78362,0.78364,0.78338,0.78351
2026-04-17 03:15:00+00:00,0.7835,0.78384,0.7835,0.78384
2026-04-17 03:30:00+00:00,0.78383,0.78387,0.78357,0.78359
2026-04-17 03:45:00+00:00,0.78359,0.78363,0.78321,0.78331
2026-04-17 04:00:00+00:00,0.78332,0.78339,0.78323,0.78328
2026-04-17 04:15:00+00:00,0.78327,0.78338,0.78323,0.78325
2026-04-17 04:30:00+00:00,0.78323,0.78339,0.78323,0.78332
2026-04-17 04:45:00+00:00,0.78331,0.78342,0.78327,0.78332
2026-04-17 05:00:00+00:00,0.78333,0.78347,0.78327,0.78329
2026-04-17 05:15:00+00:00,0.78329,0.78343,0.78326,0.78329
2026-04-17 05:30:00+00:00,0.78326,0.78343,0.78323,0.78331
2026-04-17 05:45:00+00:00,0.7833,0.78342,0.78324,0.7834
2026-04-17 06:00:00+00:00,0.78342,0.78354,0.78318,0.78347
2026-04-17 06:15:00+00:00,0.78347,0.78365,0.78344,0.78352
2026-04-17 06:30:00+00:00,0.78349,0.78377,0.78346,0.78369
2026-04-17 06:45:00+00:00,0.78368,0.78405,0.78356,0.784
2026-04-17 07:00:00+00:00,0.78398,0.78402,0.78354,0.78364
2026-04-17 07:15:00+00:00,0.78364,0.78376,0.78338,0.78345
2026-04-17 07:30:00+00:00,0.78343,0.78358,0.78342,0.78345
2026-04-17 07:45:00+00:00,0.78344,0.78351,0.78311,0.78317
2026-04-17 08:00:00+00:00,0.78316,0.78325,0.78307,0.78321
2026-04-17 08:15:00+00:00,0.78322,0.78344,0.7831,0.7831
2026-04-17 08:30:00+00:00,0.7831,0.78319,0.78272,0.78272
2026-04-17 08:45:00+00:00,0.7827,0.78282,0.78225,0.78227
2026-04-17 09:00:00+00:00,0.78226,0.78276,0.78202,0.78262
2026-04-17 09:15:00+00:00,0.78263,0.78269,0.78208,0.78209
2026-04-17 09:30:00+00:00,0.78208,0.7823,0.78203,0.78227
2026-04-17 09:45:00+00:00,0.78226,0.78238,0.78211,0.78238
2026-04-17 10:00:00+00:00,0.78239,0.78255,0.78201,0.78212
2026-04-17 10:15:00+00:00,0.78212,0.78245,0.78209,0.78245
2026-04-17 10:30:00+00:00,0.78244,0.7826,0.78236,0.78251
2026-04-17 10:45:00+00:00,0.7825,0.78262,0.78239,0.78262
2026-04-17 11:00:00+00:00,0.7826,0.78275,0.78244,0.78257
2026-04-17 11:15:00+00:00,0.78258,0.7826,0.78238,0.78247
2026-04-17 11:30:00+00:00,0.78246,0.78271,0.78236,0.7825
2026-04-17 11:45:00+00:00,0.7825,0.78272,0.78232,0.7826
2026-04-17 12:00:00+00:00,0.78259,0.78265,0.78226,0.78246
2026-04-17 12:15:00+00:00,0.78246,0.78251,0.78178,0.78198
2026-04-17 12:30:00+00:00,0.78198,0.782,0.78125,0.78158
2026-04-17 12:45:00+00:00,0.78157,0.7816,0.7793,0.77939
2026-04-17 13:00:00+00:00,0.77938,0.7794,0.77785,0.77832
2026-04-17 13:15:00+00:00,0.77833,0.77992,0.77813,0.77949
2026-04-17 13:30:00+00:00,0.7795,0.77965,0.77866,0.77896
2026-04-17 13:45:00+00:00,0.77893,0.77999,0.77849,0.77857
2026-04-17 14:00:00+00:00,0.77855,0.77879,0.7782,0.77857
2026-04-17 14:15:00+00:00,0.77856,0.77866,0.77763,0.77807
2026-04-17 14:30:00+00:00,0.77808,0.77878,0.7778,0.77803
2026-04-17 14:45:00+00:00,0.77799,0.7788,0.7779,0.77876
2026-04-17 15:00:00+00:00,0.77873,0.77938,0.77866,0.77876
2026-04-17 15:15:00+00:00,0.77877,0.77964,0.77875,0.77947
2026-04-17 15:30:00+00:00,0.77948,0.77974,0.77903,0.77966
2026-04-17 15:45:00+00:00,0.77965,0.77973,0.77919,0.77961
2026-04-17 16:00:00+00:00,0.7796,0.77981,0.77951,0.77958
2026-04-17 16:15:00+00:00,0.77956,0.77966,0.77901,0.77921
2026-04-17 16:30:00+00:00,0.77923,0.77937,0.77908,0.7792
2026-04-17 16:45:00+00:00,0.7792,0.77955,0.77908,0.77945
2026-04-17 17:00:00+00:00,0.77941,0.78046,0.7793,0.78039
2026-04-17 17:15:00+00:00,0.78038,0.78039,0.77983,0.78019
2026-04-17 17:30:00+00:00,0.78019,0.7802,0.77997,0.78
2026-04-17 17:45:00+00:00,0.77999,0.78002,0.77953,0.77959
2026-04-17 18:00:00+00:00,0.77958,0.77991,0.77948,0.77991
2026-04-17 18:15:00+00:00,0.7799,0.77993,0.7795,0.77977
2026-04-17 18:30:00+00:00,0.77979,0.78008,0.7796,0.78008
2026-04-17 18:45:00+00:00,0.78008,0.78101,0.77998,0.78073
2026-04-17 19:00:00+00:00,0.78072,0.78082,0.78033,0.78049
2026-04-17 19:15:00+00:00,0.78048,0.7809,0.78037,0.78086
2026-04-17 19:30:00+00:00,0.78086,0.78122,0.78085,0.78119
2026-04-17 19:45:00+00:00,0.78119,0.78143,0.78112,0.78143
2026-04-17 20:00:00+00:00,0.78144,0.78151,0.7812,0.78123
2026-04-17 20:15:00+00:00,0.78121,0.78155,0.78115,0.78155
2026-04-17 20:30:00+00:00,0.78157,0.78174,0.78147,0.7815
2026-04-17 20:45:00+00:00,0.78151,0.78187,0.7815,0.78175
2026-04-17 21:00:00+00:00,0.78176,0.78187,0.78158,0.78186
2026-04-17 21:15:00+00:00,0.78185,0.78211,0.78166,0.78208
2026-04-17 21:30:00+00:00,0.78208,0.78279,0.78207,0.78257
2026-04-17 21:45:00+00:00,0.7826,0.78343,0.78234,0.78322
2026-04-17 22:00:00+00:00,0.78323,0.78472,0.78204,0.78348
2026-04-17 22:15:00+00:00,0.78339,0.78472,0.78231,0.78304
2026-04-17 22:30:00+00:00,0.783,0.78343,0.78236,0.78271
2026-04-17 22:45:00+00:00,0.78276,0.78329,0.78255,0.78308
2026-04-17 23:00:00+00:00,0.78314,0.7835,0.78205,0.78277
2026-04-17 23:15:00+00:00,0.78271,0.78339,0.78235,0.78294
2026-04-17 23:30:00+00:00,0.78291,0.78335,0.78197,0.78246
2026-04-17 23:45:00+00:00,0.78256,0.78347,0.78206,0.78275
2026-04-18 00:00:00+00:00,0.78277,0.78277,0.78098,0.78103
2026-04-18 00:15:00+00:00,0.78102,0.78112,0.78099,0.78112
2026-04-18 00:30:00+00:00,0.78111,0.78112,0.781,0.781
2026-04-18 00:45:00+00:00,0.78101,0.78111,0.781,0.78101
2026-04-18 01:00:00+00:00,0.78101,0.78104,0.781,0.78102
2026-04-18 01:15:00+00:00,0.78101,0.78115,0.78099,0.78102
2026-04-18 01:30:00+00:00,0.781,0.78134,0.78098,0.78115
2026-04-18 01:45:00+00:00,0.78114,0.78116,0.781,0.781
2026-04-18 02:00:00+00:00,0.78101,0.78111,0.78099,0.78103
2026-04-18 02:15:00+00:00,0.78101,0.78104,0.78099,0.78102
2026-04-18 02:30:00+00:00,0.781,0.78112,0.78099,0.781
2026-04-18 02:45:00+00:00,0.781,0.78115,0.78099,0.78103
2026-04-18 03:00:00+00:00,0.78104,0.78108,0.78099,0.78101
2026-04-18 03:15:00+00:00,0.781,0.78131,0.78098,0.78104
2026-04-18 03:30:00+00:00,0.78102,0.78123,0.78063,0.78063
2026-04-18 03:45:00+00:00,0.78063,0.78088,0.7806,0.78065
2026-04-18 04:00:00+00:00,0.78065,0.7809,0.78061,0.78067
2026-04-18 04:15:00+00:00,0.78067,0.78096,0.78062,0.78095
2026-04-18 04:30:00+00:00,0.78094,0.7811,0.78092,0.78096
2026-04-18 04:45:00+00:00,0.78096,0.78099,0.78094,0.78095
2026-04-18 05:00:00+00:00,0.78095,0.78129,0.78091,0.78096
2026-04-18 05:15:00+00:00,0.78095,0.78109,0.78094,0.78103
2026-04-18 05:30:00+00:00,0.78101,0.78104,0.78095,0.78097
2026-04-18 05:45:00+00:00,0.78096,0.78108,0.78095,0.78096
2026-04-18 06:00:00+00:00,0.78097,0.78099,0.78094,0.78096
2026-04-18 06:15:00+00:00,0.78096,0.78114,0.78094,0.78098
2026-04-18 06:30:00+00:00,0.78096,0.78141,0.78093,0.7811
2026-04-18 06:45:00+00:00,0.78108,0.78121,0.78095,0.78095
2026-04-18 07:00:00+00:00,0.78096,0.78117,0.78094,0.78097
2026-04-18 07:15:00+00:00,0.78097,0.78099,0.78095,0.78097
2026-04-18 07:30:00+00:00,0.78096,0.78109,0.78094,0.78097
2026-04-18 07:45:00+00:00,0.78096,0.7811,0.78094,0.78103
2026-04-18 08:00:00+00:00,0.78102,0.78103,0.78095,0.78095
2026-04-18 08:15:00+00:00,0.78095,0.78146,0.78094,0.781
2026-04-18 08:30:00+00:00,0.78099,0.78101,0.78094,0.78097
2026-04-18 08:45:00+00:00,0.78096,0.78111,0.78095,0.78096
2026-04-18 09:00:00+00:00,0.78096,0.7811,0.78094,0.78101
2026-04-18 09:15:00+00:00,0.78101,0.78107,0.78076,0.78081
2026-04-18 09:30:00+00:00,0.78083,0.78083,0.78045,0.78048
2026-04-18 09:45:00+00:00,0.78047,0.7805,0.78044,0.78046
2026-04-18 10:00:00+00:00,0.78045,0.78131,0.78042,0.78046
2026-04-18 10:15:00+00:00,0.78046,0.78062,0.78044,0.78061
2026-04-18 10:30:00+00:00,0.78062,0.78068,0.78044,0.7805
2026-04-18 10:45:00+00:00,0.78048,0.78084,0.78044,0.78048
2026-04-18 11:00:00+00:00,0.78047,0.78049,0.78044,0.78045
2026-04-18 11:15:00+00:00,0.78045,0.7806,0.78044,0.78046
2026-04-18 11:30:00+00:00,0.78046,0.78147,0.78041,0.78096
2026-04-18 11:45:00+00:00,0.78094,0.7811,0.78044,0.78108
2026-04-18 12:00:00+00:00,0.78107,0.78117,0.78106,0.78113
2026-04-18 12:15:00+00:00,0.78113,0.78117,0.78112,0.78113
2026-04-18 12:30:00+00:00,0.78113,0.78136,0.78113,0.78128
2026-04-18 12:45:00+00:00,0.78127,0.7813,0.78126,0.7813
2026-04-18 13:00:00+00:00,0.78129,0.78133,0.78128,0.78129
2026-04-18 13:15:00+00:00,0.78129,0.7814,0.78128,0.78136
2026-04-18 13:30:00+00:00,0.78137,0.7814,0.78136,0.78138
2026-04-18 13:45:00+00:00,0.78137,0.7814,0.78136,0.78139
2026-04-18 14:00:00+00:00,0.78137,0.78141,0.78136,0.78137
2026-04-18 14:15:00+00:00,0.78137,0.78141,0.78136,0.78137
2026-04-18 14:30:00+00:00,0.78137,0.78147,0.78136,0.78142
2026-04-18 14:45:00+00:00,0.78141,0.78145,0.7814,0.78143
2026-04-18 15:00:00+00:00,0.78141,0.78146,0.78141,0.78143
2026-04-18 15:15:00+00:00,0.78143,0.78146,0.78142,0.78142
2026-04-18 15:30:00+00:00,0.78142,0.78146,0.78141,0.78143
2026-04-18 15:45:00+00:00,0.78142,0.78146,0.7814,0.78143
2026-04-18 16:00:00+00:00,0.78141,0.78146,0.78089,0.78091
2026-04-18 16:15:00+00:00,0.7809,0.78103,0.78088,0.78099
2026-04-18 16:30:00+00:00,0.781,0.78124,0.78098,0.78122
2026-04-18 16:45:00+00:00,0.78122,0.78126,0.78071,0.78095
2026-04-18 17:00:00+00:00,0.78093,0.78097,0.7803,0.7807
2026-04-18 17:15:00+00:00,0.78069,0.78073,0.78068,0.78069
2026-04-18 17:30:00+00:00,0.78069,0.78086,0.78068,0.78083
2026-04-18 17:45:00+00:00,0.78083,0.78106,0.78082,0.78096
2026-04-18 18:00:00+00:00,0.78094,0.78098,0.78051,0.78054
2026-04-18 18:15:00+00:00,0.78052,0.78101,0.78049,0.78097
2026-04-18 18:30:00+00:00,0.78097,0.78101,0.78096,0.78097
2026-04-18 18:45:00+00:00,0.78097,0.78126,0.78096,0.78118
2026-04-18 19:00:00+00:00,0.78117,0.78121,0.78069,0.78085
2026-04-18 19:15:00+00:00,0.78084,0.78087,0.78069,0.78084
2026-04-18 19:30:00+00:00,0.78084,0.78105,0.78083,0.78095
2026-04-18 19:45:00+00:00,0.78095,0.78098,0.78094,0.78096
2026-04-18 20:00:00+00:00,0.78095,0.78123,0.78092,0.78121
2026-04-18 20:15:00+00:00,0.78119,0.78123,0.78118,0.78123
2026-04-18 20:30:00+00:00,0.78123,0.78127,0.78119,0.78123
2026-04-18 20:45:00+00:00,0.78123,0.78129,0.78122,0.78127
2026-04-18 21:00:00+00:00,0.78134,0.78134,0.78034,0.7808
2026-04-18 21:15:00+00:00,0.78078,0.78097,0.78077,0.78091
2026-04-18 21:30:00+00:00,0.7809,0.78116,0.78085,0.78116
2026-04-18 21:45:00+00:00,0.78117,0.7812,0.78089,0.78103
2026-04-18 22:00:00+00:00,0.78102,0.78106,0.78058,0.78076
2026-04-18 22:15:00+00:00,0.78075,0.78078,0.78074,0.78075
2026-04-18 22:30:00+00:00,0.78075,0.78091,0.78072,0.78087
2026-04-18 22:45:00+00:00,0.78087,0.78091,0.78086,0.78088
2026-04-18 23:00:00+00:00,0.78087,0.781,0.78053,0.78078
2026-04-18 23:15:00+00:00,0.78076,0.78144,0.78073,0.78111
2026-04-18 23:30:00+00:00,0.7811,0.78113,0.78109,0.78109
2026-04-18 23:45:00+00:00,0.7811,0.78132,0.78109,0.78124
2026-04-19 00:00:00+00:00,0.78124,0.78128,0.78082,0.78097
2026-04-19 00:15:00+00:00,0.78094,0.78116,0.78094,0.78115
2026-04-19 00:30:00+00:00,0.78114,0.78118,0.78066,0.78101
2026-04-19 00:45:00+00:00,0.78101,0.78104,0.781,0.78101
2026-04-19 01:00:00+00:00,0.78101,0.78149,0.78099,0.78126
2026-04-19 01:15:00+00:00,0.78124,0.78128,0.78123,0.78126
2026-04-19 01:30:00+00:00,0.78124,0.78133,0.78124,0.78129
2026-04-19 01:45:00+00:00,0.78129,0.78137,0.78128,0.78133
2026-04-19 02:00:00+00:00,0.78133,0.78137,0.78132,0.78135
2026-04-19 02:15:00+00:00,0.78133,0.7814,0.78132,0.78138
2026-04-19 02:30:00+00:00,0.78137,0.7814,0.78136,0.78137
2026-04-19 02:45:00+00:00,0.78138,0.78148,0.78137,0.78142
2026-04-19 03:00:00+00:00,0.78142,0.78146,0.78142,0.78145
2026-04-19 03:15:00+00:00,0.78144,0.78151,0.78143,0.78149
2026-04-19 03:30:00+00:00,0.78147,0.78151,0.78147,0.78148
2026-04-19 03:45:00+00:00,0.78148,0.78151,0.78147,0.78147
2026-04-19 04:00:00+00:00,0.78148,0.78154,0.78147,0.78151
2026-04-19 04:15:00+00:00,0.78151,0.78154,0.78148,0.78151
2026-04-19 04:30:00+00:00,0.7815,0.78153,0.78149,0.7815
2026-04-19 04:45:00+00:00,0.7815,0.78153,0.78149,0.78149
2026-04-19 05:00:00+00:00,0.7815,0.78153,0.78149,0.7815
2026-04-19 05:15:00+00:00,0.7815,0.78153,0.78149,0.78151
2026-04-19 05:30:00+00:00,0.7815,0.78153,0.78149,0.78151
2026-04-19 05:45:00+00:00,0.7815,0.78153,0.78149,0.78149
2026-04-19 06:00:00+00:00,0.7815,0.78153,0.78148,0.78149
2026-04-19 06:15:00+00:00,0.78149,0.78153,0.78148,0.78151
2026-04-19 06:30:00+00:00,0.78149,0.78153,0.78148,0.78151
2026-04-19 06:45:00+00:00,0.78149,0.78153,0.78148,0.78149
2026-04-19 07:00:00+00:00,0.78149,0.78153,0.78148,0.78149
2026-04-19 07:15:00+00:00,0.78149,0.78153,0.78149,0.78151
2026-04-19 07:30:00+00:00,0.7815,0.78153,0.78148,0.78151
2026-04-19 07:45:00+00:00,0.7815,0.78152,0.78148,0.78149
2026-04-19 08:00:00+00:00,0.78149,0.78153,0.78148,0.78149
2026-04-19 08:15:00+00:00,0.78149,0.78166,0.78147,0.78163
2026-04-19 08:30:00+00:00,0.78162,0.78166,0.78159,0.78161
2026-04-19 08:45:00+00:00,0.7816,0.78163,0.78159,0.7816
2026-04-19 09:00:00+00:00,0.7816,0.78163,0.78156,0.78157
2026-04-19 09:15:00+00:00,0.78158,0.78161,0.78156,0.78157
2026-04-19 09:30:00+00:00,0.78156,0.7816,0.78155,0.78158
2026-04-19 09:45:00+00:00,0.78156,0.78159,0.78154,0.78156
2026-04-19 10:00:00+00:00,0.78155,0.78158,0.78154,0.78154
2026-04-19 10:15:00+00:00,0.78155,0.7816,0.78154,0.78157
2026-04-19 10:30:00+00:00,0.78157,0.7816,0.78155,0.78157
2026-04-19 10:45:00+00:00,0.78156,0.78159,0.78153,0.78155
2026-04-19 11:00:00+00:00,0.78154,0.78158,0.78153,0.78154
2026-04-19 11:15:00+00:00,0.78154,0.78158,0.78153,0.78154
2026-04-19 11:30:00+00:00,0.78154,0.7816,0.78152,0.78159
2026-04-19 11:45:00+00:00,0.78157,0.78161,0.78156,0.78159
2026-04-19 12:00:00+00:00,0.78157,0.78161,0.78155,0.78156
2026-04-19 12:15:00+00:00,0.78156,0.78159,0.78155,0.78156
2026-04-19 12:30:00+00:00,0.78156,0.78159,0.78154,0.78157
2026-04-19 12:45:00+00:00,0.78156,0.78159,0.78153,0.78156
2026-04-19 13:00:00+00:00,0.78155,0.78158,0.78154,0.78154
2026-04-19 13:15:00+00:00,0.78155,0.78161,0.78154,0.78158
2026-04-19 13:30:00+00:00,0.78158,0.78161,0.78157,0.78159
2026-04-19 13:45:00+00:00,0.78158,0.78161,0.78155,0.78158
2026-04-19 14:00:00+00:00,0.78156,0.78159,0.78152,0.78152
2026-04-19 14:15:00+00:00,0.78152,0.78155,0.78151,0.78152
2026-04-19 14:30:00+00:00,0.78152,0.78155,0.78151,0.78153
2026-04-19 14:45:00+00:00,0.78152,0.78155,0.78151,0.78153
2026-04-19 15:00:00+00:00,0.78152,0.7816,0.78151,0.78157
2026-04-19 15:15:00+00:00,0.78156,0.78174,0.78155,0.78163
2026-04-19 15:30:00+00:00,0.78163,0.78167,0.78162,0.78164
2026-04-19 15:45:00+00:00,0.78163,0.78167,0.7816,0.78163
2026-04-19 16:00:00+00:00,0.78161,0.78165,0.78105,0.78106
2026-04-19 16:15:00+00:00,0.78106,0.78124,0.78105,0.78114
2026-04-19 16:30:00+00:00,0.78115,0.78139,0.78112,0.78138
2026-04-19 16:45:00+00:00,0.78137,0.78141,0.78136,0.78139
2026-04-19 17:00:00+00:00,0.78137,0.78141,0.78122,0.78129
2026-04-19 17:15:00+00:00,0.78129,0.78132,0.78128,0.78128
2026-04-19 17:30:00+00:00,0.78129,0.78159,0.78127,0.78156
2026-04-19 17:45:00+00:00,0.78155,0.78169,0.78155,0.78169
2026-04-19 18:00:00+00:00,0.78167,0.78171,0.78045,0.78048
2026-04-19 18:15:00+00:00,0.78047,0.78138,0.78039,0.78056
2026-04-19 18:30:00+00:00,0.78056,0.78172,0.78045,0.78151
2026-04-19 18:45:00+00:00,0.78151,0.78426,0.77987,0.78125
2026-04-19 19:00:00+00:00,0.78124,0.78255,0.7808,0.78171
2026-04-19 19:15:00+00:00,0.78169,0.78188,0.78101,0.78101
2026-04-19 19:30:00+00:00,0.78102,0.78181,0.78101,0.78136
2026-04-19 19:45:00+00:00,0.78135,0.78169,0.78121,0.78164
2026-04-19 20:00:00+00:00,0.78168,0.78168,0.78098,0.78112
2026-04-19 20:15:00+00:00,0.78109,0.78153,0.78109,0.78145
2026-04-19 20:30:00+00:00,0.78145,0.78162,0.78138,0.78162
2026-04-19 20:45:00+00:00,0.78161,0.7817,0.78136,0.78164
2026-04-19 21:00:00+00:00,0.78164,0.78166,0.78139,0.78151
2026-04-19 21:15:00+00:00,0.78149,0.78166,0.78139,0.78163
2026-04-19 21:30:00+00:00,0.78162,0.78193,0.78158,0.7819
2026-04-19 21:45:00+00:00,0.7819,0.78254,0.78189,0.78245
2026-04-19 22:00:00+00:00,0.78242,0.78439,0.78242,0.78343
2026-04-19 22:15:00+00:00,0.7834,0.78389,0.7834,0.78374
2026-04-19 22:30:00+00:00,0.78373,0.78387,0.78338,0.78363
2026-04-19 22:45:00+00:00,0.78364,0.7837,0.78342,0.78344
2026-04-19 23:00:00+00:00,0.78344,0.78348,0.78317,0.78317
2026-04-19 23:15:00+00:00,0.78316,0.7834,0.78306,0.7834
2026-04-19 23:30:00+00:00,0.78339,0.78368,0.78324,0.78366
2026-04-19 23:45:00+00:00,0.78367,0.78393,0.78358,0.78381
2026-04-20 00:00:00+00:00,0.78381,0.78382,0.78314,0.78323
2026-04-20 00:15:00+00:00,0.78323,0.78325,0.7827,0.78277
2026-04-20 00:30:00+00:00,0.78276,0.78287,0.78262,0.78266
2026-04-20 00:45:00+00:00,0.78267,0.78278,0.78261,0.78265
2026-04-20 01:00:00+00:00,0.78265,0.7829,0.7826,0.78289
2026-04-20 01:15:00+00:00,0.78288,0.78309,0.78288,0.78307
2026-04-20 01:30:00+00:00,0.78306,0.78308,0.78229,0.78235
2026-04-20 01:45:00+00:00,0.78236,0.78262,0.78224,0.78255
2026-04-20 02:00:00+00:00,0.78255,0.78257,0.78236,0.78238
2026-04-20 02:15:00+00:00,0.78237,0.78242,0.78227,0.7823
2026-04-20 02:30:00+00:00,0.78228,0.78238,0.78223,0.78237
2026-04-20 02:45:00+00:00,0.78236,0.78271,0.78234,0.78262
2026-04-20 03:00:00+00:00,0.78262,0.78271,0.78249,0.78271
2026-04-20 03:15:00+00:00,0.78271,0.78272,0.78242,0.78245
2026-04-20 03:30:00+00:00,0.78244,0.78247,0.78218,0.7822
2026-04-20 03:45:00+00:00,0.7822,0.78234,0.78218,0.78228
2026-04-20 04:00:00+00:00,0.78229,0.78238,0.78209,0.78221
2026-04-20 04:15:00+00:00,0.78221,0.78261,0.7822,0.7825
2026-04-20 04:30:00+00:00,0.78247,0.78269,0.78247,0.78261
2026-04-20 04:45:00+00:00,0.7826,0.78266,0.78231,0.78251
2026-04-20 05:00:00+00:00,0.78252,0.78267,0.78248,0.78263
2026-04-20 05:15:00+00:00,0.78263,0.78289,0.78254,0.78289
2026-04-20 05:30:00+00:00,0.78287,0.7833,0.78285,0.7833
2026-04-20 05:45:00+00:00,0.78329,0.78332,0.78307,0.78309
2026-04-20 06:00:00+00:00,0.78309,0.78336,0.78299,0.78329
2026-04-20 06:15:00+00:00,0.78329,0.7835,0.78327,0.78333
2026-04-20 06:30:00+00:00,0.78336,0.78336,0.78248,0.78255
2026-04-20 06:45:00+00:00,0.78254,0.78273,0.78226,0.78228
2026-04-20 07:00:00+00:00,0.78225,0.78231,0.78183,0.78187
2026-04-20 07:15:00+00:00,0.78188,0.78201,0.78141,0.78187
2026-04-20 07:30:00+00:00,0.78184,0.78237,0.78176,0.78219
2026-04-20 07:45:00+00:00,0.78217,0.78263,0.78217,0.7824
2026-04-20 08:00:00+00:00,0.78237,0.78258,0.78183,0.78185
2026-04-20 08:15:00+00:00,0.78186,0.78233,0.78184,0.78201
2026-04-20 08:30:00+00:00,0.782,0.78235,0.782,0.78225
2026-04-20 08:45:00+00:00,0.78224,0.78227,0.78193,0.78199
2026-04-20 09:00:00+00:00,0.78199,0.78205,0.7816,0.78164
2026-04-20 09:15:00+00:00,0.78165,0.7819,0.78161,0.7819
2026-04-20 09:30:00+00:00,0.7819,0.78191,0.78152,0.78164
2026-04-20 09:45:00+00:00,0.78163,0.78166,0.78129,0.78139
2026-04-20 10:00:00+00:00,0.78139,0.78147,0.78118,0.78129
2026-04-20 10:15:00+00:00,0.78129,0.78151,0.78125,0.78148
2026-04-20 10:30:00+00:00,0.78148,0.78149,0.78125,0.78137
2026-04-20 10:45:00+00:00,0.78135,0.78142,0.78118,0.78119
2026-04-20 11:00:00+00:00,0.78118,0.78123,0.78097,0.78099
2026-04-20 11:15:00+00:00,0.78098,0.78109,0.78085,0.78109
2026-04-20 11:30:00+00:00,0.78109,0.78127,0.78105,0.78114
2026-04-20 11:45:00+00:00,0.78114,0.78138,0.78089,0.78119
2026-04-20 12:00:00+00:00,0.78118,0.78168,0.78117,0.78163
2026-04-20 12:15:00+00:00,0.78165,0.78191,0.78151,0.78169
2026-04-20 12:30:00+00:00,0.78169,0.78169,0.78102,0.78107
2026-04-20 12:45:00+00:00,0.78107,0.78109,0.78069,0.78106
2026-04-20 13:00:00+00:00,0.78104,0.78117,0.78065,0.7807
2026-04-20 13:15:00+00:00,0.7807,0.78076,0.77985,0.7799
2026-04-20 13:30:00+00:00,0.7799,0.77999,0.77951,0.77974
2026-04-20 13:45:00+00:00,0.77974,0.7799,0.77955,0.77982
2026-04-20 14:00:00+00:00,0.7798,0.7806,0.77979,0.78039
2026-04-20 14:15:00+00:00,0.78038,0.78047,0.77982,0.77987
2026-04-20 14:30:00+00:00,0.77986,0.78025,0.77977,0.77977
2026-04-20 14:45:00+00:00,0.77978,0.78046,0.77863,0.77874
2026-04-20 15:00:00+00:00,0.77874,0.77914,0.77845,0.77873
2026-04-20 15:15:00+00:00,0.77871,0.77874,0.77776,0.77794
2026-04-20 15:30:00+00:00,0.77793,0.77804,0.77766,0.77783
2026-04-20 15:45:00+00:00,0.7778,0.77841,0.77767,0.77819
2026-04-20 16:00:00+00:00,0.77817,0.77825,0.77806,0.77814
2026-04-20 16:15:00+00:00,0.77813,0.77821,0.77802,0.77815
2026-04-20 16:30:00+00:00,0.77816,0.77856,0.77814,0.77829
2026-04-20 16:45:00+00:00,0.77828,0.77847,0.77814,0.77828
2026-04-20 17:00:00+00:00,0.77826,0.7783,0.77804,0.77817
2026-04-20 17:15:00+00:00,0.77816,0.77861,0.77814,0.77858
2026-04-20 17:30:00+00:00,0.77859,0.77871,0.77849,0.77851
2026-04-20 17:45:00+00:00,0.77851,0.7786,0.77847,0.77853
2026-04-20 18:00:00+00:00,0.77852,0.77855,0.77819,0.77819
2026-04-20 18:15:00+00:00,0.77818,0.77831,0.77802,0.77831
2026-04-20 18:30:00+00:00,0.77833,0.77874,0.77824,0.77859
2026-04-20 18:45:00+00:00,0.77859,0.77886,0.77854,0.77884
2026-04-20 19:00:00+00:00,0.77884,0.77885,0.77828,0.77831
2026-04-20 19:15:00+00:00,0.77829,0.77852,0.77826,0.77837
2026-04-20 19:30:00+00:00,0.77837,0.7785,0.77824,0.7783
2026-04-20 19:45:00+00:00,0.77831,0.77845,0.77826,0.77838
2026-04-20 20:00:00+00:00,0.77833,0.77864,0.77823,0.77835
2026-04-20 20:15:00+00:00,0.77833,0.77851,0.77831,0.77845
2026-04-20 20:30:00+00:00,0.77844,0.77858,0.77837,0.77841
2026-04-20 20:45:00+00:00,0.77841,0.77845,0.77823,0.77839
2026-04-20 21:00:00+00:00,0.77836,0.779,0.77835,0.77849
2026-04-20 21:15:00+00:00,0.77848,0.77865,0.77842,0.77849
2026-04-20 21:30:00+00:00,0.77849,0.77859,0.77843,0.77847
2026-04-20 21:45:00+00:00,0.77847,0.77859,0.77839,0.77858
2026-04-20 22:00:00+00:00,0.77858,0.77859,0.77807,0.77829
2026-04-20 22:15:00+00:00,0.77827,0.77835,0.77818,0.77824
2026-04-20 22:30:00+00:00,0.77823,0.77834,0.77823,0.77825
2026-04-20 22:45:00+00:00,0.77825,0.77825,0.77804,0.77808
2026-04-20 23:00:00+00:00,0.77807,0.77832,0.77803,0.77832
2026-04-20 23:15:00+00:00,0.7783,0.77848,0.7783,0.77843
2026-04-20 23:30:00+00:00,0.77842,0.77859,0.77841,0.77848
2026-04-20 23:45:00+00:00,0.77847,0.77862,0.77842,0.77858
2026-04-21 00:00:00+00:00,0.77858,0.77875,0.77858,0.77868
2026-04-21 00:15:00+00:00,0.77867,0.77878,0.77857,0.77875
2026-04-21 00:30:00+00:00,0.77874,0.77887,0.77864,0.77866
2026-04-21 00:45:00+00:00,0.77866,0.77874,0.77855,0.77863
2026-04-21 01:00:00+00:00,0.77863,0.77879,0.77861,0.77879
2026-04-21 01:15:00+00:00,0.77878,0.77881,0.77851,0.77869
2026-04-21 01:30:00+00:00,0.77868,0.7787,0.77846,0.77854
2026-04-21 01:45:00+00:00,0.77854,0.77883,0.77848,0.77879
2026-04-21 02:00:00+00:00,0.7788,0.77898,0.77878,0.7788
2026-04-21 02:15:00+00:00,0.7788,0.77914,0.77878,0.77897
2026-04-21 02:30:00+00:00,0.77895,0.7792,0.77895,0.77913
2026-04-21 02:45:00+00:00,0.77912,0.77914,0.77884,0.77888
2026-04-21 03:00:00+00:00,0.77888,0.77906,0.77886,0.77904
2026-04-21 03:15:00+00:00,0.77904,0.77941,0.77903,0.77922
2026-04-21 03:30:00+00:00,0.77921,0.77953,0.77913,0.7794
2026-04-21 03:45:00+00:00,0.77939,0.77942,0.77925,0.77935
2026-04-21 04:00:00+00:00,0.77936,0.77944,0.77931,0.77937
2026-04-21 04:15:00+00:00,0.77937,0.77945,0.77928,0.77936
2026-04-21 04:30:00+00:00,0.77935,0.77938,0.77927,0.77934
2026-04-21 04:45:00+00:00,0.77933,0.7794,0.77927,0.77935
2026-04-21 05:00:00+00:00,0.77935,0.77937,0.7788,0.77885
2026-04-21 05:15:00+00:00,0.77885,0.77888,0.7786,0.7786
2026-04-21 05:30:00+00:00,0.77857,0.77878,0.77855,0.77861
2026-04-21 05:45:00+00:00,0.7786,0.7788,0.77857,0.77876
2026-04-21 06:00:00+00:00,0.77877,0.77906,0.77876,0.77886
2026-04-21 06:15:00+00:00,0.77886,0.77914,0.77884,0.77895
2026-04-21 06:30:00+00:00,0.77893,0.77918,0.77893,0.77894
2026-04-21 06:45:00+00:00,0.77893,0.7791,0.77879,0.77888
2026-04-21 07:00:00+00:00,0.77889,0.77935,0.7788,0.77912
2026-04-21 07:15:00+00:00,0.77912,0.77932,0.77909,0.7792
2026-04-21 07:30:00+00:00,0.7792,0.77952,0.77908,0.77931
2026-04-21 07:45:00+00:00,0.77929,0.77954,0.7789,0.77954
2026-04-21 08:00:00+00:00,0.77955,0.78065,0.77935,0.78062
2026-04-21 08:15:00+00:00,0.78062,0.78062,0.77994,0.78019
2026-04-21 08:30:00+00:00,0.78017,0.7805,0.78017,0.78029
2026-04-21 08:45:00+00:00,0.78028,0.78043,0.78026,0.78038
2026-04-21 09:00:00+00:00,0.78038,0.7806,0.78034,0.78039
2026-04-21 09:15:00+00:00,0.78039,0.78058,0.78008,0.78057
2026-04-21 09:30:00+00:00,0.78058,0.78058,0.78024,0.78032
2026-04-21 09:45:00+00:00,0.7803,0.78034,0.7794,0.77974
2026-04-21 10:00:00+00:00,0.77975,0.78001,0.77967,0.77987
2026-04-21 10:15:00+00:00,0.77987,0.78,0.77982,0.78
2026-04-21 10:30:00+00:00,0.77999,0.78015,0.77988,0.7801
2026-04-21 10:45:00+00:00,0.78008,0.78012,0.77997,0.77999
2026-04-21 11:00:00+00:00,0.77998,0.78017,0.77984,0.78009
2026-04-21 11:15:00+00:00,0.78009,0.78013,0.77959,0.7796
2026-04-21 11:30:00+00:00,0.7796,0.77975,0.77941,0.77965
2026-04-21 11:45:00+00:00,0.77964,0.77967,0.77929,0.77929
2026-04-21 12:00:00+00:00,0.77928,0.77957,0.77926,0.77948
2026-04-21 12:15:00+00:00,0.77949,0.77988,0.77947,0.77981
2026-04-21 12:30:00+00:00,0.77982,0.78016,0.77973,0.7801
2026-04-21 12:45:00+00:00,0.78008,0.78051,0.77972,0.78022
2026-04-21 13:00:00+00:00,0.78021,0.78028,0.77991,0.77997
2026-04-21 13:15:00+00:00,0.77998,0.78012,0.77962,0.7797
2026-04-21 13:30:00+00:00,0.7797,0.77984,0.77926,0.77937
2026-04-21 13:45:00+00:00,0.77937,0.77939,0.779,0.77912
2026-04-21 14:00:00+00:00,0.77909,0.77927,0.77888,0.7789
2026-04-21 14:15:00+00:00,0.77889,0.77903,0.77873,0.7789
2026-04-21 14:30:00+00:00,0.77891,0.77907,0.7785,0.7786
2026-04-21 14:45:00+00:00,0.77855,0.78005,0.77855,0.77977
2026-04-21 15:00:00+00:00,0.77975,0.78007,0.77937,0.7794
2026-04-21 15:15:00+00:00,0.7794,0.78058,0.77936,0.7803
2026-04-21 15:30:00+00:00,0.78031,0.78058,0.78011,0.78011
2026-04-21 15:45:00+00:00,0.7801,0.78032,0.78005,0.78016
2026-04-21 16:00:00+00:00,0.78016,0.78025,0.78004,0.78025
2026-04-21 16:15:00+00:00,0.78024,0.78058,0.78015,0.78056
2026-04-21 16:30:00+00:00,0.78059,0.78083,0.78046,0.78075
2026-04-21 16:45:00+00:00,0.78075,0.78097,0.78071,0.78088
2026-04-21 17:00:00+00:00,0.78086,0.78226,0.78077,0.78226
2026-04-21 17:15:00+00:00,0.78225,0.78255,0.78187,0.78194
2026-04-21 17:30:00+00:00,0.78191,0.78202,0.77981,0.77992
2026-04-21 17:45:00+00:00,0.77992,0.7811,0.77992,0.78095
2026-04-21 18:00:00+00:00,0.78096,0.78117,0.78068,0.78116
2026-04-21 18:15:00+00:00,0.78114,0.78176,0.78114,0.78169
2026-04-21 18:30:00+00:00,0.78166,0.78173,0.78113,0.78144
2026-04-21 18:45:00+00:00,0.78145,0.78145,0.78074,0.78094
2026-04-21 19:00:00+00:00,0.78096,0.78096,0.78008,0.78029
2026-04-21 19:15:00+00:00,0.78026,0.78062,0.78021,0.78024
2026-04-21 19:30:00+00:00,0.78024,0.78247,0.78022,0.78233
2026-04-21 19:45:00+00:00,0.78233,0.7824,0.78173,0.78217
2026-04-21 20:00:00+00:00,0.78217,0.78231,0.78071,0.78102
2026-04-21 20:15:00+00:00,0.781,0.78109,0.7803,0.78049
2026-04-21 20:30:00+00:00,0.7805,0.78076,0.78041,0.78076
2026-04-21 20:45:00+00:00,0.78078,0.78103,0.78069,0.78081
2026-04-21 21:00:00+00:00,0.7808,0.78149,0.78068,0.78081
2026-04-21 21:15:00+00:00,0.78078,0.7813,0.78074,0.78122
2026-04-21 21:30:00+00:00,0.78122,0.78129,0.78094,0.78096
2026-04-21 21:45:00+00:00,0.78096,0.78132,0.78095,0.78132
2026-04-21 22:00:00+00:00,0.78133,0.78134,0.78082,0.78094
2026-04-21 22:15:00+00:00,0.78093,0.78097,0.78073,0.7809
2026-04-21 22:30:00+00:00,0.78089,0.78104,0.78086,0.781
2026-04-21 22:45:00+00:00,0.781,0.78109,0.78099,0.78105
2026-04-21 23:00:00+00:00,0.78105,0.78114,0.78088,0.78104
2026-04-21 23:15:00+00:00,0.78103,0.78106,0.78079,0.78081
2026-04-21 23:30:00+00:00,0.7808,0.78089,0.78076,0.78085
2026-04-21 23:45:00+00:00,0.78085,0.78088,0.78054,0.78058
2026-04-22 00:00:00+00:00,0.78059,0.78062,0.78002,0.7801
2026-04-22 00:15:00+00:00,0.78008,0.78023,0.77996,0.78023
2026-04-22 00:30:00+00:00,0.78022,0.78024,0.78002,0.78016
2026-04-22 00:45:00+00:00,0.78017,0.78056,0.78015,0.78056
2026-04-22 01:00:00+00:00,0.78057,0.78097,0.7804,0.78091
2026-04-22 01:15:00+00:00,0.7809,0.78099,0.78076,0.78081
2026-04-22 01:30:00+00:00,0.78079,0.78082,0.78045,0.78065
2026-04-22 01:45:00+00:00,0.78065,0.78071,0.78053,0.78061
2026-04-22 02:00:00+00:00,0.78061,0.78063,0.78035,0.78035
2026-04-22 02:15:00+00:00,0.78034,0.78054,0.78034,0.78041
2026-04-22 02:30:00+00:00,0.78039,0.78055,0.78036,0.78055
2026-04-22 02:45:00+00:00,0.78055,0.78086,0.7805,0.78081
2026-04-22 03:00:00+00:00,0.78081,0.78086,0.78058,0.78068
2026-04-22 03:15:00+00:00,0.78067,0.78078,0.78064,0.78069
2026-04-22 03:30:00+00:00,0.78068,0.78078,0.78056,0.78071
2026-04-22 03:45:00+00:00,0.7807,0.78087,0.78069,0.7808
2026-04-22 04:00:00+00:00,0.78081,0.78085,0.78063,0.78069
2026-04-22 04:15:00+00:00,0.78069,0.78078,0.78064,0.78075
2026-04-22 04:30:00+00:00,0.78073,0.78085,0.78067,0.78068
2026-04-22 04:45:00+00:00,0.78067,0.78083,0.78055,0.78077
2026-04-22 05:00:00+00:00,0.78077,0.7808,0.78047,0.78052
2026-04-22 05:15:00+00:00,0.78052,0.78058,0.77918,0.77956
2026-04-22 05:30:00+00:00,0.77955,0.7798,0.77947,0.77962
2026-04-22 05:45:00+00:00,0.7796,0.77976,0.77949,0.77971
2026-04-22 06:00:00+00:00,0.77972,0.78018,0.7797,0.78009
2026-04-22 06:15:00+00:00,0.78009,0.78015,0.77972,0.77979
2026-04-22 06:30:00+00:00,0.77981,0.78018,0.77943,0.78018
2026-04-22 06:45:00+00:00,0.78017,0.78019,0.77991,0.78
2026-04-22 07:00:00+00:00,0.78,0.78005,0.77967,0.77968
2026-04-22 07:15:00+00:00,0.77968,0.78018,0.77967,0.77995
2026-04-22 07:30:00+00:00,0.77993,0.78016,0.77979,0.77983
2026-04-22 07:45:00+00:00,0.77981,0.78002,0.77973,0.77978
2026-04-22 08:00:00+00:00,0.77978,0.77999,0.77954,0.77962
2026-04-22 08:15:00+00:00,0.77963,0.78008,0.77952,0.78001
2026-04-22 08:30:00+00:00,0.78001,0.78027,0.77984,0.78007
2026-04-22 08:45:00+00:00,0.78005,0.78014,0.77987,0.78002
2026-04-22 09:00:00+00:00,0.78002,0.78014,0.77998,0.78008
2026-04-22 09:15:00+00:00,0.78008,0.78032,0.78006,0.78021
2026-04-22 09:30:00+00:00,0.7802,0.78097,0.7802,0.78097
2026-04-22 09:45:00+00:00,0.78095,0.78128,0.78091,0.78117
2026-04-22 10:00:00+00:00,0.78116,0.78129,0.78093,0.7812
2026-04-22 10:15:00+00:00,0.78119,0.7812,0.78092,0.78094
2026-04-22 10:30:00+00:00,0.78094,0.78115,0.78075,0.781
2026-04-22 10:45:00+00:00,0.78099,0.78104,0.78075,0.78088
2026-04-22 11:00:00+00:00,0.78087,0.78125,0.78081,0.78125
2026-04-22 11:15:00+00:00,0.78127,0.78147,0.7812,0.78147
2026-04-22 11:30:00+00:00,0.78147,0.78195,0.78136,0.7819
2026-04-22 11:45:00+00:00,0.78191,0.78209,0.78142,0.78197
2026-04-22 12:00:00+00:00,0.78196,0.78209,0.78156,0.78209
2026-04-22 12:15:00+00:00,0.78209,0.7821,0.78181,0.78189
2026-04-22 12:30:00+00:00,0.78191,0.78289,0.78186,0.78287
2026-04-22 12:45:00+00:00,0.78284,0.78322,0.78262,0.78304
2026-04-22 13:00:00+00:00,0.78302,0.78305,0.78255,0.78277
2026-04-22 13:15:00+00:00,0.78274,0.78279,0.78197,0.7822
2026-04-22 13:30:00+00:00,0.78221,0.78249,0.78187,0.78198
2026-04-22 13:45:00+00:00,0.78197,0.78249,0.78186,0.78231
2026-04-22 14:00:00+00:00,0.7823,0.78241,0.78209,0.78231
2026-04-22 14:15:00+00:00,0.7823,0.78231,0.782,0.78214
2026-04-22 14:30:00+00:00,0.78215,0.78259,0.78212,0.78245
2026-04-22 14:45:00+00:00,0.78244,0.78321,0.78233,0.78316
2026-04-22 15:00:00+00:00,0.78316,0.78359,0.78294,0.78322
2026-04-22 15:15:00+00:00,0.78321,0.78332,0.78267,0.78278
2026-04-22 15:30:00+00:00,0.78278,0.78322,0.78275,0.78322
2026-04-22 15:45:00+00:00,0.7832,0.78358,0.78315,0.78349
2026-04-22 16:00:00+00:00,0.78348,0.78372,0.78334,0.78344
2026-04-22 16:15:00+00:00,0.78343,0.78384,0.7834,0.78362
2026-04-22 16:30:00+00:00,0.78364,0.78376,0.78347,0.78364
2026-04-22 16:45:00+00:00,0.78364,0.78392,0.78351,0.78392
2026-04-22 17:00:00+00:00,0.78389,0.78396,0.78345,0.78375
2026-04-22 17:15:00+00:00,0.78374,0.78377,0.78352,0.78361
2026-04-22 17:30:00+00:00,0.7836,0.78382,0.7834,0.78372
2026-04-22 17:45:00+00:00,0.78372,0.78421,0.78372,0.7842
2026-04-22 18:00:00+00:00,0.78418,0.78421,0.78403,0.78417
2026-04-22 18:15:00+00:00,0.78416,0.78453,0.78416,0.7843
2026-04-22 18:30:00+00:00,0.7843,0.7844,0.78418,0.7842
2026-04-22 18:45:00+00:00,0.7842,0.78433,0.78415,0.78433
2026-04-22 19:00:00+00:00,0.78433,0.78457,0.78421,0.78445
2026-04-22 19:15:00+00:00,0.78443,0.78448,0.78434,0.78439
2026-04-22 19:30:00+00:00,0.78439,0.78468,0.78437,0.7846
2026-04-22 19:45:00+00:00,0.78461,0.7849,0.7846,0.78489
2026-04-22 20:00:00+00:00,0.7849,0.78494,0.78468,0.78488
2026-04-22 20:15:00+00:00,0.78487,0.78489,0.78473,0.78477
2026-04-22 20:30:00+00:00,0.78476,0.78489,0.78467,0.78483
2026-04-22 20:45:00+00:00,0.78483,0.78502,0.78479,0.78479
2026-04-22 21:00:00+00:00,0.7848,0.78481,0.78406,0.78459
2026-04-22 21:15:00+00:00,0.78458,0.78462,0.78443,0.78447
2026-04-22 21:30:00+00:00,0.78447,0.78454,0.78441,0.78451
2026-04-22 21:45:00+00:00,0.78452,0.78455,0.78439,0.7844
2026-04-22 22:00:00+00:00,0.78438,0.7847,0.7842,0.7847
2026-04-22 22:15:00+00:00,0.78468,0.78472,0.78451,0.78466
2026-04-22 22:30:00+00:00,0.78465,0.78474,0.78456,0.78474
2026-04-22 22:45:00+00:00,0.78475,0.78481,0.78459,0.78468
2026-04-22 23:00:00+00:00,0.78468,0.78491,0.78453,0.78477
2026-04-22 23:15:00+00:00,0.78475,0.7848,0.78472,0.78478
2026-04-22 23:30:00+00:00,0.78476,0.7848,0.78464,0.78471
2026-04-22 23:45:00+00:00,0.78471,0.78494,0.78468,0.78488
2026-04-23 00:00:00+00:00,0.78489,0.78555,0.78476,0.78545
2026-04-23 00:15:00+00:00,0.78541,0.78604,0.78455,0.78457
2026-04-23 00:30:00+00:00,0.78457,0.78475,0.7842,0.78436
2026-04-23 00:45:00+00:00,0.78436,0.78447,0.78422,0.78432
2026-04-23 01:00:00+00:00,0.78432,0.7844,0.78425,0.78429
2026-04-23 01:15:00+00:00,0.78427,0.7845,0.78417,0.78438
2026-04-23 01:30:00+00:00,0.78435,0.78454,0.78418,0.78436
2026-04-23 01:45:00+00:00,0.78436,0.78463,0.78433,0.78459
2026-04-23 02:00:00+00:00,0.7846,0.785,0.78459,0.78498
2026-04-23 02:15:00+00:00,0.78497,0.78516,0.78485,0.78497
2026-04-23 02:30:00+00:00,0.78495,0.78503,0.78488,0.78498
2026-04-23 02:45:00+00:00,0.78498,0.78569,0.78498,0.78554
2026-04-23 03:00:00+00:00,0.78556,0.78571,0.78533,0.78569
2026-04-23 03:15:00+00:00,0.78569,0.78572,0.78562,0.78569
2026-04-23 03:30:00+00:00,0.78567,0.78573,0.78557,0.78573
2026-04-23 03:45:00+00:00,0.78572,0.78581,0.78564,0.78577
2026-04-23 04:00:00+00:00,0.78577,0.78582,0.78565,0.78571
2026-04-23 04:15:00+00:00,0.78571,0.78572,0.78558,0.78566
2026-04-23 04:30:00+00:00,0.78564,0.78568,0.78555,0.78561
2026-04-23 04:45:00+00:00,0.7856,0.78562,0.78545,0.78554
2026-04-23 05:00:00+00:00,0.78554,0.78557,0.78546,0.78547
2026-04-23 05:15:00+00:00,0.78547,0.78556,0.78545,0.78548
2026-04-23 05:30:00+00:00,0.78545,0.78557,0.78528,0.78539
2026-04-23 05:45:00+00:00,0.78538,0.7854,0.78504,0.78508
2026-04-23 06:00:00+00:00,0.78507,0.7852,0.78487,0.78519
2026-04-23 06:15:00+00:00,0.78519,0.78529,0.78498,0.78508
2026-04-23 06:30:00+00:00,0.78508,0.7851,0.78462,0.78468
2026-04-23 06:45:00+00:00,0.78466,0.78469,0.78437,0.78461
2026-04-23 07:00:00+00:00,0.7846,0.78478,0.78429,0.78472
2026-04-23 07:15:00+00:00,0.78472,0.78499,0.78452,0.78491
2026-04-23 07:30:00+00:00,0.78487,0.78516,0.78482,0.78491
2026-04-23 07:45:00+00:00,0.7849,0.78492,0.78442,0.78475
2026-04-23 08:00:00+00:00,0.78473,0.78482,0.78442,0.78459
2026-04-23 08:15:00+00:00,0.7846,0.78467,0.78412,0.78426
2026-04-23 08:30:00+00:00,0.78425,0.78468,0.78415,0.7845
2026-04-23 08:45:00+00:00,0.78445,0.78472,0.78415,0.78417
2026-04-23 09:00:00+00:00,0.78416,0.78492,0.78416,0.78481
2026-04-23 09:15:00+00:00,0.78482,0.78486,0.78435,0.78474
2026-04-23 09:30:00+00:00,0.78474,0.78513,0.78468,0.78492
2026-04-23 09:45:00+00:00,0.7849,0.78519,0.78484,0.78515
2026-04-23 10:00:00+00:00,0.78515,0.78575,0.78502,0.78575
2026-04-23 10:15:00+00:00,0.78574,0.78588,0.78546,0.78556
2026-04-23 10:30:00+00:00,0.78555,0.7856,0.78525,0.78545
2026-04-23 10:45:00+00:00,0.78543,0.78569,0.78539,0.78555
2026-04-23 11:00:00+00:00,0.78554,0.78567,0.7855,0.78556
2026-04-23 11:15:00+00:00,0.78556,0.78561,0.78535,0.78542
2026-04-23 11:30:00+00:00,0.78542,0.78555,0.78506,0.78516
2026-04-23 11:45:00+00:00,0.78516,0.78518,0.78433,0.78447
2026-04-23 12:00:00+00:00,0.78445,0.78494,0.78435,0.78477
2026-04-23 12:15:00+00:00,0.78478,0.78547,0.78474,0.78536
2026-04-23 12:30:00+00:00,0.78536,0.78537,0.78495,0.78501
2026-04-23 12:45:00+00:00,0.78499,0.7858,0.78496,0.78554
2026-04-23 13:00:00+00:00,0.78553,0.78564,0.78536,0.78564
2026-04-23 13:15:00+00:00,0.78567,0.78595,0.78555,0.78557
2026-04-23 13:30:00+00:00,0.78558,0.78603,0.78538,0.78585
2026-04-23 13:45:00+00:00,0.78582,0.78597,0.78524,0.78552
2026-04-23 14:00:00+00:00,0.78549,0.78577,0.7847,0.78473
2026-04-23 14:15:00+00:00,0.78472,0.78479,0.7842,0.78446
2026-04-23 14:30:00+00:00,0.78446,0.78471,0.78434,0.78441
2026-04-23 14:45:00+00:00,0.78441,0.78444,0.78328,0.78367
2026-04-23 15:00:00+00:00,0.78367,0.78413,0.78342,0.78393
2026-04-23 15:15:00+00:00,0.78393,0.78404,0.78335,0.78349
2026-04-23 15:30:00+00:00,0.78353,0.78396,0.78339,0.78395
2026-04-23 15:45:00+00:00,0.78392,0.78432,0.78371,0.78421
2026-04-23 16:00:00+00:00,0.78417,0.78469,0.78417,0.78469
2026-04-23 16:15:00+00:00,0.78469,0.78481,0.78456,0.78464
2026-04-23 16:30:00+00:00,0.78465,0.78474,0.78452,0.78463
2026-04-23 16:45:00+00:00,0.78463,0.78482,0.78455,0.7848
2026-04-23 17:00:00+00:00,0.78481,0.78672,0.78451,0.78639
2026-04-23 17:15:00+00:00,0.78638,0.78671,0.78612,0.78639
2026-04-23 17:30:00+00:00,0.78637,0.7872,0.78604,0.78716
2026-04-23 17:45:00+00:00,0.78716,0.78724,0.78585,0.78585
2026-04-23 18:00:00+00:00,0.78586,0.78598,0.78481,0.78534
2026-04-23 18:15:00+00:00,0.78532,0.78556,0.78521,0.78546
2026-04-23 18:30:00+00:00,0.78544,0.78574,0.78518,0.7856
2026-04-23 18:45:00+00:00,0.7856,0.78602,0.78555,0.78596
2026-04-23 19:00:00+00:00,0.78593,0.78621,0.78585,0.7862
2026-04-23 19:15:00+00:00,0.78618,0.78633,0.78613,0.78628
2026-04-23 19:30:00+00:00,0.78628,0.78653,0.78621,0.78648
2026-04-23 19:45:00+00:00,0.78648,0.78648,0.78618,0.78628
2026-04-23 20:00:00+00:00,0.78627,0.78652,0.78624,0.78645
2026-04-23 20:15:00+00:00,0.78644,0.78651,0.78632,0.78643
2026-04-23 20:30:00+00:00,0.78642,0.78643,0.7863,0.78633
2026-04-23 20:45:00+00:00,0.78634,0.78652,0.78628,0.78649
2026-04-23 21:00:00+00:00,0.7865,0.7865,0.78564,0.78582
2026-04-23 21:15:00+00:00,0.78578,0.78623,0.78568,0.7861
2026-04-23 21:30:00+00:00,0.78609,0.78615,0.78585,0.78601
2026-04-23 21:45:00+00:00,0.78601,0.7861,0.78598,0.78601
2026-04-23 22:00:00+00:00,0.786,0.78632,0.78599,0.78628
2026-04-23 22:15:00+00:00,0.78627,0.78632,0.78623,0.78629
2026-04-23 22:30:00+00:00,0.78628,0.78634,0.78623,0.78627
2026-04-23 22:45:00+00:00,0.78628,0.78636,0.78626,0.78631
2026-04-23 23:00:00+00:00,0.78631,0.78652,0.78621,0.7865
2026-04-23 23:15:00+00:00,0.78649,0.78658,0.78645,0.78645
2026-04-23 23:30:00+00:00,0.78644,0.78649,0.78626,0.78631
2026-04-23 23:45:00+00:00,0.78632,0.78638,0.78625,0.78635
2026-04-24 00:00:00+00:00,0.78635,0.7864,0.78603,0.78603
2026-04-24 00:15:00+00:00,0.78603,0.78626,0.78585,0.7861
2026-04-24 00:30:00+00:00,0.78609,0.78649,0.78598,0.78645
2026-04-24 00:45:00+00:00,0.78645,0.78654,0.78629,0.78633
2026-04-24 01:00:00+00:00,0.78634,0.78641,0.78622,0.78622
2026-04-24 01:15:00+00:00,0.78621,0.78628,0.78615,0.78628
2026-04-24 01:30:00+00:00,0.78626,0.78646,0.78624,0.78645
2026-04-24 01:45:00+00:00,0.78645,0.78651,0.78608,0.78615
2026-04-24 02:00:00+00:00,0.78615,0.78644,0.78612,0.78641
2026-04-24 02:15:00+00:00,0.7864,0.78676,0.78636,0.78672
2026-04-24 02:30:00+00:00,0.78671,0.78674,0.78649,0.78667
2026-04-24 02:45:00+00:00,0.78667,0.78691,0.78666,0.78685
2026-04-24 03:00:00+00:00,0.78685,0.78708,0.7868,0.78708
2026-04-24 03:15:00+00:00,0.78707,0.78717,0.78703,0.78717
2026-04-24 03:30:00+00:00,0.78714,0.78732,0.78703,0.78707
2026-04-24 03:45:00+00:00,0.78707,0.78711,0.78682,0.78698
2026-04-24 04:00:00+00:00,0.787,0.78724,0.78687,0.78696
2026-04-24 04:15:00+00:00,0.78696,0.78709,0.78695,0.78708
2026-04-24 04:30:00+00:00,0.78706,0.7871,0.7869,0.78698
2026-04-24 04:45:00+00:00,0.78696,0.78706,0.78669,0.78699
2026-04-24 05:00:00+00:00,0.78699,0.78721,0.78692,0.78702
2026-04-24 05:15:00+00:00,0.78702,0.78712,0.7869,0.78696
2026-04-24 05:30:00+00:00,0.78696,0.78698,0.78674,0.78676
2026-04-24 05:45:00+00:00,0.78674,0.78691,0.78674,0.78681
2026-04-24 06:00:00+00:00,0.78682,0.78692,0.78675,0.78675
2026-04-24 06:15:00+00:00,0.78676,0.78715,0.78673,0.78715
2026-04-24 06:30:00+00:00,0.78714,0.78719,0.78684,0.78707
2026-04-24 06:45:00+00:00,0.78704,0.78742,0.78701,0.78731
2026-04-24 07:00:00+00:00,0.78733,0.78772,0.78727,0.78731
2026-04-24 07:15:00+00:00,0.78732,0.7874,0.78726,0.78732
2026-04-24 07:30:00+00:00,0.7873,0.78761,0.78716,0.78716
2026-04-24 07:45:00+00:00,0.78716,0.78719,0.78651,0.78657
2026-04-24 08:00:00+00:00,0.78658,0.7871,0.78634,0.78639
2026-04-24 08:15:00+00:00,0.78638,0.78643,0.78581,0.78639
2026-04-24 08:30:00+00:00,0.78639,0.7866,0.78624,0.78653
2026-04-24 08:45:00+00:00,0.78651,0.78654,0.78611,0.78623
2026-04-24 09:00:00+00:00,0.78622,0.7864,0.7861,0.78619
2026-04-24 09:15:00+00:00,0.78619,0.78651,0.78599,0.78647
2026-04-24 09:30:00+00:00,0.78646,0.78693,0.78646,0.78682
2026-04-24 09:45:00+00:00,0.78679,0.78702,0.78667,0.78697
2026-04-24 10:00:00+00:00,0.78697,0.78716,0.78665,0.78676
2026-04-24 10:15:00+00:00,0.78676,0.78678,0.78639,0.78639
2026-04-24 10:30:00+00:00,0.78639,0.78652,0.78612,0.78613
2026-04-24 10:45:00+00:00,0.7861,0.78638,0.78592,0.78592
2026-04-24 11:00:00+00:00,0.78591,0.7861,0.78549,0.786
2026-04-24 11:15:00+00:00,0.78603,0.78632,0.78534,0.7854
2026-04-24 11:30:00+00:00,0.7854,0.78581,0.7854,0.78555
2026-04-24 11:45:00+00:00,0.78552,0.78571,0.78532,0.78539
2026-04-24 12:00:00+00:00,0.78538,0.78541,0.78501,0.78519
2026-04-24 12:15:00+00:00,0.78519,0.78539,0.78507,0.78529
2026-04-24 12:30:00+00:00,0.78531,0.78619,0.78524,0.78615
2026-04-24 12:45:00+00:00,0.78613,0.78674,0.78599,0.78626
2026-04-24 13:00:00+00:00,0.78625,0.78646,0.78601,0.78635
2026-04-24 13:15:00+00:00,0.78636,0.78669,0.78632,0.78667
2026-04-24 13:30:00+00:00,0.78669,0.78743,0.78666,0.78729
2026-04-24 13:45:00+00:00,0.7873,0.78731,0.78657,0.78678
2026-04-24 14:00:00+00:00,0.78677,0.78684,0.78583,0.78584
2026-04-24 14:15:00+00:00,0.78586,0.78608,0.78549,0.78577
2026-04-24 14:30:00+00:00,0.78576,0.78598,0.78551,0.78556
2026-04-24 14:45:00+00:00,0.78555,0.78632,0.78555,0.78626
2026-04-24 15:00:00+00:00,0.78625,0.78628,0.78586,0.78614
2026-04-24 15:15:00+00:00,0.78612,0.78615,0.78593,0.78599
2026-04-24 15:30:00+00:00,0.78599,0.78613,0.78591,0.78592
2026-04-24 15:45:00+00:00,0.78595,0.78609,0.78467,0.78493
2026-04-24 16:00:00+00:00,0.78493,0.78509,0.78467,0.7849
2026-04-24 16:15:00+00:00,0.78489,0.78522,0.78489,0.78516
2026-04-24 16:30:00+00:00,0.78516,0.78519,0.78492,0.78512
2026-04-24 16:45:00+00:00,0.78512,0.78517,0.78488,0.78499
2026-04-24 17:00:00+00:00,0.78498,0.78507,0.78477,0.78488
2026-04-24 17:15:00+00:00,0.78487,0.7852,0.78483,0.78519
2026-04-24 17:30:00+00:00,0.78521,0.78541,0.78516,0.78531
2026-04-24 17:45:00+00:00,0.78531,0.7854,0.78526,0.78536
2026-04-24 18:00:00+00:00,0.78532,0.78562,0.78529,0.78547
2026-04-24 18:15:00+00:00,0.78545,0.78562,0.78537,0.78547
2026-04-24 18:30:00+00:00,0.78547,0.78555,0.7851,0.78515
2026-04-24 18:45:00+00:00,0.78516,0.78531,0.78513,0.78526
2026-04-24 19:00:00+00:00,0.78525,0.78535,0.78504,0.78504
2026-04-24 19:15:00+00:00,0.78502,0.78525,0.785,0.78519
2026-04-24 19:30:00+00:00,0.78518,0.78523,0.78507,0.7852
2026-04-24 19:45:00+00:00,0.78521,0.78527,0.785,0.785
2026-04-24 20:00:00+00:00,0.78499,0.78508,0.78477,0.78486
2026-04-24 20:15:00+00:00,0.78485,0.78491,0.7848,0.78491
2026-04-24 20:30:00+00:00,0.7849,0.785,0.78477,0.78488
2026-04-24 20:45:00+00:00,0.78488,0.78504,0.78467,0.78502
2026-04-24 21:00:00+00:00,0.78501,0.78518,0.78491,0.78505
2026-04-24 21:15:00+00:00,0.78503,0.78513,0.78499,0.78504
2026-04-24 21:30:00+00:00,0.78503,0.78516,0.78502,0.78512
2026-04-24 21:45:00+00:00,0.78512,0.78516,0.78503,0.78508
2026-04-24 22:00:00+00:00,0.78508,0.78548,0.78491,0.78505
2026-04-24 22:15:00+00:00,0.78502,0.78513,0.78499,0.78509
2026-04-24 22:30:00+00:00,0.78508,0.7851,0.78501,0.78503
2026-04-24 22:45:00+00:00,0.78504,0.78513,0.78499,0.78508
2026-04-24 23:00:00+00:00,0.78508,0.7858,0.78497,0.78505
2026-04-24 23:15:00+00:00,0.78503,0.78514,0.78493,0.78509
2026-04-24 23:30:00+00:00,0.78508,0.78527,0.785,0.78518
2026-04-24 23:45:00+00:00,0.78517,0.78527,0.78504,0.78513
2026-04-25 00:00:00+00:00,0.78514,0.78542,0.78513,0.78533
2026-04-25 00:15:00+00:00,0.78534,0.78543,0.78508,0.78527
2026-04-25 00:30:00+00:00,0.78526,0.78542,0.78524,0.78532
2026-04-25 00:45:00+00:00,0.78529,0.78543,0.78518,0.78527
2026-04-25 01:00:00+00:00,0.78528,0.78542,0.78525,0.78532
2026-04-25 01:15:00+00:00,0.78533,0.78543,0.78509,0.7853
2026-04-25 01:30:00+00:00,0.78529,0.78542,0.78509,0.78527
2026-04-25 01:45:00+00:00,0.78525,0.78543,0.78514,0.78528
2026-04-25 02:00:00+00:00,0.78528,0.78541,0.78525,0.78532
2026-04-25 02:15:00+00:00,0.78532,0.78543,0.78511,0.78542
2026-04-25 02:30:00+00:00,0.7854,0.78543,0.7853,0.78541
2026-04-25 02:45:00+00:00,0.7854,0.78543,0.78532,0.78532
2026-04-25 03:00:00+00:00,0.78533,0.78541,0.78532,0.7854
2026-04-25 03:15:00+00:00,0.7854,0.78543,0.78501,0.7854
2026-04-25 03:30:00+00:00,0.78539,0.78543,0.78537,0.78541
2026-04-25 03:45:00+00:00,0.7854,0.78543,0.78527,0.78539
2026-04-25 04:00:00+00:00,0.7854,0.78544,0.7853,0.78534
2026-04-25 04:15:00+00:00,0.78534,0.78543,0.7853,0.78542
2026-04-25 04:30:00+00:00,0.7854,0.78543,0.78532,0.78541
2026-04-25 04:45:00+00:00,0.7854,0.78544,0.78539,0.7854
2026-04-25 05:00:00+00:00,0.7854,0.78544,0.78507,0.7854
2026-04-25 05:15:00+00:00,0.7854,0.78544,0.78532,0.78538
2026-04-25 05:30:00+00:00,0.78538,0.78543,0.7852,0.78541
2026-04-25 05:45:00+00:00,0.7854,0.78544,0.78525,0.78539
2026-04-25 06:00:00+00:00,0.78539,0.78544,0.78528,0.78533
2026-04-25 06:15:00+00:00,0.78532,0.78541,0.78514,0.78541
2026-04-25 06:30:00+00:00,0.7854,0.78543,0.78523,0.78533
2026-04-25 06:45:00+00:00,0.78532,0.78543,0.78523,0.78531
2026-04-25 07:00:00+00:00,0.7853,0.78542,0.78522,0.78539
2026-04-25 07:15:00+00:00,0.78539,0.78544,0.78538,0.78541
2026-04-25 07:30:00+00:00,0.7854,0.78544,0.78525,0.78542
2026-04-25 07:45:00+00:00,0.7854,0.78544,0.7853,0.78536
2026-04-25 08:00:00+00:00,0.78535,0.78544,0.78535,0.7854
2026-04-25 08:15:00+00:00,0.7854,0.78543,0.78523,0.78539
2026-04-25 08:30:00+00:00,0.78538,0.78543,0.78538,0.78542
2026-04-25 08:45:00+00:00,0.7854,0.78544,0.78526,0.78541
2026-04-25 09:00:00+00:00,0.78539,0.78542,0.78526,0.78536
2026-04-25 09:15:00+00:00,0.78536,0.78543,0.78532,0.7854
2026-04-25 09:30:00+00:00,0.7854,0.78543,0.7853,0.78541
2026-04-25 09:45:00+00:00,0.78539,0.78544,0.78538,0.78541
2026-04-25 10:00:00+00:00,0.7854,0.78542,0.78523,0.78539
2026-04-25 10:15:00+00:00,0.78539,0.78543,0.78528,0.78531
2026-04-25 10:30:00+00:00,0.78531,0.78541,0.78518,0.78541
2026-04-25 10:45:00+00:00,0.78539,0.78544,0.78538,0.78542
2026-04-25 11:00:00+00:00,0.7854,0.78544,0.78539,0.7854
2026-04-25 11:15:00+00:00,0.7854,0.78544,0.78539,0.7854
2026-04-25 11:30:00+00:00,0.7854,0.78544,0.78532,0.78537
2026-04-25 11:45:00+00:00,0.78536,0.78539,0.78534,0.78537
2026-04-25 12:00:00+00:00,0.78536,0.7854,0.78535,0.78537
2026-04-25 12:15:00+00:00,0.78537,0.7854,0.78536,0.78536
2026-04-25 12:30:00+00:00,0.78537,0.78541,0.78536,0.78539
2026-04-25 12:45:00+00:00,0.78538,0.78541,0.78537,0.7854
2026-04-25 13:00:00+00:00,0.78538,0.78542,0.78537,0.78539
2026-04-25 13:15:00+00:00,0.78536,0.78539,0.78524,0.78527
2026-04-25 13:30:00+00:00,0.78528,0.78531,0.78527,0.78529
2026-04-25 13:45:00+00:00,0.78528,0.78534,0.78527,0.78532
2026-04-25 14:00:00+00:00,0.78531,0.78534,0.7853,0.78533
2026-04-25 14:15:00+00:00,0.78533,0.78536,0.78532,0.78532
2026-04-25 14:30:00+00:00,0.78533,0.78538,0.78532,0.78535
2026-04-25 14:45:00+00:00,0.78534,0.78538,0.78533,0.78536
2026-04-25 15:00:00+00:00,0.78534,0.78538,0.78522,0.78524
2026-04-25 15:15:00+00:00,0.78523,0.78526,0.78516,0.78516
2026-04-25 15:30:00+00:00,0.78517,0.7852,0.78515,0.78517
2026-04-25 15:45:00+00:00,0.78517,0.7852,0.78509,0.78513
2026-04-25 16:00:00+00:00,0.78513,0.78515,0.78495,0.78505
2026-04-25 16:15:00+00:00,0.78504,0.78506,0.78499,0.78501
2026-04-25 16:30:00+00:00,0.78501,0.78505,0.78492,0.78496
2026-04-25 16:45:00+00:00,0.78496,0.78499,0.78495,0.78497
2026-04-25 17:00:00+00:00,0.78496,0.78499,0.78494,0.78496
2026-04-25 17:15:00+00:00,0.78495,0.78498,0.78494,0.78495
2026-04-25 17:30:00+00:00,0.78495,0.78498,0.78493,0.78494
2026-04-25 17:45:00+00:00,0.78494,0.78498,0.78493,0.78495
2026-04-25 18:00:00+00:00,0.78494,0.78497,0.78493,0.78495
2026-04-25 18:15:00+00:00,0.78494,0.78497,0.78493,0.78495
2026-04-25 18:30:00+00:00,0.78495,0.78498,0.78494,0.78494
2026-04-25 18:45:00+00:00,0.78495,0.78497,0.7849,0.78492
2026-04-25 19:00:00+00:00,0.78486,0.7852,0.78486,0.78513
2026-04-25 19:15:00+00:00,0.78511,0.78517,0.7851,0.78512
2026-04-25 19:30:00+00:00,0.78511,0.78515,0.78506,0.78507
2026-04-25 19:45:00+00:00,0.78507,0.78511,0.78506,0.78508
2026-04-25 20:00:00+00:00,0.78507,0.78551,0.78497,0.78515
2026-04-25 20:15:00+00:00,0.78514,0.78517,0.78508,0.7851
2026-04-25 20:30:00+00:00,0.78509,0.78514,0.78508,0.78509
2026-04-25 20:45:00+00:00,0.78509,0.78512,0.78499,0.785
2026-04-25 21:00:00+00:00,0.785,0.78541,0.78497,0.78525
2026-04-25 21:15:00+00:00,0.78524,0.78527,0.78516,0.78518
2026-04-25 21:30:00+00:00,0.78517,0.78521,0.78496,0.78507
2026-04-25 21:45:00+00:00,0.78507,0.7852,0.78506,0.78514
2026-04-25 22:00:00+00:00,0.78513,0.78545,0.78511,0.78528
2026-04-25 22:15:00+00:00,0.78526,0.78529,0.78525,0.78527
2026-04-25 22:30:00+00:00,0.78526,0.78529,0.78511,0.78519
2026-04-25 22:45:00+00:00,0.78519,0.78523,0.78518,0.78519
2026-04-25 23:00:00+00:00,0.78519,0.78552,0.78511,0.78536
2026-04-25 23:15:00+00:00,0.78535,0.78538,0.78515,0.78518
2026-04-25 23:30:00+00:00,0.78516,0.78519,0.78515,0.78516
2026-04-25 23:45:00+00:00,0.78516,0.78519,0.78509,0.78511
2026-04-26 00:00:00+00:00,0.78511,0.78514,0.7851,0.78512
2026-04-26 00:15:00+00:00,0.78512,0.78514,0.78503,0.78509
2026-04-26 00:30:00+00:00,0.78507,0.78522,0.78506,0.78514
2026-04-26 00:45:00+00:00,0.78513,0.78517,0.78512,0.78513
2026-04-26 01:00:00+00:00,0.78513,0.78516,0.78502,0.78504
2026-04-26 01:15:00+00:00,0.78503,0.78506,0.78502,0.78505
2026-04-26 01:30:00+00:00,0.78503,0.78506,0.78499,0.78501
2026-04-26 01:45:00+00:00,0.78501,0.78504,0.78497,0.78498
2026-04-26 02:00:00+00:00,0.78499,0.78502,0.78498,0.78499
2026-04-26 02:15:00+00:00,0.78499,0.78502,0.78496,0.78499
2026-04-26 02:30:00+00:00,0.78497,0.78501,0.78496,0.78498
2026-04-26 02:45:00+00:00,0.78497,0.785,0.78496,0.78496
2026-04-26 03:00:00+00:00,0.78497,0.785,0.78495,0.78496
2026-04-26 03:15:00+00:00,0.78496,0.78499,0.78495,0.78497
2026-04-26 03:30:00+00:00,0.78496,0.78499,0.78494,0.78496
2026-04-26 03:45:00+00:00,0.78495,0.78498,0.78494,0.78494
2026-04-26 04:00:00+00:00,0.78495,0.78498,0.78493,0.78494
2026-04-26 04:15:00+00:00,0.78494,0.78498,0.78493,0.78497
2026-04-26 04:30:00+00:00,0.78495,0.78499,0.78494,0.78497
2026-04-26 04:45:00+00:00,0.78495,0.78498,0.78494,0.78494
2026-04-26 05:00:00+00:00,0.78494,0.78498,0.78493,0.78494
2026-04-26 05:15:00+00:00,0.78494,0.78497,0.78493,0.78495
2026-04-26 05:30:00+00:00,0.78494,0.78497,0.78492,0.78495
2026-04-26 05:45:00+00:00,0.78493,0.78497,0.78492,0.78493
2026-04-26 06:00:00+00:00,0.78493,0.78498,0.78492,0.78494
2026-04-26 06:15:00+00:00,0.78495,0.78498,0.78494,0.78496
2026-04-26 06:30:00+00:00,0.78495,0.78497,0.78493,0.78496
2026-04-26 06:45:00+00:00,0.78494,0.78497,0.78493,0.78494
2026-04-26 07:00:00+00:00,0.78493,0.78497,0.78492,0.78493
2026-04-26 07:15:00+00:00,0.78493,0.78496,0.78492,0.78494
2026-04-26 07:30:00+00:00,0.78493,0.78496,0.78492,0.78495
2026-04-26 07:45:00+00:00,0.78493,0.78498,0.78492,0.78495
2026-04-26 08:00:00+00:00,0.78495,0.78498,0.78493,0.78493
2026-04-26 08:15:00+00:00,0.78494,0.78497,0.78493,0.78494
2026-04-26 08:30:00+00:00,0.78494,0.78497,0.78492,0.78495
2026-04-26 08:45:00+00:00,0.78493,0.78497,0.78492,0.78494
2026-04-26 09:00:00+00:00,0.78493,0.78496,0.78492,0.78492
2026-04-26 09:15:00+00:00,0.78493,0.78496,0.78492,0.78493
2026-04-26 09:30:00+00:00,0.78493,0.78496,0.78492,0.78494
2026-04-26 09:45:00+00:00,0.78493,0.78496,0.78491,0.78494
2026-04-26 10:00:00+00:00,0.78492,0.78496,0.78491,0.78492
2026-04-26 10:15:00+00:00,0.78492,0.78584,0.78488,0.78537
2026-04-26 10:30:00+00:00,0.78537,0.7854,0.78536,0.78538
2026-04-26 10:45:00+00:00,0.78537,0.7858,0.78534,0.78574
2026-04-26 11:00:00+00:00,0.78573,0.78576,0.78572,0.78572
2026-04-26 11:15:00+00:00,0.78573,0.78604,0.78567,0.78601
2026-04-26 11:30:00+00:00,0.78601,0.78626,0.78599,0.78625
2026-04-26 11:45:00+00:00,0.78624,0.78627,0.78623,0.78625
2026-04-26 12:00:00+00:00,0.78624,0.78662,0.78622,0.78642
2026-04-26 12:15:00+00:00,0.78642,0.78646,0.78641,0.78642
2026-04-26 12:30:00+00:00,0.78642,0.7866,0.78641,0.78658
2026-04-26 12:45:00+00:00,0.78657,0.78672,0.78655,0.7867
2026-04-26 13:00:00+00:00,0.78668,0.78672,0.78667,0.78669
2026-04-26 13:15:00+00:00,0.78668,0.78679,0.78561,0.78636
2026-04-26 13:30:00+00:00,0.78636,0.7864,0.78635,0.78637
2026-04-26 13:45:00+00:00,0.78636,0.78667,0.78636,0.78654
2026-04-26 14:00:00+00:00,0.78652,0.78656,0.78457,0.78538
2026-04-26 14:15:00+00:00,0.78538,0.78541,0.78537,0.78537
2026-04-26 14:30:00+00:00,0.78538,0.78577,0.78533,0.78574
2026-04-26 14:45:00+00:00,0.78573,0.78576,0.78511,0.78526
2026-04-26 15:00:00+00:00,0.78524,0.78566,0.7852,0.78564
2026-04-26 15:15:00+00:00,0.78563,0.78596,0.78558,0.78593
2026-04-26 15:30:00+00:00,0.78593,0.78596,0.78592,0.78593
2026-04-26 15:45:00+00:00,0.78593,0.78637,0.78592,0.78619
2026-04-26 16:00:00+00:00,0.78617,0.78621,0.78616,0.78619
2026-04-26 16:15:00+00:00,0.78618,0.7865,0.78616,0.78637
2026-04-26 16:30:00+00:00,0.78637,0.78656,0.78635,0.78653
2026-04-26 16:45:00+00:00,0.78653,0.78656,0.78652,0.78654
2026-04-26 17:00:00+00:00,0.78654,0.78656,0.78555,0.7859
2026-04-26 17:15:00+00:00,0.78589,0.78591,0.78569,0.7857
2026-04-26 17:30:00+00:00,0.7857,0.78629,0.78567,0.78598
2026-04-26 17:45:00+00:00,0.78599,0.78627,0.78597,0.78623
2026-04-26 18:00:00+00:00,0.78622,0.78629,0.78496,0.78499
2026-04-26 18:15:00+00:00,0.78497,0.78542,0.78487,0.78499
2026-04-26 18:30:00+00:00,0.78499,0.78502,0.78494,0.78496
2026-04-26 18:45:00+00:00,0.78496,0.78545,0.78495,0.78529
2026-04-26 19:00:00+00:00,0.78523,0.78693,0.78486,0.78673
2026-04-26 19:15:00+00:00,0.78668,0.78708,0.78647,0.78673
2026-04-26 19:30:00+00:00,0.78675,0.78721,0.78662,0.78708
2026-04-26 19:45:00+00:00,0.78709,0.78718,0.7867,0.7867
2026-04-26 20:00:00+00:00,0.78671,0.7871,0.78661,0.78694
2026-04-26 20:15:00+00:00,0.78691,0.7871,0.78687,0.78698
2026-04-26 20:30:00+00:00,0.78697,0.78707,0.78691,0.78705
2026-04-26 20:45:00+00:00,0.78705,0.78715,0.7869,0.78705
2026-04-26 21:00:00+00:00,0.78705,0.78714,0.78654,0.78663
2026-04-26 21:15:00+00:00,0.78661,0.78673,0.7865,0.7865
2026-04-26 21:30:00+00:00,0.7865,0.78665,0.7859,0.78603
2026-04-26 21:45:00+00:00,0.78601,0.78604,0.7857,0.78571
2026-04-26 22:00:00+00:00,0.78571,0.78596,0.78553,0.78594
2026-04-26 22:15:00+00:00,0.78591,0.7864,0.78591,0.78632
2026-04-26 22:30:00+00:00,0.7863,0.78639,0.78612,0.78615
2026-04-26 22:45:00+00:00,0.78617,0.78631,0.78615,0.78625
2026-04-26 23:00:00+00:00,0.78626,0.78629,0.78616,0.78625
2026-04-26 23:15:00+00:00,0.78624,0.78642,0.78617,0.78642
2026-04-26 23:30:00+00:00,0.7864,0.78659,0.78637,0.78654
2026-04-26 23:45:00+00:00,0.78654,0.78657,0.78634,0.78647
2026-04-27 00:00:00+00:00,0.78648,0.78648,0.78621,0.78621
2026-04-27 00:15:00+00:00,0.78619,0.78647,0.78616,0.78619
2026-04-27 00:30:00+00:00,0.78617,0.78621,0.786,0.78602
2026-04-27 00:45:00+00:00,0.78602,0.78611,0.78569,0.78577
2026-04-27 01:00:00+00:00,0.78576,0.78588,0.78498,0.78539
2026-04-27 01:15:00+00:00,0.78538,0.7854,0.78504,0.78538
2026-04-27 01:30:00+00:00,0.78536,0.7854,0.78517,0.78522
2026-04-27 01:45:00+00:00,0.78521,0.78522,0.78488,0.78501
2026-04-27 02:00:00+00:00,0.78501,0.78519,0.78491,0.78509
2026-04-27 02:15:00+00:00,0.78509,0.78511,0.78493,0.78509
2026-04-27 02:30:00+00:00,0.78508,0.78511,0.78482,0.78495
2026-04-27 02:45:00+00:00,0.78495,0.78499,0.78475,0.78483
2026-04-27 03:00:00+00:00,0.78484,0.78488,0.78468,0.78471
2026-04-27 03:15:00+00:00,0.78471,0.78479,0.78464,0.78471
2026-04-27 03:30:00+00:00,0.7847,0.78473,0.78451,0.78451
2026-04-27 03:45:00+00:00,0.7845,0.78467,0.78449,0.78465
2026-04-27 04:00:00+00:00,0.78465,0.7847,0.78459,0.78467
2026-04-27 04:15:00+00:00,0.78468,0.78468,0.78447,0.78453
2026-04-27 04:30:00+00:00,0.78452,0.78458,0.78442,0.78452
2026-04-27 04:45:00+00:00,0.78451,0.78488,0.78447,0.7848
2026-04-27 05:00:00+00:00,0.78481,0.78491,0.78474,0.78486
2026-04-27 05:15:00+00:00,0.78486,0.78494,0.78482,0.78483
2026-04-27 05:30:00+00:00,0.78481,0.78502,0.78481,0.78495
2026-04-27 05:45:00+00:00,0.78494,0.78516,0.78485,0.78516
2026-04-27 06:00:00+00:00,0.78517,0.78553,0.7851,0.78553
2026-04-27 06:15:00+00:00,0.78553,0.7857,0.7855,0.78565
2026-04-27 06:30:00+00:00,0.78564,0.78567,0.78538,0.78551
2026-04-27 06:45:00+00:00,0.7855,0.78553,0.78498,0.78501
2026-04-27 07:00:00+00:00,0.78501,0.78513,0.78467,0.7848
2026-04-27 07:15:00+00:00,0.7848,0.785,0.78468,0.78499
2026-04-27 07:30:00+00:00,0.78498,0.78516,0.78492,0.78516
2026-04-27 07:45:00+00:00,0.78513,0.78518,0.78459,0.78479
2026-04-27 08:00:00+00:00,0.78478,0.78485,0.78412,0.78425
2026-04-27 08:15:00+00:00,0.78426,0.78441,0.78393,0.78414
2026-04-27 08:30:00+00:00,0.78413,0.78419,0.78388,0.78388
2026-04-27 08:45:00+00:00,0.78389,0.78393,0.78345,0.78359
2026-04-27 09:00:00+00:00,0.78358,0.78383,0.78351,0.78371
2026-04-27 09:15:00+00:00,0.78373,0.78409,0.78371,0.78384
2026-04-27 09:30:00+00:00,0.78384,0.78405,0.78365,0.78399
2026-04-27 09:45:00+00:00,0.78399,0.78426,0.78387,0.78426
2026-04-27 10:00:00+00:00,0.78425,0.78428,0.78409,0.78425
2026-04-27 10:15:00+00:00,0.78427,0.78445,0.78423,0.78425
2026-04-27 10:30:00+00:00,0.78425,0.78442,0.78412,0.78412
2026-04-27 10:45:00+00:00,0.7841,0.78422,0.78404,0.78419
2026-04-27 11:00:00+00:00,0.78418,0.78449,0.78401,0.78445
2026-04-27 11:15:00+00:00,0.78445,0.78459,0.78431,0.78448
2026-04-27 11:30:00+00:00,0.78448,0.78492,0.78445,0.78485
2026-04-27 11:45:00+00:00,0.78484,0.78497,0.78467,0.78484
2026-04-27 12:00:00+00:00,0.78483,0.78488,0.7838,0.78381
2026-04-27 12:15:00+00:00,0.7838,0.78425,0.78356,0.78409
2026-04-27 12:30:00+00:00,0.78409,0.78429,0.78396,0.78418
2026-04-27 12:45:00+00:00,0.78416,0.78459,0.78405,0.78447
2026-04-27 13:00:00+00:00,0.78444,0.78452,0.78377,0.78399
2026-04-27 13:15:00+00:00,0.78398,0.784,0.78377,0.78395
2026-04-27 13:30:00+00:00,0.78397,0.78423,0.7839,0.78419
2026-04-27 13:45:00+00:00,0.78417,0.78477,0.78411,0.78467
2026-04-27 14:00:00+00:00,0.78467,0.78472,0.78412,0.78424
2026-04-27 14:15:00+00:00,0.78424,0.78433,0.7839,0.78408
2026-04-27 14:30:00+00:00,0.78409,0.78412,0.78328,0.78336
2026-04-27 14:45:00+00:00,0.78336,0.7843,0.78308,0.7843
2026-04-27 15:00:00+00:00,0.78428,0.78465,0.78426,0.78465
2026-04-27 15:15:00+00:00,0.78464,0.78485,0.78438,0.78475
2026-04-27 15:30:00+00:00,0.78474,0.7848,0.78446,0.78452
2026-04-27 15:45:00+00:00,0.78452,0.78463,0.78449,0.78458
2026-04-27 16:00:00+00:00,0.78458,0.78482,0.78445,0.78477
2026-04-27 16:15:00+00:00,0.78475,0.785,0.78471,0.785
2026-04-27 16:30:00+00:00,0.78502,0.78513,0.78491,0.78504
2026-04-27 16:45:00+00:00,0.78505,0.78541,0.78495,0.78537
2026-04-27 17:00:00+00:00,0.78536,0.78577,0.7853,0.78573
2026-04-27 17:15:00+00:00,0.78572,0.78602,0.78569,0.78577
2026-04-27 17:30:00+00:00,0.78576,0.78578,0.7852,0.78543
2026-04-27 17:45:00+00:00,0.78543,0.7857,0.78542,0.78555
2026-04-27 18:00:00+00:00,0.78554,0.78567,0.78544,0.78556
2026-04-27 18:15:00+00:00,0.78554,0.78557,0.78538,0.78551
2026-04-27 18:30:00+00:00,0.7855,0.78558,0.78536,0.7854
2026-04-27 18:45:00+00:00,0.78541,0.78562,0.78532,0.78559
2026-04-27 19:00:00+00:00,0.78558,0.78563,0.78539,0.78547
2026-04-27 19:15:00+00:00,0.78545,0.78548,0.78529,0.78531
2026-04-27 19:30:00+00:00,0.78531,0.78551,0.7853,0.78543
2026-04-27 19:45:00+00:00,0.78543,0.78568,0.78538,0.78567
2026-04-27 20:00:00+00:00,0.78566,0.78584,0.78558,0.78579
2026-04-27 20:15:00+00:00,0.78578,0.78581,0.7857,0.78574
2026-04-27 20:30:00+00:00,0.78573,0.78574,0.7856,0.78562
2026-04-27 20:45:00+00:00,0.78562,0.78566,0.78557,0.7856
2026-04-27 21:00:00+00:00,0.78561,0.78562,0.78499,0.78523
2026-04-27 21:15:00+00:00,0.78521,0.78531,0.78508,0.78523
2026-04-27 21:30:00+00:00,0.78521,0.78528,0.78499,0.78519
2026-04-27 21:45:00+00:00,0.78519,0.78532,0.78507,0.78523
2026-04-27 22:00:00+00:00,0.78523,0.78557,0.78522,0.78535
2026-04-27 22:15:00+00:00,0.78534,0.78546,0.78527,0.78544
2026-04-27 22:30:00+00:00,0.78543,0.78545,0.78507,0.7853
2026-04-27 22:45:00+00:00,0.78531,0.78537,0.78524,0.78537
2026-04-27 23:00:00+00:00,0.78537,0.78545,0.78531,0.78537
2026-04-27 23:15:00+00:00,0.78536,0.7855,0.7853,0.78544
2026-04-27 23:30:00+00:00,0.78542,0.78549,0.78538,0.78543
2026-04-27 23:45:00+00:00,0.78542,0.78546,0.78533,0.78536
2026-04-28 00:00:00+00:00,0.78536,0.7854,0.78496,0.78508
2026-04-28 00:15:00+00:00,0.78506,0.78567,0.785,0.78559
2026-04-28 00:30:00+00:00,0.78558,0.78574,0.78556,0.78565
2026-04-28 00:45:00+00:00,0.78566,0.78589,0.78565,0.78585
2026-04-28 01:00:00+00:00,0.78587,0.78624,0.78585,0.7862
2026-04-28 01:15:00+00:00,0.78619,0.78635,0.78617,0.78621
2026-04-28 01:30:00+00:00,0.78618,0.78629,0.78606,0.78619
2026-04-28 01:45:00+00:00,0.78619,0.78666,0.78613,0.78657
2026-04-28 02:00:00+00:00,0.78658,0.78668,0.78651,0.78657
2026-04-28 02:15:00+00:00,0.78657,0.78672,0.78657,0.78669
2026-04-28 02:30:00+00:00,0.78666,0.7869,0.78666,0.78686
2026-04-28 02:45:00+00:00,0.78685,0.78687,0.7867,0.7868
2026-04-28 03:00:00+00:00,0.7868,0.78686,0.78646,0.78668
2026-04-28 03:15:00+00:00,0.78668,0.7867,0.78645,0.78645
2026-04-28 03:30:00+00:00,0.78645,0.78657,0.78626,0.78657
2026-04-28 03:45:00+00:00,0.78656,0.7867,0.7865,0.78657
2026-04-28 04:00:00+00:00,0.78658,0.78675,0.78656,0.78663
2026-04-28 04:15:00+00:00,0.78663,0.78665,0.78655,0.78662
2026-04-28 04:30:00+00:00,0.78661,0.78665,0.78643,0.78658
2026-04-28 04:45:00+00:00,0.78657,0.7869,0.78646,0.78687
2026-04-28 05:00:00+00:00,0.78687,0.78729,0.78686,0.7872
2026-04-28 05:15:00+00:00,0.78721,0.78727,0.78709,0.7871
2026-04-28 05:30:00+00:00,0.78708,0.78749,0.78708,0.78749
2026-04-28 05:45:00+00:00,0.78747,0.7875,0.78733,0.78746
2026-04-28 06:00:00+00:00,0.78747,0.78791,0.78742,0.78764
2026-04-28 06:15:00+00:00,0.78763,0.78795,0.78753,0.78769
2026-04-28 06:30:00+00:00,0.78768,0.78826,0.78767,0.78808
2026-04-28 06:45:00+00:00,0.78805,0.78953,0.78784,0.78953
2026-04-28 07:00:00+00:00,0.78953,0.78965,0.78901,0.7892
2026-04-28 07:15:00+00:00,0.7892,0.78921,0.78843,0.78874
2026-04-28 07:30:00+00:00,0.78873,0.78922,0.78873,0.78904
2026-04-28 07:45:00+00:00,0.78901,0.78951,0.78894,0.78951
2026-04-28 08:00:00+00:00,0.78951,0.78972,0.78882,0.78897
2026-04-28 08:15:00+00:00,0.78898,0.78904,0.7884,0.78862
2026-04-28 08:30:00+00:00,0.78863,0.78931,0.78829,0.78907
2026-04-28 08:45:00+00:00,0.78905,0.78913,0.78889,0.78902
2026-04-28 09:00:00+00:00,0.78901,0.78904,0.78873,0.78894
2026-04-28 09:15:00+00:00,0.78898,0.78939,0.78893,0.78932
2026-04-28 09:30:00+00:00,0.78932,0.79023,0.78931,0.78979
2026-04-28 09:45:00+00:00,0.78977,0.78991,0.78929,0.78991
2026-04-28 10:00:00+00:00,0.78989,0.7901,0.78963,0.79
2026-04-28 10:15:00+00:00,0.79,0.79007,0.78966,0.78968
2026-04-28 10:30:00+00:00,0.78969,0.78975,0.78942,0.78959
2026-04-28 10:45:00+00:00,0.78955,0.78985,0.78947,0.78955
2026-04-28 11:00:00+00:00,0.78954,0.78975,0.78929,0.78967
2026-04-28 11:15:00+00:00,0.78967,0.78983,0.78954,0.78974
2026-04-28 11:30:00+00:00,0.78975,0.79033,0.78975,0.79012
2026-04-28 11:45:00+00:00,0.7901,0.79092,0.79007,0.79079
2026-04-28 12:00:00+00:00,0.79076,0.79106,0.79066,0.79085
2026-04-28 12:15:00+00:00,0.79085,0.79092,0.79052,0.79059
2026-04-28 12:30:00+00:00,0.79058,0.79072,0.79028,0.79037
2026-04-28 12:45:00+00:00,0.79036,0.79038,0.78955,0.78964
2026-04-28 13:00:00+00:00,0.7896,0.79004,0.7896,0.79004
2026-04-28 13:15:00+00:00,0.79006,0.79065,0.78977,0.79026
2026-04-28 13:30:00+00:00,0.79023,0.79059,0.78992,0.7901
2026-04-28 13:45:00+00:00,0.79009,0.79032,0.79003,0.79021
2026-04-28 14:00:00+00:00,0.79019,0.79063,0.79019,0.79038
2026-04-28 14:15:00+00:00,0.79039,0.79086,0.7903,0.79067
2026-04-28 14:30:00+00:00,0.79065,0.79079,0.79013,0.79027
2026-04-28 14:45:00+00:00,0.79027,0.79046,0.78991,0.78994
2026-04-28 15:00:00+00:00,0.78996,0.79006,0.78947,0.78981
2026-04-28 15:15:00+00:00,0.7898,0.7899,0.78913,0.78928
2026-04-28 15:30:00+00:00,0.78927,0.78946,0.78876,0.78889
2026-04-28 15:45:00+00:00,0.78889,0.78905,0.78883,0.7889
2026-04-28 16:00:00+00:00,0.78889,0.78906,0.7888,0.78886
2026-04-28 16:15:00+00:00,0.78885,0.78949,0.78885,0.78938
2026-04-28 16:30:00+00:00,0.78938,0.78964,0.78932,0.7894
2026-04-28 16:45:00+00:00,0.7894,0.78946,0.78922,0.78925
2026-04-28 17:00:00+00:00,0.78925,0.78959,0.78909,0.78954
2026-04-28 17:15:00+00:00,0.78953,0.78969,0.78942,0.78951
2026-04-28 17:30:00+00:00,0.78951,0.78953,0.78916,0.78928
2026-04-28 17:45:00+00:00,0.78928,0.78931,0.789,0.78914
2026-04-28 18:00:00+00:00,0.78914,0.78949,0.78905,0.78939
2026-04-28 18:15:00+00:00,0.78938,0.7894,0.78918,0.78921
2026-04-28 18:30:00+00:00,0.78921,0.78941,0.7892,0.78926
2026-04-28 18:45:00+00:00,0.78927,0.78963,0.78925,0.78961
2026-04-28 19:00:00+00:00,0.78961,0.78963,0.78928,0.78947
2026-04-28 19:15:00+00:00,0.78945,0.78968,0.78945,0.78962
2026-04-28 19:30:00+00:00,0.78961,0.78982,0.78955,0.78979
2026-04-28 19:45:00+00:00,0.78979,0.78988,0.78958,0.78958
2026-04-28 20:00:00+00:00,0.78959,0.7896,0.78924,0.78932
2026-04-28 20:15:00+00:00,0.7893,0.78943,0.7891,0.7893
2026-04-28 20:30:00+00:00,0.78929,0.7893,0.78912,0.78918
2026-04-28 20:45:00+00:00,0.78918,0.78931,0.78909,0.78931
2026-04-28 21:00:00+00:00,0.78931,0.7898,0.78907,0.78948
2026-04-28 21:15:00+00:00,0.78946,0.78951,0.78925,0.7893
2026-04-28 21:30:00+00:00,0.78929,0.78942,0.78917,0.78926
2026-04-28 21:45:00+00:00,0.78927,0.78939,0.78925,0.78932
2026-04-28 22:00:00+00:00,0.78932,0.78933,0.78888,0.78903
2026-04-28 22:15:00+00:00,0.78901,0.78917,0.78883,0.78916
2026-04-28 22:30:00+00:00,0.78915,0.78917,0.78902,0.78904
2026-04-28 22:45:00+00:00,0.78903,0.78917,0.78901,0.78915
2026-04-28 23:00:00+00:00,0.78916,0.78925,0.78909,0.78914
2026-04-28 23:15:00+00:00,0.78912,0.78916,0.78908,0.78914
2026-04-28 23:30:00+00:00,0.78913,0.78921,0.7891,0.78915
2026-04-28 23:45:00+00:00,0.78915,0.78916,0.78903,0.78905
2026-04-29 00:00:00+00:00,0.78905,0.78908,0.78867,0.78884
2026-04-29 00:15:00+00:00,0.78882,0.78919,0.7888,0.78911
2026-04-29 00:30:00+00:00,0.7891,0.78912,0.78887,0.78888
2026-04-29 00:45:00+00:00,0.78888,0.78909,0.78888,0.78893
2026-04-29 01:00:00+00:00,0.78894,0.78971,0.78891,0.78969
2026-04-29 01:15:00+00:00,0.78968,0.78972,0.78931,0.78933
2026-04-29 01:30:00+00:00,0.78931,0.78934,0.78871,0.78877
2026-04-29 01:45:00+00:00,0.78877,0.78912,0.78871,0.78899
2026-04-29 02:00:00+00:00,0.78898,0.78904,0.78846,0.78853
2026-04-29 02:15:00+00:00,0.78853,0.78864,0.78841,0.78858
2026-04-29 02:30:00+00:00,0.78856,0.78898,0.78852,0.7889
2026-04-29 02:45:00+00:00,0.78889,0.78894,0.78861,0.78892
2026-04-29 03:00:00+00:00,0.78892,0.78897,0.78861,0.78873
2026-04-29 03:15:00+00:00,0.78873,0.78892,0.7887,0.78887
2026-04-29 03:30:00+00:00,0.78884,0.78904,0.78878,0.78904
2026-04-29 03:45:00+00:00,0.78903,0.78912,0.78895,0.78899
2026-04-29 04:00:00+00:00,0.78899,0.78908,0.78894,0.78895
2026-04-29 04:15:00+00:00,0.78895,0.78904,0.78895,0.78898
2026-04-29 04:30:00+00:00,0.78897,0.789,0.78884,0.78895
2026-04-29 04:45:00+00:00,0.78893,0.7891,0.78892,0.78906
2026-04-29 05:00:00+00:00,0.78906,0.78932,0.78904,0.78932
2026-04-29 05:15:00+00:00,0.78933,0.78951,0.78926,0.78945
2026-04-29 05:30:00+00:00,0.78945,0.78979,0.78932,0.78963
2026-04-29 05:45:00+00:00,0.78961,0.78967,0.78942,0.78953
2026-04-29 06:00:00+00:00,0.78953,0.78953,0.78929,0.7895
2026-04-29 06:15:00+00:00,0.78951,0.78956,0.78929,0.78935
2026-04-29 06:30:00+00:00,0.78933,0.78962,0.78894,0.78913
2026-04-29 06:45:00+00:00,0.7891,0.78917,0.78887,0.7891
2026-04-29 07:00:00+00:00,0.78909,0.78921,0.78879,0.78894
2026-04-29 07:15:00+00:00,0.78895,0.78931,0.78894,0.78924
2026-04-29 07:30:00+00:00,0.78924,0.7894,0.78896,0.78937
2026-04-29 07:45:00+00:00,0.78935,0.78946,0.78893,0.78917
2026-04-29 08:00:00+00:00,0.78916,0.7896,0.78906,0.78947
2026-04-29 08:15:00+00:00,0.78948,0.78958,0.78905,0.78906
2026-04-29 08:30:00+00:00,0.78906,0.78963,0.78906,0.78957
2026-04-29 08:45:00+00:00,0.78956,0.78975,0.78932,0.78958
2026-04-29 09:00:00+00:00,0.78957,0.78969,0.78935,0.78953
2026-04-29 09:15:00+00:00,0.78954,0.79,0.78948,0.7898
2026-04-29 09:30:00+00:00,0.7898,0.78997,0.78951,0.78995
2026-04-29 09:45:00+00:00,0.78992,0.79028,0.78988,0.79026
2026-04-29 10:00:00+00:00,0.79025,0.79029,0.78976,0.78984
2026-04-29 10:15:00+00:00,0.78982,0.78995,0.78969,0.78977
2026-04-29 10:30:00+00:00,0.78977,0.78992,0.78977,0.78977
2026-04-29 10:45:00+00:00,0.78976,0.78988,0.78925,0.78947
2026-04-29 11:00:00+00:00,0.78946,0.78948,0.78896,0.78922
2026-04-29 11:15:00+00:00,0.78924,0.78936,0.78912,0.78922
2026-04-29 11:30:00+00:00,0.78923,0.78924,0.78884,0.78924
2026-04-29 11:45:00+00:00,0.78924,0.78945,0.78905,0.78941
2026-04-29 12:00:00+00:00,0.7894,0.78942,0.7887,0.78894
2026-04-29 12:15:00+00:00,0.78895,0.78916,0.78887,0.78909
2026-04-29 12:30:00+00:00,0.78911,0.79015,0.78899,0.78985
2026-04-29 12:45:00+00:00,0.78983,0.79018,0.78983,0.79015
2026-04-29 13:00:00+00:00,0.79014,0.79018,0.78994,0.79003
2026-04-29 13:15:00+00:00,0.79003,0.79105,0.78995,0.79105
2026-04-29 13:30:00+00:00,0.79105,0.79155,0.79097,0.79134
2026-04-29 13:45:00+00:00,0.79133,0.7917,0.79108,0.79126
2026-04-29 14:00:00+00:00,0.79125,0.79128,0.79062,0.79063
2026-04-29 14:15:00+00:00,0.79062,0.79071,0.79023,0.79052
2026-04-29 14:30:00+00:00,0.79054,0.79071,0.79014,0.79038
2026-04-29 14:45:00+00:00,0.79037,0.79077,0.78965,0.78974
2026-04-29 15:00:00+00:00,0.78973,0.79001,0.78972,0.79
2026-04-29 15:15:00+00:00,0.78999,0.79024,0.78965,0.79015
2026-04-29 15:30:00+00:00,0.79014,0.79016,0.78971,0.7898
2026-04-29 15:45:00+00:00,0.7898,0.79089,0.78948,0.79033
2026-04-29 16:00:00+00:00,0.79032,0.79035,0.78983,0.79022
2026-04-29 16:15:00+00:00,0.7902,0.7904,0.79009,0.79016
2026-04-29 16:30:00+00:00,0.79019,0.79043,0.79006,0.79043
2026-04-29 16:45:00+00:00,0.79043,0.79067,0.79038,0.79064
2026-04-29 17:00:00+00:00,0.79063,0.79093,0.79061,0.79092
2026-04-29 17:15:00+00:00,0.7909,0.79093,0.79064,0.79074
2026-04-29 17:30:00+00:00,0.79075,0.79086,0.79063,0.79073
2026-04-29 17:45:00+00:00,0.79073,0.79083,0.79035,0.79038
2026-04-29 18:00:00+00:00,0.79034,0.79169,0.79034,0.79162
2026-04-29 18:15:00+00:00,0.79142,0.79162,0.79091,0.79139
2026-04-29 18:30:00+00:00,0.7914,0.79212,0.79121,0.79212
2026-04-29 18:45:00+00:00,0.79216,0.79251,0.79161,0.79161
2026-04-29 19:00:00+00:00,0.79162,0.79189,0.79119,0.79125
2026-04-29 19:15:00+00:00,0.79127,0.79144,0.79071,0.79116
2026-04-29 19:30:00+00:00,0.79116,0.79169,0.7911,0.79147
2026-04-29 19:45:00+00:00,0.79147,0.7915,0.79104,0.79108
2026-04-29 20:00:00+00:00,0.79108,0.79168,0.79104,0.79162
2026-04-29 20:15:00+00:00,0.79159,0.79173,0.7915,0.79152
2026-04-29 20:30:00+00:00,0.79151,0.79166,0.79142,0.79147
2026-04-29 20:45:00+00:00,0.79147,0.79177,0.79145,0.79153
2026-04-29 21:00:00+00:00,0.79153,0.7916,0.79068,0.79085
2026-04-29 21:15:00+00:00,0.79081,0.79099,0.79068,0.79084
2026-04-29 21:30:00+00:00,0.79082,0.7911,0.79069,0.79106
2026-04-29 21:45:00+00:00,0.79103,0.79116,0.79065,0.7911
2026-04-29 22:00:00+00:00,0.7911,0.79168,0.79109,0.79159
2026-04-29 22:15:00+00:00,0.79157,0.7916,0.79119,0.7912
2026-04-29 22:30:00+00:00,0.79119,0.79123,0.79105,0.7912
2026-04-29 22:45:00+00:00,0.7912,0.79128,0.79113,0.79123
2026-04-29 23:00:00+00:00,0.79123,0.79151,0.79119,0.79139
2026-04-29 23:15:00+00:00,0.79139,0.79141,0.7911,0.79119
2026-04-29 23:30:00+00:00,0.79117,0.79122,0.79076,0.79078
2026-04-29 23:45:00+00:00,0.79076,0.79082,0.79044,0.79058
2026-04-30 00:00:00+00:00,0.79057,0.79066,0.79028,0.79042
2026-04-30 00:15:00+00:00,0.79042,0.79064,0.79031,0.79058
2026-04-30 00:30:00+00:00,0.79056,0.79078,0.79047,0.79077
2026-04-30 00:45:00+00:00,0.79076,0.79096,0.79069,0.79087
2026-04-30 01:00:00+00:00,0.79088,0.79096,0.79082,0.79083
2026-04-30 01:15:00+00:00,0.79082,0.7909,0.79073,0.7908
2026-04-30 01:30:00+00:00,0.79078,0.79096,0.79062,0.79089
2026-04-30 01:45:00+00:00,0.79088,0.79115,0.79067,0.79089
2026-04-30 02:00:00+00:00,0.7909,0.79108,0.79088,0.79099
2026-04-30 02:15:00+00:00,0.79099,0.79131,0.79092,0.7913
2026-04-30 02:30:00+00:00,0.79126,0.79183,0.79126,0.79183
2026-04-30 02:45:00+00:00,0.79182,0.79197,0.79151,0.79155
2026-04-30 03:00:00+00:00,0.79155,0.79161,0.79137,0.79159
2026-04-30 03:15:00+00:00,0.79159,0.7916,0.79118,0.79124
2026-04-30 03:30:00+00:00,0.79122,0.79137,0.79117,0.79137
2026-04-30 03:45:00+00:00,0.79136,0.79146,0.79135,0.79142
2026-04-30 04:00:00+00:00,0.79143,0.79164,0.79138,0.7915
2026-04-30 04:15:00+00:00,0.79151,0.79201,0.79151,0.79198
2026-04-30 04:30:00+00:00,0.79196,0.79232,0.79196,0.79219
2026-04-30 04:45:00+00:00,0.79217,0.79222,0.79199,0.79204
2026-04-30 05:00:00+00:00,0.79203,0.79205,0.79157,0.79162
2026-04-30 05:15:00+00:00,0.79163,0.79188,0.79162,0.79188
2026-04-30 05:30:00+00:00,0.79186,0.79189,0.79153,0.79178
2026-04-30 05:45:00+00:00,0.79176,0.79207,0.79174,0.792
2026-04-30 06:00:00+00:00,0.792,0.79204,0.79163,0.79191
2026-04-30 06:15:00+00:00,0.79191,0.79195,0.7916,0.7916
2026-04-30 06:30:00+00:00,0.7916,0.79164,0.79111,0.79133
2026-04-30 06:45:00+00:00,0.79132,0.79143,0.79122,0.7913
2026-04-30 07:00:00+00:00,0.79129,0.7913,0.7905,0.79064
2026-04-30 07:15:00+00:00,0.79063,0.7909,0.79051,0.79071
2026-04-30 07:30:00+00:00,0.79071,0.79116,0.79069,0.79093
2026-04-30 07:45:00+00:00,0.79091,0.79105,0.79049,0.79059
2026-04-30 08:00:00+00:00,0.79057,0.79059,0.78875,0.78913
2026-04-30 08:15:00+00:00,0.78918,0.78996,0.78906,0.78964
2026-04-30 08:30:00+00:00,0.78965,0.78975,0.7892,0.7895
2026-04-30 08:45:00+00:00,0.78948,0.79014,0.78945,0.78974
2026-04-30 09:00:00+00:00,0.78972,0.78986,0.78875,0.78894
2026-04-30 09:15:00+00:00,0.78891,0.78915,0.78841,0.78851
2026-04-30 09:30:00+00:00,0.78851,0.78878,0.78776,0.78796
2026-04-30 09:45:00+00:00,0.78795,0.78798,0.78722,0.78742
2026-04-30 10:00:00+00:00,0.78741,0.78758,0.78703,0.78754
2026-04-30 10:15:00+00:00,0.78755,0.78761,0.78677,0.78686
2026-04-30 10:30:00+00:00,0.78685,0.78697,0.78604,0.78604
2026-04-30 10:45:00+00:00,0.78603,0.78661,0.78552,0.78552
2026-04-30 11:00:00+00:00,0.78551,0.78617,0.78511,0.78566
2026-04-30 11:15:00+00:00,0.78563,0.78583,0.78484,0.78502
2026-04-30 11:30:00+00:00,0.78505,0.78536,0.78472,0.78503
2026-04-30 11:45:00+00:00,0.78504,0.78518,0.78467,0.78502
2026-04-30 12:00:00+00:00,0.78499,0.78559,0.78499,0.78514
2026-04-30 12:15:00+00:00,0.78511,0.78549,0.78418,0.78424
2026-04-30 12:30:00+00:00,0.78425,0.78491,0.7842,0.78488
2026-04-30 12:45:00+00:00,0.78486,0.78504,0.78343,0.78403
2026-04-30 13:00:00+00:00,0.78403,0.78416,0.78349,0.78383
2026-04-30 13:15:00+00:00,0.78367,0.78445,0.78355,0.78442
2026-04-30 13:30:00+00:00,0.78443,0.78522,0.78428,0.78452
2026-04-30 13:45:00+00:00,0.78452,0.78461,0.78395,0.78409
2026-04-30 14:00:00+00:00,0.78404,0.78423,0.78267,0.78267
2026-04-30 14:15:00+00:00,0.78265,0.78302,0.7819,0.78229
2026-04-30 14:30:00+00:00,0.78232,0.7847,0.78214,0.78463
2026-04-30 14:45:00+00:00,0.78464,0.78468,0.78104,0.78212
2026-04-30 15:00:00+00:00,0.78206,0.7824,0.78116,0.78168
2026-04-30 15:15:00+00:00,0.78166,0.78184,0.78128,0.78166
2026-04-30 15:30:00+00:00,0.7817,0.7821,0.78143,0.78163
2026-04-30 15:45:00+00:00,0.78164,0.7825,0.78161,0.78247
2026-04-30 16:00:00+00:00,0.78242,0.78262,0.78208,0.7825
2026-04-30 16:15:00+00:00,0.78248,0.7828,0.78246,0.78255
2026-04-30 16:30:00+00:00,0.78254,0.78272,0.78245,0.7825
2026-04-30 16:45:00+00:00,0.78251,0.78288,0.78245,0.7825
2026-04-30 17:00:00+00:00,0.78247,0.78264,0.7822,0.78243
2026-04-30 17:15:00+00:00,0.7824,0.78263,0.78214,0.78216
2026-04-30 17:30:00+00:00,0.782,0.7824,0.78182,0.78233
2026-04-30 17:45:00+00:00,0.78235,0.78246,0.78223,0.78224
2026-04-30 18:00:00+00:00,0.78244,0.78253,0.78203,0.78234
2026-04-30 18:15:00+00:00,0.78231,0.78238,0.78167,0.78177
2026-04-30 18:30:00+00:00,0.78183,0.78186,0.78141,0.78153
2026-04-30 18:45:00+00:00,0.78146,0.7816,0.78106,0.78114
2026-04-30 19:00:00+00:00,0.78136,0.78153,0.78073,0.78077
2026-04-30 19:15:00+00:00,0.78083,0.78159,0.78069,0.78148
2026-04-30 19:30:00+00:00,0.78146,0.78163,0.7812,0.78125
2026-04-30 19:45:00+00:00,0.7813,0.78137,0.78118,0.78135
2026-04-30 20:00:00+00:00,0.78136,0.78152,0.78119,0.78145
2026-04-30 20:15:00+00:00,0.7813,0.78144,0.78114,0.78127
2026-04-30 20:30:00+00:00,0.78126,0.7815,0.781,0.78144
2026-04-30 20:45:00+00:00,0.78145,0.78166,0.78136,0.78139
2026-04-30 21:00:00+00:00,0.7814,0.78232,0.78123,0.78191
2026-04-30 21:15:00+00:00,0.78179,0.7819,0.7815,0.78182
2026-04-30 21:30:00+00:00,0.78172,0.78181,0.78135,0.78138
2026-04-30 21:45:00+00:00,0.78145,0.78155,0.78126,0.78152
2026-04-30 22:00:00+00:00,0.78157,0.78177,0.78133,0.78169
2026-04-30 22:15:00+00:00,0.78172,0.78175,0.78156,0.78158
2026-04-30 22:30:00+00:00,0.78159,0.78172,0.78153,0.78159
2026-04-30 22:45:00+00:00,0.78159,0.78164,0.78144,0.78148
2026-04-30 23:00:00+00:00,0.78172,0.78176,0.78136,0.78138
2026-04-30 23:15:00+00:00,0.78144,0.78146,0.78125,0.78134
2026-04-30 23:30:00+00:00,0.78137,0.78151,0.78132,0.78147
2026-04-30 23:45:00+00:00,0.78155,0.78171,0.78145,0.78166
2026-05-01 00:00:00+00:00,0.7817,0.78174,0.78141,0.78155
2026-05-01 00:15:00+00:00,0.78168,0.78177,0.78151,0.78172
2026-05-01 00:30:00+00:00,0.78171,0.78175,0.78147,0.78159
2026-05-01 00:45:00+00:00,0.78156,0.78174,0.7814,0.78149
2026-05-01 01:00:00+00:00,0.78163,0.78194,0.78149,0.78192
2026-05-01 01:15:00+00:00,0.7818,0.78194,0.78163,0.78169
2026-05-01 01:30:00+00:00,0.78165,0.78172,0.78148,0.78156
2026-05-01 01:45:00+00:00,0.78163,0.78171,0.78152,0.78155
2026-05-01 02:00:00+00:00,0.78154,0.78161,0.78129,0.78133
2026-05-01 02:15:00+00:00,0.78139,0.78147,0.78121,0.78146
2026-05-01 02:30:00+00:00,0.78142,0.78156,0.78138,0.78155
2026-05-01 02:45:00+00:00,0.78159,0.78172,0.7814,0.78154
2026-05-01 03:00:00+00:00,0.78144,0.78158,0.78139,0.78146
2026-05-01 03:15:00+00:00,0.7814,0.78148,0.78126,0.78136
2026-05-01 03:30:00+00:00,0.78129,0.78146,0.7812,0.78145
2026-05-01 03:45:00+00:00,0.78146,0.78158,0.78136,0.78156
2026-05-01 04:00:00+00:00,0.78157,0.78173,0.78152,0.78169
2026-05-01 04:15:00+00:00,0.78172,0.78202,0.78167,0.78201
2026-05-01 04:30:00+00:00,0.78205,0.78211,0.78192,0.78207
2026-05-01 04:45:00+00:00,0.78204,0.78226,0.78197,0.78221
2026-05-01 05:00:00+00:00,0.78221,0.78241,0.78219,0.78236
2026-05-01 05:15:00+00:00,0.78237,0.78253,0.78235,0.78252
2026-05-01 05:30:00+00:00,0.78253,0.78257,0.78239,0.78249
2026-05-01 05:45:00+00:00,0.78251,0.78276,0.78244,0.78274
2026-05-01 06:00:00+00:00,0.78265,0.78275,0.7825,0.78266
2026-05-01 06:15:00+00:00,0.78267,0.78291,0.78265,0.78288
2026-05-01 06:30:00+00:00,0.78288,0.78302,0.78274,0.78277
2026-05-01 06:45:00+00:00,0.7825,0.78281,0.77984,0.7804
2026-05-01 07:00:00+00:00,0.78098,0.78177,0.78007,0.78147
2026-05-01 07:15:00+00:00,0.78165,0.78191,0.7811,0.78115
2026-05-01 07:30:00+00:00,0.78111,0.78161,0.7811,0.78127
2026-05-01 07:45:00+00:00,0.78153,0.78194,0.78115,0.78188
2026-05-01 08:00:00+00:00,0.78181,0.78209,0.78159,0.78202
2026-05-01 08:15:00+00:00,0.78202,0.78212,0.78087,0.78096
2026-05-01 08:30:00+00:00,0.78093,0.78153,0.7807,0.78142
2026-05-01 08:45:00+00:00,0.78117,0.78144,0.781,0.78103
2026-05-01 09:00:00+00:00,0.78093,0.78151,0.78085,0.78137
2026-05-01 09:15:00+00:00,0.78147,0.78183,0.78132,0.78175
2026-05-01 09:30:00+00:00,0.78173,0.78179,0.7813,0.78133
2026-05-01 09:45:00+00:00,0.78135,0.78148,0.78119,0.78137
2026-05-01 10:00:00+00:00,0.78146,0.78167,0.78109,0.7812
2026-05-01 10:15:00+00:00,0.7811,0.78125,0.78072,0.78077
2026-05-01 10:30:00+00:00,0.78089,0.78115,0.78077,0.78104
2026-05-01 10:45:00+00:00,0.78111,0.78118,0.78078,0.7809
2026-05-01 11:00:00+00:00,0.78079,0.78088,0.78059,0.78063
2026-05-01 11:15:00+00:00,0.78066,0.78077,0.78001,0.78007
2026-05-01 11:30:00+00:00,0.78012,0.78071,0.78001,0.7807
2026-05-01 11:45:00+00:00,0.78074,0.78083,0.78051,0.78055
2026-05-01 12:00:00+00:00,0.78051,0.78077,0.77991,0.78031
2026-05-01 12:15:00+00:00,0.77988,0.78036,0.779,0.77943
2026-05-01 12:30:00+00:00,0.77949,0.77999,0.77929,0.77994
2026-05-01 12:45:00+00:00,0.77996,0.78033,0.77979,0.78018
2026-05-01 13:00:00+00:00,0.7802,0.7805,0.78002,0.78041
2026-05-01 13:15:00+00:00,0.78039,0.78061,0.78027,0.78057
2026-05-01 13:30:00+00:00,0.78061,0.78075,0.7803,0.7805
2026-05-01 13:45:00+00:00,0.7806,0.78148,0.77998,0.78003
2026-05-01 14:00:00+00:00,0.7798,0.78009,0.77816,0.77818
2026-05-01 14:15:00+00:00,0.77836,0.77869,0.778,0.7781
2026-05-01 14:30:00+00:00,0.77833,0.77931,0.77808,0.77918
2026-05-01 14:45:00+00:00,0.7792,0.77952,0.77887,0.77891
2026-05-01 15:00:00+00:00,0.77894,0.77929,0.77884,0.77913
2026-05-01 15:15:00+00:00,0.77893,0.77946,0.77884,0.77942
2026-05-01 15:30:00+00:00,0.77932,0.77956,0.77922,0.7794
2026-05-01 15:45:00+00:00,0.77925,0.77971,0.77907,0.77951
2026-05-01 16:00:00+00:00,0.7796,0.77974,0.7794,0.77949
2026-05-01 16:15:00+00:00,0.77946,0.77993,0.77932,0.77986
2026-05-01 16:30:00+00:00,0.77992,0.78022,0.77982,0.78004
2026-05-01 16:45:00+00:00,0.78008,0.78046,0.78,0.78044
2026-05-01 17:00:00+00:00,0.78053,0.78069,0.78036,0.78043
2026-05-01 17:15:00+00:00,0.78049,0.78074,0.78041,0.78072
2026-05-01 17:30:00+00:00,0.78069,0.78109,0.78067,0.78099
2026-05-01 17:45:00+00:00,0.78108,0.78114,0.78075,0.78095
2026-05-01 18:00:00+00:00,0.78082,0.78129,0.78073,0.78124
2026-05-01 18:15:00+00:00,0.78128,0.78141,0.78102,0.78133
2026-05-01 18:30:00+00:00,0.78133,0.78152,0.78121,0.7813
2026-05-01 18:45:00+00:00,0.78126,0.78131,0.78109,0.78109
2026-05-01 19:00:00+00:00,0.78116,0.78145,0.78108,0.78142
2026-05-01 19:15:00+00:00,0.78134,0.78142,0.78124,0.78137
2026-05-01 19:30:00+00:00,0.78147,0.78168,0.78133,0.78157
2026-05-01 19:45:00+00:00,0.78166,0.78188,0.78148,0.78174
2026-05-01 20:00:00+00:00,0.78168,0.78174,0.78154,0.78159
2026-05-01 20:15:00+00:00,0.78165,0.78179,0.78156,0.78176
2026-05-01 20:30:00+00:00,0.7818,0.78186,0.78166,0.78171
2026-05-01 20:45:00+00:00,0.78167,0.78195,0.78165,0.78195
2026-05-01 21:00:00+00:00,0.78182,0.78235,0.78181,0.78215
2026-05-01 21:15:00+00:00,0.78214,0.78232,0.78198,0.78217
2026-05-01 21:30:00+00:00,0.78218,0.78248,0.78198,0.78215
2026-05-01 21:45:00+00:00,0.78221,0.78225,0.78197,0.78203
2026-05-01 22:00:00+00:00,0.78214,0.78231,0.78189,0.78222
2026-05-01 22:15:00+00:00,0.78226,0.78232,0.78206,0.78225
2026-05-01 22:30:00+00:00,0.78224,0.78228,0.78189,0.78203
2026-05-01 22:45:00+00:00,0.78217,0.7823,0.78201,0.7822
2026-05-01 23:00:00+00:00,0.7822,0.78233,0.78192,0.78214
2026-05-01 23:15:00+00:00,0.78215,0.78233,0.78205,0.78219
2026-05-01 23:30:00+00:00,0.78225,0.78236,0.78195,0.78197
2026-05-01 23:45:00+00:00,0.78196,0.782,0.78195,0.78196
2026-05-02 00:00:00+00:00,0.78196,0.78199,0.7819,0.78191
2026-05-02 00:15:00+00:00,0.78192,0.78197,0.78187,0.78193
2026-05-02 00:30:00+00:00,0.78191,0.78195,0.78189,0.78191
2026-05-02 00:45:00+00:00,0.78193,0.78197,0.78187,0.7819
2026-05-02 01:00:00+00:00,0.78193,0.78195,0.78189,0.78191
2026-05-02 01:15:00+00:00,0.78193,0.78196,0.78189,0.78192
2026-05-02 01:30:00+00:00,0.7819,0.78199,0.78186,0.78194
2026-05-02 01:45:00+00:00,0.78194,0.78197,0.78187,0.7819
2026-05-02 02:00:00+00:00,0.78194,0.78197,0.78189,0.78191
2026-05-02 02:15:00+00:00,0.78193,0.78194,0.78189,0.78192
2026-05-02 02:30:00+00:00,0.78191,0.78196,0.78189,0.78192
2026-05-02 02:45:00+00:00,0.78192,0.78196,0.7819,0.78192
2026-05-02 03:00:00+00:00,0.78191,0.78194,0.78189,0.7819
2026-05-02 03:15:00+00:00,0.7819,0.782,0.78183,0.78192
2026-05-02 03:30:00+00:00,0.7819,0.78194,0.78189,0.78192
2026-05-02 03:45:00+00:00,0.7819,0.78197,0.7819,0.7819
2026-05-02 04:00:00+00:00,0.7819,0.78199,0.78189,0.78193
2026-05-02 04:15:00+00:00,0.78193,0.78201,0.78187,0.782
2026-05-02 04:30:00+00:00,0.782,0.78212,0.78198,0.78202
2026-05-02 04:45:00+00:00,0.78201,0.78204,0.78199,0.78201
2026-05-02 05:00:00+00:00,0.78201,0.78211,0.78194,0.782
2026-05-02 05:15:00+00:00,0.78201,0.78211,0.78199,0.78204
2026-05-02 05:30:00+00:00,0.78201,0.78207,0.78199,0.78202
2026-05-02 05:45:00+00:00,0.782,0.78213,0.78192,0.78203
2026-05-02 06:00:00+00:00,0.78201,0.78204,0.78199,0.782
2026-05-02 06:15:00+00:00,0.782,0.78212,0.78199,0.78201
2026-05-02 06:30:00+00:00,0.782,0.78206,0.78199,0.78205
2026-05-02 06:45:00+00:00,0.78202,0.78206,0.78199,0.78201
2026-05-02 07:00:00+00:00,0.782,0.78213,0.78194,0.782
2026-05-02 07:15:00+00:00,0.78201,0.78204,0.78199,0.782
2026-05-02 07:30:00+00:00,0.782,0.78214,0.78192,0.78202
2026-05-02 07:45:00+00:00,0.782,0.78209,0.78199,0.78206
2026-05-02 08:00:00+00:00,0.78204,0.7821,0.782,0.782
2026-05-02 08:15:00+00:00,0.782,0.78209,0.78199,0.78201
2026-05-02 08:30:00+00:00,0.782,0.78204,0.78199,0.78202
2026-05-02 08:45:00+00:00,0.782,0.78214,0.78191,0.78202
2026-05-02 09:00:00+00:00,0.782,0.78218,0.78195,0.78204
2026-05-02 09:15:00+00:00,0.78202,0.78213,0.78199,0.782
2026-05-02 09:30:00+00:00,0.782,0.78211,0.78199,0.78202
2026-05-02 09:45:00+00:00,0.78201,0.78204,0.78199,0.78201
2026-05-02 10:00:00+00:00,0.78201,0.78206,0.782,0.782
2026-05-02 10:15:00+00:00,0.782,0.78205,0.78199,0.782
2026-05-02 10:30:00+00:00,0.78201,0.78204,0.78199,0.78201
2026-05-02 10:45:00+00:00,0.782,0.78204,0.78199,0.78202
2026-05-02 11:00:00+00:00,0.782,0.78204,0.78199,0.782
2026-05-02 11:15:00+00:00,0.782,0.78205,0.78199,0.782
2026-05-02 11:30:00+00:00,0.782,0.78204,0.78191,0.78192
2026-05-02 11:45:00+00:00,0.78191,0.78201,0.7819,0.78193
2026-05-02 12:00:00+00:00,0.78191,0.78201,0.7819,0.78198
2026-05-02 12:15:00+00:00,0.78198,0.78201,0.78197,0.78197
2026-05-02 12:30:00+00:00,0.78198,0.78203,0.78197,0.782
2026-05-02 12:45:00+00:00,0.782,0.78205,0.78199,0.78203
2026-05-02 13:00:00+00:00,0.78201,0.78205,0.782,0.78202
2026-05-02 13:15:00+00:00,0.78201,0.78205,0.78189,0.78193
2026-05-02 13:30:00+00:00,0.78193,0.78197,0.78192,0.78193
2026-05-02 13:45:00+00:00,0.78193,0.78202,0.78193,0.782
2026-05-02 14:00:00+00:00,0.78198,0.78203,0.78198,0.78202
2026-05-02 14:15:00+00:00,0.782,0.78204,0.78199,0.782
2026-05-02 14:30:00+00:00,0.782,0.78204,0.78199,0.782
2026-05-02 14:45:00+00:00,0.782,0.78203,0.78199,0.78201
2026-05-02 15:00:00+00:00,0.782,0.78209,0.78185,0.782
2026-05-02 15:15:00+00:00,0.78199,0.78204,0.78197,0.78201
2026-05-02 15:30:00+00:00,0.782,0.78204,0.78199,0.782
2026-05-02 15:45:00+00:00,0.782,0.78205,0.78199,0.78202
2026-05-02 16:00:00+00:00,0.78201,0.78267,0.7812,0.78164
2026-05-02 16:15:00+00:00,0.78185,0.78203,0.78139,0.782
2026-05-02 16:30:00+00:00,0.782,0.78204,0.78189,0.78199
2026-05-02 16:45:00+00:00,0.78194,0.78203,0.78191,0.78201
2026-05-02 17:00:00+00:00,0.782,0.78227,0.78166,0.78201
2026-05-02 17:15:00+00:00,0.782,0.78203,0.78198,0.782
2026-05-02 17:30:00+00:00,0.782,0.78209,0.78199,0.782
2026-05-02 17:45:00+00:00,0.782,0.78209,0.78199,0.78201
2026-05-02 18:00:00+00:00,0.78205,0.78209,0.78131,0.78192
2026-05-02 18:15:00+00:00,0.7819,0.78207,0.78188,0.78203
2026-05-02 18:30:00+00:00,0.78202,0.78205,0.782,0.782
2026-05-02 18:45:00+00:00,0.78201,0.78213,0.782,0.78205
2026-05-02 19:00:00+00:00,0.78205,0.78247,0.78143,0.78145
2026-05-02 19:15:00+00:00,0.78166,0.78169,0.78142,0.78167
2026-05-02 19:30:00+00:00,0.78166,0.78187,0.78163,0.78183
2026-05-02 19:45:00+00:00,0.78183,0.78187,0.78182,0.78184
2026-05-02 20:00:00+00:00,0.78126,0.78187,0.78083,0.78169
2026-05-02 20:15:00+00:00,0.78168,0.78185,0.78167,0.78169
2026-05-02 20:30:00+00:00,0.78185,0.78189,0.78167,0.78185
2026-05-02 20:45:00+00:00,0.78185,0.78202,0.78184,0.78199
2026-05-02 21:00:00+00:00,0.78141,0.7821,0.78138,0.7814
2026-05-02 21:15:00+00:00,0.78139,0.78166,0.78126,0.78164
2026-05-02 21:30:00+00:00,0.78162,0.78187,0.78161,0.78176
2026-05-02 21:45:00+00:00,0.78195,0.78201,0.78175,0.78197
2026-05-02 22:00:00+00:00,0.78143,0.78225,0.7812,0.7818
2026-05-02 22:15:00+00:00,0.78188,0.7819,0.78172,0.78188
2026-05-02 22:30:00+00:00,0.78187,0.78204,0.78174,0.782
2026-05-02 22:45:00+00:00,0.782,0.78204,0.78199,0.782
2026-05-02 23:00:00+00:00,0.7821,0.78216,0.78148,0.7815
2026-05-02 23:15:00+00:00,0.78167,0.78201,0.78148,0.78199
2026-05-02 23:30:00+00:00,0.78198,0.78202,0.78197,0.78199
2026-05-02 23:45:00+00:00,0.78199,0.78213,0.7819,0.78204
2026-05-03 00:00:00+00:00,0.78204,0.78208,0.78203,0.78205
2026-05-03 00:15:00+00:00,0.78215,0.78218,0.78199,0.78211
2026-05-03 00:30:00+00:00,0.78206,0.78214,0.782,0.78212
2026-05-03 00:45:00+00:00,0.78211,0.78215,0.78206,0.78207
2026-05-03 01:00:00+00:00,0.78207,0.78211,0.78203,0.78205
2026-05-03 01:15:00+00:00,0.78202,0.78208,0.78199,0.78202
2026-05-03 01:30:00+00:00,0.78211,0.78212,0.78191,0.78201
2026-05-03 01:45:00+00:00,0.782,0.78213,0.78199,0.78204
2026-05-03 02:00:00+00:00,0.78204,0.78208,0.782,0.78201
2026-05-03 02:15:00+00:00,0.78201,0.78215,0.782,0.78209
2026-05-03 02:30:00+00:00,0.78207,0.78211,0.78203,0.78206
2026-05-03 02:45:00+00:00,0.78208,0.78211,0.78204,0.78207
2026-05-03 03:00:00+00:00,0.78208,0.7822,0.78207,0.78217
2026-05-03 03:15:00+00:00,0.78217,0.78221,0.78216,0.78218
2026-05-03 03:30:00+00:00,0.78217,0.78228,0.78216,0.78226
2026-05-03 03:45:00+00:00,0.78224,0.78228,0.78223,0.78224
2026-05-03 04:00:00+00:00,0.78224,0.78234,0.78218,0.78225
2026-05-03 04:15:00+00:00,0.78225,0.78229,0.78218,0.78219
2026-05-03 04:30:00+00:00,0.78218,0.78224,0.78211,0.7822
2026-05-03 04:45:00+00:00,0.78212,0.7822,0.78207,0.78217
2026-05-03 05:00:00+00:00,0.78217,0.7822,0.78216,0.78216
2026-05-03 05:15:00+00:00,0.78217,0.78228,0.78213,0.78225
2026-05-03 05:30:00+00:00,0.78224,0.78234,0.78219,0.78232
2026-05-03 05:45:00+00:00,0.7823,0.78234,0.78229,0.78231
2026-05-03 06:00:00+00:00,0.7823,0.78237,0.7822,0.7822
2026-05-03 06:15:00+00:00,0.78221,0.78224,0.7822,0.78221
2026-05-03 06:30:00+00:00,0.78221,0.78231,0.78221,0.78229
2026-05-03 06:45:00+00:00,0.78228,0.78232,0.78217,0.7823
2026-05-03 07:00:00+00:00,0.78229,0.78233,0.78228,0.78229
2026-05-03 07:15:00+00:00,0.78229,0.78238,0.78226,0.78234
2026-05-03 07:30:00+00:00,0.78234,0.78238,0.78233,0.78236
2026-05-03 07:45:00+00:00,0.78234,0.78245,0.78222,0.78224
2026-05-03 08:00:00+00:00,0.78223,0.78226,0.7822,0.7822
2026-05-03 08:15:00+00:00,0.78221,0.78224,0.78219,0.7822
2026-05-03 08:30:00+00:00,0.78221,0.7823,0.78219,0.78229
2026-05-03 08:45:00+00:00,0.78227,0.78231,0.78226,0.78229
2026-05-03 09:00:00+00:00,0.78227,0.78236,0.78227,0.78232
2026-05-03 09:15:00+00:00,0.78233,0.7824,0.78228,0.78237
2026-05-03 09:30:00+00:00,0.78237,0.7824,0.78236,0.78238
2026-05-03 09:45:00+00:00,0.78237,0.78244,0.78236,0.78242
2026-05-03 10:00:00+00:00,0.7824,0.78244,0.78239,0.78241
2026-05-03 10:15:00+00:00,0.7824,0.78265,0.78216,0.78217
2026-05-03 10:30:00+00:00,0.78217,0.78221,0.78216,0.78218
2026-05-03 10:45:00+00:00,0.78217,0.78221,0.78198,0.78201
2026-05-03 11:00:00+00:00,0.78199,0.78202,0.78198,0.78199
2026-05-03 11:15:00+00:00,0.78199,0.782,0.78182,0.78184
2026-05-03 11:30:00+00:00,0.78184,0.78192,0.78172,0.78173
2026-05-03 11:45:00+00:00,0.78172,0.78176,0.78171,0.78174
2026-05-03 12:00:00+00:00,0.78172,0.7818,0.78162,0.78164
2026-05-03 12:15:00+00:00,0.78163,0.78167,0.78162,0.78162
2026-05-03 12:30:00+00:00,0.78163,0.78165,0.78154,0.78156
2026-05-03 12:45:00+00:00,0.78156,0.78159,0.78148,0.78151
2026-05-03 13:00:00+00:00,0.78149,0.78164,0.78148,0.78161
2026-05-03 13:15:00+00:00,0.7816,0.78208,0.78126,0.7818
2026-05-03 13:30:00+00:00,0.78181,0.78184,0.7818,0.78181
2026-05-03 13:45:00+00:00,0.78181,0.78186,0.78168,0.78171
2026-05-03 14:00:00+00:00,0.7817,0.78234,0.78167,0.78211
2026-05-03 14:15:00+00:00,0.78209,0.7824,0.78194,0.78236
2026-05-03 14:30:00+00:00,0.78236,0.7824,0.78213,0.78214
2026-05-03 14:45:00+00:00,0.78214,0.78218,0.78213,0.78215
2026-05-03 15:00:00+00:00,0.78214,0.78218,0.78193,0.78198
2026-05-03 15:15:00+00:00,0.78196,0.782,0.78181,0.78182
2026-05-03 15:30:00+00:00,0.78182,0.78186,0.78181,0.78182
2026-05-03 15:45:00+00:00,0.78182,0.78194,0.78167,0.78179
2026-05-03 16:00:00+00:00,0.78177,0.78258,0.78175,0.78256
2026-05-03 16:15:00+00:00,0.78255,0.78257,0.78231,0.78255
2026-05-03 16:30:00+00:00,0.78255,0.78258,0.78224,0.78228
2026-05-03 16:45:00+00:00,0.78229,0.78246,0.78228,0.78245
2026-05-03 17:00:00+00:00,0.78244,0.78263,0.78213,0.78255
2026-05-03 17:15:00+00:00,0.78254,0.78258,0.78252,0.78256
2026-05-03 17:30:00+00:00,0.78255,0.78277,0.78226,0.78254
2026-05-03 17:45:00+00:00,0.78255,0.78259,0.78232,0.78234
2026-05-03 18:00:00+00:00,0.78247,0.78259,0.78233,0.78257
2026-05-03 18:15:00+00:00,0.78255,0.78258,0.7823,0.78247
2026-05-03 18:30:00+00:00,0.78252,0.78259,0.78246,0.78254
2026-05-03 18:45:00+00:00,0.78255,0.78266,0.7823,0.78253
2026-05-03 19:00:00+00:00,0.78254,0.78258,0.7812,0.78128
2026-05-03 19:15:00+00:00,0.78112,0.78141,0.78108,0.78117
2026-05-03 19:30:00+00:00,0.78121,0.78179,0.78046,0.78091
2026-05-03 19:45:00+00:00,0.78048,0.78095,0.77985,0.78073
2026-05-03 20:00:00+00:00,0.78074,0.78077,0.78044,0.78066
2026-05-03 20:15:00+00:00,0.7807,0.78093,0.78054,0.78076
2026-05-03 20:30:00+00:00,0.78071,0.78095,0.78047,0.78057
2026-05-03 20:45:00+00:00,0.78068,0.78124,0.78052,0.78085
2026-05-03 21:00:00+00:00,0.78072,0.78143,0.7803,0.78106
2026-05-03 21:15:00+00:00,0.78057,0.78114,0.78018,0.78091
2026-05-03 21:30:00+00:00,0.78091,0.78125,0.77975,0.78043
2026-05-03 21:45:00+00:00,0.7802,0.78089,0.78015,0.7806
2026-05-03 22:00:00+00:00,0.78083,0.78095,0.78033,0.78089
2026-05-03 22:15:00+00:00,0.78087,0.78129,0.78081,0.78109
2026-05-03 22:30:00+00:00,0.78099,0.78117,0.7807,0.78074
2026-05-03 22:45:00+00:00,0.78071,0.78098,0.78069,0.78086
2026-05-03 23:00:00+00:00,0.78088,0.78098,0.78078,0.78095
2026-05-03 23:15:00+00:00,0.78095,0.78102,0.78091,0.781
2026-05-03 23:30:00+00:00,0.78096,0.7811,0.78083,0.78107
2026-05-03 23:45:00+00:00,0.78122,0.78135,0.78102,0.78124
2026-05-04 00:00:00+00:00,0.78136,0.78143,0.78108,0.78129
2026-05-04 00:15:00+00:00,0.78131,0.78171,0.7812,0.78157
2026-05-04 00:30:00+00:00,0.78158,0.78169,0.78128,0.78144
2026-05-04 00:45:00+00:00,0.78146,0.78157,0.78106,0.78111
2026-05-04 01:00:00+00:00,0.78101,0.78173,0.78092,0.78165
2026-05-04 01:15:00+00:00,0.78152,0.78173,0.78119,0.78171
2026-05-04 01:30:00+00:00,0.78171,0.78181,0.78139,0.78145
2026-05-04 01:45:00+00:00,0.78136,0.78155,0.78125,0.78139
2026-05-04 02:00:00+00:00,0.78128,0.78142,0.78108,0.78116
2026-05-04 02:15:00+00:00,0.78111,0.78138,0.78109,0.78136
2026-05-04 02:30:00+00:00,0.78138,0.78142,0.78109,0.78122
2026-05-04 02:45:00+00:00,0.78122,0.78124,0.78103,0.78108
2026-05-04 03:00:00+00:00,0.78102,0.78121,0.78097,0.78116
2026-05-04 03:15:00+00:00,0.78111,0.78117,0.78105,0.78111
2026-05-04 03:30:00+00:00,0.78115,0.78136,0.78109,0.78134
2026-05-04 03:45:00+00:00,0.78106,0.78133,0.78011,0.78029
2026-05-04 04:00:00+00:00,0.78032,0.78057,0.78027,0.7805
2026-05-04 04:15:00+00:00,0.78056,0.78088,0.78048,0.78083
2026-05-04 04:30:00+00:00,0.78088,0.78106,0.78082,0.78105
2026-05-04 04:45:00+00:00,0.78105,0.78111,0.781,0.78104
2026-05-04 05:00:00+00:00,0.78101,0.78109,0.78085,0.78093
2026-05-04 05:15:00+00:00,0.78098,0.7811,0.7808,0.78105
2026-05-04 05:30:00+00:00,0.7811,0.78114,0.78097,0.781
2026-05-04 05:45:00+00:00,0.78098,0.78101,0.78077,0.78079
2026-05-04 06:00:00+00:00,0.78076,0.7809,0.78063,0.78078
2026-05-04 06:15:00+00:00,0.78071,0.78084,0.78052,0.7807
2026-05-04 06:30:00+00:00,0.78069,0.78126,0.78064,0.78124
2026-05-04 06:45:00+00:00,0.78128,0.78153,0.78108,0.78121
2026-05-04 07:00:00+00:00,0.78135,0.78178,0.7812,0.78161
2026-05-04 07:15:00+00:00,0.78158,0.78231,0.78155,0.78215
2026-05-04 07:30:00+00:00,0.78234,0.78262,0.78202,0.78261
2026-05-04 07:45:00+00:00,0.78275,0.78304,0.78239,0.78256
2026-05-04 08:00:00+00:00,0.78291,0.78328,0.78255,0.7831
2026-05-04 08:15:00+00:00,0.78313,0.78328,0.78299,0.78318
2026-05-04 08:30:00+00:00,0.78322,0.78327,0.78262,0.78264
2026-05-04 08:45:00+00:00,0.78278,0.78281,0.7824,0.78249
2026-05-04 09:00:00+00:00,0.78258,0.78273,0.7821,0.7826
2026-05-04 09:15:00+00:00,0.78258,0.78292,0.78248,0.78273
2026-05-04 09:30:00+00:00,0.7827,0.78285,0.78254,0.78266
2026-05-04 09:45:00+00:00,0.78266,0.78314,0.78262,0.78312
2026-05-04 10:00:00+00:00,0.78316,0.78427,0.7831,0.78407
2026-05-04 10:15:00+00:00,0.78425,0.78467,0.78384,0.7839
2026-05-04 10:30:00+00:00,0.78379,0.78398,0.78301,0.78347
2026-05-04 10:45:00+00:00,0.78341,0.78389,0.78323,0.78387
2026-05-04 11:00:00+00:00,0.78374,0.78421,0.78363,0.78419
2026-05-04 11:15:00+00:00,0.78425,0.78435,0.78375,0.784
2026-05-04 11:30:00+00:00,0.78401,0.78441,0.78396,0.78417
2026-05-04 11:45:00+00:00,0.78424,0.78443,0.78414,0.78435
2026-05-04 12:00:00+00:00,0.78429,0.78437,0.78404,0.78405
2026-05-04 12:15:00+00:00,0.78405,0.78416,0.78337,0.78349
2026-05-04 12:30:00+00:00,0.7834,0.7835,0.7831,0.78326
2026-05-04 12:45:00+00:00,0.78318,0.78327,0.78304,0.78314
2026-05-04 13:00:00+00:00,0.78345,0.78347,0.78269,0.78298
2026-05-04 13:15:00+00:00,0.78291,0.78314,0.78262,0.78276
2026-05-04 13:30:00+00:00,0.78275,0.78295,0.78245,0.78272
2026-05-04 13:45:00+00:00,0.78267,0.78273,0.78243,0.78269
2026-05-04 14:00:00+00:00,0.7827,0.78317,0.78257,0.78284
2026-05-04 14:15:00+00:00,0.78286,0.78295,0.78231,0.78244
2026-05-04 14:30:00+00:00,0.78239,0.78281,0.78227,0.78267
2026-05-04 14:45:00+00:00,0.78283,0.78302,0.78255,0.78262
2026-05-04 15:00:00+00:00,0.78269,0.78275,0.78221,0.78242
2026-05-04 15:15:00+00:00,0.78226,0.78337,0.78204,0.78316
2026-05-04 15:30:00+00:00,0.7831,0.78332,0.78288,0.78332
2026-05-04 15:45:00+00:00,0.78323,0.78376,0.78314,0.78351
2026-05-04 16:00:00+00:00,0.78343,0.78424,0.78323,0.78418
2026-05-04 16:15:00+00:00,0.78428,0.78433,0.78358,0.78397
2026-05-04 16:30:00+00:00,0.78403,0.78436,0.78379,0.7843
2026-05-04 16:45:00+00:00,0.78442,0.78473,0.78428,0.78471
2026-05-04 17:00:00+00:00,0.7847,0.78478,0.78418,0.78423
2026-05-04 17:15:00+00:00,0.78417,0.78423,0.78346,0.78357
2026-05-04 17:30:00+00:00,0.78347,0.78372,0.78338,0.7836
2026-05-04 17:45:00+00:00,0.7836,0.78368,0.78349,0.7836
2026-05-04 18:00:00+00:00,0.78361,0.78363,0.78332,0.78348
2026-05-04 18:15:00+00:00,0.7835,0.7838,0.78338,0.78379
2026-05-04 18:30:00+00:00,0.78363,0.78379,0.78362,0.78373
2026-05-04 18:45:00+00:00,0.78379,0.78395,0.78354,0.78369
2026-05-04 19:00:00+00:00,0.78328,0.78382,0.78325,0.7835
2026-05-04 19:15:00+00:00,0.78339,0.78352,0.78309,0.78334
2026-05-04 19:30:00+00:00,0.78342,0.78353,0.7833,0.78343
2026-05-04 19:45:00+00:00,0.7835,0.78372,0.78341,0.7837
2026-05-04 20:00:00+00:00,0.78369,0.78394,0.78365,0.78391
2026-05-04 20:15:00+00:00,0.784,0.78434,0.78389,0.78424
2026-05-04 20:30:00+00:00,0.78414,0.78423,0.78403,0.78405
2026-05-04 20:45:00+00:00,0.78403,0.78406,0.78392,0.78395
2026-05-04 21:00:00+00:00,0.78395,0.78435,0.78321,0.78434
2026-05-04 21:15:00+00:00,0.78423,0.78443,0.78396,0.78402
2026-05-04 21:30:00+00:00,0.78404,0.78415,0.78388,0.7839
2026-05-04 21:45:00+00:00,0.78393,0.7841,0.78389,0.78406
2026-05-04 22:00:00+00:00,0.78398,0.78422,0.7838,0.78411
2026-05-04 22:15:00+00:00,0.78411,0.78417,0.78395,0.78402
2026-05-04 22:30:00+00:00,0.78394,0.78405,0.78386,0.78396
2026-05-04 22:45:00+00:00,0.78396,0.78412,0.78395,0.78407
2026-05-04 23:00:00+00:00,0.78406,0.78411,0.78402,0.78409
2026-05-04 23:15:00+00:00,0.78409,0.78413,0.78401,0.78404
2026-05-04 23:30:00+00:00,0.78403,0.7841,0.78398,0.78407
2026-05-04 23:45:00+00:00,0.78406,0.78408,0.78398,0.78402
2026-05-05 00:00:00+00:00,0.78405,0.7841,0.7839,0.78408
2026-05-05 00:15:00+00:00,0.7841,0.7845,0.78403,0.78448
2026-05-05 00:30:00+00:00,0.7844,0.78459,0.7844,0.7845
2026-05-05 00:45:00+00:00,0.7844,0.78449,0.78416,0.78438
2026-05-05 01:00:00+00:00,0.78444,0.78457,0.78428,0.78432
2026-05-05 01:15:00+00:00,0.78436,0.78453,0.78429,0.7845
2026-05-05 01:30:00+00:00,0.78449,0.78454,0.78412,0.78424
2026-05-05 01:45:00+00:00,0.78426,0.78431,0.78411,0.78421
2026-05-05 02:00:00+00:00,0.78415,0.78422,0.78405,0.7842
2026-05-05 02:15:00+00:00,0.7842,0.78421,0.78391,0.78393
2026-05-05 02:30:00+00:00,0.78391,0.78399,0.78385,0.78391
2026-05-05 02:45:00+00:00,0.7839,0.78421,0.78387,0.78416
2026-05-05 03:00:00+00:00,0.7842,0.78429,0.78416,0.78418
2026-05-05 03:15:00+00:00,0.78414,0.78423,0.78401,0.78403
2026-05-05 03:30:00+00:00,0.78405,0.78422,0.78402,0.7842
2026-05-05 03:45:00+00:00,0.78416,0.78422,0.78407,0.78419
2026-05-05 04:00:00+00:00,0.78419,0.78421,0.78405,0.78406
2026-05-05 04:15:00+00:00,0.78406,0.7841,0.784,0.78403
2026-05-05 04:30:00+00:00,0.78407,0.78432,0.78398,0.7843
2026-05-05 04:45:00+00:00,0.78429,0.78473,0.78426,0.78472
2026-05-05 05:00:00+00:00,0.78474,0.78484,0.78459,0.78459
2026-05-05 05:15:00+00:00,0.7846,0.78465,0.78435,0.78438
2026-05-05 05:30:00+00:00,0.78443,0.78457,0.78407,0.78416
2026-05-05 05:45:00+00:00,0.78414,0.78437,0.78409,0.78437
2026-05-05 06:00:00+00:00,0.78432,0.78438,0.78412,0.78425
2026-05-05 06:15:00+00:00,0.78418,0.78449,0.78411,0.78424
2026-05-05 06:30:00+00:00,0.78425,0.7845,0.78415,0.78428
2026-05-05 06:45:00+00:00,0.78432,0.78441,0.78404,0.78423
2026-05-05 07:00:00+00:00,0.78421,0.78426,0.78377,0.78378
2026-05-05 07:15:00+00:00,0.78385,0.78394,0.78357,0.78386
2026-05-05 07:30:00+00:00,0.78395,0.78396,0.78331,0.78339
2026-05-05 07:45:00+00:00,0.78341,0.78356,0.78337,0.78353
2026-05-05 08:00:00+00:00,0.78352,0.78357,0.78309,0.78309
2026-05-05 08:15:00+00:00,0.78316,0.7832,0.78289,0.78302
2026-05-05 08:30:00+00:00,0.78316,0.78346,0.78296,0.78345
2026-05-05 08:45:00+00:00,0.78336,0.78361,0.78334,0.7835
2026-05-05 09:00:00+00:00,0.78364,0.78366,0.78336,0.78348
2026-05-05 09:15:00+00:00,0.78364,0.78391,0.78347,0.78372
2026-05-05 09:30:00+00:00,0.78363,0.7838,0.78349,0.78351
2026-05-05 09:45:00+00:00,0.78357,0.78368,0.78331,0.78343
2026-05-05 10:00:00+00:00,0.78325,0.78347,0.7831,0.78314
2026-05-05 10:15:00+00:00,0.78313,0.78315,0.78281,0.78282
2026-05-05 10:30:00+00:00,0.78286,0.78318,0.78268,0.78313
2026-05-05 10:45:00+00:00,0.78321,0.78343,0.783,0.78325
2026-05-05 11:00:00+00:00,0.78325,0.78392,0.78323,0.78388
2026-05-05 11:15:00+00:00,0.78388,0.78409,0.78346,0.7836
2026-05-05 11:30:00+00:00,0.78346,0.78381,0.78343,0.78372
2026-05-05 11:45:00+00:00,0.78386,0.78403,0.78368,0.78377
2026-05-05 12:00:00+00:00,0.78371,0.78422,0.78357,0.78379
2026-05-05 12:15:00+00:00,0.78378,0.78391,0.78325,0.78331
2026-05-05 12:30:00+00:00,0.78332,0.78378,0.78323,0.78366
2026-05-05 12:45:00+00:00,0.78366,0.78381,0.78362,0.78368
2026-05-05 13:00:00+00:00,0.78368,0.78373,0.7827,0.78288
2026-05-05 13:15:00+00:00,0.78287,0.78313,0.7827,0.78309
2026-05-05 13:30:00+00:00,0.78303,0.78343,0.78299,0.78339
2026-05-05 13:45:00+00:00,0.7833,0.78345,0.78312,0.78326
2026-05-05 14:00:00+00:00,0.78322,0.78339,0.78268,0.78304
2026-05-05 14:15:00+00:00,0.78286,0.78352,0.78266,0.78269
2026-05-05 14:30:00+00:00,0.78273,0.78282,0.78242,0.78257
2026-05-05 14:45:00+00:00,0.78244,0.78255,0.78179,0.78184
2026-05-05 15:00:00+00:00,0.78193,0.78213,0.78157,0.78181
2026-05-05 15:15:00+00:00,0.78176,0.78209,0.78171,0.782
2026-05-05 15:30:00+00:00,0.78201,0.78207,0.78138,0.78145
2026-05-05 15:45:00+00:00,0.78145,0.78223,0.78133,0.78217
2026-05-05 16:00:00+00:00,0.78217,0.78257,0.78207,0.78255
2026-05-05 16:15:00+00:00,0.78252,0.78274,0.78237,0.78272
2026-05-05 16:30:00+00:00,0.7827,0.7829,0.78256,0.78257
2026-05-05 16:45:00+00:00,0.78259,0.7829,0.7825,0.78289
2026-05-05 17:00:00+00:00,0.78285,0.78318,0.78278,0.78302
2026-05-05 17:15:00+00:00,0.783,0.78309,0.78285,0.78286
2026-05-05 17:30:00+00:00,0.78286,0.78292,0.7825,0.7826
2026-05-05 17:45:00+00:00,0.78258,0.78288,0.78256,0.78288
2026-05-05 18:00:00+00:00,0.78287,0.78287,0.78269,0.78275
2026-05-05 18:15:00+00:00,0.78272,0.78282,0.78269,0.78269
2026-05-05 18:30:00+00:00,0.78269,0.78291,0.78263,0.78286
2026-05-05 18:45:00+00:00,0.78286,0.78288,0.78261,0.78274
2026-05-05 19:00:00+00:00,0.7827,0.7829,0.78269,0.78289
2026-05-05 19:15:00+00:00,0.78287,0.78306,0.78282,0.78305
2026-05-05 19:30:00+00:00,0.78302,0.7831,0.78297,0.78309
2026-05-05 19:45:00+00:00,0.78307,0.78324,0.78304,0.78309
2026-05-05 20:00:00+00:00,0.78309,0.78318,0.78288,0.78301
2026-05-05 20:15:00+00:00,0.78299,0.78302,0.78291,0.78295
2026-05-05 20:30:00+00:00,0.78294,0.78321,0.78292,0.78314
2026-05-05 20:45:00+00:00,0.78316,0.7832,0.78307,0.78311
2026-05-05 21:00:00+00:00,0.7831,0.78311,0.78254,0.78295
2026-05-05 21:15:00+00:00,0.78294,0.78336,0.78281,0.78334
2026-05-05 21:30:00+00:00,0.78333,0.78335,0.78306,0.78311
2026-05-05 21:45:00+00:00,0.78319,0.7833,0.7831,0.7832
2026-05-05 22:00:00+00:00,0.78324,0.78327,0.78309,0.78321
2026-05-05 22:15:00+00:00,0.7832,0.78336,0.78318,0.78335
2026-05-05 22:30:00+00:00,0.78333,0.78333,0.78307,0.78313
2026-05-05 22:45:00+00:00,0.78313,0.78323,0.78191,0.78225
2026-05-05 23:00:00+00:00,0.78218,0.78232,0.78119,0.78119
2026-05-05 23:15:00+00:00,0.78119,0.78142,0.78091,0.78141
2026-05-05 23:30:00+00:00,0.78139,0.78148,0.78124,0.78142
2026-05-05 23:45:00+00:00,0.78142,0.78154,0.7814,0.78141
2026-05-06 00:00:00+00:00,0.78143,0.7818,0.78142,0.7818
2026-05-06 00:15:00+00:00,0.7818,0.78199,0.78139,0.7817
2026-05-06 00:30:00+00:00,0.78166,0.7818,0.78135,0.78135
2026-05-06 00:45:00+00:00,0.78135,0.78155,0.78123,0.78132
2026-05-06 01:00:00+00:00,0.7813,0.78156,0.78119,0.7814
2026-05-06 01:15:00+00:00,0.78138,0.7815,0.78113,0.78122
2026-05-06 01:30:00+00:00,0.7812,0.78142,0.78108,0.78122
2026-05-06 01:45:00+00:00,0.78122,0.78143,0.78108,0.78135
2026-05-06 02:00:00+00:00,0.78137,0.78141,0.78126,0.78134
2026-05-06 02:15:00+00:00,0.78129,0.78159,0.78128,0.78158
2026-05-06 02:30:00+00:00,0.78152,0.78182,0.7815,0.7818
2026-05-06 02:45:00+00:00,0.78179,0.7819,0.78171,0.78178
2026-05-06 03:00:00+00:00,0.78176,0.78181,0.78141,0.78149
2026-05-06 03:15:00+00:00,0.78148,0.7816,0.78144,0.7815
2026-05-06 03:30:00+00:00,0.78148,0.78172,0.78137,0.78149
2026-05-06 03:45:00+00:00,0.78148,0.78172,0.78145,0.78164
2026-05-06 04:00:00+00:00,0.78165,0.78171,0.7816,0.78166
2026-05-06 04:15:00+00:00,0.78167,0.78169,0.78084,0.78088
2026-05-06 04:30:00+00:00,0.78096,0.78128,0.77981,0.78017
2026-05-06 04:45:00+00:00,0.78015,0.78015,0.77903,0.77938
2026-05-06 05:00:00+00:00,0.77932,0.77994,0.77913,0.77985
2026-05-06 05:15:00+00:00,0.77986,0.78033,0.77985,0.7802
2026-05-06 05:30:00+00:00,0.78018,0.78033,0.78015,0.78029
2026-05-06 05:45:00+00:00,0.78027,0.78027,0.78011,0.78023
2026-05-06 06:00:00+00:00,0.78023,0.78042,0.78002,0.78031
2026-05-06 06:15:00+00:00,0.78035,0.78048,0.78011,0.78029
2026-05-06 06:30:00+00:00,0.78028,0.78077,0.78024,0.78056
2026-05-06 06:45:00+00:00,0.78062,0.78072,0.78032,0.78048
2026-05-06 07:00:00+00:00,0.78046,0.78131,0.7804,0.78124
2026-05-06 07:15:00+00:00,0.78115,0.78148,0.78092,0.78147
2026-05-06 07:30:00+00:00,0.78145,0.78205,0.78138,0.78157
2026-05-06 07:45:00+00:00,0.78165,0.78167,0.78001,0.78011
2026-05-06 08:00:00+00:00,0.7803,0.78077,0.77988,0.78053
2026-05-06 08:15:00+00:00,0.78058,0.78073,0.78042,0.78043
2026-05-06 08:30:00+00:00,0.78045,0.78051,0.77981,0.77984
2026-05-06 08:45:00+00:00,0.77988,0.77999,0.77828,0.77881
2026-05-06 09:00:00+00:00,0.77879,0.7799,0.77861,0.77981
2026-05-06 09:15:00+00:00,0.77969,0.77994,0.77955,0.77967
2026-05-06 09:30:00+00:00,0.77967,0.77977,0.77911,0.77937
2026-05-06 09:45:00+00:00,0.77933,0.77953,0.77893,0.77895
2026-05-06 10:00:00+00:00,0.77898,0.77903,0.77863,0.77899
2026-05-06 10:15:00+00:00,0.77899,0.77952,0.77897,0.77899
2026-05-06 10:30:00+00:00,0.77904,0.77913,0.77839,0.77845
2026-05-06 10:45:00+00:00,0.77857,0.7787,0.7773,0.77756
2026-05-06 11:00:00+00:00,0.7775,0.77826,0.7775,0.77825
2026-05-06 11:15:00+00:00,0.77824,0.77825,0.77746,0.77779
2026-05-06 11:30:00+00:00,0.77768,0.77833,0.77763,0.77828
2026-05-06 11:45:00+00:00,0.77818,0.77875,0.77785,0.77849
2026-05-06 12:00:00+00:00,0.77846,0.77938,0.77845,0.77929
2026-05-06 12:15:00+00:00,0.77929,0.77961,0.77896,0.77897
2026-05-06 12:30:00+00:00,0.77897,0.77914,0.77877,0.77907
2026-05-06 12:45:00+00:00,0.77899,0.77945,0.77896,0.77933
2026-05-06 13:00:00+00:00,0.7794,0.77997,0.77917,0.77958
2026-05-06 13:15:00+00:00,0.77957,0.7799,0.77942,0.7797
2026-05-06 13:30:00+00:00,0.77975,0.78004,0.77951,0.77985
2026-05-06 13:45:00+00:00,0.77985,0.78008,0.7795,0.77986
2026-05-06 14:00:00+00:00,0.77984,0.78035,0.77963,0.78006
2026-05-06 14:15:00+00:00,0.78006,0.78031,0.77987,0.78005
2026-05-06 14:30:00+00:00,0.78002,0.78011,0.77908,0.7791
2026-05-06 14:45:00+00:00,0.77913,0.77934,0.77884,0.77904
2026-05-06 15:00:00+00:00,0.779,0.77937,0.779,0.77931
2026-05-06 15:15:00+00:00,0.7792,0.77939,0.77914,0.77916
2026-05-06 15:30:00+00:00,0.77918,0.77937,0.77905,0.77927
2026-05-06 15:45:00+00:00,0.77927,0.77933,0.77892,0.77923
2026-05-06 16:00:00+00:00,0.77919,0.77973,0.7791,0.77961
2026-05-06 16:15:00+00:00,0.7796,0.77976,0.77951,0.77951
2026-05-06 16:30:00+00:00,0.77951,0.77958,0.7794,0.77942
2026-05-06 16:45:00+00:00,0.77948,0.77976,0.77946,0.77976
2026-05-06 17:00:00+00:00,0.77975,0.77988,0.77912,0.7792
2026-05-06 17:15:00+00:00,0.77919,0.77919,0.77888,0.77889
2026-05-06 17:30:00+00:00,0.77889,0.77932,0.77886,0.77921
2026-05-06 17:45:00+00:00,0.77924,0.77937,0.7791,0.77932
2026-05-06 18:00:00+00:00,0.77931,0.77932,0.77896,0.77912
2026-05-06 18:15:00+00:00,0.77911,0.77915,0.77896,0.7791
2026-05-06 18:30:00+00:00,0.7791,0.7791,0.77883,0.77883
2026-05-06 18:45:00+00:00,0.77883,0.77888,0.77846,0.77847
2026-05-06 19:00:00+00:00,0.77849,0.77864,0.77835,0.77847
2026-05-06 19:15:00+00:00,0.77844,0.77861,0.7784,0.77859
2026-05-06 19:30:00+00:00,0.77856,0.77875,0.77851,0.77873
2026-05-06 19:45:00+00:00,0.77871,0.77876,0.77859,0.7786
2026-05-06 20:00:00+00:00,0.7786,0.7788,0.77858,0.77872
2026-05-06 20:15:00+00:00,0.77868,0.77875,0.77857,0.77873
2026-05-06 20:30:00+00:00,0.77871,0.779,0.77868,0.77895
2026-05-06 20:45:00+00:00,0.77895,0.77898,0.7788,0.77887
2026-05-06 21:00:00+00:00,0.77886,0.77909,0.77831,0.77899
2026-05-06 21:15:00+00:00,0.77873,0.77928,0.77859,0.7786
2026-05-06 21:30:00+00:00,0.7786,0.77871,0.7785,0.77866
2026-05-06 21:45:00+00:00,0.77859,0.77875,0.77854,0.7786
2026-05-06 22:00:00+00:00,0.7786,0.77866,0.77857,0.7786
2026-05-06 22:15:00+00:00,0.77859,0.77863,0.77855,0.77862
2026-05-06 22:30:00+00:00,0.77859,0.77866,0.77851,0.77854
2026-05-06 22:45:00+00:00,0.77854,0.77866,0.77849,0.7786
2026-05-06 23:00:00+00:00,0.7786,0.77866,0.77852,0.77862
2026-05-06 23:15:00+00:00,0.77861,0.77879,0.77858,0.77876
2026-05-06 23:30:00+00:00,0.77874,0.7788,0.77869,0.77873
2026-05-06 23:45:00+00:00,0.77873,0.77893,0.77868,0.77893
2026-05-07 00:00:00+00:00,0.77893,0.7791,0.77869,0.7787
2026-05-07 00:15:00+00:00,0.77871,0.77912,0.77864,0.7791
2026-05-07 00:30:00+00:00,0.77908,0.77931,0.77904,0.7793
2026-05-07 00:45:00+00:00,0.77929,0.7793,0.77907,0.77915
2026-05-07 01:00:00+00:00,0.77915,0.77926,0.77862,0.77863
2026-05-07 01:15:00+00:00,0.77864,0.7788,0.7784,0.77848
2026-05-07 01:30:00+00:00,0.77847,0.77849,0.77802,0.77805
2026-05-07 01:45:00+00:00,0.77803,0.77827,0.77792,0.77824
2026-05-07 02:00:00+00:00,0.7782,0.7787,0.77816,0.77869
2026-05-07 02:15:00+00:00,0.77866,0.77881,0.77861,0.7788
2026-05-07 02:30:00+00:00,0.77878,0.77881,0.77864,0.77868
2026-05-07 02:45:00+00:00,0.7787,0.77879,0.77864,0.7787
2026-05-07 03:00:00+00:00,0.77869,0.77897,0.77862,0.77896
2026-05-07 03:15:00+00:00,0.77893,0.77897,0.7788,0.7788
2026-05-07 03:30:00+00:00,0.7788,0.77911,0.77872,0.77906
2026-05-07 03:45:00+00:00,0.77904,0.77921,0.77899,0.7792
2026-05-07 04:00:00+00:00,0.77918,0.77935,0.77911,0.77915
2026-05-07 04:15:00+00:00,0.77917,0.7792,0.77898,0.77903
2026-05-07 04:30:00+00:00,0.77903,0.77903,0.7788,0.77885
2026-05-07 04:45:00+00:00,0.77883,0.77904,0.77877,0.77903
2026-05-07 05:00:00+00:00,0.77902,0.77907,0.77887,0.77897
2026-05-07 05:15:00+00:00,0.77897,0.77913,0.77896,0.77906
2026-05-07 05:30:00+00:00,0.77905,0.77906,0.7788,0.77889
2026-05-07 05:45:00+00:00,0.77887,0.7791,0.77886,0.77904
2026-05-07 06:00:00+00:00,0.77903,0.77908,0.7789,0.77896
2026-05-07 06:15:00+00:00,0.77893,0.77919,0.7789,0.77917
2026-05-07 06:30:00+00:00,0.77912,0.77928,0.77823,0.77836
2026-05-07 06:45:00+00:00,0.77865,0.77904,0.77823,0.77857
2026-05-07 07:00:00+00:00,0.77866,0.77868,0.7777,0.7777
2026-05-07 07:15:00+00:00,0.7777,0.77801,0.77756,0.7779
2026-05-07 07:30:00+00:00,0.77787,0.77794,0.77759,0.77774
2026-05-07 07:45:00+00:00,0.77778,0.77814,0.77766,0.77767
2026-05-07 08:00:00+00:00,0.77768,0.77787,0.77763,0.77764
2026-05-07 08:15:00+00:00,0.77769,0.77797,0.77747,0.77751
2026-05-07 08:30:00+00:00,0.77756,0.77766,0.77734,0.77759
2026-05-07 08:45:00+00:00,0.77763,0.7778,0.77747,0.77776
2026-05-07 09:00:00+00:00,0.77772,0.77798,0.7775,0.77778
2026-05-07 09:15:00+00:00,0.77777,0.77786,0.7776,0.7778
2026-05-07 09:30:00+00:00,0.77781,0.77789,0.77734,0.77739
2026-05-07 09:45:00+00:00,0.77738,0.7776,0.7773,0.77752
2026-05-07 10:00:00+00:00,0.7775,0.77769,0.77722,0.77736
2026-05-07 10:15:00+00:00,0.77736,0.77748,0.77728,0.77732
2026-05-07 10:30:00+00:00,0.77733,0.77753,0.77714,0.77744
2026-05-07 10:45:00+00:00,0.77743,0.77787,0.77727,0.77786
2026-05-07 11:00:00+00:00,0.77782,0.77792,0.77769,0.7778
2026-05-07 11:15:00+00:00,0.77783,0.77805,0.77775,0.77803
2026-05-07 11:30:00+00:00,0.77799,0.77807,0.77788,0.77791
2026-05-07 11:45:00+00:00,0.77791,0.77831,0.7779,0.77806
2026-05-07 12:00:00+00:00,0.77818,0.77829,0.77767,0.77768
2026-05-07 12:15:00+00:00,0.77768,0.77778,0.77746,0.77761
2026-05-07 12:30:00+00:00,0.77755,0.77763,0.77732,0.77751
2026-05-07 12:45:00+00:00,0.77751,0.77764,0.77712,0.77717
2026-05-07 13:00:00+00:00,0.77721,0.77746,0.77718,0.77735
2026-05-07 13:15:00+00:00,0.77739,0.77746,0.77683,0.77683
2026-05-07 13:30:00+00:00,0.77683,0.77737,0.77676,0.77702
2026-05-07 13:45:00+00:00,0.77702,0.77743,0.77701,0.77722
2026-05-07 14:00:00+00:00,0.77726,0.77756,0.77716,0.77724
2026-05-07 14:15:00+00:00,0.77723,0.77739,0.7769,0.77721
2026-05-07 14:30:00+00:00,0.77719,0.77753,0.77715,0.77751
2026-05-07 14:45:00+00:00,0.77751,0.77751,0.7767,0.7767
2026-05-07 15:00:00+00:00,0.77669,0.77712,0.77662,0.77709
2026-05-07 15:15:00+00:00,0.77699,0.77801,0.77698,0.77773
2026-05-07 15:30:00+00:00,0.77787,0.77805,0.77738,0.77742
2026-05-07 15:45:00+00:00,0.77747,0.77788,0.77746,0.77773
2026-05-07 16:00:00+00:00,0.77771,0.77814,0.7776,0.77812
2026-05-07 16:15:00+00:00,0.77807,0.7782,0.7777,0.7777
2026-05-07 16:30:00+00:00,0.7777,0.77813,0.7776,0.77811
2026-05-07 16:45:00+00:00,0.77808,0.77843,0.77801,0.77835
2026-05-07 17:00:00+00:00,0.77834,0.77854,0.77827,0.77852
2026-05-07 17:15:00+00:00,0.77851,0.77911,0.77839,0.77909
2026-05-07 17:30:00+00:00,0.77909,0.77975,0.77905,0.77947
2026-05-07 17:45:00+00:00,0.77944,0.77959,0.77905,0.77922
2026-05-07 18:00:00+00:00,0.77911,0.77912,0.77878,0.77908
2026-05-07 18:15:00+00:00,0.77905,0.77905,0.77877,0.77879
2026-05-07 18:30:00+00:00,0.7788,0.77916,0.77853,0.77864
2026-05-07 18:45:00+00:00,0.7789,0.77953,0.77882,0.77901
2026-05-07 19:00:00+00:00,0.77901,0.77922,0.77879,0.77902
2026-05-07 19:15:00+00:00,0.77897,0.77992,0.77894,0.77956
2026-05-07 19:30:00+00:00,0.77955,0.77966,0.77907,0.77925
2026-05-07 19:45:00+00:00,0.77921,0.78011,0.77917,0.78008
2026-05-07 20:00:00+00:00,0.78003,0.78022,0.77972,0.77993
2026-05-07 20:15:00+00:00,0.77989,0.78015,0.77988,0.78011
2026-05-07 20:30:00+00:00,0.78009,0.78051,0.78004,0.78044
2026-05-07 20:45:00+00:00,0.78044,0.78067,0.78031,0.78067
2026-05-07 21:00:00+00:00,0.78067,0.78078,0.77959,0.78003
2026-05-07 21:15:00+00:00,0.78002,0.78019,0.77995,0.78018
2026-05-07 21:30:00+00:00,0.78015,0.78036,0.78014,0.78032
2026-05-07 21:45:00+00:00,0.7803,0.78038,0.77995,0.78027
2026-05-07 22:00:00+00:00,0.78027,0.78069,0.78022,0.78063
2026-05-07 22:15:00+00:00,0.78058,0.78066,0.78034,0.78045
2026-05-07 22:30:00+00:00,0.78042,0.78072,0.78041,0.78067
2026-05-07 22:45:00+00:00,0.78066,0.78079,0.78059,0.78075
2026-05-07 23:00:00+00:00,0.7807,0.78091,0.78053,0.78083
2026-05-07 23:15:00+00:00,0.78082,0.78086,0.78065,0.78067
2026-05-07 23:30:00+00:00,0.78072,0.78073,0.78061,0.78061
2026-05-07 23:45:00+00:00,0.78061,0.78065,0.78045,0.78049
2026-05-08 00:00:00+00:00,0.78051,0.78057,0.78019,0.78038
2026-05-08 00:15:00+00:00,0.78032,0.78081,0.78023,0.78066
2026-05-08 00:30:00+00:00,0.78063,0.7807,0.78049,0.78055
2026-05-08 00:45:00+00:00,0.78054,0.78069,0.78047,0.78047
2026-05-08 01:00:00+00:00,0.78048,0.78056,0.78021,0.78021
2026-05-08 01:15:00+00:00,0.78022,0.78024,0.77998,0.7801
2026-05-08 01:30:00+00:00,0.78007,0.78039,0.78004,0.78037
2026-05-08 01:45:00+00:00,0.78036,0.78036,0.78017,0.78029
2026-05-08 02:00:00+00:00,0.78032,0.78048,0.78028,0.78047
2026-05-08 02:15:00+00:00,0.78044,0.78059,0.78034,0.78053
2026-05-08 02:30:00+00:00,0.78051,0.78091,0.78049,0.78086
2026-05-08 02:45:00+00:00,0.78084,0.78085,0.78053,0.78057
2026-05-08 03:00:00+00:00,0.7806,0.78075,0.78058,0.78073
2026-05-08 03:15:00+00:00,0.78069,0.78081,0.78066,0.78067
2026-05-08 03:30:00+00:00,0.78066,0.78076,0.78032,0.7804
2026-05-08 03:45:00+00:00,0.78039,0.78061,0.78036,0.78053
2026-05-08 04:00:00+00:00,0.78054,0.78065,0.78049,0.78062
2026-05-08 04:15:00+00:00,0.78059,0.78072,0.78055,0.78068
2026-05-08 04:30:00+00:00,0.78067,0.78067,0.78019,0.7803
2026-05-08 04:45:00+00:00,0.78029,0.7803,0.77995,0.78
2026-05-08 05:00:00+00:00,0.78,0.78014,0.77977,0.78003
2026-05-08 05:15:00+00:00,0.78004,0.78009,0.77983,0.77992
2026-05-08 05:30:00+00:00,0.77991,0.77999,0.77972,0.77989
2026-05-08 05:45:00+00:00,0.77988,0.77995,0.77976,0.77976
2026-05-08 06:00:00+00:00,0.77976,0.78009,0.77913,0.77934
2026-05-08 06:15:00+00:00,0.77932,0.77939,0.77897,0.77899
2026-05-08 06:30:00+00:00,0.77901,0.77927,0.77888,0.77908
2026-05-08 06:45:00+00:00,0.77906,0.77932,0.77897,0.77919
2026-05-08 07:00:00+00:00,0.77923,0.77932,0.77913,0.77925
2026-05-08 07:15:00+00:00,0.77923,0.77949,0.77919,0.77938
2026-05-08 07:30:00+00:00,0.7794,0.7795,0.77914,0.77924
2026-05-08 07:45:00+00:00,0.77921,0.7794,0.77921,0.77933
2026-05-08 08:00:00+00:00,0.7793,0.77931,0.77894,0.77896
2026-05-08 08:15:00+00:00,0.779,0.77913,0.77849,0.7785
2026-05-08 08:30:00+00:00,0.77849,0.77853,0.77815,0.77819
2026-05-08 08:45:00+00:00,0.77827,0.77834,0.77791,0.77832
2026-05-08 09:00:00+00:00,0.77831,0.77831,0.77774,0.77782
2026-05-08 09:15:00+00:00,0.77779,0.77798,0.77762,0.77782
2026-05-08 09:30:00+00:00,0.77788,0.77809,0.77776,0.77789
2026-05-08 09:45:00+00:00,0.77784,0.77802,0.77776,0.7779
2026-05-08 10:00:00+00:00,0.77796,0.778,0.77775,0.7779
2026-05-08 10:15:00+00:00,0.7779,0.77807,0.77787,0.77799
2026-05-08 10:30:00+00:00,0.77798,0.77808,0.77781,0.77806
2026-05-08 10:45:00+00:00,0.77802,0.77852,0.778,0.77849
2026-05-08 11:00:00+00:00,0.77847,0.77865,0.77837,0.77859
2026-05-08 11:15:00+00:00,0.77859,0.77866,0.77837,0.77841
2026-05-08 11:30:00+00:00,0.77846,0.77854,0.77828,0.77832
2026-05-08 11:45:00+00:00,0.7783,0.77832,0.77803,0.77812
2026-05-08 12:00:00+00:00,0.7781,0.77855,0.77807,0.77847
2026-05-08 12:15:00+00:00,0.77847,0.77868,0.77818,0.77842
2026-05-08 12:30:00+00:00,0.77839,0.7785,0.77739,0.77741
2026-05-08 12:45:00+00:00,0.77744,0.77773,0.77723,0.7774
2026-05-08 13:00:00+00:00,0.77725,0.77795,0.77725,0.77792
2026-05-08 13:15:00+00:00,0.77785,0.778,0.77736,0.77736
2026-05-08 13:30:00+00:00,0.77736,0.77737,0.77672,0.77694
2026-05-08 13:45:00+00:00,0.77698,0.77732,0.77696,0.77724
2026-05-08 14:00:00+00:00,0.77713,0.7783,0.77711,0.77782
2026-05-08 14:15:00+00:00,0.77788,0.77811,0.77777,0.77807
2026-05-08 14:30:00+00:00,0.77802,0.77819,0.77734,0.77769
2026-05-08 14:45:00+00:00,0.77763,0.77779,0.77736,0.77738
2026-05-08 15:00:00+00:00,0.77739,0.77772,0.77725,0.77771
2026-05-08 15:15:00+00:00,0.77766,0.77805,0.77756,0.7776
2026-05-08 15:30:00+00:00,0.77761,0.77781,0.77717,0.77744
2026-05-08 15:45:00+00:00,0.77736,0.77749,0.77712,0.77727
2026-05-08 16:00:00+00:00,0.77717,0.77735,0.77705,0.77724
2026-05-08 16:15:00+00:00,0.77722,0.77724,0.77705,0.77705
2026-05-08 16:30:00+00:00,0.77706,0.77745,0.77701,0.77744
2026-05-08 16:45:00+00:00,0.77743,0.77744,0.77711,0.77719
2026-05-08 17:00:00+00:00,0.77721,0.7773,0.77702,0.77727
2026-05-08 17:15:00+00:00,0.77722,0.77729,0.77689,0.77691
2026-05-08 17:30:00+00:00,0.7769,0.77709,0.77687,0.77691
2026-05-08 17:45:00+00:00,0.77691,0.77709,0.77685,0.77708
2026-05-08 18:00:00+00:00,0.77705,0.7772,0.77648,0.77649
2026-05-08 18:15:00+00:00,0.77648,0.7768,0.77644,0.77663
2026-05-08 18:30:00+00:00,0.77662,0.77675,0.77654,0.77654
2026-05-08 18:45:00+00:00,0.77654,0.77664,0.77625,0.77664
2026-05-08 19:00:00+00:00,0.77662,0.77662,0.77636,0.77638
2026-05-08 19:15:00+00:00,0.77636,0.77647,0.77625,0.7763
2026-05-08 19:30:00+00:00,0.77628,0.7765,0.7762,0.77625
2026-05-08 19:45:00+00:00,0.77623,0.77691,0.7762,0.7769
2026-05-08 20:00:00+00:00,0.77689,0.77704,0.7766,0.77667
2026-05-08 20:15:00+00:00,0.7766,0.77661,0.77632,0.77646
2026-05-08 20:30:00+00:00,0.77643,0.77652,0.77628,0.77629
2026-05-08 20:45:00+00:00,0.77631,0.77651,0.77625,0.77645
2026-05-08 21:00:00+00:00,0.77647,0.777,0.77644,0.77697
2026-05-08 21:15:00+00:00,0.77695,0.77696,0.77677,0.77687
2026-05-08 21:30:00+00:00,0.77684,0.77696,0.77683,0.77694
2026-05-08 21:45:00+00:00,0.77693,0.77704,0.77682,0.77686
2026-05-08 22:00:00+00:00,0.77686,0.77716,0.77672,0.77687
2026-05-08 22:15:00+00:00,0.77686,0.77694,0.77683,0.77693
2026-05-08 22:30:00+00:00,0.77691,0.77694,0.77683,0.77686
2026-05-08 22:45:00+00:00,0.77687,0.77694,0.77683,0.77691
2026-05-08 23:00:00+00:00,0.7769,0.77721,0.77682,0.77687
2026-05-08 23:15:00+00:00,0.77687,0.77695,0.77684,0.77694
2026-05-08 23:30:00+00:00,0.77692,0.77694,0.77684,0.77687
2026-05-08 23:45:00+00:00,0.77688,0.77695,0.77684,0.77691
2026-05-09 00:00:00+00:00,0.7769,0.77713,0.77686,0.77712
2026-05-09 00:15:00+00:00,0.7771,0.77713,0.777,0.77711
2026-05-09 00:30:00+00:00,0.77709,0.77713,0.77708,0.77711
2026-05-09 00:45:00+00:00,0.7771,0.77718,0.77699,0.77709
2026-05-09 01:00:00+00:00,0.7771,0.77713,0.77709,0.7771
2026-05-09 01:15:00+00:00,0.7771,0.77713,0.77703,0.77712
2026-05-09 01:30:00+00:00,0.7771,0.77713,0.77697,0.77707
2026-05-09 01:45:00+00:00,0.77705,0.77713,0.77705,0.7771
2026-05-09 02:00:00+00:00,0.7771,0.77713,0.77704,0.7771
2026-05-09 02:15:00+00:00,0.7771,0.77713,0.77709,0.77711
2026-05-09 02:30:00+00:00,0.7771,0.77717,0.77698,0.77711
2026-05-09 02:45:00+00:00,0.7771,0.77714,0.77704,0.7771
2026-05-09 03:00:00+00:00,0.77709,0.77713,0.77706,0.7771
2026-05-09 03:15:00+00:00,0.7771,0.77712,0.77697,0.77711
2026-05-09 03:30:00+00:00,0.7771,0.77722,0.77695,0.77711
2026-05-09 03:45:00+00:00,0.7771,0.77713,0.77704,0.7771
2026-05-09 04:00:00+00:00,0.7771,0.77716,0.77699,0.77707
2026-05-09 04:15:00+00:00,0.77707,0.77713,0.77707,0.77711
2026-05-09 04:30:00+00:00,0.7771,0.77713,0.77704,0.77711
2026-05-09 04:45:00+00:00,0.7771,0.77713,0.77709,0.7771
2026-05-09 05:00:00+00:00,0.7771,0.77713,0.77697,0.77709
2026-05-09 05:15:00+00:00,0.7771,0.77716,0.77702,0.7771
2026-05-09 05:30:00+00:00,0.77708,0.77713,0.77706,0.77712
2026-05-09 05:45:00+00:00,0.7771,0.77713,0.777,0.7771
2026-05-09 06:00:00+00:00,0.7771,0.77713,0.77709,0.77709
2026-05-09 06:15:00+00:00,0.7771,0.77716,0.777,0.77712
2026-05-09 06:30:00+00:00,0.7771,0.77716,0.77697,0.77709
2026-05-09 06:45:00+00:00,0.77703,0.77713,0.777,0.77711
2026-05-09 07:00:00+00:00,0.7771,0.77713,0.77703,0.77709
2026-05-09 07:15:00+00:00,0.7771,0.77713,0.77709,0.7771
2026-05-09 07:30:00+00:00,0.7771,0.77713,0.77704,0.77712
2026-05-09 07:45:00+00:00,0.7771,0.77715,0.77703,0.7771
2026-05-09 08:00:00+00:00,0.77708,0.77713,0.77705,0.7771
2026-05-09 08:15:00+00:00,0.7771,0.77713,0.77702,0.77711
2026-05-09 08:30:00+00:00,0.77709,0.77713,0.77708,0.77711
2026-05-09 08:45:00+00:00,0.7771,0.77713,0.77707,0.77711
2026-05-09 09:00:00+00:00,0.7771,0.77713,0.77708,0.77708
2026-05-09 09:15:00+00:00,0.77708,0.77713,0.77708,0.7771
2026-05-09 09:30:00+00:00,0.7771,0.77713,0.77706,0.77711
2026-05-09 09:45:00+00:00,0.7771,0.77714,0.77709,0.77712
2026-05-09 10:00:00+00:00,0.7771,0.77713,0.77703,0.7771
2026-05-09 10:15:00+00:00,0.7771,0.77713,0.77702,0.7771
2026-05-09 10:30:00+00:00,0.77707,0.77713,0.77703,0.77711
2026-05-09 10:45:00+00:00,0.7771,0.77713,0.77704,0.77711
2026-05-09 11:00:00+00:00,0.7771,0.7771,0.77695,0.77696
2026-05-09 11:15:00+00:00,0.77696,0.77702,0.77685,0.77695
2026-05-09 11:30:00+00:00,0.77696,0.77699,0.77691,0.77691
2026-05-09 11:45:00+00:00,0.77691,0.77696,0.77691,0.77695
2026-05-09 12:00:00+00:00,0.77693,0.77699,0.77692,0.77696
2026-05-09 12:15:00+00:00,0.77696,0.77699,0.77694,0.77695
2026-05-09 12:30:00+00:00,0.77696,0.777,0.77694,0.77698
2026-05-09 12:45:00+00:00,0.77696,0.777,0.77695,0.77699
2026-05-09 13:00:00+00:00,0.77698,0.777,0.77696,0.77698
2026-05-09 13:15:00+00:00,0.77697,0.77701,0.77691,0.77693
2026-05-09 13:30:00+00:00,0.77693,0.77697,0.77692,0.77693
2026-05-09 13:45:00+00:00,0.77693,0.77699,0.77693,0.77697
2026-05-09 14:00:00+00:00,0.77696,0.77713,0.7769,0.77704
2026-05-09 14:15:00+00:00,0.77704,0.7771,0.777,0.77704
2026-05-09 14:30:00+00:00,0.77704,0.77709,0.77702,0.77705
2026-05-09 14:45:00+00:00,0.77705,0.77709,0.7769,0.77697
2026-05-09 15:00:00+00:00,0.77696,0.777,0.7769,0.77693
2026-05-09 15:15:00+00:00,0.77691,0.77702,0.7769,0.777
2026-05-09 15:30:00+00:00,0.77696,0.77706,0.77691,0.77702
2026-05-09 15:45:00+00:00,0.77702,0.77705,0.77696,0.77703
2026-05-09 16:00:00+00:00,0.77702,0.77715,0.777,0.77711
2026-05-09 16:15:00+00:00,0.77709,0.77713,0.77704,0.7771
2026-05-09 16:30:00+00:00,0.7771,0.77725,0.7769,0.77692
2026-05-09 16:45:00+00:00,0.77697,0.77717,0.77695,0.77708
2026-05-09 17:00:00+00:00,0.77707,0.77715,0.77704,0.77706
2026-05-09 17:15:00+00:00,0.77705,0.7771,0.77703,0.77707
2026-05-09 17:30:00+00:00,0.77707,0.77713,0.77701,0.77703
2026-05-09 17:45:00+00:00,0.77704,0.77709,0.77703,0.77706
2026-05-09 18:00:00+00:00,0.77706,0.77712,0.77702,0.77711
2026-05-09 18:15:00+00:00,0.77709,0.77712,0.77691,0.77693
2026-05-09 18:30:00+00:00,0.77692,0.77713,0.77691,0.77709
2026-05-09 18:45:00+00:00,0.7771,0.77713,0.77704,0.7771
2026-05-09 19:00:00+00:00,0.7771,0.77715,0.77704,0.77714
2026-05-09 19:15:00+00:00,0.77711,0.77713,0.77702,0.77711
2026-05-09 19:30:00+00:00,0.7771,0.77713,0.77704,0.77711
2026-05-09 19:45:00+00:00,0.77709,0.77713,0.77708,0.7771
2026-05-09 20:00:00+00:00,0.7771,0.77716,0.77693,0.77709
2026-05-09 20:15:00+00:00,0.77707,0.77715,0.77702,0.77714
2026-05-09 20:30:00+00:00,0.7771,0.7771,0.77702,0.77702
2026-05-09 20:45:00+00:00,0.77703,0.77711,0.777,0.77701
2026-05-09 21:00:00+00:00,0.77701,0.77711,0.777,0.77709
2026-05-09 21:15:00+00:00,0.77708,0.77711,0.777,0.77703
2026-05-09 21:30:00+00:00,0.77701,0.77713,0.77698,0.7771
2026-05-09 21:45:00+00:00,0.77708,0.77713,0.77695,0.7771
2026-05-09 22:00:00+00:00,0.7771,0.77716,0.77703,0.7771
2026-05-09 22:15:00+00:00,0.77709,0.77713,0.77709,0.77712
2026-05-09 22:30:00+00:00,0.7771,0.77713,0.77704,0.7771
2026-05-09 22:45:00+00:00,0.7771,0.77713,0.77709,0.77709
2026-05-09 23:00:00+00:00,0.7771,0.77716,0.77698,0.77711
2026-05-09 23:15:00+00:00,0.7771,0.77714,0.77691,0.77703
2026-05-09 23:30:00+00:00,0.77701,0.7771,0.77696,0.77707
2026-05-09 23:45:00+00:00,0.77706,0.7771,0.77702,0.77702
2026-05-10 00:00:00+00:00,0.77703,0.77708,0.77701,0.77707
2026-05-10 00:15:00+00:00,0.77705,0.77706,0.77698,0.77705
2026-05-10 00:30:00+00:00,0.77703,0.77712,0.77698,0.777
2026-05-10 00:45:00+00:00,0.77699,0.77703,0.77698,0.77699
2026-05-10 01:00:00+00:00,0.77699,0.77703,0.77686,0.77688
2026-05-10 01:15:00+00:00,0.77688,0.77691,0.77687,0.77689
2026-05-10 01:30:00+00:00,0.77688,0.77689,0.77684,0.77686
2026-05-10 01:45:00+00:00,0.77685,0.77689,0.77683,0.77683
2026-05-10 02:00:00+00:00,0.77683,0.77687,0.77682,0.77683
2026-05-10 02:15:00+00:00,0.77683,0.77686,0.77681,0.77683
2026-05-10 02:30:00+00:00,0.77682,0.77712,0.77681,0.7771
2026-05-10 02:45:00+00:00,0.77709,0.77712,0.77694,0.7771
2026-05-10 03:00:00+00:00,0.7771,0.77713,0.77704,0.77708
2026-05-10 03:15:00+00:00,0.77709,0.77713,0.77708,0.77711
2026-05-10 03:30:00+00:00,0.7771,0.77713,0.77704,0.77711
2026-05-10 03:45:00+00:00,0.7771,0.77713,0.77709,0.7771
2026-05-10 04:00:00+00:00,0.7771,0.77713,0.77704,0.77709
2026-05-10 04:15:00+00:00,0.7771,0.77724,0.77692,0.77694
2026-05-10 04:30:00+00:00,0.77693,0.77703,0.77692,0.77701
2026-05-10 04:45:00+00:00,0.77699,0.77707,0.77695,0.77704
2026-05-10 05:00:00+00:00,0.77704,0.77708,0.77703,0.77704
2026-05-10 05:15:00+00:00,0.77704,0.77706,0.77697,0.777
2026-05-10 05:30:00+00:00,0.77698,0.77702,0.77693,0.77696
2026-05-10 05:45:00+00:00,0.77694,0.77697,0.77693,0.77694
2026-05-10 06:00:00+00:00,0.77694,0.77703,0.77684,0.77684
2026-05-10 06:15:00+00:00,0.77685,0.77693,0.77684,0.7769
2026-05-10 06:30:00+00:00,0.7769,0.77691,0.77686,0.77689
2026-05-10 06:45:00+00:00,0.77687,0.7769,0.77684,0.77686
2026-05-10 07:00:00+00:00,0.77685,0.77688,0.77684,0.77684
2026-05-10 07:15:00+00:00,0.77684,0.77688,0.77681,0.77683
2026-05-10 07:30:00+00:00,0.77683,0.77686,0.77682,0.77684
2026-05-10 07:45:00+00:00,0.77683,0.77687,0.77678,0.7768
2026-05-10 08:00:00+00:00,0.77679,0.77683,0.77678,0.77678
2026-05-10 08:15:00+00:00,0.77678,0.77682,0.77677,0.77678
2026-05-10 08:30:00+00:00,0.77678,0.77681,0.77677,0.77679
2026-05-10 08:45:00+00:00,0.77678,0.77681,0.77677,0.77679
2026-05-10 09:00:00+00:00,0.77678,0.77681,0.77676,0.77677
2026-05-10 09:15:00+00:00,0.77677,0.77691,0.77666,0.7768
2026-05-10 09:30:00+00:00,0.77688,0.77691,0.77687,0.77689
2026-05-10 09:45:00+00:00,0.77688,0.77693,0.77687,0.77691
2026-05-10 10:00:00+00:00,0.7769,0.77711,0.77689,0.77709
2026-05-10 10:15:00+00:00,0.77709,0.77713,0.77706,0.77707
2026-05-10 10:30:00+00:00,0.77707,0.77713,0.77707,0.77711
2026-05-10 10:45:00+00:00,0.77709,0.77713,0.77706,0.7771
2026-05-10 11:00:00+00:00,0.77708,0.77713,0.77707,0.7771
2026-05-10 11:15:00+00:00,0.77709,0.77712,0.77706,0.77708
2026-05-10 11:30:00+00:00,0.77709,0.77713,0.77705,0.77708
2026-05-10 11:45:00+00:00,0.77706,0.7771,0.77705,0.77708
2026-05-10 12:00:00+00:00,0.77706,0.77711,0.77705,0.77708
2026-05-10 12:15:00+00:00,0.77707,0.77712,0.77706,0.77708
2026-05-10 12:30:00+00:00,0.77709,0.7771,0.77705,0.77706
2026-05-10 12:45:00+00:00,0.77706,0.7771,0.77703,0.77706
2026-05-10 13:00:00+00:00,0.77704,0.77707,0.77703,0.77705
2026-05-10 13:15:00+00:00,0.77704,0.77709,0.77696,0.77696
2026-05-10 13:30:00+00:00,0.77697,0.777,0.77696,0.77697
2026-05-10 13:45:00+00:00,0.77697,0.777,0.77695,0.77698
2026-05-10 14:00:00+00:00,0.77697,0.7771,0.77695,0.77706
2026-05-10 14:15:00+00:00,0.77705,0.77712,0.77702,0.77709
2026-05-10 14:30:00+00:00,0.77709,0.77713,0.77706,0.77706
2026-05-10 14:45:00+00:00,0.77707,0.77709,0.777,0.77701
2026-05-10 15:00:00+00:00,0.777,0.77703,0.77698,0.77701
2026-05-10 15:15:00+00:00,0.77699,0.77703,0.77698,0.77698
2026-05-10 15:30:00+00:00,0.77698,0.77702,0.77697,0.77698
2026-05-10 15:45:00+00:00,0.77698,0.77701,0.77697,0.77699
2026-05-10 16:00:00+00:00,0.77698,0.77709,0.77696,0.77707
2026-05-10 16:15:00+00:00,0.77705,0.77709,0.77702,0.77703
2026-05-10 16:30:00+00:00,0.77703,0.77707,0.77686,0.77687
2026-05-10 16:45:00+00:00,0.77687,0.77694,0.77686,0.77688
2026-05-10 17:00:00+00:00,0.77687,0.77713,0.77665,0.77711
2026-05-10 17:15:00+00:00,0.77709,0.77713,0.77709,0.7771
2026-05-10 17:30:00+00:00,0.7771,0.77713,0.77707,0.77709
2026-05-10 17:45:00+00:00,0.7771,0.77713,0.77708,0.7771
2026-05-10 18:00:00+00:00,0.77708,0.77715,0.77708,0.77712
2026-05-10 18:15:00+00:00,0.7771,0.77714,0.77707,0.77711
2026-05-10 18:30:00+00:00,0.7771,0.77713,0.77709,0.77709
2026-05-10 18:45:00+00:00,0.7771,0.77713,0.77707,0.7771
2026-05-10 19:00:00+00:00,0.7771,0.77793,0.77705,0.77738
2026-05-10 19:15:00+00:00,0.77768,0.77786,0.77678,0.77691
2026-05-10 19:30:00+00:00,0.7769,0.77767,0.77681,0.77764
2026-05-10 19:45:00+00:00,0.77762,0.77767,0.77722,0.77727
2026-05-10 20:00:00+00:00,0.77737,0.77763,0.77684,0.77696
2026-05-10 20:15:00+00:00,0.77694,0.77796,0.7769,0.77779
2026-05-10 20:30:00+00:00,0.77739,0.77865,0.7772,0.77829
2026-05-10 20:45:00+00:00,0.7784,0.77859,0.77799,0.77812
2026-05-10 21:00:00+00:00,0.77808,0.77833,0.77725,0.77739
2026-05-10 21:15:00+00:00,0.77751,0.77809,0.77751,0.77799
2026-05-10 21:30:00+00:00,0.77804,0.77808,0.77757,0.77758
2026-05-10 21:45:00+00:00,0.77759,0.7778,0.77751,0.77765
2026-05-10 22:00:00+00:00,0.77768,0.77804,0.77758,0.77785
2026-05-10 22:15:00+00:00,0.77784,0.77804,0.77784,0.77791
2026-05-10 22:30:00+00:00,0.77783,0.77811,0.77783,0.77792
2026-05-10 22:45:00+00:00,0.77792,0.77801,0.77784,0.77787
2026-05-10 23:00:00+00:00,0.77789,0.77792,0.7778,0.7779
2026-05-10 23:15:00+00:00,0.77789,0.7779,0.77772,0.77778
2026-05-10 23:30:00+00:00,0.77776,0.77789,0.77767,0.77767
2026-05-10 23:45:00+00:00,0.77768,0.77783,0.77758,0.77775
2026-05-11 00:00:00+00:00,0.77777,0.77789,0.77756,0.7778
2026-05-11 00:15:00+00:00,0.77775,0.77787,0.77766,0.77773
2026-05-11 00:30:00+00:00,0.77772,0.77796,0.77764,0.77787
2026-05-11 00:45:00+00:00,0.77788,0.7782,0.77776,0.77799
2026-05-11 01:00:00+00:00,0.77801,0.77828,0.77781,0.77816
2026-05-11 01:15:00+00:00,0.77817,0.77825,0.77804,0.77808
2026-05-11 01:30:00+00:00,0.77806,0.77868,0.77799,0.77843
2026-05-11 01:45:00+00:00,0.77847,0.77862,0.77836,0.77852
2026-05-11 02:00:00+00:00,0.77854,0.77856,0.77841,0.77847
2026-05-11 02:15:00+00:00,0.77847,0.77853,0.7784,0.77842
2026-05-11 02:30:00+00:00,0.77845,0.77861,0.77832,0.7786
2026-05-11 02:45:00+00:00,0.77855,0.77878,0.7785,0.77871
2026-05-11 03:00:00+00:00,0.77873,0.77894,0.77872,0.77879
2026-05-11 03:15:00+00:00,0.7788,0.77893,0.77877,0.77887
2026-05-11 03:30:00+00:00,0.77886,0.77895,0.77885,0.77893
2026-05-11 03:45:00+00:00,0.77891,0.7791,0.77887,0.77908
2026-05-11 04:00:00+00:00,0.77908,0.77917,0.77903,0.77914
2026-05-11 04:15:00+00:00,0.77914,0.77919,0.77908,0.77914
2026-05-11 04:30:00+00:00,0.77914,0.77943,0.77914,0.77939
2026-05-11 04:45:00+00:00,0.77938,0.77948,0.77936,0.77946
2026-05-11 05:00:00+00:00,0.77945,0.77947,0.7791,0.77914
2026-05-11 05:15:00+00:00,0.7792,0.77929,0.77906,0.77929
2026-05-11 05:30:00+00:00,0.77927,0.77941,0.77922,0.77937
2026-05-11 05:45:00+00:00,0.77935,0.77959,0.77924,0.77944
2026-05-11 06:00:00+00:00,0.77947,0.77949,0.7788,0.7788
2026-05-11 06:15:00+00:00,0.77882,0.77901,0.77868,0.77868
2026-05-11 06:30:00+00:00,0.77869,0.7787,0.7781,0.77815
2026-05-11 06:45:00+00:00,0.77824,0.77826,0.77776,0.77776
2026-05-11 07:00:00+00:00,0.77775,0.77821,0.77775,0.77796
2026-05-11 07:15:00+00:00,0.7779,0.77807,0.77768,0.77783
2026-05-11 07:30:00+00:00,0.7778,0.77832,0.77769,0.77806
2026-05-11 07:45:00+00:00,0.77801,0.7784,0.77797,0.77838
2026-05-11 08:00:00+00:00,0.77837,0.77843,0.77804,0.77842
2026-05-11 08:15:00+00:00,0.7784,0.77851,0.77762,0.7778
2026-05-11 08:30:00+00:00,0.77781,0.77789,0.77763,0.77779
2026-05-11 08:45:00+00:00,0.77776,0.77838,0.77776,0.77835
2026-05-11 09:00:00+00:00,0.77827,0.77849,0.77827,0.77839
2026-05-11 09:15:00+00:00,0.77838,0.77868,0.77829,0.77865
2026-05-11 09:30:00+00:00,0.77861,0.77881,0.7785,0.77859
2026-05-11 09:45:00+00:00,0.77858,0.77884,0.77845,0.77882
2026-05-11 10:00:00+00:00,0.77876,0.77906,0.77871,0.77887
2026-05-11 10:15:00+00:00,0.77887,0.77895,0.77853,0.77854
2026-05-11 10:30:00+00:00,0.77857,0.77865,0.77838,0.77855
2026-05-11 10:45:00+00:00,0.77855,0.77855,0.77826,0.77851
2026-05-11 11:00:00+00:00,0.77847,0.77863,0.77835,0.7784
2026-05-11 11:15:00+00:00,0.77839,0.77842,0.77822,0.77827
2026-05-11 11:30:00+00:00,0.77825,0.7784,0.77808,0.7784
2026-05-11 11:45:00+00:00,0.77839,0.77887,0.77827,0.77876
2026-05-11 12:00:00+00:00,0.77882,0.77887,0.77863,0.77868
2026-05-11 12:15:00+00:00,0.77868,0.77905,0.77847,0.77857
2026-05-11 12:30:00+00:00,0.77856,0.77862,0.77832,0.77838
2026-05-11 12:45:00+00:00,0.77834,0.7786,0.77832,0.77844
2026-05-11 13:00:00+00:00,0.77838,0.77838,0.7777,0.7777
2026-05-11 13:15:00+00:00,0.77768,0.77801,0.77766,0.7777
2026-05-11 13:30:00+00:00,0.77769,0.77796,0.77759,0.7776
2026-05-11 13:45:00+00:00,0.7776,0.77768,0.77741,0.7775
2026-05-11 14:00:00+00:00,0.77749,0.77777,0.77736,0.77756
2026-05-11 14:15:00+00:00,0.7775,0.7775,0.77697,0.77707
2026-05-11 14:30:00+00:00,0.77706,0.77737,0.77694,0.77698
2026-05-11 14:45:00+00:00,0.77703,0.77733,0.77688,0.77723
2026-05-11 15:00:00+00:00,0.77726,0.77732,0.777,0.7772
2026-05-11 15:15:00+00:00,0.77718,0.77721,0.77689,0.77702
2026-05-11 15:30:00+00:00,0.77704,0.77732,0.77702,0.77716
2026-05-11 15:45:00+00:00,0.77718,0.77748,0.77717,0.77723
2026-05-11 16:00:00+00:00,0.7772,0.77751,0.77719,0.77735
2026-05-11 16:15:00+00:00,0.77729,0.77758,0.77727,0.77748
2026-05-11 16:30:00+00:00,0.77748,0.77791,0.77747,0.77791
2026-05-11 16:45:00+00:00,0.7779,0.77795,0.77766,0.77793
2026-05-11 17:00:00+00:00,0.77792,0.77812,0.7778,0.7781
2026-05-11 17:15:00+00:00,0.77807,0.77807,0.77769,0.77776
2026-05-11 17:30:00+00:00,0.77776,0.77786,0.77763,0.77784
2026-05-11 17:45:00+00:00,0.77782,0.77784,0.77764,0.77775
2026-05-11 18:00:00+00:00,0.77773,0.77776,0.77761,0.77775
2026-05-11 18:15:00+00:00,0.77773,0.77787,0.77772,0.77779
2026-05-11 18:30:00+00:00,0.7778,0.77815,0.77768,0.77811
2026-05-11 18:45:00+00:00,0.77806,0.77825,0.77799,0.7782
2026-05-11 19:00:00+00:00,0.77815,0.77833,0.77808,0.77832
2026-05-11 19:15:00+00:00,0.7783,0.77835,0.77815,0.77826
2026-05-11 19:30:00+00:00,0.77825,0.77829,0.77815,0.77828
2026-05-11 19:45:00+00:00,0.77827,0.77838,0.77816,0.77827
2026-05-11 20:00:00+00:00,0.77829,0.77837,0.77813,0.77821
2026-05-11 20:15:00+00:00,0.77828,0.77836,0.77805,0.77806
2026-05-11 20:30:00+00:00,0.77806,0.77811,0.77793,0.77796
2026-05-11 20:45:00+00:00,0.77797,0.77818,0.77797,0.77811
2026-05-11 21:00:00+00:00,0.77811,0.77815,0.77742,0.77801
2026-05-11 21:15:00+00:00,0.77793,0.77843,0.77777,0.77779
2026-05-11 21:30:00+00:00,0.77783,0.77797,0.77775,0.7779
2026-05-11 21:45:00+00:00,0.77791,0.778,0.77782,0.77798
2026-05-11 22:00:00+00:00,0.77796,0.77806,0.77769,0.77784
2026-05-11 22:15:00+00:00,0.77782,0.77783,0.77773,0.77773
2026-05-11 22:30:00+00:00,0.77772,0.77788,0.77772,0.77786
2026-05-11 22:45:00+00:00,0.77786,0.77794,0.7778,0.7779
2026-05-11 23:00:00+00:00,0.7779,0.778,0.77789,0.77797
2026-05-11 23:15:00+00:00,0.77797,0.77807,0.77795,0.77807
2026-05-11 23:30:00+00:00,0.77803,0.77828,0.77801,0.77821
2026-05-11 23:45:00+00:00,0.77821,0.77837,0.77818,0.77819
2026-05-12 00:00:00+00:00,0.77821,0.77854,0.7782,0.77841
2026-05-12 00:15:00+00:00,0.77841,0.77861,0.77827,0.77851
2026-05-12 00:30:00+00:00,0.77848,0.77872,0.77843,0.7787
2026-05-12 00:45:00+00:00,0.77869,0.77899,0.77861,0.77887
2026-05-12 01:00:00+00:00,0.77892,0.77922,0.77889,0.77921
2026-05-12 01:15:00+00:00,0.7792,0.77946,0.77916,0.77945
2026-05-12 01:30:00+00:00,0.77939,0.77968,0.77921,0.7796
2026-05-12 01:45:00+00:00,0.77964,0.7797,0.7795,0.77957
2026-05-12 02:00:00+00:00,0.77953,0.77966,0.77947,0.77948
2026-05-12 02:15:00+00:00,0.77951,0.77971,0.7795,0.77969
2026-05-12 02:30:00+00:00,0.77967,0.77979,0.77963,0.77977
2026-05-12 02:45:00+00:00,0.77975,0.77977,0.77946,0.77955
2026-05-12 03:00:00+00:00,0.77955,0.7798,0.77951,0.77978
2026-05-12 03:15:00+00:00,0.77975,0.77985,0.77971,0.77981
2026-05-12 03:30:00+00:00,0.7798,0.77986,0.77974,0.77983
2026-05-12 03:45:00+00:00,0.77981,0.77997,0.77978,0.77995
2026-05-12 04:00:00+00:00,0.77995,0.78,0.77986,0.77999
2026-05-12 04:15:00+00:00,0.77997,0.78,0.77988,0.77996
2026-05-12 04:30:00+00:00,0.77995,0.77997,0.77967,0.77972
2026-05-12 04:45:00+00:00,0.7797,0.77984,0.77965,0.77971
2026-05-12 05:00:00+00:00,0.77971,0.78004,0.77969,0.78002
2026-05-12 05:15:00+00:00,0.77999,0.78008,0.77986,0.77988
2026-05-12 05:30:00+00:00,0.77987,0.77997,0.77986,0.7799
2026-05-12 05:45:00+00:00,0.77988,0.77992,0.77915,0.77925
2026-05-12 06:00:00+00:00,0.77921,0.7796,0.77906,0.77957
2026-05-12 06:15:00+00:00,0.77953,0.77994,0.77946,0.77983
2026-05-12 06:30:00+00:00,0.77986,0.78008,0.77948,0.77995
2026-05-12 06:45:00+00:00,0.77993,0.78019,0.77989,0.78018
2026-05-12 07:00:00+00:00,0.78015,0.78056,0.78004,0.78028
2026-05-12 07:15:00+00:00,0.78028,0.78047,0.78007,0.78025
2026-05-12 07:30:00+00:00,0.78022,0.78043,0.78017,0.78038
2026-05-12 07:45:00+00:00,0.78023,0.7809,0.78023,0.78071
2026-05-12 08:00:00+00:00,0.7807,0.78086,0.78055,0.78081
2026-05-12 08:15:00+00:00,0.78081,0.78085,0.78025,0.78053
2026-05-12 08:30:00+00:00,0.78046,0.78092,0.78032,0.78076
2026-05-12 08:45:00+00:00,0.78075,0.78083,0.78048,0.78061
2026-05-12 09:00:00+00:00,0.7806,0.78087,0.78053,0.78086
2026-05-12 09:15:00+00:00,0.78085,0.78102,0.78079,0.78085
2026-05-12 09:30:00+00:00,0.78085,0.781,0.78064,0.78077
2026-05-12 09:45:00+00:00,0.78076,0.78104,0.78065,0.78071
2026-05-12 10:00:00+00:00,0.78072,0.78094,0.7806,0.78085
2026-05-12 10:15:00+00:00,0.78085,0.78101,0.78076,0.78077
2026-05-12 10:30:00+00:00,0.78078,0.78085,0.78068,0.78085
2026-05-12 10:45:00+00:00,0.78084,0.78118,0.78069,0.78117
2026-05-12 11:00:00+00:00,0.78115,0.78151,0.78107,0.78114
2026-05-12 11:15:00+00:00,0.78113,0.78122,0.78092,0.78092
2026-05-12 11:30:00+00:00,0.78094,0.78104,0.78067,0.78079
2026-05-12 11:45:00+00:00,0.78077,0.78099,0.78073,0.78096
2026-05-12 12:00:00+00:00,0.7809,0.78136,0.78088,0.78135
2026-05-12 12:15:00+00:00,0.78132,0.78132,0.78088,0.78111
2026-05-12 12:30:00+00:00,0.78111,0.78143,0.78071,0.78074
2026-05-12 12:45:00+00:00,0.78079,0.78101,0.78038,0.78038
2026-05-12 13:00:00+00:00,0.78036,0.78085,0.78036,0.78081
2026-05-12 13:15:00+00:00,0.78072,0.78151,0.78065,0.78145
2026-05-12 13:30:00+00:00,0.78143,0.7816,0.78125,0.78152
2026-05-12 13:45:00+00:00,0.78155,0.78209,0.78155,0.78208
2026-05-12 14:00:00+00:00,0.78206,0.78206,0.7816,0.78162
2026-05-12 14:15:00+00:00,0.78164,0.78191,0.78161,0.78179
2026-05-12 14:30:00+00:00,0.78183,0.7819,0.78149,0.7815
2026-05-12 14:45:00+00:00,0.78151,0.78213,0.78129,0.78129
2026-05-12 15:00:00+00:00,0.78129,0.78177,0.78119,0.78176
2026-05-12 15:15:00+00:00,0.78172,0.78221,0.78159,0.78209
2026-05-12 15:30:00+00:00,0.78209,0.78218,0.7817,0.78171
2026-05-12 15:45:00+00:00,0.78172,0.78187,0.78162,0.78171
2026-05-12 16:00:00+00:00,0.78171,0.78193,0.78169,0.78176
2026-05-12 16:15:00+00:00,0.78184,0.78191,0.78147,0.78169
2026-05-12 16:30:00+00:00,0.78171,0.78183,0.78166,0.78174
2026-05-12 16:45:00+00:00,0.78176,0.78214,0.78175,0.78212
2026-05-12 17:00:00+00:00,0.78212,0.78212,0.78167,0.78181
2026-05-12 17:15:00+00:00,0.7818,0.78185,0.78149,0.7816
2026-05-12 17:30:00+00:00,0.7816,0.78173,0.78158,0.78169
2026-05-12 17:45:00+00:00,0.7817,0.78177,0.78154,0.78157
2026-05-12 18:00:00+00:00,0.78157,0.78174,0.78142,0.78163
2026-05-12 18:15:00+00:00,0.78161,0.78161,0.78102,0.78104
2026-05-12 18:30:00+00:00,0.78107,0.78116,0.78097,0.781
2026-05-12 18:45:00+00:00,0.781,0.78107,0.78076,0.78077
2026-05-12 19:00:00+00:00,0.78078,0.78084,0.78046,0.78048
2026-05-12 19:15:00+00:00,0.78051,0.7807,0.78044,0.78061
2026-05-12 19:30:00+00:00,0.7806,0.78062,0.78029,0.78043
2026-05-12 19:45:00+00:00,0.78047,0.78068,0.78045,0.78067
2026-05-12 20:00:00+00:00,0.78065,0.78084,0.78059,0.7808
2026-05-12 20:15:00+00:00,0.78079,0.78079,0.78069,0.78074
2026-05-12 20:30:00+00:00,0.78073,0.78086,0.78071,0.78079
2026-05-12 20:45:00+00:00,0.78079,0.7808,0.78055,0.78056
2026-05-12 21:00:00+00:00,0.78056,0.7812,0.78046,0.78077
2026-05-12 21:15:00+00:00,0.78075,0.7808,0.78042,0.78045
2026-05-12 21:30:00+00:00,0.78046,0.78088,0.78038,0.78072
2026-05-12 21:45:00+00:00,0.78072,0.78077,0.78055,0.78073
2026-05-12 22:00:00+00:00,0.78069,0.78077,0.78044,0.78061
2026-05-12 22:15:00+00:00,0.78061,0.78061,0.78041,0.78046
2026-05-12 22:30:00+00:00,0.78044,0.78056,0.78036,0.78043
2026-05-12 22:45:00+00:00,0.78045,0.7805,0.78041,0.78045
2026-05-12 23:00:00+00:00,0.78046,0.78054,0.78032,0.78052
2026-05-12 23:15:00+00:00,0.78048,0.78055,0.78045,0.78054
2026-05-12 23:30:00+00:00,0.78051,0.78053,0.78041,0.78049
2026-05-12 23:45:00+00:00,0.78047,0.78065,0.78044,0.78061
2026-05-13 00:00:00+00:00,0.78062,0.78075,0.78036,0.78074
2026-05-13 00:15:00+00:00,0.78072,0.78073,0.7805,0.78067
2026-05-13 00:30:00+00:00,0.78065,0.78081,0.78058,0.78064
2026-05-13 00:45:00+00:00,0.78063,0.78078,0.78028,0.7803
2026-05-13 01:00:00+00:00,0.78032,0.78057,0.7802,0.78055
2026-05-13 01:15:00+00:00,0.78051,0.78078,0.78043,0.78055
2026-05-13 01:30:00+00:00,0.78053,0.78053,0.78027,0.7803
2026-05-13 01:45:00+00:00,0.78029,0.78034,0.78007,0.78029
2026-05-13 02:00:00+00:00,0.78027,0.78036,0.78011,0.78034
2026-05-13 02:15:00+00:00,0.78031,0.7805,0.78028,0.78037
2026-05-13 02:30:00+00:00,0.78035,0.78048,0.78035,0.78046
2026-05-13 02:45:00+00:00,0.78045,0.78052,0.78025,0.78032
2026-05-13 03:00:00+00:00,0.78029,0.78072,0.78025,0.7806
2026-05-13 03:15:00+00:00,0.78061,0.78064,0.78055,0.78059
2026-05-13 03:30:00+00:00,0.78057,0.78057,0.78041,0.78048
2026-05-13 03:45:00+00:00,0.78046,0.7806,0.78041,0.78054
2026-05-13 04:00:00+00:00,0.78053,0.78061,0.78044,0.78054
2026-05-13 04:15:00+00:00,0.78055,0.78067,0.78053,0.78066
2026-05-13 04:30:00+00:00,0.78063,0.78077,0.7806,0.78075
2026-05-13 04:45:00+00:00,0.78071,0.78071,0.78058,0.78062
2026-05-13 05:00:00+00:00,0.78062,0.78062,0.78051,0.78058
2026-05-13 05:15:00+00:00,0.78055,0.78064,0.78031,0.78036
2026-05-13 05:30:00+00:00,0.78034,0.78048,0.7803,0.78047
2026-05-13 05:45:00+00:00,0.78046,0.78056,0.78038,0.78048
2026-05-13 06:00:00+00:00,0.78048,0.78075,0.78038,0.78068
2026-05-13 06:15:00+00:00,0.7807,0.7809,0.78069,0.7807
2026-05-13 06:30:00+00:00,0.7807,0.78114,0.7807,0.78109
2026-05-13 06:45:00+00:00,0.78106,0.78144,0.78097,0.78138
2026-05-13 07:00:00+00:00,0.78136,0.78136,0.78098,0.78123
2026-05-13 07:15:00+00:00,0.78127,0.7813,0.78099,0.781
2026-05-13 07:30:00+00:00,0.78104,0.78157,0.78103,0.78155
2026-05-13 07:45:00+00:00,0.78154,0.78172,0.78143,0.78157
2026-05-13 08:00:00+00:00,0.78155,0.78171,0.78155,0.78166
2026-05-13 08:15:00+00:00,0.78165,0.78166,0.78149,0.78157
2026-05-13 08:30:00+00:00,0.78159,0.78213,0.78157,0.78208
2026-05-13 08:45:00+00:00,0.78208,0.78247,0.78207,0.78223
2026-05-13 09:00:00+00:00,0.78222,0.78242,0.78188,0.78239
2026-05-13 09:15:00+00:00,0.78239,0.78287,0.7821,0.78276
2026-05-13 09:30:00+00:00,0.7828,0.78285,0.78259,0.78264
2026-05-13 09:45:00+00:00,0.78263,0.78263,0.78202,0.78206
2026-05-13 10:00:00+00:00,0.78213,0.78213,0.78171,0.78201
2026-05-13 10:15:00+00:00,0.782,0.78219,0.78183,0.78208
2026-05-13 10:30:00+00:00,0.7821,0.78217,0.78173,0.78173
2026-05-13 10:45:00+00:00,0.78173,0.78177,0.78141,0.78162
2026-05-13 11:00:00+00:00,0.78161,0.78178,0.78148,0.78151
2026-05-13 11:15:00+00:00,0.78151,0.78159,0.78145,0.78159
2026-05-13 11:30:00+00:00,0.78158,0.7816,0.78123,0.7814
2026-05-13 11:45:00+00:00,0.78136,0.78153,0.78129,0.78152
2026-05-13 12:00:00+00:00,0.7815,0.78159,0.78131,0.78157
2026-05-13 12:15:00+00:00,0.78153,0.78213,0.78152,0.78207
2026-05-13 12:30:00+00:00,0.78207,0.7826,0.78198,0.78244
2026-05-13 12:45:00+00:00,0.78242,0.78294,0.78241,0.78281
2026-05-13 13:00:00+00:00,0.78281,0.78283,0.78238,0.78278
2026-05-13 13:15:00+00:00,0.78274,0.78274,0.78243,0.78252
2026-05-13 13:30:00+00:00,0.78247,0.78262,0.78194,0.78195
2026-05-13 13:45:00+00:00,0.78195,0.78227,0.78184,0.78195
2026-05-13 14:00:00+00:00,0.78194,0.78233,0.78189,0.78209
2026-05-13 14:15:00+00:00,0.78212,0.7826,0.78207,0.78256
2026-05-13 14:30:00+00:00,0.78255,0.78292,0.78237,0.78286
2026-05-13 14:45:00+00:00,0.78286,0.78319,0.78253,0.7826
2026-05-13 15:00:00+00:00,0.7826,0.78264,0.7823,0.78256
2026-05-13 15:15:00+00:00,0.7826,0.78265,0.78239,0.78251
2026-05-13 15:30:00+00:00,0.7825,0.78259,0.78215,0.78216
2026-05-13 15:45:00+00:00,0.78216,0.78259,0.78216,0.78253
2026-05-13 16:00:00+00:00,0.78254,0.78256,0.78226,0.78231
2026-05-13 16:15:00+00:00,0.7823,0.78241,0.78186,0.78187
2026-05-13 16:30:00+00:00,0.78187,0.78229,0.78182,0.78222
2026-05-13 16:45:00+00:00,0.78223,0.78257,0.78217,0.78256
2026-05-13 17:00:00+00:00,0.78256,0.78256,0.78222,0.78228
2026-05-13 17:15:00+00:00,0.78226,0.78235,0.78213,0.78213
2026-05-13 17:30:00+00:00,0.78213,0.78244,0.78212,0.7824
2026-05-13 17:45:00+00:00,0.78234,0.78253,0.78232,0.78242
2026-05-13 18:00:00+00:00,0.78243,0.78248,0.78223,0.78231
2026-05-13 18:15:00+00:00,0.7823,0.78233,0.78219,0.78224
2026-05-13 18:30:00+00:00,0.78225,0.78226,0.78211,0.78214
2026-05-13 18:45:00+00:00,0.78212,0.78241,0.78208,0.78224
2026-05-13 19:00:00+00:00,0.7822,0.78224,0.78205,0.78212
2026-05-13 19:15:00+00:00,0.78211,0.78211,0.78189,0.7819
2026-05-13 19:30:00+00:00,0.78189,0.78192,0.78173,0.78182
2026-05-13 19:45:00+00:00,0.78183,0.78196,0.78174,0.78191
2026-05-13 20:00:00+00:00,0.78191,0.78192,0.78169,0.7817
2026-05-13 20:15:00+00:00,0.78171,0.78177,0.78167,0.7817
2026-05-13 20:30:00+00:00,0.7817,0.78182,0.78169,0.78173
2026-05-13 20:45:00+00:00,0.78172,0.78183,0.78168,0.7818
2026-05-13 21:00:00+00:00,0.78175,0.78209,0.78166,0.78183
2026-05-13 21:15:00+00:00,0.78182,0.78202,0.78149,0.78187
2026-05-13 21:30:00+00:00,0.78185,0.78191,0.78161,0.78164
2026-05-13 21:45:00+00:00,0.78163,0.78176,0.78163,0.78174
2026-05-13 22:00:00+00:00,0.7817,0.78178,0.78152,0.78152
2026-05-13 22:15:00+00:00,0.78152,0.78156,0.78146,0.7815
2026-05-13 22:30:00+00:00,0.78149,0.78158,0.78145,0.78154
2026-05-13 22:45:00+00:00,0.78153,0.78162,0.7815,0.7816
2026-05-13 23:00:00+00:00,0.78158,0.78165,0.78153,0.78159
2026-05-13 23:15:00+00:00,0.78159,0.78167,0.78157,0.78166
2026-05-13 23:30:00+00:00,0.78164,0.78178,0.78161,0.78176
2026-05-13 23:45:00+00:00,0.78175,0.78177,0.78169,0.78171
2026-05-14 00:00:00+00:00,0.78171,0.78178,0.78156,0.78165
2026-05-14 00:15:00+00:00,0.78165,0.78169,0.78147,0.78163
2026-05-14 00:30:00+00:00,0.78161,0.78168,0.78152,0.78164
2026-05-14 00:45:00+00:00,0.78163,0.78163,0.78146,0.78149
2026-05-14 01:00:00+00:00,0.78151,0.78163,0.78146,0.78152
2026-05-14 01:15:00+00:00,0.7815,0.78155,0.78141,0.78151
2026-05-14 01:30:00+00:00,0.78149,0.78154,0.78135,0.78146
2026-05-14 01:45:00+00:00,0.78144,0.78165,0.78137,0.78163
2026-05-14 02:00:00+00:00,0.78159,0.78176,0.78151,0.78174
2026-05-14 02:15:00+00:00,0.7817,0.78188,0.78169,0.78175
2026-05-14 02:30:00+00:00,0.78175,0.78176,0.78165,0.7817
2026-05-14 02:45:00+00:00,0.78169,0.78182,0.78168,0.78177
2026-05-14 03:00:00+00:00,0.78177,0.78192,0.78171,0.78185
2026-05-14 03:15:00+00:00,0.78186,0.78189,0.7817,0.78172
2026-05-14 03:30:00+00:00,0.78171,0.78183,0.78164,0.78181
2026-05-14 03:45:00+00:00,0.78179,0.78187,0.78174,0.78186
2026-05-14 04:00:00+00:00,0.78183,0.78195,0.78165,0.78166
2026-05-14 04:15:00+00:00,0.78169,0.78179,0.78161,0.78167
2026-05-14 04:30:00+00:00,0.78163,0.78179,0.78163,0.78177
2026-05-14 04:45:00+00:00,0.78176,0.78182,0.78156,0.7818
2026-05-14 05:00:00+00:00,0.78179,0.78191,0.78177,0.78187
2026-05-14 05:15:00+00:00,0.78188,0.78199,0.78186,0.78197
2026-05-14 05:30:00+00:00,0.78196,0.782,0.78188,0.78199
2026-05-14 05:45:00+00:00,0.78198,0.78201,0.78176,0.78199
2026-05-14 06:00:00+00:00,0.78194,0.78205,0.78179,0.78199
2026-05-14 06:15:00+00:00,0.78197,0.78202,0.78165,0.78166
2026-05-14 06:30:00+00:00,0.78167,0.78175,0.78139,0.78139
2026-05-14 06:45:00+00:00,0.78138,0.78144,0.78075,0.78112
2026-05-14 07:00:00+00:00,0.78108,0.78155,0.78099,0.78153
2026-05-14 07:15:00+00:00,0.78151,0.78189,0.78151,0.78179
2026-05-14 07:30:00+00:00,0.78181,0.78188,0.78159,0.7816
2026-05-14 07:45:00+00:00,0.78159,0.78221,0.78153,0.78214
2026-05-14 08:00:00+00:00,0.78198,0.78251,0.78198,0.78225
2026-05-14 08:15:00+00:00,0.78225,0.78227,0.78201,0.78202
2026-05-14 08:30:00+00:00,0.78201,0.78214,0.78186,0.78208
2026-05-14 08:45:00+00:00,0.78208,0.78216,0.78193,0.78205
2026-05-14 09:00:00+00:00,0.78203,0.78206,0.78187,0.78198
2026-05-14 09:15:00+00:00,0.78195,0.78212,0.78185,0.7819
2026-05-14 09:30:00+00:00,0.78191,0.78212,0.78191,0.78199
2026-05-14 09:45:00+00:00,0.78198,0.78198,0.78169,0.7818
2026-05-14 10:00:00+00:00,0.78178,0.78193,0.78154,0.78172
2026-05-14 10:15:00+00:00,0.78171,0.78187,0.78166,0.78168
2026-05-14 10:30:00+00:00,0.78169,0.78208,0.78162,0.78206
2026-05-14 10:45:00+00:00,0.78201,0.78217,0.7818,0.78181
2026-05-14 11:00:00+00:00,0.78181,0.78207,0.78175,0.78179
2026-05-14 11:15:00+00:00,0.7818,0.78191,0.78177,0.78181
2026-05-14 11:30:00+00:00,0.78181,0.78211,0.78178,0.7821
2026-05-14 11:45:00+00:00,0.78207,0.7821,0.78195,0.78202
2026-05-14 12:00:00+00:00,0.78197,0.78222,0.78177,0.78179
2026-05-14 12:15:00+00:00,0.78183,0.78183,0.78157,0.78168
2026-05-14 12:30:00+00:00,0.78169,0.78211,0.78165,0.7821
2026-05-14 12:45:00+00:00,0.78208,0.78209,0.78191,0.78206
2026-05-14 13:00:00+00:00,0.78204,0.78232,0.78193,0.782
2026-05-14 13:15:00+00:00,0.78193,0.78241,0.78193,0.78215
2026-05-14 13:30:00+00:00,0.78217,0.78281,0.78209,0.78281
2026-05-14 13:45:00+00:00,0.78278,0.78288,0.78203,0.78219
2026-05-14 14:00:00+00:00,0.78218,0.78256,0.782,0.78202
2026-05-14 14:15:00+00:00,0.78203,0.78248,0.78197,0.78237
2026-05-14 14:30:00+00:00,0.78238,0.78239,0.7822,0.78226
2026-05-14 14:45:00+00:00,0.78226,0.78287,0.78212,0.78282
2026-05-14 15:00:00+00:00,0.7827,0.78351,0.7827,0.7835
2026-05-14 15:15:00+00:00,0.78347,0.78352,0.78332,0.78332
2026-05-14 15:30:00+00:00,0.78332,0.78334,0.7831,0.78333
2026-05-14 15:45:00+00:00,0.78332,0.78334,0.78309,0.78309
2026-05-14 16:00:00+00:00,0.78309,0.78319,0.78295,0.78318
2026-05-14 16:15:00+00:00,0.78315,0.78332,0.7829,0.78329
2026-05-14 16:30:00+00:00,0.78324,0.78352,0.78323,0.78343
2026-05-14 16:45:00+00:00,0.7834,0.78349,0.78325,0.78336
2026-05-14 17:00:00+00:00,0.78343,0.78343,0.78303,0.78319
2026-05-14 17:15:00+00:00,0.78317,0.78326,0.78316,0.78319
2026-05-14 17:30:00+00:00,0.78319,0.78326,0.7831,0.78317
2026-05-14 17:45:00+00:00,0.78317,0.7833,0.78309,0.78328
2026-05-14 18:00:00+00:00,0.78325,0.7835,0.78324,0.78341
2026-05-14 18:15:00+00:00,0.78339,0.78349,0.78325,0.78346
2026-05-14 18:30:00+00:00,0.78345,0.7836,0.78337,0.78354
2026-05-14 18:45:00+00:00,0.78354,0.78359,0.7834,0.78345
2026-05-14 19:00:00+00:00,0.78346,0.78346,0.7833,0.78341
2026-05-14 19:15:00+00:00,0.78338,0.78361,0.78331,0.78359
2026-05-14 19:30:00+00:00,0.78357,0.78392,0.7835,0.78386
2026-05-14 19:45:00+00:00,0.78388,0.78397,0.78376,0.78376
2026-05-14 20:00:00+00:00,0.78377,0.78392,0.78365,0.78389
2026-05-14 20:15:00+00:00,0.78387,0.78409,0.78385,0.78408
2026-05-14 20:30:00+00:00,0.78405,0.78408,0.78389,0.7839
2026-05-14 20:45:00+00:00,0.7839,0.78397,0.7838,0.7838
2026-05-14 21:00:00+00:00,0.7838,0.78384,0.78335,0.78372
2026-05-14 21:15:00+00:00,0.78367,0.78374,0.78359,0.78362
2026-05-14 21:30:00+00:00,0.7836,0.78365,0.78354,0.7836
2026-05-14 21:45:00+00:00,0.78358,0.78365,0.78354,0.78355
2026-05-14 22:00:00+00:00,0.78357,0.7839,0.78357,0.78389
2026-05-14 22:15:00+00:00,0.78387,0.78392,0.7838,0.78381
2026-05-14 22:30:00+00:00,0.78381,0.78387,0.78374,0.78377
2026-05-14 22:45:00+00:00,0.78377,0.78391,0.78372,0.78384
2026-05-14 23:00:00+00:00,0.78386,0.78416,0.78385,0.78416
2026-05-14 23:15:00+00:00,0.78414,0.78429,0.78413,0.78417
2026-05-14 23:30:00+00:00,0.78415,0.78421,0.78412,0.78416
2026-05-14 23:45:00+00:00,0.78415,0.7843,0.78404,0.78423
2026-05-15 00:00:00+00:00,0.78425,0.78451,0.7842,0.7844
2026-05-15 00:15:00+00:00,0.78436,0.7845,0.78422,0.78449
2026-05-15 00:30:00+00:00,0.78448,0.78488,0.78443,0.78485
2026-05-15 00:45:00+00:00,0.78484,0.78501,0.78475,0.78476
2026-05-15 01:00:00+00:00,0.78477,0.78496,0.78472,0.78494
2026-05-15 01:15:00+00:00,0.7849,0.78534,0.7849,0.78533
2026-05-15 01:30:00+00:00,0.78529,0.78547,0.78524,0.78534
2026-05-15 01:45:00+00:00,0.78533,0.78555,0.78527,0.7855
2026-05-15 02:00:00+00:00,0.78551,0.78562,0.7855,0.78552
2026-05-15 02:15:00+00:00,0.78554,0.78556,0.78505,0.78512
2026-05-15 02:30:00+00:00,0.78508,0.78523,0.785,0.78511
2026-05-15 02:45:00+00:00,0.78509,0.78509,0.78478,0.78499
2026-05-15 03:00:00+00:00,0.78495,0.78508,0.78488,0.78503
2026-05-15 03:15:00+00:00,0.78504,0.78516,0.78503,0.78505
2026-05-15 03:30:00+00:00,0.78504,0.78517,0.78501,0.78505
2026-05-15 03:45:00+00:00,0.78503,0.7852,0.78503,0.78518
2026-05-15 04:00:00+00:00,0.78517,0.78528,0.78514,0.78515
2026-05-15 04:15:00+00:00,0.78514,0.78522,0.78507,0.78516
2026-05-15 04:30:00+00:00,0.78515,0.78535,0.78514,0.78534
2026-05-15 04:45:00+00:00,0.78531,0.78587,0.78531,0.78568
2026-05-15 05:00:00+00:00,0.78568,0.78594,0.78568,0.78594
2026-05-15 05:15:00+00:00,0.78593,0.786,0.78565,0.78566
2026-05-15 05:30:00+00:00,0.78567,0.78577,0.78563,0.78571
2026-05-15 05:45:00+00:00,0.78567,0.78626,0.78557,0.78622
2026-05-15 06:00:00+00:00,0.78621,0.78623,0.78546,0.78569
2026-05-15 06:15:00+00:00,0.78564,0.78577,0.78539,0.78569
2026-05-15 06:30:00+00:00,0.78568,0.78577,0.78546,0.78565
2026-05-15 06:45:00+00:00,0.78572,0.78597,0.78554,0.7859
2026-05-15 07:00:00+00:00,0.78583,0.78597,0.78483,0.78483
2026-05-15 07:15:00+00:00,0.78483,0.78502,0.78473,0.78498
2026-05-15 07:30:00+00:00,0.78498,0.78502,0.78474,0.78496
2026-05-15 07:45:00+00:00,0.78495,0.78526,0.78488,0.78518
2026-05-15 08:00:00+00:00,0.7851,0.78563,0.7851,0.78562
2026-05-15 08:15:00+00:00,0.7856,0.78583,0.78546,0.78568
2026-05-15 08:30:00+00:00,0.78561,0.78589,0.78546,0.78548
2026-05-15 08:45:00+00:00,0.7855,0.78588,0.78539,0.78582
2026-05-15 09:00:00+00:00,0.78581,0.78638,0.78571,0.78636
2026-05-15 09:15:00+00:00,0.78636,0.78672,0.78621,0.78623
2026-05-15 09:30:00+00:00,0.78625,0.78656,0.78612,0.78634
2026-05-15 09:45:00+00:00,0.78634,0.78641,0.78606,0.78619
2026-05-15 10:00:00+00:00,0.78618,0.78618,0.78526,0.78527
2026-05-15 10:15:00+00:00,0.78529,0.78541,0.78488,0.78511
2026-05-15 10:30:00+00:00,0.7851,0.78512,0.78474,0.78489
2026-05-15 10:45:00+00:00,0.78488,0.7849,0.78393,0.78425
2026-05-15 11:00:00+00:00,0.78415,0.78492,0.78412,0.78474
2026-05-15 11:15:00+00:00,0.78473,0.78536,0.78471,0.78534
2026-05-15 11:30:00+00:00,0.78532,0.78599,0.78527,0.78587
2026-05-15 11:45:00+00:00,0.7859,0.78618,0.78586,0.78617
2026-05-15 12:00:00+00:00,0.78615,0.78657,0.786,0.78656
2026-05-15 12:15:00+00:00,0.78653,0.78668,0.78632,0.78649
2026-05-15 12:30:00+00:00,0.78648,0.78692,0.78641,0.78691
2026-05-15 12:45:00+00:00,0.78688,0.787,0.78661,0.78662
2026-05-15 13:00:00+00:00,0.78663,0.78685,0.78643,0.78656
2026-05-15 13:15:00+00:00,0.78655,0.78664,0.78631,0.78663
2026-05-15 13:30:00+00:00,0.78662,0.78674,0.78635,0.78667
2026-05-15 13:45:00+00:00,0.78656,0.78708,0.78653,0.78673
2026-05-15 14:00:00+00:00,0.7867,0.78697,0.78628,0.78629
2026-05-15 14:15:00+00:00,0.78628,0.78645,0.78545,0.78598
2026-05-15 14:30:00+00:00,0.78598,0.78648,0.78581,0.78618
2026-05-15 14:45:00+00:00,0.78625,0.78687,0.78623,0.7863
2026-05-15 15:00:00+00:00,0.7863,0.78675,0.78618,0.78632
2026-05-15 15:15:00+00:00,0.78631,0.78691,0.78608,0.7869
2026-05-15 15:30:00+00:00,0.78689,0.78698,0.78674,0.78694
2026-05-15 15:45:00+00:00,0.78688,0.78732,0.78686,0.78702
2026-05-15 16:00:00+00:00,0.78706,0.78707,0.78683,0.78697
2026-05-15 16:15:00+00:00,0.78695,0.78698,0.78678,0.78686
2026-05-15 16:30:00+00:00,0.78685,0.78685,0.78655,0.78662
2026-05-15 16:45:00+00:00,0.78661,0.7867,0.7865,0.78663
2026-05-15 17:00:00+00:00,0.78662,0.78672,0.78636,0.78647
2026-05-15 17:15:00+00:00,0.78644,0.78644,0.78616,0.78626
2026-05-15 17:30:00+00:00,0.78618,0.78655,0.78618,0.78648
2026-05-15 17:45:00+00:00,0.7865,0.7866,0.78644,0.78659
2026-05-15 18:00:00+00:00,0.78656,0.78682,0.78656,0.78682
2026-05-15 18:15:00+00:00,0.7868,0.78702,0.78676,0.78699
2026-05-15 18:30:00+00:00,0.78698,0.78726,0.78695,0.78712
2026-05-15 18:45:00+00:00,0.78712,0.78712,0.78678,0.78705
2026-05-15 19:00:00+00:00,0.78704,0.7871,0.78688,0.787
2026-05-15 19:15:00+00:00,0.78698,0.78716,0.78691,0.78705
2026-05-15 19:30:00+00:00,0.78704,0.78704,0.78679,0.78694
2026-05-15 19:45:00+00:00,0.7869,0.78702,0.78675,0.78681
2026-05-15 20:00:00+00:00,0.78682,0.78693,0.78661,0.78677
2026-05-15 20:15:00+00:00,0.78677,0.78696,0.78674,0.78692
2026-05-15 20:30:00+00:00,0.7869,0.78693,0.78665,0.78667
2026-05-15 20:45:00+00:00,0.78667,0.78697,0.78657,0.78694
2026-05-15 21:00:00+00:00,0.78695,0.78709,0.78678,0.78701
2026-05-15 21:15:00+00:00,0.787,0.78711,0.78694,0.78699
2026-05-15 21:30:00+00:00,0.78697,0.7871,0.78697,0.787
2026-05-15 21:45:00+00:00,0.787,0.78712,0.787,0.78708
2026-05-15 22:00:00+00:00,0.78709,0.78722,0.78678,0.78709
2026-05-15 22:15:00+00:00,0.78708,0.78712,0.78702,0.78708
2026-05-15 22:30:00+00:00,0.78707,0.78712,0.78701,0.7871
2026-05-15 22:45:00+00:00,0.78708,0.78712,0.78703,0.78707
2026-05-15 23:00:00+00:00,0.78707,0.78712,0.78669,0.7871
2026-05-15 23:15:00+00:00,0.78709,0.78713,0.78702,0.78709
2026-05-15 23:30:00+00:00,0.78708,0.78718,0.78702,0.78717
2026-05-15 23:45:00+00:00,0.78714,0.78717,0.78706,0.78712
2026-05-16 00:00:00+00:00,0.78712,0.78716,0.78707,0.7871
2026-05-16 00:15:00+00:00,0.7871,0.78715,0.787,0.78711
2026-05-16 00:30:00+00:00,0.78709,0.78714,0.78705,0.78712
2026-05-16 00:45:00+00:00,0.7871,0.78713,0.78701,0.7871
2026-05-16 01:00:00+00:00,0.7871,0.78716,0.787,0.7871
2026-05-16 01:15:00+00:00,0.7871,0.78718,0.78699,0.78712
2026-05-16 01:30:00+00:00,0.7871,0.78713,0.78702,0.78711
2026-05-16 01:45:00+00:00,0.7871,0.78714,0.78709,0.7871
2026-05-16 02:00:00+00:00,0.7871,0.78714,0.78708,0.7871
2026-05-16 02:15:00+00:00,0.7871,0.78714,0.78709,0.78711
2026-05-16 02:30:00+00:00,0.7871,0.78714,0.78705,0.78712
2026-05-16 02:45:00+00:00,0.7871,0.78714,0.78707,0.78711
2026-05-16 03:00:00+00:00,0.7871,0.78714,0.78709,0.7871
2026-05-16 03:15:00+00:00,0.7871,0.78714,0.78708,0.78711
2026-05-16 03:30:00+00:00,0.7871,0.78713,0.78705,0.78712
2026-05-16 03:45:00+00:00,0.7871,0.78714,0.78707,0.78711
2026-05-16 04:00:00+00:00,0.7871,0.78714,0.78706,0.78709
2026-05-16 04:15:00+00:00,0.78709,0.78723,0.78701,0.78722
2026-05-16 04:30:00+00:00,0.7872,0.78724,0.78716,0.78722
2026-05-16 04:45:00+00:00,0.7872,0.78724,0.78719,0.78721
2026-05-16 05:00:00+00:00,0.7872,0.78723,0.78714,0.7872
2026-05-16 05:15:00+00:00,0.7872,0.78724,0.78716,0.78721
2026-05-16 05:30:00+00:00,0.78719,0.78724,0.78719,0.78722
2026-05-16 05:45:00+00:00,0.7872,0.78724,0.78717,0.78721
2026-05-16 06:00:00+00:00,0.7872,0.78724,0.78719,0.7872
2026-05-16 06:15:00+00:00,0.7872,0.78734,0.7872,0.7873
2026-05-16 06:30:00+00:00,0.7873,0.78734,0.78721,0.78728
2026-05-16 06:45:00+00:00,0.78725,0.78734,0.78725,0.78732
2026-05-16 07:00:00+00:00,0.7873,0.78733,0.78725,0.7873
2026-05-16 07:15:00+00:00,0.7873,0.78734,0.78729,0.7873
2026-05-16 07:30:00+00:00,0.7873,0.78734,0.78726,0.78731
2026-05-16 07:45:00+00:00,0.7873,0.7877,0.78719,0.78758
2026-05-16 08:00:00+00:00,0.78756,0.78764,0.78756,0.7876
2026-05-16 08:15:00+00:00,0.7876,0.78764,0.78742,0.78761
2026-05-16 08:30:00+00:00,0.78759,0.78764,0.78759,0.78761
2026-05-16 08:45:00+00:00,0.7876,0.78763,0.78729,0.78762
2026-05-16 09:00:00+00:00,0.7876,0.78766,0.78751,0.78757
2026-05-16 09:15:00+00:00,0.78755,0.78763,0.78755,0.78759
2026-05-16 09:30:00+00:00,0.7876,0.78768,0.78744,0.78761
2026-05-16 09:45:00+00:00,0.78759,0.78763,0.78759,0.78762
2026-05-16 10:00:00+00:00,0.7876,0.78764,0.78742,0.78761
2026-05-16 10:15:00+00:00,0.7876,0.78764,0.78746,0.78757
2026-05-16 10:30:00+00:00,0.78755,0.78763,0.78754,0.7876
2026-05-16 10:45:00+00:00,0.7876,0.78769,0.78748,0.78761
2026-05-16 11:00:00+00:00,0.7876,0.78764,0.78759,0.78761
2026-05-16 11:15:00+00:00,0.7876,0.78763,0.78751,0.78759
2026-05-16 11:30:00+00:00,0.7876,0.78773,0.78729,0.78731
2026-05-16 11:45:00+00:00,0.78736,0.78748,0.78736,0.78746
2026-05-16 12:00:00+00:00,0.78744,0.78752,0.78741,0.7875
2026-05-16 12:15:00+00:00,0.78748,0.78752,0.78747,0.78748
2026-05-16 12:30:00+00:00,0.78748,0.78752,0.78743,0.78744
2026-05-16 12:45:00+00:00,0.78744,0.78748,0.78742,0.78742
2026-05-16 13:00:00+00:00,0.78742,0.78745,0.78741,0.78743
2026-05-16 13:15:00+00:00,0.78742,0.78761,0.78712,0.78737
2026-05-16 13:30:00+00:00,0.78738,0.78741,0.78736,0.78737
2026-05-16 13:45:00+00:00,0.78738,0.78742,0.78737,0.7874
2026-05-16 14:00:00+00:00,0.78739,0.78763,0.78737,0.78751
2026-05-16 14:15:00+00:00,0.78749,0.78763,0.78742,0.7876
2026-05-16 14:30:00+00:00,0.7876,0.78763,0.7875,0.78758
2026-05-16 14:45:00+00:00,0.78759,0.78763,0.78759,0.78761
2026-05-16 15:00:00+00:00,0.7876,0.78782,0.7873,0.78759
2026-05-16 15:15:00+00:00,0.78758,0.78763,0.7875,0.7875
2026-05-16 15:30:00+00:00,0.7875,0.78763,0.7875,0.78759
2026-05-16 15:45:00+00:00,0.7876,0.78763,0.78749,0.78761
2026-05-16 16:00:00+00:00,0.78759,0.78767,0.78734,0.78762
2026-05-16 16:15:00+00:00,0.7876,0.78764,0.7875,0.7876
2026-05-16 16:30:00+00:00,0.7876,0.78763,0.78742,0.78748
2026-05-16 16:45:00+00:00,0.78756,0.78762,0.78737,0.78759
2026-05-16 17:00:00+00:00,0.78757,0.78764,0.78722,0.78755
2026-05-16 17:15:00+00:00,0.78753,0.78756,0.78752,0.78754
2026-05-16 17:30:00+00:00,0.78753,0.78758,0.78745,0.78751
2026-05-16 17:45:00+00:00,0.78751,0.78755,0.78749,0.78751
2026-05-16 18:00:00+00:00,0.78751,0.78757,0.78721,0.78738
2026-05-16 18:15:00+00:00,0.78737,0.78754,0.78708,0.78752
2026-05-16 18:30:00+00:00,0.7875,0.78763,0.78743,0.7876
2026-05-16 18:45:00+00:00,0.7876,0.78769,0.78747,0.78759
2026-05-16 19:00:00+00:00,0.7876,0.78764,0.78739,0.78763
2026-05-16 19:15:00+00:00,0.78761,0.78763,0.78749,0.78761
2026-05-16 19:30:00+00:00,0.7876,0.78763,0.7875,0.78758
2026-05-16 19:45:00+00:00,0.78757,0.78763,0.78757,0.78759
2026-05-16 20:00:00+00:00,0.7876,0.78762,0.78713,0.78746
2026-05-16 20:15:00+00:00,0.78745,0.78769,0.78742,0.78765
2026-05-16 20:30:00+00:00,0.78758,0.78758,0.7873,0.78741
2026-05-16 20:45:00+00:00,0.78741,0.78751,0.78737,0.78738
2026-05-16 21:00:00+00:00,0.78738,0.7874,0.78716,0.78734
2026-05-16 21:15:00+00:00,0.78733,0.78736,0.78725,0.78728
2026-05-16 21:30:00+00:00,0.78726,0.7873,0.78725,0.78727
2026-05-16 21:45:00+00:00,0.78726,0.78729,0.78716,0.78725
2026-05-16 22:00:00+00:00,0.78725,0.78745,0.78704,0.78707
2026-05-16 22:15:00+00:00,0.78705,0.78709,0.78704,0.78707
2026-05-16 22:30:00+00:00,0.78705,0.78709,0.78703,0.78705
2026-05-16 22:45:00+00:00,0.78704,0.78708,0.78703,0.78704
2026-05-16 23:00:00+00:00,0.78704,0.78717,0.78688,0.78691
2026-05-16 23:15:00+00:00,0.78689,0.787,0.78686,0.78695
2026-05-16 23:30:00+00:00,0.78693,0.78697,0.78692,0.78695
2026-05-16 23:45:00+00:00,0.78693,0.78698,0.78692,0.78694
2026-05-17 00:00:00+00:00,0.78695,0.78698,0.78685,0.78686
2026-05-17 00:15:00+00:00,0.78686,0.78692,0.78686,0.7869
2026-05-17 00:30:00+00:00,0.78689,0.78717,0.78684,0.78712
2026-05-17 00:45:00+00:00,0.78711,0.78714,0.7871,0.78711
2026-05-17 01:00:00+00:00,0.78711,0.78714,0.78708,0.78709
2026-05-17 01:15:00+00:00,0.78709,0.78712,0.78708,0.7871
2026-05-17 01:30:00+00:00,0.78709,0.78725,0.78706,0.78719
2026-05-17 01:45:00+00:00,0.78704,0.78746,0.78704,0.7873
2026-05-17 02:00:00+00:00,0.7873,0.78745,0.78729,0.78741
2026-05-17 02:15:00+00:00,0.78741,0.78757,0.78734,0.78749
2026-05-17 02:30:00+00:00,0.78748,0.78763,0.78747,0.78761
2026-05-17 02:45:00+00:00,0.78759,0.78763,0.78738,0.7876
2026-05-17 03:00:00+00:00,0.7876,0.78765,0.78747,0.78758
2026-05-17 03:15:00+00:00,0.78756,0.78763,0.78756,0.78762
2026-05-17 03:30:00+00:00,0.7876,0.78766,0.78738,0.78744
2026-05-17 03:45:00+00:00,0.78737,0.7876,0.78737,0.78757
2026-05-17 04:00:00+00:00,0.78756,0.78758,0.78744,0.78753
2026-05-17 04:15:00+00:00,0.7875,0.78781,0.7873,0.78732
2026-05-17 04:30:00+00:00,0.78732,0.78735,0.78731,0.78734
2026-05-17 04:45:00+00:00,0.78732,0.78735,0.78724,0.78726
2026-05-17 05:00:00+00:00,0.78725,0.78741,0.78712,0.78737
2026-05-17 05:15:00+00:00,0.78738,0.7874,0.78729,0.7873
2026-05-17 05:30:00+00:00,0.7873,0.78734,0.78714,0.78716
2026-05-17 05:45:00+00:00,0.78714,0.78718,0.78713,0.78715
2026-05-17 06:00:00+00:00,0.78714,0.78718,0.78709,0.7871
2026-05-17 06:15:00+00:00,0.78711,0.78717,0.78697,0.78698
2026-05-17 06:30:00+00:00,0.78698,0.78702,0.78697,0.787
2026-05-17 06:45:00+00:00,0.78698,0.78702,0.78697,0.787
2026-05-17 07:00:00+00:00,0.78699,0.78702,0.78697,0.78698
2026-05-17 07:15:00+00:00,0.78699,0.78702,0.78697,0.78698
2026-05-17 07:30:00+00:00,0.78699,0.78702,0.78698,0.787
2026-05-17 07:45:00+00:00,0.78699,0.78706,0.78698,0.78704
2026-05-17 08:00:00+00:00,0.78703,0.78706,0.78702,0.78702
2026-05-17 08:15:00+00:00,0.78702,0.78705,0.78695,0.78696
2026-05-17 08:30:00+00:00,0.78697,0.787,0.78696,0.78698
2026-05-17 08:45:00+00:00,0.78697,0.78701,0.78696,0.78699
2026-05-17 09:00:00+00:00,0.78697,0.78701,0.78696,0.78698
2026-05-17 09:15:00+00:00,0.78697,0.78701,0.78696,0.78697
2026-05-17 09:30:00+00:00,0.78698,0.78701,0.78697,0.78698
2026-05-17 09:45:00+00:00,0.78698,0.78701,0.78697,0.787
2026-05-17 10:00:00+00:00,0.78698,0.78738,0.78696,0.78735
2026-05-17 10:15:00+00:00,0.78735,0.78738,0.78726,0.78726
2026-05-17 10:30:00+00:00,0.78727,0.7876,0.78725,0.78759
2026-05-17 10:45:00+00:00,0.78757,0.78763,0.78749,0.78761
2026-05-17 11:00:00+00:00,0.7876,0.78774,0.78745,0.78747
2026-05-17 11:15:00+00:00,0.78746,0.78748,0.78735,0.78736
2026-05-17 11:30:00+00:00,0.78736,0.78762,0.78735,0.78739
2026-05-17 11:45:00+00:00,0.78739,0.78743,0.78738,0.78741
2026-05-17 12:00:00+00:00,0.78739,0.78751,0.7873,0.78749
2026-05-17 12:15:00+00:00,0.78748,0.7876,0.78748,0.78757
2026-05-17 12:30:00+00:00,0.78757,0.78759,0.78744,0.78744
2026-05-17 12:45:00+00:00,0.78745,0.7875,0.78735,0.78736
2026-05-17 13:00:00+00:00,0.78735,0.78738,0.78734,0.78736
2026-05-17 13:15:00+00:00,0.78735,0.78759,0.78732,0.78739
2026-05-17 13:30:00+00:00,0.78739,0.78742,0.78738,0.78738
2026-05-17 13:45:00+00:00,0.78739,0.7874,0.78729,0.78731
2026-05-17 14:00:00+00:00,0.7873,0.78752,0.78724,0.78741
2026-05-17 14:15:00+00:00,0.7874,0.78743,0.78739,0.7874
2026-05-17 14:30:00+00:00,0.7874,0.78748,0.7871,0.78711
2026-05-17 14:45:00+00:00,0.78711,0.78715,0.7871,0.78713
2026-05-17 15:00:00+00:00,0.78711,0.78713,0.78707,0.7871
2026-05-17 15:15:00+00:00,0.78708,0.78712,0.78705,0.78706
2026-05-17 15:30:00+00:00,0.78706,0.78709,0.78705,0.78705
2026-05-17 15:45:00+00:00,0.78706,0.78709,0.78703,0.78704
2026-05-17 16:00:00+00:00,0.78704,0.78732,0.787,0.7873
2026-05-17 16:15:00+00:00,0.78729,0.78732,0.78721,0.78723
2026-05-17 16:30:00+00:00,0.78722,0.78726,0.78716,0.78716
2026-05-17 16:45:00+00:00,0.78717,0.7872,0.78716,0.78717
2026-05-17 17:00:00+00:00,0.78717,0.78761,0.78673,0.78761
2026-05-17 17:15:00+00:00,0.78759,0.78764,0.78759,0.78761
2026-05-17 17:30:00+00:00,0.7876,0.78763,0.78748,0.78759
2026-05-17 17:45:00+00:00,0.7876,0.78763,0.78749,0.78757
2026-05-17 18:00:00+00:00,0.78754,0.78763,0.7874,0.78762
2026-05-17 18:15:00+00:00,0.7876,0.78764,0.78749,0.78761
2026-05-17 18:30:00+00:00,0.7876,0.78763,0.78732,0.7876
2026-05-17 18:45:00+00:00,0.7876,0.78769,0.78748,0.7876
2026-05-17 19:00:00+00:00,0.7876,0.78778,0.78698,0.78718
2026-05-17 19:15:00+00:00,0.78717,0.78784,0.78657,0.78673
2026-05-17 19:30:00+00:00,0.78671,0.78692,0.78647,0.78668
2026-05-17 19:45:00+00:00,0.78672,0.78673,0.78652,0.78658
2026-05-17 20:00:00+00:00,0.78658,0.78686,0.78635,0.78666
2026-05-17 20:15:00+00:00,0.78665,0.78669,0.78655,0.78667
2026-05-17 20:30:00+00:00,0.78664,0.78665,0.78654,0.78659
2026-05-17 20:45:00+00:00,0.78659,0.78668,0.78658,0.78665
2026-05-17 21:00:00+00:00,0.78664,0.78685,0.78644,0.78671
2026-05-17 21:15:00+00:00,0.7867,0.78678,0.78664,0.78677
2026-05-17 21:30:00+00:00,0.78675,0.78678,0.78665,0.78675
2026-05-17 21:45:00+00:00,0.78673,0.78679,0.78665,0.78666
2026-05-17 22:00:00+00:00,0.78667,0.78693,0.78654,0.78689
2026-05-17 22:15:00+00:00,0.78688,0.7869,0.78678,0.7869
2026-05-17 22:30:00+00:00,0.78687,0.78703,0.7868,0.78682
2026-05-17 22:45:00+00:00,0.78681,0.78691,0.78679,0.78684
2026-05-17 23:00:00+00:00,0.78684,0.78697,0.78678,0.78689
2026-05-17 23:15:00+00:00,0.78686,0.78701,0.78681,0.78701
2026-05-17 23:30:00+00:00,0.78699,0.78741,0.78694,0.78728
2026-05-17 23:45:00+00:00,0.7873,0.78745,0.78724,0.78742
2026-05-18 00:00:00+00:00,0.78741,0.78746,0.78669,0.78703
2026-05-18 00:15:00+00:00,0.78697,0.78719,0.78693,0.78712
2026-05-18 00:30:00+00:00,0.78711,0.78746,0.78706,0.78744
2026-05-18 00:45:00+00:00,0.78742,0.78751,0.78733,0.78744
2026-05-18 01:00:00+00:00,0.78745,0.78772,0.78736,0.78766
2026-05-18 01:15:00+00:00,0.78762,0.78773,0.78742,0.78743
2026-05-18 01:30:00+00:00,0.78743,0.78745,0.78709,0.78726
2026-05-18 01:45:00+00:00,0.78723,0.78739,0.78706,0.78708
2026-05-18 02:00:00+00:00,0.78708,0.78746,0.78706,0.78717
2026-05-18 02:15:00+00:00,0.78716,0.78716,0.78698,0.78702
2026-05-18 02:30:00+00:00,0.78701,0.78721,0.78689,0.7872
2026-05-18 02:45:00+00:00,0.78718,0.78722,0.78702,0.78714
2026-05-18 03:00:00+00:00,0.78714,0.7873,0.7871,0.78718
2026-05-18 03:15:00+00:00,0.78718,0.78718,0.7869,0.7869
2026-05-18 03:30:00+00:00,0.7869,0.78702,0.78681,0.78689
2026-05-18 03:45:00+00:00,0.78689,0.7869,0.78674,0.78679
2026-05-18 04:00:00+00:00,0.78678,0.78681,0.78654,0.78654
2026-05-18 04:15:00+00:00,0.78654,0.78692,0.78653,0.78689
2026-05-18 04:30:00+00:00,0.78683,0.7869,0.78673,0.78686
2026-05-18 04:45:00+00:00,0.78684,0.78701,0.78676,0.78696
2026-05-18 05:00:00+00:00,0.78695,0.787,0.78682,0.78692
2026-05-18 05:15:00+00:00,0.78695,0.78714,0.78668,0.78669
2026-05-18 05:30:00+00:00,0.7867,0.78694,0.78665,0.78694
2026-05-18 05:45:00+00:00,0.78692,0.78692,0.78677,0.78679
2026-05-18 06:00:00+00:00,0.78678,0.78681,0.78653,0.78654
2026-05-18 06:15:00+00:00,0.78655,0.78656,0.78595,0.78627
2026-05-18 06:30:00+00:00,0.78624,0.78628,0.78573,0.78595
2026-05-18 06:45:00+00:00,0.78593,0.78593,0.78542,0.78552
2026-05-18 07:00:00+00:00,0.7855,0.7858,0.78543,0.78579
2026-05-18 07:15:00+00:00,0.78576,0.78584,0.78519,0.78527
2026-05-18 07:30:00+00:00,0.78525,0.78533,0.78486,0.78509
2026-05-18 07:45:00+00:00,0.78508,0.78552,0.78499,0.7852
2026-05-18 08:00:00+00:00,0.78515,0.78544,0.78513,0.78529
2026-05-18 08:15:00+00:00,0.7853,0.7853,0.78499,0.78499
2026-05-18 08:30:00+00:00,0.78501,0.78505,0.78464,0.78501
2026-05-18 08:45:00+00:00,0.78495,0.78507,0.78466,0.78489
2026-05-18 09:00:00+00:00,0.78487,0.78536,0.78481,0.78519
2026-05-18 09:15:00+00:00,0.78524,0.78538,0.78508,0.78537
2026-05-18 09:30:00+00:00,0.78536,0.78547,0.78524,0.78525
2026-05-18 09:45:00+00:00,0.78525,0.78556,0.78517,0.78554
2026-05-18 10:00:00+00:00,0.78553,0.78568,0.78546,0.78547
2026-05-18 10:15:00+00:00,0.78549,0.78553,0.78541,0.78549
2026-05-18 10:30:00+00:00,0.78547,0.78576,0.78545,0.78552
2026-05-18 10:45:00+00:00,0.78552,0.78621,0.78551,0.78618
2026-05-18 11:00:00+00:00,0.7861,0.78635,0.78583,0.78616
2026-05-18 11:15:00+00:00,0.78612,0.78637,0.78612,0.78634
2026-05-18 11:30:00+00:00,0.78628,0.78656,0.78485,0.78495
2026-05-18 11:45:00+00:00,0.78494,0.78553,0.78473,0.7855
2026-05-18 12:00:00+00:00,0.78548,0.78556,0.78495,0.78521
2026-05-18 12:15:00+00:00,0.78517,0.78533,0.78517,0.78531
2026-05-18 12:30:00+00:00,0.78528,0.78529,0.7847,0.78495
2026-05-18 12:45:00+00:00,0.78493,0.78516,0.78457,0.78504
2026-05-18 13:00:00+00:00,0.78503,0.78521,0.78489,0.78516
2026-05-18 13:15:00+00:00,0.78512,0.78535,0.78496,0.78512
2026-05-18 13:30:00+00:00,0.78511,0.78524,0.78481,0.78523
2026-05-18 13:45:00+00:00,0.78518,0.78518,0.78456,0.78488
2026-05-18 14:00:00+00:00,0.7848,0.78539,0.78476,0.78526
2026-05-18 14:15:00+00:00,0.78515,0.78544,0.7849,0.7851
2026-05-18 14:30:00+00:00,0.7851,0.78551,0.78505,0.78535
2026-05-18 14:45:00+00:00,0.78542,0.78583,0.78539,0.78579
2026-05-18 15:00:00+00:00,0.7857,0.7865,0.7857,0.78618
2026-05-18 15:15:00+00:00,0.7862,0.78634,0.78604,0.78611
2026-05-18 15:30:00+00:00,0.78609,0.78623,0.78554,0.78585
2026-05-18 15:45:00+00:00,0.78578,0.78595,0.78534,0.78549
2026-05-18 16:00:00+00:00,0.78544,0.78578,0.78506,0.7851
2026-05-18 16:15:00+00:00,0.78518,0.78535,0.78484,0.78532
2026-05-18 16:30:00+00:00,0.78525,0.7854,0.7848,0.78501
2026-05-18 16:45:00+00:00,0.78498,0.78507,0.78479,0.7848
2026-05-18 17:00:00+00:00,0.78481,0.78496,0.78481,0.78494
2026-05-18 17:15:00+00:00,0.78492,0.78503,0.78466,0.78483
2026-05-18 17:30:00+00:00,0.7848,0.78489,0.78468,0.78471
2026-05-18 17:45:00+00:00,0.78472,0.78482,0.78463,0.78475
2026-05-18 18:00:00+00:00,0.78472,0.78505,0.78472,0.78498
2026-05-18 18:15:00+00:00,0.78498,0.7857,0.78496,0.78552
2026-05-18 18:30:00+00:00,0.7856,0.7857,0.78533,0.78565
2026-05-18 18:45:00+00:00,0.78565,0.78601,0.78556,0.78594
2026-05-18 19:00:00+00:00,0.78583,0.7861,0.7844,0.78489
2026-05-18 19:15:00+00:00,0.78488,0.785,0.7846,0.78486
2026-05-18 19:30:00+00:00,0.78491,0.78491,0.78439,0.7845
2026-05-18 19:45:00+00:00,0.78447,0.7845,0.78408,0.78442
2026-05-18 20:00:00+00:00,0.78433,0.78454,0.78424,0.78431
2026-05-18 20:15:00+00:00,0.7843,0.7843,0.78407,0.7842
2026-05-18 20:30:00+00:00,0.78417,0.78442,0.78401,0.78438
2026-05-18 20:45:00+00:00,0.78438,0.78449,0.7842,0.78448
2026-05-18 21:00:00+00:00,0.78447,0.78504,0.78432,0.78452
2026-05-18 21:15:00+00:00,0.78451,0.78462,0.7843,0.78453
2026-05-18 21:30:00+00:00,0.78451,0.78452,0.78432,0.78436
2026-05-18 21:45:00+00:00,0.78435,0.78437,0.78423,0.78433
2026-05-18 22:00:00+00:00,0.78431,0.78433,0.78406,0.78413
2026-05-18 22:15:00+00:00,0.7841,0.78415,0.78408,0.78413
2026-05-18 22:30:00+00:00,0.78409,0.7842,0.78404,0.78413
2026-05-18 22:45:00+00:00,0.78411,0.78428,0.7841,0.78424
2026-05-18 23:00:00+00:00,0.78425,0.78438,0.7842,0.78424
2026-05-18 23:15:00+00:00,0.78424,0.78431,0.78418,0.78423
2026-05-18 23:30:00+00:00,0.78421,0.78436,0.78417,0.78426
2026-05-18 23:45:00+00:00,0.78425,0.78452,0.78425,0.78446
2026-05-19 00:00:00+00:00,0.78447,0.78494,0.78439,0.78478
2026-05-19 00:15:00+00:00,0.7848,0.78496,0.78454,0.7848
2026-05-19 00:30:00+00:00,0.78478,0.78516,0.78475,0.78514
2026-05-19 00:45:00+00:00,0.78512,0.78532,0.78506,0.78524
2026-05-19 01:00:00+00:00,0.78525,0.7854,0.78519,0.78524
2026-05-19 01:15:00+00:00,0.78525,0.78544,0.78525,0.78532
2026-05-19 01:30:00+00:00,0.78532,0.78546,0.78489,0.78494
2026-05-19 01:45:00+00:00,0.78505,0.78526,0.78485,0.78516
2026-05-19 02:00:00+00:00,0.78517,0.78567,0.78514,0.78549
2026-05-19 02:15:00+00:00,0.78551,0.7856,0.78527,0.78535
2026-05-19 02:30:00+00:00,0.78531,0.78555,0.78531,0.7855
2026-05-19 02:45:00+00:00,0.78548,0.7857,0.78542,0.78566
2026-05-19 03:00:00+00:00,0.78564,0.7858,0.78555,0.78556
2026-05-19 03:15:00+00:00,0.78559,0.78562,0.78541,0.78548
2026-05-19 03:30:00+00:00,0.78548,0.78558,0.78548,0.78557
2026-05-19 03:45:00+00:00,0.78555,0.7858,0.78549,0.78576
2026-05-19 04:00:00+00:00,0.78577,0.78587,0.78567,0.78568
2026-05-19 04:15:00+00:00,0.7857,0.7858,0.78556,0.78565
2026-05-19 04:30:00+00:00,0.78565,0.78583,0.78555,0.7858
2026-05-19 04:45:00+00:00,0.78571,0.786,0.78571,0.78597
2026-05-19 05:00:00+00:00,0.78595,0.78595,0.78566,0.78566
2026-05-19 05:15:00+00:00,0.78568,0.78614,0.78568,0.78599
2026-05-19 05:30:00+00:00,0.78601,0.78614,0.78569,0.7857
2026-05-19 05:45:00+00:00,0.78569,0.78581,0.78544,0.78557
2026-05-19 06:00:00+00:00,0.78554,0.78583,0.78545,0.78562
2026-05-19 06:15:00+00:00,0.78564,0.78576,0.78519,0.78541
2026-05-19 06:30:00+00:00,0.78537,0.78564,0.78537,0.78551
2026-05-19 06:45:00+00:00,0.78555,0.78599,0.78542,0.78591
2026-05-19 07:00:00+00:00,0.78588,0.78607,0.78583,0.78594
2026-05-19 07:15:00+00:00,0.78595,0.786,0.78588,0.78598
2026-05-19 07:30:00+00:00,0.78596,0.78596,0.78558,0.7857
2026-05-19 07:45:00+00:00,0.78565,0.7859,0.78518,0.78526
2026-05-19 08:00:00+00:00,0.78524,0.7859,0.78518,0.78589
2026-05-19 08:15:00+00:00,0.78585,0.78592,0.78566,0.78591
2026-05-19 08:30:00+00:00,0.78589,0.78656,0.7858,0.78653
2026-05-19 08:45:00+00:00,0.78647,0.78703,0.78647,0.78702
2026-05-19 09:00:00+00:00,0.787,0.78742,0.78688,0.7874
2026-05-19 09:15:00+00:00,0.78734,0.7875,0.78716,0.78722
2026-05-19 09:30:00+00:00,0.78724,0.78743,0.78706,0.78729
2026-05-19 09:45:00+00:00,0.78726,0.78733,0.78713,0.78716
2026-05-19 10:00:00+00:00,0.78721,0.78723,0.78663,0.78669
2026-05-19 10:15:00+00:00,0.78669,0.78683,0.78669,0.78672
2026-05-19 10:30:00+00:00,0.78676,0.78791,0.78676,0.7878
2026-05-19 10:45:00+00:00,0.78761,0.78802,0.78701,0.78708
2026-05-19 11:00:00+00:00,0.78706,0.78722,0.78698,0.7872
2026-05-19 11:15:00+00:00,0.78715,0.78738,0.78704,0.78729
2026-05-19 11:30:00+00:00,0.7873,0.78732,0.78708,0.7872
2026-05-19 11:45:00+00:00,0.78717,0.78764,0.78717,0.78756
2026-05-19 12:00:00+00:00,0.78755,0.78769,0.78721,0.78736
2026-05-19 12:15:00+00:00,0.78732,0.78759,0.78714,0.78716
2026-05-19 12:30:00+00:00,0.78718,0.78783,0.78718,0.78779
2026-05-19 12:45:00+00:00,0.78773,0.78788,0.7875,0.78775
2026-05-19 13:00:00+00:00,0.78772,0.78846,0.7877,0.78817
2026-05-19 13:15:00+00:00,0.78821,0.7893,0.78812,0.78914
2026-05-19 13:30:00+00:00,0.78916,0.7896,0.78916,0.78934
2026-05-19 13:45:00+00:00,0.78934,0.78939,0.78892,0.78893
2026-05-19 14:00:00+00:00,0.78894,0.78969,0.78887,0.78967
2026-05-19 14:15:00+00:00,0.78958,0.79047,0.78958,0.79046
2026-05-19 14:30:00+00:00,0.79043,0.79043,0.78994,0.7901
2026-05-19 14:45:00+00:00,0.79021,0.7906,0.79004,0.79047
2026-05-19 15:00:00+00:00,0.79047,0.79049,0.79,0.79037
2026-05-19 15:15:00+00:00,0.79034,0.79048,0.78982,0.79005
2026-05-19 15:30:00+00:00,0.79009,0.79017,0.7896,0.78961
2026-05-19 15:45:00+00:00,0.78966,0.78987,0.78957,0.78973
2026-05-19 16:00:00+00:00,0.78974,0.79019,0.78956,0.78979
2026-05-19 16:15:00+00:00,0.78986,0.78994,0.78907,0.78912
2026-05-19 16:30:00+00:00,0.7892,0.7892,0.78868,0.78868
2026-05-19 16:45:00+00:00,0.78869,0.78901,0.78869,0.789
2026-05-19 17:00:00+00:00,0.78898,0.78901,0.7887,0.78885
2026-05-19 17:15:00+00:00,0.78881,0.78881,0.78863,0.78879
2026-05-19 17:30:00+00:00,0.78877,0.78892,0.78866,0.78877
2026-05-19 17:45:00+00:00,0.78879,0.78887,0.78855,0.78879
2026-05-19 18:00:00+00:00,0.78875,0.78875,0.78845,0.78854
2026-05-19 18:15:00+00:00,0.78848,0.78883,0.78848,0.7888
2026-05-19 18:30:00+00:00,0.78871,0.78913,0.78869,0.78886
2026-05-19 18:45:00+00:00,0.78886,0.78925,0.78885,0.78909
2026-05-19 19:00:00+00:00,0.78913,0.78929,0.78894,0.78905
2026-05-19 19:15:00+00:00,0.78907,0.7893,0.78891,0.7891
2026-05-19 19:30:00+00:00,0.78914,0.78914,0.78878,0.78879
2026-05-19 19:45:00+00:00,0.7888,0.78903,0.78873,0.78897
2026-05-19 20:00:00+00:00,0.78898,0.78905,0.7888,0.78895
2026-05-19 20:15:00+00:00,0.78893,0.78905,0.78889,0.78901
2026-05-19 20:30:00+00:00,0.78899,0.789,0.78889,0.78897
2026-05-19 20:45:00+00:00,0.78896,0.78907,0.78896,0.789
2026-05-19 21:00:00+00:00,0.78898,0.78945,0.78871,0.78881
2026-05-19 21:15:00+00:00,0.7888,0.78903,0.78877,0.7889
2026-05-19 21:30:00+00:00,0.78891,0.78898,0.78887,0.7889
2026-05-19 21:45:00+00:00,0.7889,0.78895,0.78887,0.78891
2026-05-19 22:00:00+00:00,0.78889,0.78904,0.78864,0.78884
2026-05-19 22:15:00+00:00,0.7888,0.78891,0.7888,0.7889
2026-05-19 22:30:00+00:00,0.78889,0.789,0.78886,0.78898
2026-05-19 22:45:00+00:00,0.78897,0.78907,0.78893,0.78894
2026-05-19 23:00:00+00:00,0.78895,0.78897,0.78882,0.78884
2026-05-19 23:15:00+00:00,0.78884,0.78885,0.78865,0.78868
2026-05-19 23:30:00+00:00,0.78867,0.7887,0.78847,0.78861
2026-05-19 23:45:00+00:00,0.7886,0.78888,0.78859,0.78884
2026-05-20 00:00:00+00:00,0.78878,0.7893,0.78878,0.78916
2026-05-20 00:15:00+00:00,0.78914,0.78918,0.78873,0.78883
2026-05-20 00:30:00+00:00,0.78879,0.78909,0.78866,0.78908
2026-05-20 00:45:00+00:00,0.78906,0.78939,0.78899,0.78935
2026-05-20 01:00:00+00:00,0.78928,0.78961,0.78928,0.78958
2026-05-20 01:15:00+00:00,0.78956,0.78979,0.78939,0.78976
2026-05-20 01:30:00+00:00,0.78968,0.79012,0.78968,0.7899
2026-05-20 01:45:00+00:00,0.78991,0.78999,0.78952,0.78993
2026-05-20 02:00:00+00:00,0.78989,0.78997,0.78974,0.78975
2026-05-20 02:15:00+00:00,0.78976,0.78994,0.7895,0.78967
2026-05-20 02:30:00+00:00,0.78963,0.79016,0.78963,0.78991
2026-05-20 02:45:00+00:00,0.78989,0.78997,0.78982,0.78989
2026-05-20 03:00:00+00:00,0.78988,0.79007,0.78988,0.79006
2026-05-20 03:15:00+00:00,0.79004,0.79004,0.78964,0.78965
2026-05-20 03:30:00+00:00,0.78966,0.78969,0.78935,0.78945
2026-05-20 03:45:00+00:00,0.78943,0.7896,0.78943,0.78956
2026-05-20 04:00:00+00:00,0.78954,0.78956,0.78925,0.78939
2026-05-20 04:15:00+00:00,0.7894,0.78962,0.78931,0.78956
2026-05-20 04:30:00+00:00,0.78957,0.78997,0.78957,0.7899
2026-05-20 04:45:00+00:00,0.78989,0.78998,0.78983,0.78996
2026-05-20 05:00:00+00:00,0.78995,0.78995,0.78959,0.7898
2026-05-20 05:15:00+00:00,0.78977,0.78996,0.78966,0.78993
2026-05-20 05:30:00+00:00,0.78989,0.78997,0.78965,0.78997
2026-05-20 05:45:00+00:00,0.78995,0.79037,0.78993,0.79018
2026-05-20 06:00:00+00:00,0.79023,0.79041,0.78998,0.78999
2026-05-20 06:15:00+00:00,0.79,0.79005,0.7893,0.78933
2026-05-20 06:30:00+00:00,0.78939,0.79013,0.78939,0.79006
2026-05-20 06:45:00+00:00,0.79006,0.79055,0.79001,0.79041
2026-05-20 07:00:00+00:00,0.7904,0.79049,0.79011,0.79032
2026-05-20 07:15:00+00:00,0.79032,0.7905,0.79031,0.7904
2026-05-20 07:30:00+00:00,0.7904,0.79053,0.79037,0.79051
2026-05-20 07:45:00+00:00,0.7905,0.79053,0.79037,0.79038
2026-05-20 08:00:00+00:00,0.79038,0.79051,0.79023,0.7905
2026-05-20 08:15:00+00:00,0.79049,0.79053,0.7904,0.79046
2026-05-20 08:30:00+00:00,0.79047,0.79057,0.79034,0.79036
2026-05-20 08:45:00+00:00,0.79038,0.79045,0.79012,0.79029
2026-05-20 09:00:00+00:00,0.79027,0.79042,0.79009,0.79041
2026-05-20 09:15:00+00:00,0.79037,0.79061,0.79036,0.79056
2026-05-20 09:30:00+00:00,0.79057,0.79063,0.79046,0.79052
2026-05-20 09:45:00+00:00,0.79049,0.79062,0.7904,0.79056
2026-05-20 10:00:00+00:00,0.79054,0.79061,0.79016,0.79019
2026-05-20 10:15:00+00:00,0.79023,0.79023,0.78994,0.78997
2026-05-20 10:30:00+00:00,0.79001,0.79016,0.78949,0.7897
2026-05-20 10:45:00+00:00,0.78967,0.78979,0.78953,0.7897
2026-05-20 11:00:00+00:00,0.78969,0.79031,0.78968,0.79027
2026-05-20 11:15:00+00:00,0.79027,0.79046,0.79011,0.79011
2026-05-20 11:30:00+00:00,0.79012,0.79013,0.78969,0.79002
2026-05-20 11:45:00+00:00,0.78997,0.7904,0.78997,0.79018
2026-05-20 12:00:00+00:00,0.7902,0.79022,0.78994,0.78999
2026-05-20 12:15:00+00:00,0.79001,0.79046,0.78991,0.79045
2026-05-20 12:30:00+00:00,0.79043,0.7906,0.79037,0.79047
2026-05-20 12:45:00+00:00,0.79048,0.79051,0.79035,0.79049
2026-05-20 13:00:00+00:00,0.79046,0.7906,0.79032,0.7904
2026-05-20 13:15:00+00:00,0.79039,0.79049,0.79031,0.79046
2026-05-20 13:30:00+00:00,0.79044,0.7906,0.79028,0.79049
2026-05-20 13:45:00+00:00,0.79051,0.79061,0.7903,0.79058
2026-05-20 14:00:00+00:00,0.79056,0.79078,0.79047,0.79074
2026-05-20 14:15:00+00:00,0.79066,0.79066,0.78869,0.78894
2026-05-20 14:30:00+00:00,0.78896,0.78898,0.78791,0.78866
2026-05-20 14:45:00+00:00,0.78864,0.78867,0.78712,0.78722
2026-05-20 15:00:00+00:00,0.78721,0.78825,0.78716,0.78824
2026-05-20 15:15:00+00:00,0.7882,0.7887,0.78608,0.78708
2026-05-20 15:30:00+00:00,0.78709,0.78722,0.78648,0.78681
2026-05-20 15:45:00+00:00,0.7867,0.78771,0.7867,0.78767
2026-05-20 16:00:00+00:00,0.78761,0.78775,0.78693,0.78698
2026-05-20 16:15:00+00:00,0.78708,0.78756,0.78687,0.78753
2026-05-20 16:30:00+00:00,0.78752,0.78762,0.78732,0.78748
2026-05-20 16:45:00+00:00,0.78744,0.78744,0.78691,0.78741
2026-05-20 17:00:00+00:00,0.78735,0.78759,0.78716,0.78741
2026-05-20 17:15:00+00:00,0.78752,0.78752,0.78717,0.78723
2026-05-20 17:30:00+00:00,0.78724,0.7876,0.78715,0.78755
2026-05-20 17:45:00+00:00,0.78753,0.78773,0.78745,0.7877
2026-05-20 18:00:00+00:00,0.78766,0.78782,0.78735,0.78738
2026-05-20 18:15:00+00:00,0.78737,0.78745,0.78708,0.78718
2026-05-20 18:30:00+00:00,0.78722,0.78722,0.78679,0.78695
2026-05-20 18:45:00+00:00,0.78691,0.78728,0.78651,0.7867
2026-05-20 19:00:00+00:00,0.78665,0.78701,0.78657,0.78688
2026-05-20 19:15:00+00:00,0.78685,0.78691,0.78665,0.78671
2026-05-20 19:30:00+00:00,0.78669,0.78676,0.78657,0.78667
2026-05-20 19:45:00+00:00,0.78667,0.78698,0.78667,0.78695
2026-05-20 20:00:00+00:00,0.78691,0.7871,0.78691,0.78697
2026-05-20 20:15:00+00:00,0.78696,0.78711,0.7869,0.78703
2026-05-20 20:30:00+00:00,0.78701,0.78725,0.78701,0.78724
2026-05-20 20:45:00+00:00,0.78722,0.78734,0.78722,0.78724
2026-05-20 21:00:00+00:00,0.78724,0.78747,0.78672,0.78692
2026-05-20 21:15:00+00:00,0.78694,0.78706,0.78692,0.78701
2026-05-20 21:30:00+00:00,0.78699,0.78706,0.78699,0.78702
2026-05-20 21:45:00+00:00,0.78701,0.7871,0.787,0.78703
2026-05-20 22:00:00+00:00,0.78705,0.78712,0.78681,0.78697
2026-05-20 22:15:00+00:00,0.78695,0.78709,0.78694,0.78705
2026-05-20 22:30:00+00:00,0.78706,0.78709,0.78693,0.78695
2026-05-20 22:45:00+00:00,0.78694,0.78702,0.7869,0.78693
2026-05-20 23:00:00+00:00,0.78694,0.7872,0.78683,0.78698
2026-05-20 23:15:00+00:00,0.78698,0.78719,0.78695,0.78713
2026-05-20 23:30:00+00:00,0.78714,0.7873,0.78711,0.78729
2026-05-20 23:45:00+00:00,0.78727,0.78731,0.78702,0.78717
2026-05-21 00:00:00+00:00,0.78717,0.78737,0.78713,0.78728
2026-05-21 00:15:00+00:00,0.78729,0.78752,0.78725,0.78745
2026-05-21 00:30:00+00:00,0.78743,0.78743,0.78722,0.78725
2026-05-21 00:45:00+00:00,0.78723,0.78727,0.78707,0.78707
2026-05-21 01:00:00+00:00,0.78707,0.78713,0.78657,0.78668
2026-05-21 01:15:00+00:00,0.78666,0.78666,0.78646,0.78647
2026-05-21 01:30:00+00:00,0.78649,0.78663,0.78625,0.78636
2026-05-21 01:45:00+00:00,0.78629,0.78679,0.78629,0.78667
2026-05-21 02:00:00+00:00,0.78665,0.78669,0.78645,0.78661
2026-05-21 02:15:00+00:00,0.78658,0.78696,0.78658,0.78694
2026-05-21 02:30:00+00:00,0.7869,0.78735,0.7869,0.78734
2026-05-21 02:45:00+00:00,0.78732,0.78758,0.78724,0.78738
2026-05-21 03:00:00+00:00,0.78738,0.78743,0.78718,0.78729
2026-05-21 03:15:00+00:00,0.78726,0.78732,0.78695,0.78707
2026-05-21 03:30:00+00:00,0.78705,0.78728,0.78704,0.78706
2026-05-21 03:45:00+00:00,0.78708,0.78728,0.787,0.78725
2026-05-21 04:00:00+00:00,0.78723,0.78727,0.78703,0.78714
2026-05-21 04:15:00+00:00,0.78715,0.78715,0.78685,0.78686
2026-05-21 04:30:00+00:00,0.7869,0.78703,0.7869,0.78692
2026-05-21 04:45:00+00:00,0.78696,0.78702,0.78686,0.78693
2026-05-21 05:00:00+00:00,0.78692,0.78694,0.78677,0.78691
2026-05-21 05:15:00+00:00,0.78689,0.78725,0.78689,0.78712
2026-05-21 05:30:00+00:00,0.78714,0.78723,0.78703,0.78709
2026-05-21 05:45:00+00:00,0.78711,0.7873,0.78687,0.7869
2026-05-21 06:00:00+00:00,0.78695,0.78703,0.78675,0.78676
2026-05-21 06:15:00+00:00,0.78679,0.78719,0.78675,0.787
2026-05-21 06:30:00+00:00,0.78702,0.78751,0.78698,0.7875
2026-05-21 06:45:00+00:00,0.78745,0.78753,0.7873,0.78732
2026-05-21 07:00:00+00:00,0.78734,0.78751,0.78721,0.78723
2026-05-21 07:15:00+00:00,0.78727,0.78848,0.78726,0.78824
2026-05-21 07:30:00+00:00,0.78826,0.78834,0.78776,0.78778
2026-05-21 07:45:00+00:00,0.78781,0.78783,0.7874,0.78749
2026-05-21 08:00:00+00:00,0.78747,0.78766,0.78655,0.78668
2026-05-21 08:15:00+00:00,0.78667,0.78675,0.78613,0.78636
2026-05-21 08:30:00+00:00,0.78641,0.78708,0.78604,0.78704
2026-05-21 08:45:00+00:00,0.78697,0.78715,0.7868,0.78702
2026-05-21 09:00:00+00:00,0.78696,0.78713,0.7866,0.78672
2026-05-21 09:15:00+00:00,0.7867,0.7867,0.78596,0.78606
2026-05-21 09:30:00+00:00,0.78609,0.78649,0.78594,0.78645
2026-05-21 09:45:00+00:00,0.78638,0.78655,0.78627,0.78633
2026-05-21 10:00:00+00:00,0.78631,0.78636,0.78594,0.78614
2026-05-21 10:15:00+00:00,0.78613,0.78729,0.78607,0.78723
2026-05-21 10:30:00+00:00,0.78715,0.78838,0.7871,0.7879
2026-05-21 10:45:00+00:00,0.78796,0.7881,0.78775,0.78789
2026-05-21 11:00:00+00:00,0.78779,0.78808,0.78736,0.78762
2026-05-21 11:15:00+00:00,0.78759,0.78769,0.78712,0.78753
2026-05-21 11:30:00+00:00,0.78756,0.78771,0.78733,0.78755
2026-05-21 11:45:00+00:00,0.78759,0.78838,0.78756,0.78837
2026-05-21 12:00:00+00:00,0.78835,0.78867,0.78779,0.78866
2026-05-21 12:15:00+00:00,0.78861,0.78892,0.7886,0.78887
2026-05-21 12:30:00+00:00,0.78888,0.78896,0.78815,0.78824
2026-05-21 12:45:00+00:00,0.78825,0.78873,0.78796,0.78871
2026-05-21 13:00:00+00:00,0.78865,0.7891,0.78865,0.78901
2026-05-21 13:15:00+00:00,0.78894,0.78967,0.78894,0.78964
2026-05-21 13:30:00+00:00,0.78964,0.79037,0.78952,0.79036
2026-05-21 13:45:00+00:00,0.79033,0.79034,0.78886,0.78924
2026-05-21 14:00:00+00:00,0.7892,0.78949,0.78918,0.78948
2026-05-21 14:15:00+00:00,0.78943,0.78976,0.78933,0.78937
2026-05-21 14:30:00+00:00,0.78938,0.78938,0.78896,0.78923
2026-05-21 14:45:00+00:00,0.78921,0.78928,0.78857,0.78872
2026-05-21 15:00:00+00:00,0.78872,0.78948,0.78872,0.78932
2026-05-21 15:15:00+00:00,0.78933,0.78939,0.78894,0.7893
2026-05-21 15:30:00+00:00,0.78929,0.78944,0.78909,0.7894
2026-05-21 15:45:00+00:00,0.78935,0.78951,0.78926,0.78927
2026-05-21 16:00:00+00:00,0.7893,0.78946,0.78907,0.78946
2026-05-21 16:15:00+00:00,0.78943,0.78946,0.78903,0.78905
2026-05-21 16:30:00+00:00,0.78908,0.78917,0.78888,0.78896
2026-05-21 16:45:00+00:00,0.78897,0.78906,0.78887,0.7889
2026-05-21 17:00:00+00:00,0.78891,0.78904,0.7884,0.7885
2026-05-21 17:15:00+00:00,0.78847,0.7888,0.78686,0.787
2026-05-21 17:30:00+00:00,0.78706,0.78706,0.78637,0.78645
2026-05-21 17:45:00+00:00,0.78642,0.78664,0.78586,0.78616
2026-05-21 18:00:00+00:00,0.78608,0.78676,0.78588,0.78655
2026-05-21 18:15:00+00:00,0.78657,0.78671,0.78608,0.78619
2026-05-21 18:30:00+00:00,0.78618,0.78634,0.78607,0.78617
2026-05-21 18:45:00+00:00,0.78617,0.78773,0.78617,0.78741
2026-05-21 19:00:00+00:00,0.78745,0.78749,0.78692,0.78708
2026-05-21 19:15:00+00:00,0.78707,0.78708,0.78652,0.78659
2026-05-21 19:30:00+00:00,0.78657,0.78662,0.7861,0.78653
2026-05-21 19:45:00+00:00,0.7865,0.78669,0.78604,0.78606
2026-05-21 20:00:00+00:00,0.78612,0.78663,0.78612,0.78658
2026-05-21 20:15:00+00:00,0.78659,0.78664,0.78646,0.78652
2026-05-21 20:30:00+00:00,0.78649,0.7867,0.78649,0.78668
2026-05-21 20:45:00+00:00,0.78667,0.78676,0.78661,0.78673
2026-05-21 21:00:00+00:00,0.78673,0.78745,0.78657,0.78694
2026-05-21 21:15:00+00:00,0.78703,0.78703,0.78673,0.78675
2026-05-21 21:30:00+00:00,0.78675,0.78696,0.78671,0.78681
2026-05-21 21:45:00+00:00,0.7868,0.78686,0.78666,0.78676
2026-05-21 22:00:00+00:00,0.78676,0.78689,0.78647,0.78672
2026-05-21 22:15:00+00:00,0.78672,0.78676,0.78658,0.78669
2026-05-21 22:30:00+00:00,0.78668,0.78672,0.78658,0.78659
2026-05-21 22:45:00+00:00,0.78661,0.78662,0.78654,0.78657
2026-05-21 23:00:00+00:00,0.78657,0.78669,0.78647,0.78668
2026-05-21 23:15:00+00:00,0.78666,0.78673,0.78659,0.78667
2026-05-21 23:30:00+00:00,0.78665,0.78673,0.78662,0.78671
2026-05-21 23:45:00+00:00,0.78669,0.78677,0.7865,0.78661
2026-05-22 00:00:00+00:00,0.78662,0.78682,0.78654,0.78678
2026-05-22 00:15:00+00:00,0.78678,0.78691,0.78678,0.78688
2026-05-22 00:30:00+00:00,0.78687,0.78694,0.78683,0.78687
2026-05-22 00:45:00+00:00,0.78685,0.78689,0.78677,0.78686
2026-05-22 01:00:00+00:00,0.78686,0.78699,0.78679,0.78694
2026-05-22 01:15:00+00:00,0.78694,0.78709,0.78685,0.787
2026-05-22 01:30:00+00:00,0.78698,0.787,0.78686,0.78691
2026-05-22 01:45:00+00:00,0.7869,0.78705,0.78675,0.78704
2026-05-22 02:00:00+00:00,0.78702,0.7871,0.78698,0.78709
2026-05-22 02:15:00+00:00,0.78708,0.7871,0.7869,0.78691
2026-05-22 02:30:00+00:00,0.78691,0.78695,0.78663,0.78668
2026-05-22 02:45:00+00:00,0.78667,0.78681,0.7866,0.78679
2026-05-22 03:00:00+00:00,0.78679,0.78693,0.78663,0.78683
2026-05-22 03:15:00+00:00,0.78687,0.78692,0.78679,0.78684
2026-05-22 03:30:00+00:00,0.78682,0.78692,0.78677,0.78681
2026-05-22 03:45:00+00:00,0.7868,0.78682,0.78671,0.78672
2026-05-22 04:00:00+00:00,0.78673,0.78681,0.78647,0.78647
2026-05-22 04:15:00+00:00,0.78649,0.78655,0.78635,0.78647
2026-05-22 04:30:00+00:00,0.78645,0.78657,0.78638,0.78655
2026-05-22 04:45:00+00:00,0.78653,0.78653,0.7863,0.78635
2026-05-22 05:00:00+00:00,0.78634,0.7864,0.78626,0.78635
2026-05-22 05:15:00+00:00,0.78636,0.78656,0.78634,0.78651
2026-05-22 05:30:00+00:00,0.78649,0.78658,0.78645,0.78657
2026-05-22 05:45:00+00:00,0.78656,0.78707,0.78644,0.78705
2026-05-22 06:00:00+00:00,0.78701,0.78707,0.78661,0.78666
2026-05-22 06:15:00+00:00,0.78667,0.78681,0.78666,0.78667
2026-05-22 06:30:00+00:00,0.78668,0.7871,0.7866,0.78705
2026-05-22 06:45:00+00:00,0.78705,0.78708,0.78675,0.78683
2026-05-22 07:00:00+00:00,0.78681,0.7875,0.78671,0.78749
2026-05-22 07:15:00+00:00,0.78747,0.78758,0.7868,0.78681
2026-05-22 07:30:00+00:00,0.78683,0.78685,0.78628,0.78644
2026-05-22 07:45:00+00:00,0.78641,0.78645,0.7861,0.78611
2026-05-22 08:00:00+00:00,0.78612,0.78636,0.78605,0.7863
2026-05-22 08:15:00+00:00,0.78626,0.78636,0.78557,0.78589
2026-05-22 08:30:00+00:00,0.78586,0.78624,0.78569,0.78581
2026-05-22 08:45:00+00:00,0.78582,0.78617,0.78577,0.78616
2026-05-22 09:00:00+00:00,0.78611,0.78636,0.78599,0.78626
2026-05-22 09:15:00+00:00,0.78625,0.78646,0.78621,0.78626
2026-05-22 09:30:00+00:00,0.78631,0.78665,0.786,0.78613
2026-05-22 09:45:00+00:00,0.78611,0.7863,0.78605,0.78619
2026-05-22 10:00:00+00:00,0.78617,0.78622,0.78578,0.78581
2026-05-22 10:15:00+00:00,0.7858,0.78612,0.7858,0.78609
2026-05-22 10:30:00+00:00,0.78609,0.78659,0.78606,0.7864
2026-05-22 10:45:00+00:00,0.78642,0.78681,0.78639,0.78681
2026-05-22 11:00:00+00:00,0.78678,0.78704,0.78677,0.78701
2026-05-22 11:15:00+00:00,0.787,0.78702,0.78673,0.78687
2026-05-22 11:30:00+00:00,0.78683,0.78699,0.78664,0.78678
2026-05-22 11:45:00+00:00,0.78678,0.78679,0.78621,0.78636
2026-05-22 12:00:00+00:00,0.7863,0.78668,0.78571,0.78576
2026-05-22 12:15:00+00:00,0.78586,0.78624,0.78555,0.78622
2026-05-22 12:30:00+00:00,0.78618,0.78637,0.78604,0.78634
2026-05-22 12:45:00+00:00,0.78628,0.78629,0.7859,0.78604
2026-05-22 13:00:00+00:00,0.78602,0.78602,0.78469,0.78492
2026-05-22 13:15:00+00:00,0.78483,0.78526,0.78483,0.7851
2026-05-22 13:30:00+00:00,0.78512,0.78556,0.78496,0.78554
2026-05-22 13:45:00+00:00,0.78551,0.78594,0.78549,0.7858
2026-05-22 14:00:00+00:00,0.78582,0.78686,0.7858,0.78684
2026-05-22 14:15:00+00:00,0.78678,0.78713,0.78676,0.78686
2026-05-22 14:30:00+00:00,0.78684,0.78684,0.78643,0.78661
2026-05-22 14:45:00+00:00,0.78664,0.7869,0.78588,0.7859
2026-05-22 15:00:00+00:00,0.78593,0.78626,0.78574,0.78591
2026-05-22 15:15:00+00:00,0.78588,0.78595,0.78558,0.78569
2026-05-22 15:30:00+00:00,0.7857,0.78592,0.78558,0.78582
2026-05-22 15:45:00+00:00,0.78583,0.78589,0.7856,0.78581
2026-05-22 16:00:00+00:00,0.78583,0.78601,0.78505,0.78515
2026-05-22 16:15:00+00:00,0.78513,0.78517,0.78462,0.78473
2026-05-22 16:30:00+00:00,0.78471,0.78477,0.78437,0.78475
2026-05-22 16:45:00+00:00,0.78472,0.78474,0.78432,0.78435
2026-05-22 17:00:00+00:00,0.78436,0.78439,0.78396,0.78432
2026-05-22 17:15:00+00:00,0.78429,0.78467,0.78399,0.78426
2026-05-22 17:30:00+00:00,0.78428,0.78444,0.78389,0.7841
2026-05-22 17:45:00+00:00,0.78414,0.78457,0.78414,0.78429
2026-05-22 18:00:00+00:00,0.78432,0.7846,0.78427,0.7846
2026-05-22 18:15:00+00:00,0.78459,0.78467,0.78453,0.78458
2026-05-22 18:30:00+00:00,0.78455,0.78468,0.7844,0.78442
2026-05-22 18:45:00+00:00,0.78446,0.78446,0.78427,0.78442
2026-05-22 19:00:00+00:00,0.78438,0.78484,0.78435,0.78472
2026-05-22 19:15:00+00:00,0.78471,0.78479,0.78456,0.78468
2026-05-22 19:30:00+00:00,0.78462,0.78489,0.78462,0.78487
2026-05-22 19:45:00+00:00,0.78487,0.78497,0.78478,0.78485
2026-05-22 20:00:00+00:00,0.78482,0.78498,0.78482,0.78491
2026-05-22 20:15:00+00:00,0.7849,0.78495,0.78483,0.78494
2026-05-22 20:30:00+00:00,0.78492,0.78512,0.78489,0.78498
2026-05-22 20:45:00+00:00,0.785,0.78526,0.78493,0.78513
2026-05-22 21:00:00+00:00,0.78514,0.78516,0.78451,0.78461
2026-05-22 21:15:00+00:00,0.78467,0.78487,0.78467,0.78486
2026-05-22 21:30:00+00:00,0.78484,0.7849,0.78448,0.78477
2026-05-22 21:45:00+00:00,0.78476,0.78486,0.7846,0.78476
2026-05-22 22:00:00+00:00,0.78476,0.78535,0.78469,0.78476
2026-05-22 22:15:00+00:00,0.78477,0.78485,0.78475,0.7848
2026-05-22 22:30:00+00:00,0.78479,0.78483,0.78474,0.7848
2026-05-22 22:45:00+00:00,0.78479,0.78488,0.78477,0.78481
2026-05-22 23:00:00+00:00,0.7848,0.78529,0.78466,0.78478
2026-05-22 23:15:00+00:00,0.78479,0.78487,0.78477,0.78482
2026-05-22 23:30:00+00:00,0.78481,0.78485,0.78477,0.7848
2026-05-22 23:45:00+00:00,0.78479,0.78484,0.78477,0.78478
2026-05-23 00:00:00+00:00,0.78478,0.78496,0.78475,0.7849
2026-05-23 00:15:00+00:00,0.7849,0.78497,0.78479,0.7849
2026-05-23 00:30:00+00:00,0.78488,0.78498,0.78486,0.78492
2026-05-23 00:45:00+00:00,0.7849,0.78496,0.78476,0.7849
2026-05-23 01:00:00+00:00,0.7849,0.78494,0.78489,0.78489
2026-05-23 01:15:00+00:00,0.7849,0.78494,0.78479,0.78492
2026-05-23 01:30:00+00:00,0.7849,0.78494,0.78464,0.78487
2026-05-23 01:45:00+00:00,0.78485,0.78494,0.78485,0.78491
2026-05-23 02:00:00+00:00,0.7849,0.78498,0.78479,0.78489
2026-05-23 02:15:00+00:00,0.7849,0.78494,0.78489,0.78492
2026-05-23 02:30:00+00:00,0.7849,0.78493,0.78477,0.78492
2026-05-23 02:45:00+00:00,0.7849,0.78494,0.78477,0.78489
2026-05-23 03:00:00+00:00,0.78487,0.78493,0.78487,0.78489
2026-05-23 03:15:00+00:00,0.7849,0.78494,0.78464,0.78491
2026-05-23 03:30:00+00:00,0.7849,0.78494,0.78489,0.78492
2026-05-23 03:45:00+00:00,0.7849,0.78499,0.78478,0.78491
2026-05-23 04:00:00+00:00,0.7849,0.78497,0.78476,0.7849
2026-05-23 04:15:00+00:00,0.78488,0.78494,0.78488,0.7849
2026-05-23 04:30:00+00:00,0.7849,0.78493,0.78479,0.78491
2026-05-23 04:45:00+00:00,0.7849,0.78494,0.78489,0.78491
2026-05-23 05:00:00+00:00,0.7849,0.78498,0.78465,0.7849
2026-05-23 05:15:00+00:00,0.7849,0.78494,0.78483,0.78491
2026-05-23 05:30:00+00:00,0.78488,0.78494,0.78488,0.78491
2026-05-23 05:45:00+00:00,0.7849,0.78494,0.78484,0.78492
2026-05-23 06:00:00+00:00,0.7849,0.78494,0.78489,0.7849
2026-05-23 06:15:00+00:00,0.7849,0.78495,0.78482,0.7849
2026-05-23 06:30:00+00:00,0.7849,0.78493,0.78474,0.78487
2026-05-23 06:45:00+00:00,0.78483,0.78493,0.78483,0.78492
2026-05-23 07:00:00+00:00,0.7849,0.78496,0.78484,0.7849
2026-05-23 07:15:00+00:00,0.7849,0.78494,0.78489,0.7849
2026-05-23 07:30:00+00:00,0.7849,0.78494,0.78484,0.78492
2026-05-23 07:45:00+00:00,0.7849,0.78494,0.78483,0.7849
2026-05-23 08:00:00+00:00,0.78488,0.78494,0.78488,0.78491
2026-05-23 08:15:00+00:00,0.7849,0.78494,0.78474,0.78489
2026-05-23 08:30:00+00:00,0.7849,0.78494,0.78489,0.7849
2026-05-23 08:45:00+00:00,0.7849,0.78493,0.78483,0.78492
2026-05-23 09:00:00+00:00,0.7849,0.78494,0.78484,0.78489
2026-05-23 09:15:00+00:00,0.78487,0.78493,0.78487,0.7849
2026-05-23 09:30:00+00:00,0.7849,0.78494,0.78483,0.7849
2026-05-23 09:45:00+00:00,0.7849,0.78494,0.78489,0.78492
2026-05-23 10:00:00+00:00,0.7849,0.78494,0.78474,0.78491
2026-05-23 10:15:00+00:00,0.7849,0.78494,0.78473,0.78488
2026-05-23 10:30:00+00:00,0.78486,0.78494,0.78486,0.7849
2026-05-23 10:45:00+00:00,0.7849,0.78493,0.78474,0.78491
2026-05-23 11:00:00+00:00,0.7849,0.78494,0.78489,0.78492
2026-05-23 11:15:00+00:00,0.7849,0.78493,0.78477,0.7849
2026-05-23 11:30:00+00:00,0.7849,0.78515,0.78456,0.7846
2026-05-23 11:45:00+00:00,0.78467,0.78492,0.78461,0.7849
2026-05-23 12:00:00+00:00,0.78489,0.78493,0.7847,0.78486
2026-05-23 12:15:00+00:00,0.78484,0.78491,0.78484,0.7849
2026-05-23 12:30:00+00:00,0.78489,0.78492,0.7847,0.78475
2026-05-23 12:45:00+00:00,0.78476,0.78489,0.78466,0.78468
2026-05-23 13:00:00+00:00,0.78472,0.78482,0.7847,0.7848
2026-05-23 13:15:00+00:00,0.78478,0.785,0.78444,0.78469
2026-05-23 13:30:00+00:00,0.78468,0.78472,0.78467,0.78468
2026-05-23 13:45:00+00:00,0.78468,0.78472,0.78454,0.78461
2026-05-23 14:00:00+00:00,0.78459,0.78475,0.78456,0.78458
2026-05-23 14:15:00+00:00,0.7846,0.78464,0.78459,0.78461
2026-05-23 14:30:00+00:00,0.7846,0.78466,0.78449,0.78452
2026-05-23 14:45:00+00:00,0.78453,0.78471,0.7845,0.78465
2026-05-23 15:00:00+00:00,0.78465,0.78475,0.78442,0.78451
2026-05-23 15:15:00+00:00,0.78449,0.78453,0.78441,0.78442
2026-05-23 15:30:00+00:00,0.78444,0.78464,0.7843,0.78457
2026-05-23 15:45:00+00:00,0.78458,0.78461,0.78447,0.7845
2026-05-23 16:00:00+00:00,0.7845,0.78493,0.78447,0.78481
2026-05-23 16:15:00+00:00,0.78479,0.78483,0.78462,0.78469
2026-05-23 16:30:00+00:00,0.78468,0.78471,0.78453,0.78468
2026-05-23 16:45:00+00:00,0.78465,0.78487,0.78437,0.78483
2026-05-23 17:00:00+00:00,0.78483,0.78526,0.78482,0.78492
2026-05-23 17:15:00+00:00,0.78491,0.78494,0.7849,0.78492
2026-05-23 17:30:00+00:00,0.78491,0.78495,0.7847,0.78482
2026-05-23 17:45:00+00:00,0.78482,0.78491,0.78478,0.78481
2026-05-23 18:00:00+00:00,0.78486,0.7851,0.78468,0.78497
2026-05-23 18:15:00+00:00,0.78496,0.78499,0.78451,0.78482
2026-05-23 18:30:00+00:00,0.78479,0.78493,0.78477,0.7849
2026-05-23 18:45:00+00:00,0.7849,0.78505,0.78469,0.78476
2026-05-23 19:00:00+00:00,0.78476,0.7851,0.78474,0.78495
2026-05-23 19:15:00+00:00,0.78495,0.78495,0.78472,0.78481
2026-05-23 19:30:00+00:00,0.7848,0.78483,0.78463,0.78469
2026-05-23 19:45:00+00:00,0.78468,0.78472,0.78467,0.78467
2026-05-23 20:00:00+00:00,0.78468,0.78505,0.7845,0.78464
2026-05-23 20:15:00+00:00,0.78464,0.785,0.78463,0.78497
2026-05-23 20:30:00+00:00,0.78492,0.78494,0.78469,0.78491
2026-05-23 20:45:00+00:00,0.7849,0.78493,0.78474,0.78491
2026-05-23 21:00:00+00:00,0.78488,0.78515,0.7847,0.7849
2026-05-23 21:15:00+00:00,0.7849,0.78492,0.78474,0.78491
2026-05-23 21:30:00+00:00,0.7849,0.78493,0.78489,0.78491
2026-05-23 21:45:00+00:00,0.7849,0.7849,0.78449,0.7848
2026-05-23 22:00:00+00:00,0.78481,0.78515,0.78475,0.78481
2026-05-23 22:15:00+00:00,0.78481,0.78484,0.7848,0.78482
2026-05-23 22:30:00+00:00,0.78481,0.78489,0.78463,0.7847
2026-05-23 22:45:00+00:00,0.78469,0.7848,0.78468,0.78476
2026-05-23 23:00:00+00:00,0.78477,0.78504,0.78441,0.78491
2026-05-23 23:15:00+00:00,0.78491,0.78497,0.78449,0.78465
2026-05-23 23:30:00+00:00,0.78464,0.78467,0.78463,0.78465
2026-05-23 23:45:00+00:00,0.78464,0.78467,0.78451,0.78455
2026-05-24 00:00:00+00:00,0.78455,0.78459,0.78454,0.78455
2026-05-24 00:15:00+00:00,0.78455,0.78462,0.78445,0.7845
2026-05-24 00:30:00+00:00,0.78449,0.78471,0.78446,0.78457
2026-05-24 00:45:00+00:00,0.78455,0.78459,0.78454,0.78456
2026-05-24 01:00:00+00:00,0.78455,0.78459,0.7844,0.78444
2026-05-24 01:15:00+00:00,0.78444,0.78448,0.78443,0.78446
2026-05-24 01:30:00+00:00,0.78444,0.78445,0.78438,0.78442
2026-05-24 01:45:00+00:00,0.7844,0.78444,0.78435,0.78437
2026-05-24 02:00:00+00:00,0.78436,0.7844,0.78435,0.78436
2026-05-24 02:15:00+00:00,0.78436,0.7844,0.78432,0.78435
2026-05-24 02:30:00+00:00,0.78433,0.7849,0.7843,0.78489
2026-05-24 02:45:00+00:00,0.78487,0.78493,0.78457,0.78491
2026-05-24 03:00:00+00:00,0.7849,0.78493,0.78473,0.78487
2026-05-24 03:15:00+00:00,0.78485,0.78493,0.78485,0.7849
2026-05-24 03:30:00+00:00,0.7849,0.78493,0.7847,0.78484
2026-05-24 03:45:00+00:00,0.78481,0.7849,0.78481,0.78488
2026-05-24 04:00:00+00:00,0.78486,0.78492,0.78468,0.78474
2026-05-24 04:15:00+00:00,0.78475,0.78504,0.78447,0.78457
2026-05-24 04:30:00+00:00,0.78457,0.78461,0.78456,0.78459
2026-05-24 04:45:00+00:00,0.78457,0.78461,0.78447,0.78452
2026-05-24 05:00:00+00:00,0.7845,0.78454,0.78449,0.7845
2026-05-24 05:15:00+00:00,0.7845,0.78452,0.78442,0.78444
2026-05-24 05:30:00+00:00,0.78444,0.78448,0.78438,0.78441
2026-05-24 05:45:00+00:00,0.7844,0.78443,0.78439,0.78442
2026-05-24 06:00:00+00:00,0.7844,0.78443,0.78435,0.78437
2026-05-24 06:15:00+00:00,0.78437,0.7844,0.78435,0.78436
2026-05-24 06:30:00+00:00,0.78437,0.78438,0.78432,0.78435
2026-05-24 06:45:00+00:00,0.78434,0.78437,0.7843,0.78433
2026-05-24 07:00:00+00:00,0.78431,0.78435,0.7843,0.78432
2026-05-24 07:15:00+00:00,0.78431,0.78435,0.78428,0.78429
2026-05-24 07:30:00+00:00,0.78429,0.78433,0.78428,0.78431
2026-05-24 07:45:00+00:00,0.78429,0.78435,0.78429,0.78433
2026-05-24 08:00:00+00:00,0.78431,0.78435,0.78428,0.7843
2026-05-24 08:15:00+00:00,0.78429,0.78433,0.78428,0.78429
2026-05-24 08:30:00+00:00,0.78429,0.78433,0.78427,0.78428
2026-05-24 08:45:00+00:00,0.78428,0.78431,0.78427,0.7843
2026-05-24 09:00:00+00:00,0.78428,0.78431,0.78426,0.78428
2026-05-24 09:15:00+00:00,0.78427,0.7843,0.78425,0.78425
2026-05-24 09:30:00+00:00,0.78426,0.78429,0.78425,0.78426
2026-05-24 09:45:00+00:00,0.78426,0.78429,0.78424,0.78427
2026-05-24 10:00:00+00:00,0.78425,0.78428,0.78424,0.78426
2026-05-24 10:15:00+00:00,0.78425,0.78435,0.78422,0.78432
2026-05-24 10:30:00+00:00,0.78432,0.78435,0.78431,0.78432
2026-05-24 10:45:00+00:00,0.78432,0.78441,0.78427,0.78439
2026-05-24 11:00:00+00:00,0.78437,0.78441,0.78436,0.78439
2026-05-24 11:15:00+00:00,0.78437,0.78445,0.78437,0.78442
2026-05-24 11:30:00+00:00,0.78442,0.78449,0.78441,0.78445
2026-05-24 11:45:00+00:00,0.78446,0.78449,0.78444,0.78447
2026-05-24 12:00:00+00:00,0.78446,0.78476,0.78428,0.78473
2026-05-24 12:15:00+00:00,0.78472,0.78481,0.78466,0.78477
2026-05-24 12:30:00+00:00,0.78477,0.78478,0.78472,0.78473
2026-05-24 12:45:00+00:00,0.78474,0.78477,0.7847,0.78472
2026-05-24 13:00:00+00:00,0.78471,0.7848,0.7847,0.78478
2026-05-24 13:15:00+00:00,0.78477,0.78487,0.78473,0.7848
2026-05-24 13:30:00+00:00,0.7848,0.78483,0.78478,0.78479
2026-05-24 13:45:00+00:00,0.7848,0.78481,0.78474,0.78476
2026-05-24 14:00:00+00:00,0.78476,0.78495,0.78438,0.78483
2026-05-24 14:15:00+00:00,0.78481,0.78491,0.7848,0.78488
2026-05-24 14:30:00+00:00,0.78488,0.78494,0.78479,0.78484
2026-05-24 14:45:00+00:00,0.78485,0.78489,0.78446,0.7847
2026-05-24 15:00:00+00:00,0.7847,0.78471,0.78467,0.78469
2026-05-24 15:15:00+00:00,0.78468,0.78471,0.78465,0.78467
2026-05-24 15:30:00+00:00,0.78466,0.7847,0.78465,0.78466
2026-05-24 15:45:00+00:00,0.78466,0.7847,0.78464,0.78465
2026-05-24 16:00:00+00:00,0.78465,0.78504,0.78463,0.78492
2026-05-24 16:15:00+00:00,0.78491,0.78494,0.78482,0.78486
2026-05-24 16:30:00+00:00,0.78484,0.7849,0.78479,0.78481
2026-05-24 16:45:00+00:00,0.78481,0.78488,0.78481,0.78484
2026-05-24 17:00:00+00:00,0.78485,0.78518,0.78472,0.78499
2026-05-24 17:15:00+00:00,0.78497,0.78501,0.78497,0.78499
2026-05-24 17:30:00+00:00,0.78498,0.78501,0.78487,0.7849
2026-05-24 17:45:00+00:00,0.7849,0.78495,0.78482,0.78484
2026-05-24 18:00:00+00:00,0.78485,0.78514,0.78473,0.78495
2026-05-24 18:15:00+00:00,0.78494,0.78498,0.78484,0.78495
2026-05-24 18:30:00+00:00,0.78493,0.78539,0.78491,0.78513
2026-05-24 18:45:00+00:00,0.78515,0.78543,0.78509,0.7853
2026-05-24 19:00:00+00:00,0.78532,0.78556,0.7847,0.78489
2026-05-24 19:15:00+00:00,0.78486,0.78486,0.78399,0.78425
2026-05-24 19:30:00+00:00,0.78429,0.78534,0.78406,0.7842
2026-05-24 19:45:00+00:00,0.78422,0.78526,0.78352,0.78447
2026-05-24 20:00:00+00:00,0.78449,0.78457,0.78429,0.78453
2026-05-24 20:15:00+00:00,0.78448,0.7847,0.78416,0.78442
2026-05-24 20:30:00+00:00,0.78443,0.78466,0.78419,0.7846
2026-05-24 20:45:00+00:00,0.78457,0.7846,0.78423,0.78428
2026-05-24 21:00:00+00:00,0.78442,0.78491,0.78395,0.78422
2026-05-24 21:15:00+00:00,0.78436,0.78486,0.78415,0.78437
2026-05-24 21:30:00+00:00,0.78437,0.78483,0.7842,0.78435
2026-05-24 21:45:00+00:00,0.78433,0.78464,0.78427,0.78458
2026-05-24 22:00:00+00:00,0.78451,0.78483,0.78261,0.78278
2026-05-24 22:15:00+00:00,0.78277,0.78297,0.78236,0.78239
2026-05-24 22:30:00+00:00,0.78243,0.78253,0.78199,0.7822
2026-05-24 22:45:00+00:00,0.78217,0.78219,0.78194,0.78216
2026-05-24 23:00:00+00:00,0.78215,0.78215,0.78185,0.78195
2026-05-24 23:15:00+00:00,0.78193,0.78202,0.78185,0.78193
2026-05-24 23:30:00+00:00,0.78195,0.78206,0.78187,0.78189
2026-05-24 23:45:00+00:00,0.78187,0.78233,0.78182,0.7823
2026-05-25 00:00:00+00:00,0.78226,0.78249,0.78226,0.78235
2026-05-25 00:15:00+00:00,0.78231,0.78238,0.78211,0.78236
2026-05-25 00:30:00+00:00,0.78235,0.78242,0.78209,0.78241
2026-05-25 00:45:00+00:00,0.78239,0.78248,0.78164,0.78244
2026-05-25 01:00:00+00:00,0.78237,0.78252,0.78217,0.78223
2026-05-25 01:15:00+00:00,0.78229,0.78236,0.78176,0.78184
2026-05-25 01:30:00+00:00,0.78183,0.78211,0.78168,0.78206
2026-05-25 01:45:00+00:00,0.78203,0.78217,0.78201,0.78213
2026-05-25 02:00:00+00:00,0.78214,0.78215,0.78186,0.78187
2026-05-25 02:15:00+00:00,0.78192,0.78203,0.78186,0.78195
2026-05-25 02:30:00+00:00,0.78194,0.78201,0.78187,0.782
2026-05-25 02:45:00+00:00,0.78198,0.78221,0.78185,0.78217
2026-05-25 03:00:00+00:00,0.78217,0.78224,0.78203,0.7821
2026-05-25 03:15:00+00:00,0.78211,0.78223,0.78205,0.78217
2026-05-25 03:30:00+00:00,0.78218,0.7822,0.782,0.78209
2026-05-25 03:45:00+00:00,0.78207,0.78231,0.78205,0.7823
2026-05-25 04:00:00+00:00,0.78228,0.78239,0.78222,0.78238
2026-05-25 04:15:00+00:00,0.78236,0.7824,0.78224,0.78225
2026-05-25 04:30:00+00:00,0.78226,0.78229,0.78209,0.78211
2026-05-25 04:45:00+00:00,0.78209,0.78211,0.78185,0.78186
2026-05-25 05:00:00+00:00,0.78186,0.78193,0.78172,0.78184
2026-05-25 05:15:00+00:00,0.78181,0.78193,0.78173,0.78186
2026-05-25 05:30:00+00:00,0.78183,0.78193,0.78168,0.7819
2026-05-25 05:45:00+00:00,0.7819,0.78218,0.7818,0.78216
2026-05-25 06:00:00+00:00,0.78214,0.78223,0.78195,0.78198
2026-05-25 06:15:00+00:00,0.78197,0.78207,0.78179,0.78187
2026-05-25 06:30:00+00:00,0.78189,0.78202,0.78168,0.78171
2026-05-25 06:45:00+00:00,0.78171,0.7818,0.78149,0.78179
2026-05-25 07:00:00+00:00,0.78175,0.78201,0.78159,0.78178
2026-05-25 07:15:00+00:00,0.78179,0.78235,0.7817,0.78217
2026-05-25 07:30:00+00:00,0.78213,0.78224,0.78193,0.78207
2026-05-25 07:45:00+00:00,0.78206,0.78222,0.78204,0.78209
2026-05-25 08:00:00+00:00,0.78208,0.78221,0.7818,0.78181
2026-05-25 08:15:00+00:00,0.78181,0.78201,0.78179,0.782
2026-05-25 08:30:00+00:00,0.78198,0.78203,0.78173,0.78191
2026-05-25 08:45:00+00:00,0.78185,0.78194,0.7817,0.78172
2026-05-25 09:00:00+00:00,0.78174,0.78183,0.78154,0.78156
2026-05-25 09:15:00+00:00,0.78158,0.78164,0.78142,0.78143
2026-05-25 09:30:00+00:00,0.78146,0.7816,0.7813,0.78131
2026-05-25 09:45:00+00:00,0.78134,0.7816,0.78131,0.78159
2026-05-25 10:00:00+00:00,0.78158,0.78161,0.78146,0.78154
2026-05-25 10:15:00+00:00,0.78153,0.78157,0.78136,0.78151
2026-05-25 10:30:00+00:00,0.78152,0.78158,0.7813,0.78134
2026-05-25 10:45:00+00:00,0.78133,0.78148,0.78128,0.78148
2026-05-25 11:00:00+00:00,0.78148,0.78159,0.78142,0.78145
2026-05-25 11:15:00+00:00,0.78146,0.78148,0.78125,0.7814
2026-05-25 11:30:00+00:00,0.78138,0.78142,0.78098,0.78099
2026-05-25 11:45:00+00:00,0.78101,0.78141,0.78098,0.7814
2026-05-25 12:00:00+00:00,0.78137,0.78151,0.78124,0.78131
2026-05-25 12:15:00+00:00,0.78135,0.78139,0.78119,0.78129
2026-05-25 12:30:00+00:00,0.78129,0.78145,0.78095,0.78104
2026-05-25 12:45:00+00:00,0.78105,0.78115,0.78085,0.78113
2026-05-25 13:00:00+00:00,0.7811,0.78148,0.78103,0.78145
2026-05-25 13:15:00+00:00,0.78143,0.78225,0.7814,0.78222
2026-05-25 13:30:00+00:00,0.78215,0.78322,0.78215,0.78292
2026-05-25 13:45:00+00:00,0.78297,0.78324,0.78272,0.78319
2026-05-25 14:00:00+00:00,0.78319,0.7833,0.78302,0.7833
2026-05-25 14:15:00+00:00,0.78326,0.78335,0.78304,0.78314
2026-05-25 14:30:00+00:00,0.78313,0.78332,0.78289,0.783
2026-05-25 14:45:00+00:00,0.78298,0.78314,0.78275,0.78312
2026-05-25 15:00:00+00:00,0.78306,0.78345,0.78285,0.78295
2026-05-25 15:15:00+00:00,0.78289,0.783,0.78257,0.7828
2026-05-25 15:30:00+00:00,0.78276,0.78295,0.78276,0.78278
2026-05-25 15:45:00+00:00,0.78281,0.78295,0.78271,0.78285
2026-05-25 16:00:00+00:00,0.7828,0.78333,0.7828,0.78332
2026-05-25 16:15:00+00:00,0.78327,0.78332,0.78314,0.78327
2026-05-25 16:30:00+00:00,0.78325,0.78346,0.78325,0.78341
2026-05-25 16:45:00+00:00,0.78343,0.78343,0.7831,0.7831
2026-05-25 17:00:00+00:00,0.78311,0.78313,0.78296,0.78297
2026-05-25 17:15:00+00:00,0.78297,0.78304,0.7828,0.78294
2026-05-25 17:30:00+00:00,0.7829,0.7829,0.78267,0.78268
2026-05-25 17:45:00+00:00,0.78269,0.78281,0.78261,0.78272
2026-05-25 18:00:00+00:00,0.7827,0.78278,0.78261,0.78262
2026-05-25 18:15:00+00:00,0.78264,0.78267,0.78258,0.78265
2026-05-25 18:30:00+00:00,0.78263,0.78275,0.78261,0.78274
2026-05-25 18:45:00+00:00,0.78272,0.78272,0.78255,0.7826
2026-05-25 19:00:00+00:00,0.78258,0.7827,0.78256,0.78269
2026-05-25 19:15:00+00:00,0.78267,0.7827,0.78259,0.78264
2026-05-25 19:30:00+00:00,0.78262,0.78267,0.78253,0.78258
2026-05-25 19:45:00+00:00,0.78257,0.78266,0.78257,0.78258
2026-05-25 20:00:00+00:00,0.78259,0.78264,0.78256,0.78258
2026-05-25 20:15:00+00:00,0.78258,0.78273,0.78253,0.78272
2026-05-25 20:30:00+00:00,0.7827,0.78276,0.78262,0.78274
2026-05-25 20:45:00+00:00,0.78273,0.78281,0.78261,0.78262
2026-05-25 21:00:00+00:00,0.78264,0.7831,0.78255,0.78289
2026-05-25 21:15:00+00:00,0.78288,0.78302,0.78276,0.78301
2026-05-25 21:30:00+00:00,0.78297,0.78309,0.7828,0.78289
2026-05-25 21:45:00+00:00,0.78288,0.78315,0.78288,0.7831
2026-05-25 22:00:00+00:00,0.78311,0.7832,0.78278,0.7828
2026-05-25 22:15:00+00:00,0.7828,0.78287,0.78277,0.78283
2026-05-25 22:30:00+00:00,0.78282,0.78292,0.78279,0.78284
2026-05-25 22:45:00+00:00,0.78282,0.78286,0.78278,0.7828
2026-05-25 23:00:00+00:00,0.7828,0.78284,0.78275,0.78277
2026-05-25 23:15:00+00:00,0.78278,0.7829,0.78274,0.78289
2026-05-25 23:30:00+00:00,0.78287,0.78311,0.78287,0.78308
2026-05-25 23:45:00+00:00,0.78306,0.78326,0.78296,0.78319
2026-05-26 00:00:00+00:00,0.78319,0.78351,0.78319,0.7833
2026-05-26 00:15:00+00:00,0.78332,0.7837,0.78331,0.78352
2026-05-26 00:30:00+00:00,0.78354,0.78357,0.7834,0.7835
2026-05-26 00:45:00+00:00,0.78348,0.78355,0.78328,0.78331
2026-05-26 01:00:00+00:00,0.7833,0.78349,0.7833,0.78333
2026-05-26 01:15:00+00:00,0.78334,0.78345,0.78318,0.78339
2026-05-26 01:30:00+00:00,0.78336,0.78384,0.78334,0.78376
2026-05-26 01:45:00+00:00,0.78378,0.7838,0.78352,0.78355
2026-05-26 02:00:00+00:00,0.78354,0.78357,0.7834,0.78354
2026-05-26 02:15:00+00:00,0.7835,0.78366,0.78347,0.78357
2026-05-26 02:30:00+00:00,0.78358,0.7836,0.78348,0.78359
2026-05-26 02:45:00+00:00,0.78353,0.78368,0.78347,0.78356
2026-05-26 03:00:00+00:00,0.78354,0.78354,0.78334,0.78338
2026-05-26 03:15:00+00:00,0.78337,0.7834,0.78304,0.78324
2026-05-26 03:30:00+00:00,0.7832,0.7833,0.78318,0.78326
2026-05-26 03:45:00+00:00,0.78325,0.78332,0.78298,0.78299
2026-05-26 04:00:00+00:00,0.78301,0.78321,0.78297,0.78308
2026-05-26 04:15:00+00:00,0.78307,0.78316,0.78294,0.78314
2026-05-26 04:30:00+00:00,0.78311,0.78325,0.7831,0.78324
2026-05-26 04:45:00+00:00,0.78323,0.78343,0.78317,0.78342
2026-05-26 05:00:00+00:00,0.78339,0.78357,0.78338,0.78346
2026-05-26 05:15:00+00:00,0.78346,0.78368,0.78342,0.78353
2026-05-26 05:30:00+00:00,0.78353,0.7837,0.78348,0.78369
2026-05-26 05:45:00+00:00,0.78367,0.78392,0.78367,0.78391
2026-05-26 06:00:00+00:00,0.78389,0.78405,0.78383,0.78393
2026-05-26 06:15:00+00:00,0.78394,0.78401,0.78337,0.78344
2026-05-26 06:30:00+00:00,0.7836,0.78431,0.7836,0.7843
2026-05-26 06:45:00+00:00,0.78427,0.78506,0.78405,0.78502
2026-05-26 07:00:00+00:00,0.78491,0.7852,0.78454,0.7849
2026-05-26 07:15:00+00:00,0.78488,0.78503,0.78459,0.78489
2026-05-26 07:30:00+00:00,0.78491,0.78502,0.78434,0.78472
2026-05-26 07:45:00+00:00,0.7847,0.78483,0.7843,0.78442
2026-05-26 08:00:00+00:00,0.7844,0.78458,0.78422,0.78436
2026-05-26 08:15:00+00:00,0.78429,0.7845,0.78412,0.78449
2026-05-26 08:30:00+00:00,0.78447,0.78475,0.78431,0.7847
2026-05-26 08:45:00+00:00,0.78463,0.78478,0.78442,0.78464
2026-05-26 09:00:00+00:00,0.7846,0.78473,0.78435,0.78449
2026-05-26 09:15:00+00:00,0.78446,0.78467,0.78436,0.78451
2026-05-26 09:30:00+00:00,0.78449,0.78454,0.78417,0.78426
2026-05-26 09:45:00+00:00,0.78427,0.78439,0.78406,0.78427
2026-05-26 10:00:00+00:00,0.78423,0.78456,0.7842,0.78426
2026-05-26 10:15:00+00:00,0.78427,0.78447,0.78421,0.78423
2026-05-26 10:30:00+00:00,0.78425,0.78451,0.78408,0.78451
2026-05-26 10:45:00+00:00,0.78449,0.78456,0.78422,0.78454
2026-05-26 11:00:00+00:00,0.78453,0.78471,0.78432,0.78437
2026-05-26 11:15:00+00:00,0.78437,0.78469,0.78437,0.78468
2026-05-26 11:30:00+00:00,0.78466,0.78532,0.78454,0.78531
2026-05-26 11:45:00+00:00,0.78528,0.78537,0.7852,0.78535
2026-05-26 12:00:00+00:00,0.78529,0.78545,0.78517,0.78519
2026-05-26 12:15:00+00:00,0.78519,0.78538,0.78502,0.7851
2026-05-26 12:30:00+00:00,0.7851,0.78529,0.78506,0.78514
2026-05-26 12:45:00+00:00,0.78517,0.78523,0.78493,0.78514
2026-05-26 13:00:00+00:00,0.78517,0.7853,0.78497,0.78529
2026-05-26 13:15:00+00:00,0.78525,0.78533,0.78486,0.78522
2026-05-26 13:30:00+00:00,0.78512,0.78534,0.78492,0.78501
2026-05-26 13:45:00+00:00,0.78501,0.78583,0.78485,0.78537
2026-05-26 14:00:00+00:00,0.78536,0.78539,0.78482,0.785
2026-05-26 14:15:00+00:00,0.78498,0.78545,0.78487,0.78528
2026-05-26 14:30:00+00:00,0.78526,0.78526,0.78449,0.78489
2026-05-26 14:45:00+00:00,0.78485,0.78546,0.78482,0.78545
2026-05-26 15:00:00+00:00,0.78543,0.78576,0.78543,0.78555
2026-05-26 15:15:00+00:00,0.78561,0.786,0.78546,0.78586
2026-05-26 15:30:00+00:00,0.78586,0.78646,0.78579,0.78622
2026-05-26 15:45:00+00:00,0.78621,0.78623,0.78598,0.78609
2026-05-26 16:00:00+00:00,0.7861,0.78615,0.7858,0.78589
2026-05-26 16:15:00+00:00,0.78587,0.78592,0.78555,0.78562
2026-05-26 16:30:00+00:00,0.7856,0.7857,0.78534,0.78565
2026-05-26 16:45:00+00:00,0.78566,0.78586,0.78566,0.7858
2026-05-26 17:00:00+00:00,0.7858,0.78588,0.78567,0.78568
2026-05-26 17:15:00+00:00,0.78568,0.78579,0.78562,0.78572
2026-05-26 17:30:00+00:00,0.78563,0.78592,0.78563,0.78591
2026-05-26 17:45:00+00:00,0.78589,0.78606,0.78589,0.78599
2026-05-26 18:00:00+00:00,0.786,0.78602,0.78579,0.78587
2026-05-26 18:15:00+00:00,0.78586,0.78586,0.78575,0.78582
2026-05-26 18:30:00+00:00,0.7858,0.78588,0.78571,0.78586
2026-05-26 18:45:00+00:00,0.78586,0.78586,0.78555,0.78572
2026-05-26 19:00:00+00:00,0.78569,0.7859,0.78569,0.78589
2026-05-26 19:15:00+00:00,0.78586,0.78589,0.78575,0.78577
2026-05-26 19:30:00+00:00,0.78575,0.7858,0.78566,0.78571
2026-05-26 19:45:00+00:00,0.7857,0.78585,0.78559,0.78583
2026-05-26 20:00:00+00:00,0.78581,0.78582,0.78562,0.78566
2026-05-26 20:15:00+00:00,0.78567,0.78577,0.78566,0.78572
2026-05-26 20:30:00+00:00,0.78571,0.78582,0.7857,0.78577
2026-05-26 20:45:00+00:00,0.78576,0.78576,0.78567,0.78572
2026-05-26 21:00:00+00:00,0.78572,0.786,0.78548,0.78591
2026-05-26 21:15:00+00:00,0.78592,0.78596,0.78583,0.78587
2026-05-26 21:30:00+00:00,0.78586,0.78588,0.78575,0.78584
2026-05-26 21:45:00+00:00,0.78582,0.78592,0.78573,0.78588
2026-05-26 22:00:00+00:00,0.78588,0.78597,0.78558,0.78563
2026-05-26 22:15:00+00:00,0.78564,0.78569,0.78546,0.78554
2026-05-26 22:30:00+00:00,0.78549,0.78562,0.78549,0.78554
2026-05-26 22:45:00+00:00,0.78553,0.78558,0.78546,0.78546
2026-05-26 23:00:00+00:00,0.78546,0.78549,0.7854,0.78543
2026-05-26 23:15:00+00:00,0.78544,0.78546,0.78522,0.78528
2026-05-26 23:30:00+00:00,0.78526,0.78527,0.78508,0.7851
2026-05-26 23:45:00+00:00,0.78514,0.78521,0.78499,0.7852
2026-05-27 00:00:00+00:00,0.78519,0.78521,0.78505,0.78505
2026-05-27 00:15:00+00:00,0.78507,0.78515,0.78501,0.78509
2026-05-27 00:30:00+00:00,0.78508,0.78522,0.785,0.78521
2026-05-27 00:45:00+00:00,0.78519,0.7853,0.78502,0.7852
2026-05-27 01:00:00+00:00,0.78522,0.78526,0.78509,0.78517
2026-05-27 01:15:00+00:00,0.78518,0.78542,0.78515,0.7854
2026-05-27 01:30:00+00:00,0.78537,0.7856,0.78535,0.78556
2026-05-27 01:45:00+00:00,0.78554,0.78564,0.78547,0.78558
2026-05-27 02:00:00+00:00,0.78558,0.78559,0.78523,0.78533
2026-05-27 02:15:00+00:00,0.78538,0.78551,0.78533,0.78543
2026-05-27 02:30:00+00:00,0.7854,0.78561,0.78535,0.78553
2026-05-27 02:45:00+00:00,0.78551,0.78568,0.78536,0.78549
2026-05-27 03:00:00+00:00,0.78547,0.78547,0.78506,0.78523
2026-05-27 03:15:00+00:00,0.78524,0.78533,0.78518,0.78527
2026-05-27 03:30:00+00:00,0.78528,0.78548,0.78528,0.78544
2026-05-27 03:45:00+00:00,0.78543,0.78547,0.78529,0.78538
2026-05-27 04:00:00+00:00,0.78536,0.7854,0.78526,0.78527
2026-05-27 04:15:00+00:00,0.78528,0.78534,0.78523,0.78527
2026-05-27 04:30:00+00:00,0.78527,0.7853,0.78516,0.78519
2026-05-27 04:45:00+00:00,0.78518,0.78522,0.78508,0.7852
2026-05-27 05:00:00+00:00,0.78518,0.7852,0.78494,0.7851
2026-05-27 05:15:00+00:00,0.78509,0.78517,0.78505,0.78507
2026-05-27 05:30:00+00:00,0.78508,0.78526,0.78502,0.78526
2026-05-27 05:45:00+00:00,0.78524,0.78535,0.78518,0.78534
2026-05-27 06:00:00+00:00,0.78531,0.78545,0.78527,0.78536
2026-05-27 06:15:00+00:00,0.78534,0.78562,0.78534,0.78555
2026-05-27 06:30:00+00:00,0.78555,0.78577,0.78514,0.78516
2026-05-27 06:45:00+00:00,0.78519,0.78519,0.78469,0.78501
2026-05-27 07:00:00+00:00,0.78499,0.7851,0.78466,0.78509
2026-05-27 07:15:00+00:00,0.78506,0.78507,0.78468,0.78472
2026-05-27 07:30:00+00:00,0.78473,0.78521,0.78462,0.78508
2026-05-27 07:45:00+00:00,0.7851,0.78572,0.7851,0.78571
2026-05-27 08:00:00+00:00,0.78568,0.78574,0.78538,0.78553
2026-05-27 08:15:00+00:00,0.78555,0.78571,0.78549,0.78554
2026-05-27 08:30:00+00:00,0.78554,0.78594,0.78537,0.78579
2026-05-27 08:45:00+00:00,0.78576,0.7862,0.78575,0.78619
2026-05-27 09:00:00+00:00,0.78618,0.78618,0.78592,0.78594
2026-05-27 09:15:00+00:00,0.78597,0.78598,0.78567,0.78573
2026-05-27 09:30:00+00:00,0.78571,0.78594,0.78558,0.78589
2026-05-27 09:45:00+00:00,0.78589,0.78591,0.78538,0.78566
2026-05-27 10:00:00+00:00,0.78561,0.78598,0.78561,0.78581
2026-05-27 10:15:00+00:00,0.78584,0.78629,0.78577,0.78618
2026-05-27 10:30:00+00:00,0.78613,0.78624,0.7859,0.78592
2026-05-27 10:45:00+00:00,0.78595,0.78617,0.78594,0.78604
2026-05-27 11:00:00+00:00,0.78604,0.78646,0.78603,0.78614
2026-05-27 11:15:00+00:00,0.78619,0.78657,0.7861,0.78634
2026-05-27 11:30:00+00:00,0.78634,0.78668,0.78634,0.78645
2026-05-27 11:45:00+00:00,0.78645,0.78671,0.78632,0.78653
2026-05-27 12:00:00+00:00,0.78655,0.78659,0.78631,0.78645
2026-05-27 12:15:00+00:00,0.78647,0.78664,0.78459,0.78472
2026-05-27 12:30:00+00:00,0.78477,0.78477,0.78443,0.78458
2026-05-27 12:45:00+00:00,0.78456,0.78515,0.78453,0.78506
2026-05-27 13:00:00+00:00,0.78489,0.78534,0.78489,0.78522
2026-05-27 13:15:00+00:00,0.78519,0.78561,0.78496,0.78559
2026-05-27 13:30:00+00:00,0.78553,0.78564,0.78521,0.78525
2026-05-27 13:45:00+00:00,0.78525,0.78564,0.78507,0.78557
2026-05-27 14:00:00+00:00,0.78558,0.78577,0.78496,0.78502
2026-05-27 14:15:00+00:00,0.78513,0.78517,0.78462,0.78513
2026-05-27 14:30:00+00:00,0.7851,0.78573,0.78486,0.78523
2026-05-27 14:45:00+00:00,0.78521,0.7868,0.78508,0.78678
2026-05-27 15:00:00+00:00,0.78672,0.78682,0.7863,0.78641
2026-05-27 15:15:00+00:00,0.78646,0.78659,0.78631,0.78643
2026-05-27 15:30:00+00:00,0.78646,0.78675,0.78617,0.78671
2026-05-27 15:45:00+00:00,0.78665,0.78718,0.78665,0.78709
2026-05-27 16:00:00+00:00,0.78702,0.78753,0.78702,0.78716
2026-05-27 16:15:00+00:00,0.78714,0.7872,0.78676,0.78693
2026-05-27 16:30:00+00:00,0.78685,0.78707,0.78669,0.78672
2026-05-27 16:45:00+00:00,0.78673,0.78673,0.78657,0.78661
2026-05-27 17:00:00+00:00,0.78662,0.78738,0.78656,0.78731
2026-05-27 17:15:00+00:00,0.78731,0.78731,0.7871,0.78723
2026-05-27 17:30:00+00:00,0.78721,0.78725,0.78695,0.78705
2026-05-27 17:45:00+00:00,0.78702,0.78709,0.78689,0.78692
2026-05-27 18:00:00+00:00,0.78694,0.78736,0.78694,0.78735
2026-05-27 18:15:00+00:00,0.78733,0.78739,0.78719,0.78724
2026-05-27 18:30:00+00:00,0.78722,0.78724,0.78687,0.7869
2026-05-27 18:45:00+00:00,0.7869,0.78692,0.78659,0.78662
2026-05-27 19:00:00+00:00,0.7867,0.78686,0.78662,0.78679
2026-05-27 19:15:00+00:00,0.78678,0.78684,0.78661,0.78668
2026-05-27 19:30:00+00:00,0.78666,0.78688,0.78663,0.78687
2026-05-27 19:45:00+00:00,0.78685,0.78711,0.78683,0.7871
2026-05-27 20:00:00+00:00,0.78707,0.78709,0.78683,0.78697
2026-05-27 20:15:00+00:00,0.78697,0.78705,0.78693,0.78698
2026-05-27 20:30:00+00:00,0.78694,0.7871,0.78691,0.78709
2026-05-27 20:45:00+00:00,0.78707,0.78717,0.78699,0.78713
2026-05-27 21:00:00+00:00,0.78713,0.78739,0.78652,0.78692
2026-05-27 21:15:00+00:00,0.78693,0.78698,0.7866,0.78661
2026-05-27 21:30:00+00:00,0.78662,0.78694,0.78662,0.7868
2026-05-27 21:45:00+00:00,0.78679,0.7868,0.78665,0.78669
2026-05-27 22:00:00+00:00,0.7867,0.78702,0.78667,0.78686
2026-05-27 22:15:00+00:00,0.78688,0.78695,0.78687,0.78693
2026-05-27 22:30:00+00:00,0.7869,0.78702,0.78687,0.78697
2026-05-27 22:45:00+00:00,0.78695,0.7871,0.78695,0.78708
2026-05-27 23:00:00+00:00,0.78707,0.7871,0.78697,0.78704
2026-05-27 23:15:00+00:00,0.78704,0.78754,0.78696,0.78753
2026-05-27 23:30:00+00:00,0.7875,0.78776,0.7875,0.78768
2026-05-27 23:45:00+00:00,0.78766,0.788,0.78762,0.78791
2026-05-28 00:00:00+00:00,0.78788,0.78803,0.78785,0.78797
2026-05-28 00:15:00+00:00,0.78796,0.78796,0.78766,0.78781
2026-05-28 00:30:00+00:00,0.78783,0.788,0.78777,0.78786
2026-05-28 00:45:00+00:00,0.78786,0.78808,0.78786,0.7879
2026-05-28 01:00:00+00:00,0.78796,0.7881,0.78783,0.788
2026-05-28 01:15:00+00:00,0.78798,0.78812,0.78796,0.7881
2026-05-28 01:30:00+00:00,0.78808,0.78837,0.78803,0.78835
2026-05-28 01:45:00+00:00,0.78833,0.78871,0.78822,0.78869
2026-05-28 02:00:00+00:00,0.78868,0.78872,0.78847,0.78848
2026-05-28 02:15:00+00:00,0.78848,0.78854,0.78824,0.78825
2026-05-28 02:30:00+00:00,0.78825,0.78849,0.78815,0.78849
2026-05-28 02:45:00+00:00,0.78847,0.78862,0.78845,0.78851
2026-05-28 03:00:00+00:00,0.78852,0.78882,0.78844,0.78879
2026-05-28 03:15:00+00:00,0.78875,0.78934,0.78875,0.78921
2026-05-28 03:30:00+00:00,0.78923,0.78994,0.78921,0.78992
2026-05-28 03:45:00+00:00,0.7899,0.78993,0.78985,0.78991
2026-05-28 04:00:00+00:00,0.7899,0.78994,0.78973,0.78974
2026-05-28 04:15:00+00:00,0.78976,0.78991,0.7896,0.78985
2026-05-28 04:30:00+00:00,0.78984,0.78988,0.78951,0.78962
2026-05-28 04:45:00+00:00,0.78961,0.78971,0.78955,0.78962
2026-05-28 05:00:00+00:00,0.78961,0.78966,0.78943,0.78963
2026-05-28 05:15:00+00:00,0.78962,0.78962,0.78925,0.78927
2026-05-28 05:30:00+00:00,0.78927,0.78928,0.78879,0.78887
2026-05-28 05:45:00+00:00,0.78884,0.7889,0.7886,0.78872
2026-05-28 06:00:00+00:00,0.7887,0.78886,0.78853,0.78856
2026-05-28 06:15:00+00:00,0.78861,0.78861,0.78805,0.78807
2026-05-28 06:30:00+00:00,0.78814,0.78824,0.78778,0.78797
2026-05-28 06:45:00+00:00,0.78793,0.78797,0.78761,0.78762
2026-05-28 07:00:00+00:00,0.78761,0.78787,0.78741,0.78759
2026-05-28 07:15:00+00:00,0.78758,0.78789,0.78752,0.78777
2026-05-28 07:30:00+00:00,0.78781,0.78829,0.78777,0.78817
2026-05-28 07:45:00+00:00,0.78819,0.78828,0.78795,0.78828
2026-05-28 08:00:00+00:00,0.78826,0.7888,0.78818,0.78874
2026-05-28 08:15:00+00:00,0.7886,0.7892,0.7886,0.78917
2026-05-28 08:30:00+00:00,0.78911,0.78923,0.78889,0.78919
2026-05-28 08:45:00+00:00,0.78919,0.7893,0.78891,0.78896
2026-05-28 09:00:00+00:00,0.78898,0.78901,0.78834,0.78837
2026-05-28 09:15:00+00:00,0.78842,0.78882,0.78831,0.7888
2026-05-28 09:30:00+00:00,0.78878,0.78913,0.78866,0.78905
2026-05-28 09:45:00+00:00,0.78901,0.78921,0.78895,0.78921
2026-05-28 10:00:00+00:00,0.7892,0.78974,0.78917,0.78956
2026-05-28 10:15:00+00:00,0.78954,0.78963,0.78926,0.78938
2026-05-28 10:30:00+00:00,0.7894,0.78986,0.78928,0.78984
2026-05-28 10:45:00+00:00,0.78981,0.78988,0.78955,0.78976
2026-05-28 11:00:00+00:00,0.7897,0.78984,0.78951,0.78955
2026-05-28 11:15:00+00:00,0.78959,0.78959,0.7893,0.78931
2026-05-28 11:30:00+00:00,0.78932,0.78953,0.78912,0.78921
2026-05-28 11:45:00+00:00,0.78923,0.78942,0.78874,0.78875
2026-05-28 12:00:00+00:00,0.78877,0.78914,0.78875,0.78883
2026-05-28 12:15:00+00:00,0.78886,0.78886,0.78821,0.78826
2026-05-28 12:30:00+00:00,0.78825,0.78825,0.78721,0.78736
2026-05-28 12:45:00+00:00,0.7873,0.7874,0.7867,0.78694
2026-05-28 13:00:00+00:00,0.78696,0.78715,0.78637,0.78712
2026-05-28 13:15:00+00:00,0.7871,0.7873,0.78684,0.78692
2026-05-28 13:30:00+00:00,0.7869,0.78691,0.78656,0.78661
2026-05-28 13:45:00+00:00,0.78667,0.78735,0.78638,0.78719
2026-05-28 14:00:00+00:00,0.78721,0.78756,0.78542,0.7857
2026-05-28 14:15:00+00:00,0.78634,0.78634,0.78504,0.78551
2026-05-28 14:30:00+00:00,0.78547,0.78575,0.78491,0.78506
2026-05-28 14:45:00+00:00,0.78507,0.78539,0.78486,0.7849
2026-05-28 15:00:00+00:00,0.78491,0.78496,0.7842,0.78427
2026-05-28 15:15:00+00:00,0.78426,0.78457,0.78417,0.78433
2026-05-28 15:30:00+00:00,0.78431,0.78444,0.78414,0.78431
2026-05-28 15:45:00+00:00,0.78431,0.78455,0.78424,0.78452
2026-05-28 16:00:00+00:00,0.78448,0.78475,0.78436,0.78449
2026-05-28 16:15:00+00:00,0.78447,0.7845,0.78372,0.78381
2026-05-28 16:30:00+00:00,0.78379,0.78392,0.7836,0.78371
2026-05-28 16:45:00+00:00,0.78372,0.7839,0.78357,0.78363
2026-05-28 17:00:00+00:00,0.78362,0.78398,0.78357,0.7839
2026-05-28 17:15:00+00:00,0.78388,0.78401,0.78386,0.784
2026-05-28 17:30:00+00:00,0.78398,0.78405,0.78381,0.78391
2026-05-28 17:45:00+00:00,0.78391,0.78398,0.7837,0.78376
2026-05-28 18:00:00+00:00,0.78374,0.78407,0.78345,0.78364
2026-05-28 18:15:00+00:00,0.78366,0.78393,0.78331,0.78392
2026-05-28 18:30:00+00:00,0.78387,0.78417,0.78387,0.78414
2026-05-28 18:45:00+00:00,0.78412,0.78413,0.78398,0.7841
2026-05-28 19:00:00+00:00,0.78405,0.78431,0.78397,0.78408
2026-05-28 19:15:00+00:00,0.78406,0.78406,0.78389,0.78395
2026-05-28 19:30:00+00:00,0.78394,0.78394,0.7837,0.78371
2026-05-28 19:45:00+00:00,0.78371,0.78396,0.78357,0.78389
2026-05-28 20:00:00+00:00,0.78387,0.78414,0.78373,0.78392
2026-05-28 20:15:00+00:00,0.78391,0.78401,0.78386,0.784
2026-05-28 20:30:00+00:00,0.78399,0.78402,0.7839,0.784
2026-05-28 20:45:00+00:00,0.78398,0.78406,0.78394,0.78397
2026-05-28 21:00:00+00:00,0.784,0.78466,0.78353,0.78381
2026-05-28 21:15:00+00:00,0.78383,0.784,0.78374,0.78399
2026-05-28 21:30:00+00:00,0.78395,0.78403,0.78386,0.78398
2026-05-28 21:45:00+00:00,0.78396,0.78402,0.78386,0.784
2026-05-28 22:00:00+00:00,0.784,0.78408,0.7837,0.78377
2026-05-28 22:15:00+00:00,0.78378,0.78382,0.78375,0.78379
2026-05-28 22:30:00+00:00,0.78378,0.78393,0.78374,0.78391
2026-05-28 22:45:00+00:00,0.78389,0.78397,0.78383,0.78396
2026-05-28 23:00:00+00:00,0.78393,0.78411,0.78377,0.78383
2026-05-28 23:15:00+00:00,0.78384,0.78388,0.78379,0.7838
2026-05-28 23:30:00+00:00,0.78379,0.78392,0.78379,0.78391
2026-05-28 23:45:00+00:00,0.78389,0.78392,0.78376,0.78386
2026-05-29 00:00:00+00:00,0.78386,0.78388,0.78365,0.78378
2026-05-29 00:15:00+00:00,0.7838,0.78388,0.78364,0.7837
2026-05-29 00:30:00+00:00,0.78368,0.78391,0.78368,0.78382
2026-05-29 00:45:00+00:00,0.78381,0.78397,0.78372,0.78396
2026-05-29 01:00:00+00:00,0.78394,0.78394,0.78325,0.78325
2026-05-29 01:15:00+00:00,0.78326,0.78333,0.78315,0.78317
2026-05-29 01:30:00+00:00,0.78319,0.78365,0.78319,0.78355
2026-05-29 01:45:00+00:00,0.78356,0.78406,0.78354,0.78404
2026-05-29 02:00:00+00:00,0.78403,0.78407,0.78384,0.78388
2026-05-29 02:15:00+00:00,0.78389,0.78401,0.78381,0.78397
2026-05-29 02:30:00+00:00,0.78397,0.78401,0.78376,0.78378
2026-05-29 02:45:00+00:00,0.78376,0.78409,0.7837,0.78406
2026-05-29 03:00:00+00:00,0.78404,0.78436,0.78404,0.78434
2026-05-29 03:15:00+00:00,0.78433,0.78447,0.78427,0.78446
2026-05-29 03:30:00+00:00,0.78445,0.7846,0.78429,0.78451
2026-05-29 03:45:00+00:00,0.78452,0.78459,0.78439,0.78457
2026-05-29 04:00:00+00:00,0.78456,0.78456,0.78427,0.78431
2026-05-29 04:15:00+00:00,0.78431,0.78441,0.78426,0.78436
2026-05-29 04:30:00+00:00,0.78436,0.78445,0.78417,0.78419
2026-05-29 04:45:00+00:00,0.78424,0.7843,0.78413,0.78419
2026-05-29 05:00:00+00:00,0.78418,0.78419,0.78397,0.78399
2026-05-29 05:15:00+00:00,0.78399,0.78405,0.78386,0.78398
2026-05-29 05:30:00+00:00,0.78397,0.78412,0.78395,0.78404
2026-05-29 05:45:00+00:00,0.78405,0.7841,0.7839,0.78395
2026-05-29 06:00:00+00:00,0.78393,0.78393,0.78361,0.78371
2026-05-29 06:15:00+00:00,0.78373,0.78382,0.78359,0.78373
2026-05-29 06:30:00+00:00,0.78376,0.784,0.78366,0.78369
2026-05-29 06:45:00+00:00,0.78373,0.78375,0.78332,0.78335
2026-05-29 07:00:00+00:00,0.7834,0.78369,0.78326,0.78361
2026-05-29 07:15:00+00:00,0.7836,0.78405,0.78345,0.78401
2026-05-29 07:30:00+00:00,0.78399,0.78425,0.78378,0.78394
2026-05-29 07:45:00+00:00,0.78401,0.78401,0.78368,0.78378
2026-05-29 08:00:00+00:00,0.78376,0.78441,0.78367,0.78438
2026-05-29 08:15:00+00:00,0.78436,0.78446,0.78417,0.78419
2026-05-29 08:30:00+00:00,0.78422,0.78425,0.78395,0.78423
2026-05-29 08:45:00+00:00,0.78418,0.78476,0.78418,0.78443
2026-05-29 09:00:00+00:00,0.7845,0.7845,0.78382,0.78398
2026-05-29 09:15:00+00:00,0.78394,0.78394,0.78365,0.78377
2026-05-29 09:30:00+00:00,0.78379,0.78422,0.78363,0.78421
2026-05-29 09:45:00+00:00,0.78419,0.78421,0.78351,0.78356
2026-05-29 10:00:00+00:00,0.78365,0.7838,0.78333,0.78343
2026-05-29 10:15:00+00:00,0.78343,0.78343,0.78319,0.78329
2026-05-29 10:30:00+00:00,0.78331,0.78331,0.78298,0.7832
2026-05-29 10:45:00+00:00,0.78318,0.78328,0.78284,0.78289
2026-05-29 11:00:00+00:00,0.78298,0.78298,0.78246,0.78281
2026-05-29 11:15:00+00:00,0.78284,0.78292,0.78267,0.78282
2026-05-29 11:30:00+00:00,0.78281,0.78281,0.78228,0.7823
2026-05-29 11:45:00+00:00,0.78235,0.78282,0.78219,0.78222
2026-05-29 12:00:00+00:00,0.78227,0.78251,0.78192,0.78201
2026-05-29 12:15:00+00:00,0.78219,0.78223,0.78183,0.7821
2026-05-29 12:30:00+00:00,0.78213,0.78229,0.78181,0.78214
2026-05-29 12:45:00+00:00,0.78214,0.78214,0.78151,0.78153
2026-05-29 13:00:00+00:00,0.78157,0.78193,0.78109,0.78191
2026-05-29 13:15:00+00:00,0.78182,0.78198,0.78137,0.78172
2026-05-29 13:30:00+00:00,0.78167,0.78167,0.78102,0.78124
2026-05-29 13:45:00+00:00,0.78122,0.78139,0.78108,0.78122
2026-05-29 14:00:00+00:00,0.78125,0.78189,0.78125,0.78188
2026-05-29 14:15:00+00:00,0.78184,0.78208,0.78175,0.78197
2026-05-29 14:30:00+00:00,0.78199,0.78279,0.78197,0.78265
2026-05-29 14:45:00+00:00,0.78262,0.78275,0.77955,0.78134
2026-05-29 15:00:00+00:00,0.78106,0.78186,0.78106,0.78168
2026-05-29 15:15:00+00:00,0.78167,0.78202,0.78121,0.78163
2026-05-29 15:30:00+00:00,0.78158,0.78164,0.78089,0.78141
2026-05-29 15:45:00+00:00,0.78136,0.78153,0.78113,0.78121
2026-05-29 16:00:00+00:00,0.7812,0.78178,0.78112,0.78176
2026-05-29 16:15:00+00:00,0.7817,0.78183,0.78153,0.78168
2026-05-29 16:30:00+00:00,0.78169,0.78169,0.78135,0.78152
2026-05-29 16:45:00+00:00,0.78146,0.78173,0.78145,0.78146
2026-05-29 17:00:00+00:00,0.78148,0.7816,0.78138,0.78159
2026-05-29 17:15:00+00:00,0.78157,0.78189,0.78153,0.78186
2026-05-29 17:30:00+00:00,0.78185,0.78209,0.78179,0.78206
2026-05-29 17:45:00+00:00,0.782,0.78245,0.78196,0.78242
2026-05-29 18:00:00+00:00,0.78237,0.78257,0.78195,0.78198
2026-05-29 18:15:00+00:00,0.78202,0.78202,0.78143,0.78156
2026-05-29 18:30:00+00:00,0.78151,0.7816,0.78095,0.78131
2026-05-29 18:45:00+00:00,0.78126,0.78159,0.78073,0.78096
2026-05-29 19:00:00+00:00,0.78088,0.78116,0.78023,0.78027
2026-05-29 19:15:00+00:00,0.78026,0.7805,0.78004,0.78036
2026-05-29 19:30:00+00:00,0.78034,0.78035,0.78002,0.78012
2026-05-29 19:45:00+00:00,0.7801,0.78057,0.78008,0.78055
2026-05-29 20:00:00+00:00,0.78051,0.78095,0.78045,0.78093
2026-05-29 20:15:00+00:00,0.78088,0.78112,0.78086,0.78111
2026-05-29 20:30:00+00:00,0.78108,0.78125,0.78106,0.78112
2026-05-29 20:45:00+00:00,0.7811,0.78121,0.78102,0.78103
2026-05-29 21:00:00+00:00,0.78105,0.78146,0.78066,0.7812
2026-05-29 21:15:00+00:00,0.78121,0.78123,0.78112,0.7812
2026-05-29 21:30:00+00:00,0.78118,0.78127,0.78113,0.78125
2026-05-29 21:45:00+00:00,0.78123,0.78131,0.78112,0.78119
2026-05-29 22:00:00+00:00,0.78119,0.78222,0.78096,0.78119
2026-05-29 22:15:00+00:00,0.78118,0.78122,0.78113,0.78115
2026-05-29 22:30:00+00:00,0.78116,0.78122,0.78113,0.78122
2026-05-29 22:45:00+00:00,0.78119,0.78123,0.78112,0.78116
2026-05-29 23:00:00+00:00,0.78117,0.78187,0.78104,0.7812
2026-05-29 23:15:00+00:00,0.78119,0.78123,0.78113,0.78116
2026-05-29 23:30:00+00:00,0.78116,0.78123,0.78114,0.78122
2026-05-29 23:45:00+00:00,0.7812,0.78123,0.78113,0.78116
2026-05-30 00:00:00+00:00,0.78116,0.78121,0.781,0.781
2026-05-30 00:15:00+00:00,0.781,0.78105,0.78099,0.78101
2026-05-30 00:30:00+00:00,0.78101,0.78104,0.78099,0.78102
2026-05-30 00:45:00+00:00,0.781,0.78104,0.78099,0.78101
2026-05-30 01:00:00+00:00,0.781,0.78103,0.78099,0.781
2026-05-30 01:15:00+00:00,0.781,0.78106,0.78098,0.781
2026-05-30 01:30:00+00:00,0.781,0.78107,0.78099,0.78103
2026-05-30 01:45:00+00:00,0.78101,0.78104,0.78099,0.78101
2026-05-30 02:00:00+00:00,0.781,0.78105,0.78099,0.781
2026-05-30 02:15:00+00:00,0.781,0.78104,0.78099,0.781
2026-05-30 02:30:00+00:00,0.781,0.78104,0.78099,0.78101
2026-05-30 02:45:00+00:00,0.781,0.78105,0.78098,0.78102
2026-05-30 03:00:00+00:00,0.78101,0.78103,0.78099,0.781
2026-05-30 03:15:00+00:00,0.781,0.78107,0.78099,0.781
2026-05-30 03:30:00+00:00,0.781,0.78104,0.78099,0.78101
2026-05-30 03:45:00+00:00,0.781,0.78105,0.78099,0.78102
2026-05-30 04:00:00+00:00,0.781,0.78105,0.78098,0.78101
2026-05-30 04:15:00+00:00,0.78101,0.78104,0.78099,0.781
2026-05-30 04:30:00+00:00,0.781,0.78105,0.78099,0.78101
2026-05-30 04:45:00+00:00,0.781,0.78104,0.78099,0.78102
2026-05-30 05:00:00+00:00,0.781,0.78107,0.78099,0.781
2026-05-30 05:15:00+00:00,0.781,0.78104,0.78099,0.781
2026-05-30 05:30:00+00:00,0.78101,0.78104,0.78099,0.78102
2026-05-30 05:45:00+00:00,0.781,0.78104,0.78099,0.78102
2026-05-30 06:00:00+00:00,0.781,0.78104,0.78099,0.78101
2026-05-30 06:15:00+00:00,0.781,0.78105,0.78099,0.78099
2026-05-30 06:30:00+00:00,0.781,0.78107,0.78096,0.78102
2026-05-30 06:45:00+00:00,0.78102,0.78104,0.78099,0.78102
2026-05-30 07:00:00+00:00,0.781,0.78104,0.78099,0.78101
2026-05-30 07:15:00+00:00,0.781,0.78104,0.78099,0.781
2026-05-30 07:30:00+00:00,0.781,0.78105,0.78099,0.781
2026-05-30 07:45:00+00:00,0.781,0.78103,0.78099,0.78103
2026-05-30 08:00:00+00:00,0.78101,0.78104,0.78099,0.78101
2026-05-30 08:15:00+00:00,0.781,0.78107,0.78096,0.781
2026-05-30 08:30:00+00:00,0.781,0.78104,0.78093,0.781
2026-05-30 08:45:00+00:00,0.781,0.78104,0.78099,0.78101
2026-05-30 09:00:00+00:00,0.781,0.78105,0.78099,0.78103
2026-05-30 09:15:00+00:00,0.78101,0.78103,0.78093,0.781
2026-05-30 09:30:00+00:00,0.781,0.78104,0.78099,0.781
2026-05-30 09:45:00+00:00,0.781,0.78104,0.78099,0.78101
2026-05-30 10:00:00+00:00,0.781,0.78107,0.78096,0.78102
2026-05-30 10:15:00+00:00,0.781,0.78104,0.78099,0.78102
2026-05-30 10:30:00+00:00,0.78101,0.78104,0.78099,0.78099
2026-05-30 10:45:00+00:00,0.781,0.78106,0.78098,0.78101
2026-05-30 11:00:00+00:00,0.781,0.78104,0.78099,0.78102
2026-05-30 11:15:00+00:00,0.781,0.78104,0.78094,0.78101
2026-05-30 11:30:00+00:00,0.781,0.78107,0.78099,0.78106
2026-05-30 11:45:00+00:00,0.78104,0.78105,0.78099,0.78102
2026-05-30 12:00:00+00:00,0.781,0.78103,0.78098,0.78101
2026-05-30 12:15:00+00:00,0.781,0.78103,0.78099,0.78101
2026-05-30 12:30:00+00:00,0.781,0.78103,0.78098,0.78099
2026-05-30 12:45:00+00:00,0.781,0.78103,0.78098,0.78098
2026-05-30 13:00:00+00:00,0.78099,0.78103,0.78098,0.78101
2026-05-30 13:15:00+00:00,0.781,0.78104,0.78098,0.78101
2026-05-30 13:30:00+00:00,0.781,0.78104,0.78099,0.781
2026-05-30 13:45:00+00:00,0.781,0.78104,0.78098,0.781
2026-05-30 14:00:00+00:00,0.781,0.78103,0.78098,0.781
2026-05-30 14:15:00+00:00,0.78099,0.78103,0.78098,0.78101
2026-05-30 14:30:00+00:00,0.78099,0.78103,0.78097,0.78099
2026-05-30 14:45:00+00:00,0.781,0.78103,0.78098,0.78099
2026-05-30 15:00:00+00:00,0.781,0.78104,0.78099,0.78102
2026-05-30 15:15:00+00:00,0.781,0.78104,0.78098,0.781
2026-05-30 15:30:00+00:00,0.78099,0.78103,0.78099,0.781
2026-05-30 15:45:00+00:00,0.781,0.78103,0.78097,0.78099
2026-05-30 16:00:00+00:00,0.78099,0.78108,0.78099,0.78101
2026-05-30 16:15:00+00:00,0.781,0.78103,0.78098,0.78101
2026-05-30 16:30:00+00:00,0.781,0.78103,0.78099,0.781
2026-05-30 16:45:00+00:00,0.781,0.78104,0.78099,0.781
2026-05-30 17:00:00+00:00,0.781,0.78112,0.78099,0.78103
2026-05-30 17:15:00+00:00,0.78101,0.78104,0.781,0.78103
2026-05-30 17:30:00+00:00,0.78101,0.78107,0.78092,0.78099
2026-05-30 17:45:00+00:00,0.78098,0.78102,0.78097,0.78098
2026-05-30 18:00:00+00:00,0.78099,0.78109,0.78089,0.78105
2026-05-30 18:15:00+00:00,0.78103,0.78106,0.781,0.78104
2026-05-30 18:30:00+00:00,0.78102,0.78105,0.781,0.78102
2026-05-30 18:45:00+00:00,0.78101,0.78103,0.78098,0.78099
2026-05-30 19:00:00+00:00,0.781,0.7811,0.78092,0.78101
2026-05-30 19:15:00+00:00,0.78101,0.78103,0.78098,0.78101
2026-05-30 19:30:00+00:00,0.78099,0.78103,0.78098,0.781
2026-05-30 19:45:00+00:00,0.78099,0.78103,0.78098,0.78099
2026-05-30 20:00:00+00:00,0.78099,0.7811,0.78098,0.78104
2026-05-30 20:15:00+00:00,0.78104,0.78107,0.78099,0.78102
2026-05-30 20:30:00+00:00,0.78101,0.78103,0.78098,0.78101
2026-05-30 20:45:00+00:00,0.78099,0.78103,0.78098,0.78098
2026-05-30 21:00:00+00:00,0.78098,0.78109,0.78091,0.78105
2026-05-30 21:15:00+00:00,0.78106,0.78107,0.781,0.78102
2026-05-30 21:30:00+00:00,0.78101,0.78105,0.781,0.78103
2026-05-30 21:45:00+00:00,0.78101,0.78108,0.78099,0.78105
2026-05-30 22:00:00+00:00,0.78105,0.78114,0.78098,0.78099
2026-05-30 22:15:00+00:00,0.781,0.78103,0.78091,0.78101
2026-05-30 22:30:00+00:00,0.781,0.78103,0.78097,0.78101
2026-05-30 22:45:00+00:00,0.781,0.78103,0.78099,0.781
2026-05-30 23:00:00+00:00,0.781,0.78109,0.78095,0.78105
2026-05-30 23:15:00+00:00,0.78106,0.78109,0.78102,0.78103
2026-05-30 23:30:00+00:00,0.78103,0.78104,0.78099,0.78102
2026-05-30 23:45:00+00:00,0.781,0.78104,0.78098,0.78101
2026-05-31 00:00:00+00:00,0.781,0.78103,0.78099,0.78099
2026-05-31 00:15:00+00:00,0.781,0.78103,0.78097,0.781
2026-05-31 00:30:00+00:00,0.781,0.78103,0.78098,0.78101
2026-05-31 00:45:00+00:00,0.78099,0.78103,0.78098,0.781
2026-05-31 01:00:00+00:00,0.78099,0.78102,0.78091,0.78098
2026-05-31 01:15:00+00:00,0.78099,0.78102,0.78098,0.78099
2026-05-31 01:30:00+00:00,0.78099,0.78101,0.78096,0.78099
2026-05-31 01:45:00+00:00,0.78097,0.78101,0.78095,0.78097
2026-05-31 02:00:00+00:00,0.78096,0.781,0.78095,0.78096
2026-05-31 02:15:00+00:00,0.78096,0.78104,0.78094,0.781
2026-05-31 02:30:00+00:00,0.78101,0.78104,0.78099,0.78101
2026-05-31 02:45:00+00:00,0.781,0.78104,0.78099,0.78101
2026-05-31 03:00:00+00:00,0.781,0.78103,0.78098,0.78099
2026-05-31 03:15:00+00:00,0.78099,0.78103,0.78099,0.781
2026-05-31 03:30:00+00:00,0.781,0.78103,0.78098,0.78101
2026-05-31 03:45:00+00:00,0.781,0.78104,0.78093,0.78101
2026-05-31 04:00:00+00:00,0.781,0.78103,0.78097,0.78099
2026-05-31 04:15:00+00:00,0.78099,0.78104,0.78099,0.781
2026-05-31 04:30:00+00:00,0.78101,0.78104,0.78099,0.78102
2026-05-31 04:45:00+00:00,0.781,0.78104,0.78098,0.78101
2026-05-31 05:00:00+00:00,0.78099,0.78103,0.78098,0.781
2026-05-31 05:15:00+00:00,0.781,0.78103,0.78098,0.78099
2026-05-31 05:30:00+00:00,0.781,0.78103,0.78097,0.78099
2026-05-31 05:45:00+00:00,0.78099,0.78103,0.78098,0.78101
2026-05-31 06:00:00+00:00,0.781,0.78104,0.78099,0.78102
2026-05-31 06:15:00+00:00,0.78101,0.78104,0.781,0.781
2026-05-31 06:30:00+00:00,0.78101,0.78102,0.78091,0.78094
2026-05-31 06:45:00+00:00,0.78094,0.781,0.78094,0.78097
2026-05-31 07:00:00+00:00,0.78095,0.78099,0.78094,0.78096
2026-05-31 07:15:00+00:00,0.78095,0.78099,0.78093,0.78094
2026-05-31 07:30:00+00:00,0.78095,0.78102,0.78093,0.78099
2026-05-31 07:45:00+00:00,0.78099,0.78104,0.78099,0.78102
2026-05-31 08:00:00+00:00,0.781,0.78107,0.78099,0.78103
2026-05-31 08:15:00+00:00,0.78101,0.78104,0.781,0.78101
2026-05-31 08:30:00+00:00,0.78101,0.78103,0.78092,0.78095
2026-05-31 08:45:00+00:00,0.78096,0.78099,0.78095,0.78097
2026-05-31 09:00:00+00:00,0.78096,0.78098,0.78094,0.78096
2026-05-31 09:15:00+00:00,0.78095,0.78098,0.78094,0.78094
2026-05-31 09:30:00+00:00,0.78094,0.78098,0.78093,0.78094
2026-05-31 09:45:00+00:00,0.78094,0.78097,0.78092,0.78095
2026-05-31 10:00:00+00:00,0.78094,0.78097,0.78092,0.78095
2026-05-31 10:15:00+00:00,0.78094,0.781,0.7809,0.78098
2026-05-31 10:30:00+00:00,0.78097,0.78099,0.78089,0.78091
2026-05-31 10:45:00+00:00,0.78092,0.78099,0.7809,0.78097
2026-05-31 11:00:00+00:00,0.78096,0.78099,0.78095,0.78098
2026-05-31 11:15:00+00:00,0.78096,0.78102,0.78095,0.781
2026-05-31 11:30:00+00:00,0.78099,0.78105,0.78098,0.78101
2026-05-31 11:45:00+00:00,0.78102,0.78105,0.781,0.78102
2026-05-31 12:00:00+00:00,0.78102,0.78107,0.78099,0.78105
2026-05-31 12:15:00+00:00,0.78104,0.78107,0.78103,0.78105
2026-05-31 12:30:00+00:00,0.78104,0.78105,0.78097,0.78099
2026-05-31 12:45:00+00:00,0.78099,0.78105,0.78098,0.78102
2026-05-31 13:00:00+00:00,0.78102,0.78108,0.78099,0.78106
2026-05-31 13:15:00+00:00,0.78105,0.78108,0.78102,0.78106
2026-05-31 13:30:00+00:00,0.78105,0.78108,0.78104,0.78104
2026-05-31 13:45:00+00:00,0.78105,0.7811,0.78103,0.78106
2026-05-31 14:00:00+00:00,0.78106,0.78111,0.781,0.78103
2026-05-31 14:15:00+00:00,0.78101,0.78104,0.78099,0.78101
2026-05-31 14:30:00+00:00,0.781,0.78106,0.781,0.78102
2026-05-31 14:45:00+00:00,0.78102,0.78109,0.78099,0.78105
2026-05-31 15:00:00+00:00,0.78106,0.7811,0.78105,0.78108
2026-05-31 15:15:00+00:00,0.78107,0.78113,0.78096,0.78104
2026-05-31 15:30:00+00:00,0.78102,0.78106,0.78101,0.78102
2026-05-31 15:45:00+00:00,0.78102,0.78106,0.781,0.78101
2026-05-31 16:00:00+00:00,0.78101,0.7811,0.78099,0.78101
2026-05-31 16:15:00+00:00,0.781,0.78106,0.78098,0.78103
2026-05-31 16:30:00+00:00,0.78102,0.78105,0.78099,0.78103
2026-05-31 16:45:00+00:00,0.78103,0.78106,0.781,0.781
2026-05-31 17:00:00+00:00,0.78101,0.7811,0.78097,0.78102
2026-05-31 17:15:00+00:00,0.781,0.78103,0.78099,0.78102
2026-05-31 17:30:00+00:00,0.781,0.78105,0.78098,0.78101
2026-05-31 17:45:00+00:00,0.781,0.78104,0.78099,0.78101
2026-05-31 18:00:00+00:00,0.78101,0.78109,0.78099,0.781
2026-05-31 18:15:00+00:00,0.781,0.78105,0.78099,0.78102
2026-05-31 18:30:00+00:00,0.781,0.78104,0.78099,0.78101
2026-05-31 18:45:00+00:00,0.781,0.78146,0.78099,0.78122
2026-05-31 19:00:00+00:00,0.78128,0.78128,0.78101,0.78106
2026-05-31 19:15:00+00:00,0.78107,0.7813,0.78104,0.78127
2026-05-31 19:30:00+00:00,0.78125,0.78176,0.78104,0.78142
2026-05-31 19:45:00+00:00,0.78145,0.78156,0.78101,0.78102
2026-05-31 20:00:00+00:00,0.78103,0.78151,0.78097,0.78132
2026-05-31 20:15:00+00:00,0.78133,0.78152,0.7813,0.78142
2026-05-31 20:30:00+00:00,0.7814,0.78153,0.78127,0.78146
2026-05-31 20:45:00+00:00,0.78144,0.78149,0.78116,0.78118
2026-05-31 21:00:00+00:00,0.78119,0.78149,0.78105,0.78144
2026-05-31 21:15:00+00:00,0.78139,0.78157,0.78121,0.78138
2026-05-31 21:30:00+00:00,0.78134,0.78156,0.78134,0.78154
2026-05-31 21:45:00+00:00,0.78153,0.78171,0.78147,0.78164
2026-05-31 22:00:00+00:00,0.78161,0.78198,0.78152,0.78169
2026-05-31 22:15:00+00:00,0.78171,0.78175,0.78154,0.78162
2026-05-31 22:30:00+00:00,0.78161,0.78172,0.78161,0.78168
2026-05-31 22:45:00+00:00,0.78167,0.78167,0.78156,0.78159
2026-05-31 23:00:00+00:00,0.78159,0.78169,0.78148,0.78156
2026-05-31 23:15:00+00:00,0.78157,0.78162,0.78148,0.78149
2026-05-31 23:30:00+00:00,0.7815,0.7817,0.78144,0.78168
2026-05-31 23:45:00+00:00,0.78166,0.78192,0.78162,0.78189
2026-06-01 00:00:00+00:00,0.78186,0.78256,0.78186,0.78253
2026-06-01 00:15:00+00:00,0.78253,0.78279,0.78233,0.78269
2026-06-01 00:30:00+00:00,0.7827,0.78288,0.78265,0.78281
2026-06-01 00:45:00+00:00,0.78282,0.78286,0.78266,0.78267
2026-06-01 01:00:00+00:00,0.78267,0.78296,0.78267,0.78289
2026-06-01 01:15:00+00:00,0.78289,0.783,0.78275,0.78289
2026-06-01 01:30:00+00:00,0.78289,0.78299,0.78279,0.78294
2026-06-01 01:45:00+00:00,0.78294,0.78315,0.78289,0.78314
2026-06-01 02:00:00+00:00,0.7831,0.78325,0.78299,0.78312
2026-06-01 02:15:00+00:00,0.78313,0.7833,0.78303,0.78328
2026-06-01 02:30:00+00:00,0.78325,0.78339,0.78317,0.7832
2026-06-01 02:45:00+00:00,0.78321,0.7833,0.78312,0.78314
2026-06-01 03:00:00+00:00,0.78317,0.78317,0.78278,0.78304
2026-06-01 03:15:00+00:00,0.78301,0.7833,0.78301,0.78302
2026-06-01 03:30:00+00:00,0.78304,0.78337,0.78289,0.78335
2026-06-01 03:45:00+00:00,0.7833,0.78339,0.78317,0.78324
2026-06-01 04:00:00+00:00,0.78322,0.78324,0.78308,0.78316
2026-06-01 04:15:00+00:00,0.78317,0.78319,0.78304,0.7831
2026-06-01 04:30:00+00:00,0.78309,0.78313,0.78298,0.78302
2026-06-01 04:45:00+00:00,0.783,0.7832,0.783,0.78313
2026-06-01 05:00:00+00:00,0.78312,0.78312,0.78265,0.78277
2026-06-01 05:15:00+00:00,0.78273,0.78288,0.78273,0.78285
2026-06-01 05:30:00+00:00,0.78285,0.78286,0.78271,0.78272
2026-06-01 05:45:00+00:00,0.78273,0.78273,0.78256,0.7826
2026-06-01 06:00:00+00:00,0.78259,0.78273,0.78228,0.78257
2026-06-01 06:15:00+00:00,0.78255,0.78298,0.78248,0.78295
2026-06-01 06:30:00+00:00,0.78291,0.78317,0.78274,0.78294
2026-06-01 06:45:00+00:00,0.78293,0.78293,0.78209,0.78211
2026-06-01 07:00:00+00:00,0.78214,0.78268,0.78203,0.78253
2026-06-01 07:15:00+00:00,0.78254,0.78294,0.78254,0.78277
2026-06-01 07:30:00+00:00,0.78279,0.78341,0.78269,0.78339
2026-06-01 07:45:00+00:00,0.78336,0.78361,0.78303,0.78316
2026-06-01 08:00:00+00:00,0.78314,0.78332,0.78297,0.78329
2026-06-01 08:15:00+00:00,0.78327,0.78352,0.78308,0.78309
2026-06-01 08:30:00+00:00,0.78311,0.78332,0.78298,0.7831
2026-06-01 08:45:00+00:00,0.7831,0.78335,0.78297,0.78319
2026-06-01 09:00:00+00:00,0.78321,0.78384,0.78289,0.7838
2026-06-01 09:15:00+00:00,0.78375,0.78409,0.78349,0.784
2026-06-01 09:30:00+00:00,0.78401,0.78418,0.78392,0.78396
2026-06-01 09:45:00+00:00,0.78396,0.78431,0.78394,0.78414
2026-06-01 10:00:00+00:00,0.78416,0.78428,0.78403,0.7842
2026-06-01 10:15:00+00:00,0.78418,0.78447,0.78417,0.78431
2026-06-01 10:30:00+00:00,0.78433,0.78435,0.78404,0.78411
2026-06-01 10:45:00+00:00,0.7841,0.78416,0.78391,0.78397
2026-06-01 11:00:00+00:00,0.78397,0.78412,0.78382,0.78408
2026-06-01 11:15:00+00:00,0.78406,0.78406,0.78383,0.7839
2026-06-01 11:30:00+00:00,0.78389,0.78428,0.78386,0.78394
2026-06-01 11:45:00+00:00,0.78398,0.78411,0.78392,0.78405
2026-06-01 12:00:00+00:00,0.78399,0.7841,0.78373,0.78385
2026-06-01 12:15:00+00:00,0.78378,0.78392,0.78367,0.78368
2026-06-01 12:30:00+00:00,0.78368,0.78457,0.78366,0.78451
2026-06-01 12:45:00+00:00,0.78443,0.78511,0.78438,0.78507
2026-06-01 13:00:00+00:00,0.78502,0.78672,0.78502,0.78668
2026-06-01 13:15:00+00:00,0.78659,0.78689,0.78569,0.78686
2026-06-01 13:30:00+00:00,0.78678,0.78744,0.78673,0.78739
2026-06-01 13:45:00+00:00,0.78731,0.78829,0.78731,0.78796
2026-06-01 14:00:00+00:00,0.788,0.78829,0.78773,0.78785
2026-06-01 14:15:00+00:00,0.78783,0.78805,0.78767,0.78769
2026-06-01 14:30:00+00:00,0.78774,0.7879,0.7876,0.78778
2026-06-01 14:45:00+00:00,0.78775,0.78836,0.78742,0.78745
2026-06-01 15:00:00+00:00,0.78749,0.78759,0.7871,0.78749
2026-06-01 15:15:00+00:00,0.78748,0.78761,0.78686,0.78707
2026-06-01 15:30:00+00:00,0.78702,0.78702,0.7864,0.7866
2026-06-01 15:45:00+00:00,0.78661,0.78696,0.7866,0.78688
2026-06-01 16:00:00+00:00,0.78687,0.7872,0.78657,0.78717
2026-06-01 16:15:00+00:00,0.78714,0.78752,0.78714,0.78729
2026-06-01 16:30:00+00:00,0.78725,0.78733,0.78711,0.78728
2026-06-01 16:45:00+00:00,0.78725,0.78731,0.78643,0.78643
2026-06-01 17:00:00+00:00,0.78644,0.78692,0.7863,0.7868
2026-06-01 17:15:00+00:00,0.78679,0.78679,0.78656,0.78666
2026-06-01 17:30:00+00:00,0.78662,0.78669,0.78593,0.786
2026-06-01 17:45:00+00:00,0.78614,0.78614,0.78571,0.78611
2026-06-01 18:00:00+00:00,0.78608,0.78625,0.78604,0.78619
2026-06-01 18:15:00+00:00,0.78615,0.78634,0.78612,0.78629
2026-06-01 18:30:00+00:00,0.78627,0.78642,0.78625,0.78632
2026-06-01 18:45:00+00:00,0.7863,0.78643,0.78626,0.78639
2026-06-01 19:00:00+00:00,0.7864,0.78655,0.78628,0.78637
2026-06-01 19:15:00+00:00,0.78638,0.78651,0.78637,0.78646
2026-06-01 19:30:00+00:00,0.78647,0.78653,0.78638,0.78648
2026-06-01 19:45:00+00:00,0.78646,0.78671,0.78642,0.78671
2026-06-01 20:00:00+00:00,0.7867,0.78671,0.78638,0.78649
2026-06-01 20:15:00+00:00,0.78651,0.78671,0.78648,0.78659
2026-06-01 20:30:00+00:00,0.78659,0.78673,0.78656,0.78663
2026-06-01 20:45:00+00:00,0.7866,0.78672,0.78657,0.78671
2026-06-01 21:00:00+00:00,0.78668,0.78715,0.78633,0.78659
2026-06-01 21:15:00+00:00,0.78657,0.78662,0.78649,0.78657
2026-06-01 21:30:00+00:00,0.78657,0.78659,0.78647,0.78655
2026-06-01 21:45:00+00:00,0.78653,0.78653,0.78644,0.78645
2026-06-01 22:00:00+00:00,0.78646,0.7868,0.78644,0.78675
2026-06-01 22:15:00+00:00,0.78675,0.78679,0.78664,0.78671
2026-06-01 22:30:00+00:00,0.78669,0.7868,0.78667,0.7867
2026-06-01 22:45:00+00:00,0.78668,0.78676,0.78668,0.7867
2026-06-01 23:00:00+00:00,0.7867,0.78674,0.7864,0.7865
2026-06-01 23:15:00+00:00,0.78652,0.78655,0.78642,0.78648
2026-06-01 23:30:00+00:00,0.78646,0.78655,0.78631,0.78637
2026-06-01 23:45:00+00:00,0.78635,0.78643,0.78632,0.7864
2026-06-02 00:00:00+00:00,0.78639,0.78688,0.78636,0.78661
2026-06-02 00:15:00+00:00,0.7866,0.78676,0.78655,0.78669
2026-06-02 00:30:00+00:00,0.7867,0.78681,0.78656,0.7868
2026-06-02 00:45:00+00:00,0.78676,0.78713,0.78668,0.78703
2026-06-02 01:00:00+00:00,0.78702,0.78702,0.78668,0.78669
2026-06-02 01:15:00+00:00,0.78672,0.78683,0.78664,0.78668
2026-06-02 01:30:00+00:00,0.7867,0.78677,0.78652,0.78667
2026-06-02 01:45:00+00:00,0.7867,0.78719,0.78659,0.78685
2026-06-02 02:00:00+00:00,0.78687,0.78692,0.78676,0.78683
2026-06-02 02:15:00+00:00,0.78682,0.78686,0.78661,0.78661
2026-06-02 02:30:00+00:00,0.78662,0.78679,0.78659,0.78678
2026-06-02 02:45:00+00:00,0.78674,0.78681,0.78671,0.78679
2026-06-02 03:00:00+00:00,0.78677,0.7868,0.78656,0.78663
2026-06-02 03:15:00+00:00,0.78663,0.78666,0.78653,0.78656
2026-06-02 03:30:00+00:00,0.78656,0.78659,0.78646,0.78649
2026-06-02 03:45:00+00:00,0.78647,0.78654,0.78635,0.78652
2026-06-02 04:00:00+00:00,0.7865,0.78654,0.78631,0.78641
2026-06-02 04:15:00+00:00,0.78639,0.78654,0.78625,0.7865
2026-06-02 04:30:00+00:00,0.78647,0.78649,0.78639,0.7864
2026-06-02 04:45:00+00:00,0.78639,0.78644,0.78619,0.78622
2026-06-02 05:00:00+00:00,0.78626,0.78627,0.78612,0.78618
2026-06-02 05:15:00+00:00,0.78617,0.78629,0.78611,0.78616
2026-06-02 05:30:00+00:00,0.7862,0.78637,0.78615,0.78633
2026-06-02 05:45:00+00:00,0.78633,0.78658,0.78631,0.78632
2026-06-02 06:00:00+00:00,0.78632,0.78637,0.78565,0.78566
2026-06-02 06:15:00+00:00,0.78567,0.78578,0.78514,0.78516
2026-06-02 06:30:00+00:00,0.78517,0.7852,0.78445,0.78473
2026-06-02 06:45:00+00:00,0.78474,0.78505,0.78463,0.78475
2026-06-02 07:00:00+00:00,0.78472,0.78491,0.7846,0.7848
2026-06-02 07:15:00+00:00,0.78481,0.78536,0.78481,0.78534
2026-06-02 07:30:00+00:00,0.7853,0.78542,0.78517,0.78528
2026-06-02 07:45:00+00:00,0.78526,0.78539,0.78502,0.78504
2026-06-02 08:00:00+00:00,0.78505,0.78508,0.78453,0.78498
2026-06-02 08:15:00+00:00,0.78496,0.78547,0.78494,0.78536
2026-06-02 08:30:00+00:00,0.78538,0.78577,0.78535,0.78573
2026-06-02 08:45:00+00:00,0.78567,0.7862,0.78567,0.78608
2026-06-02 09:00:00+00:00,0.7861,0.78628,0.78589,0.78597
2026-06-02 09:15:00+00:00,0.78596,0.78615,0.78577,0.78579
2026-06-02 09:30:00+00:00,0.78582,0.78607,0.78574,0.78604
2026-06-02 09:45:00+00:00,0.78599,0.78609,0.78587,0.78596
2026-06-02 10:00:00+00:00,0.78592,0.78608,0.78562,0.78574
2026-06-02 10:15:00+00:00,0.78571,0.78593,0.78562,0.78585
2026-06-02 10:30:00+00:00,0.78581,0.78591,0.78564,0.78565
2026-06-02 10:45:00+00:00,0.78567,0.78574,0.78542,0.78552
2026-06-02 11:00:00+00:00,0.7855,0.78554,0.78533,0.78534
2026-06-02 11:15:00+00:00,0.78534,0.78562,0.78513,0.78543
2026-06-02 11:30:00+00:00,0.7854,0.78564,0.7852,0.78521
2026-06-02 11:45:00+00:00,0.78522,0.78535,0.785,0.7851
2026-06-02 12:00:00+00:00,0.78504,0.78548,0.78504,0.78548
2026-06-02 12:15:00+00:00,0.78546,0.78558,0.78511,0.78526
2026-06-02 12:30:00+00:00,0.78525,0.78566,0.78518,0.78561
2026-06-02 12:45:00+00:00,0.78555,0.78594,0.78555,0.78575
2026-06-02 13:00:00+00:00,0.78577,0.78586,0.78523,0.78557
2026-06-02 13:15:00+00:00,0.78551,0.78604,0.78549,0.78598
2026-06-02 13:30:00+00:00,0.78595,0.78643,0.78593,0.7864
2026-06-02 13:45:00+00:00,0.78635,0.78671,0.78635,0.78649
2026-06-02 14:00:00+00:00,0.78651,0.78702,0.78644,0.78664
2026-06-02 14:15:00+00:00,0.7866,0.78702,0.7866,0.78691
2026-06-02 14:30:00+00:00,0.78686,0.78687,0.78604,0.7862
2026-06-02 14:45:00+00:00,0.78618,0.78641,0.78592,0.78609
2026-06-02 15:00:00+00:00,0.78605,0.78635,0.78595,0.78609
2026-06-02 15:15:00+00:00,0.78608,0.78627,0.78578,0.78625
2026-06-02 15:30:00+00:00,0.78619,0.78635,0.78607,0.78611
2026-06-02 15:45:00+00:00,0.78617,0.78617,0.78583,0.7859
2026-06-02 16:00:00+00:00,0.78587,0.78631,0.78586,0.7863
2026-06-02 16:15:00+00:00,0.78629,0.78683,0.78622,0.78681
2026-06-02 16:30:00+00:00,0.78674,0.78742,0.78673,0.78741
2026-06-02 16:45:00+00:00,0.78739,0.78744,0.78716,0.78723
2026-06-02 17:00:00+00:00,0.78724,0.78744,0.787,0.78738
2026-06-02 17:15:00+00:00,0.78739,0.78761,0.78735,0.7876
2026-06-02 17:30:00+00:00,0.78759,0.78783,0.78742,0.78781
2026-06-02 17:45:00+00:00,0.7878,0.78794,0.78777,0.7878
2026-06-02 18:00:00+00:00,0.78782,0.78808,0.78749,0.78798
2026-06-02 18:15:00+00:00,0.78799,0.78835,0.78786,0.78791
2026-06-02 18:30:00+00:00,0.78789,0.7879,0.7876,0.7877
2026-06-02 18:45:00+00:00,0.78768,0.78769,0.78732,0.78732
2026-06-02 19:00:00+00:00,0.78734,0.7874,0.78716,0.78728
2026-06-02 19:15:00+00:00,0.78727,0.78738,0.78716,0.78735
2026-06-02 19:30:00+00:00,0.78732,0.78739,0.78726,0.78731
2026-06-02 19:45:00+00:00,0.7873,0.78732,0.78704,0.78712
2026-06-02 20:00:00+00:00,0.7871,0.78718,0.78681,0.78684
2026-06-02 20:15:00+00:00,0.78689,0.78715,0.78689,0.78715
2026-06-02 20:30:00+00:00,0.78713,0.78724,0.78704,0.78718
2026-06-02 20:45:00+00:00,0.78717,0.7874,0.78714,0.78737
2026-06-02 21:00:00+00:00,0.78732,0.78752,0.78691,0.78733
2026-06-02 21:15:00+00:00,0.78735,0.78758,0.78668,0.78722
2026-06-02 21:30:00+00:00,0.78728,0.78734,0.78714,0.78723
2026-06-02 21:45:00+00:00,0.78718,0.78728,0.78662,0.78711
2026-06-02 22:00:00+00:00,0.78711,0.78735,0.78692,0.7873
2026-06-02 22:15:00+00:00,0.78724,0.78741,0.78724,0.78725
2026-06-02 22:30:00+00:00,0.78726,0.78737,0.78723,0.78734
2026-06-02 22:45:00+00:00,0.78731,0.78743,0.78731,0.78737
2026-06-02 23:00:00+00:00,0.78736,0.78778,0.78729,0.78771
2026-06-02 23:15:00+00:00,0.78773,0.78805,0.78769,0.78805
2026-06-02 23:30:00+00:00,0.78803,0.78832,0.78796,0.78823
2026-06-02 23:45:00+00:00,0.78825,0.78846,0.78819,0.78835
2026-06-03 00:00:00+00:00,0.78834,0.7885,0.78823,0.78826
2026-06-03 00:15:00+00:00,0.78827,0.7883,0.78785,0.7879
2026-06-03 00:30:00+00:00,0.7879,0.7879,0.78754,0.78762
2026-06-03 00:45:00+00:00,0.78759,0.78791,0.78753,0.78779
2026-06-03 01:00:00+00:00,0.7878,0.78801,0.78778,0.78792
2026-06-03 01:15:00+00:00,0.78791,0.78794,0.78767,0.78768
2026-06-03 01:30:00+00:00,0.78768,0.78769,0.78745,0.78758
2026-06-03 01:45:00+00:00,0.78755,0.78791,0.78739,0.7879
2026-06-03 02:00:00+00:00,0.78787,0.78787,0.78752,0.78756
2026-06-03 02:15:00+00:00,0.78756,0.78786,0.78751,0.78784
2026-06-03 02:30:00+00:00,0.7878,0.78794,0.78775,0.78779
2026-06-03 02:45:00+00:00,0.78778,0.78803,0.78773,0.78779
2026-06-03 03:00:00+00:00,0.78781,0.78797,0.78777,0.78794
2026-06-03 03:15:00+00:00,0.7879,0.7881,0.7879,0.78802
2026-06-03 03:30:00+00:00,0.78804,0.78821,0.78804,0.78806
2026-06-03 03:45:00+00:00,0.78809,0.78825,0.788,0.78821
2026-06-03 04:00:00+00:00,0.7882,0.78843,0.78808,0.78842
2026-06-03 04:15:00+00:00,0.78841,0.78857,0.78834,0.78855
2026-06-03 04:30:00+00:00,0.78852,0.7886,0.78837,0.78838
2026-06-03 04:45:00+00:00,0.78839,0.78851,0.78835,0.78838
2026-06-03 05:00:00+00:00,0.7884,0.7885,0.78831,0.78838
2026-06-03 05:15:00+00:00,0.78837,0.78859,0.7882,0.78857
2026-06-03 05:30:00+00:00,0.78855,0.78865,0.78831,0.78842
2026-06-03 05:45:00+00:00,0.78843,0.78865,0.78837,0.78865
2026-06-03 06:00:00+00:00,0.78862,0.7893,0.78853,0.78924
2026-06-03 06:15:00+00:00,0.78923,0.78953,0.78897,0.78922
2026-06-03 06:30:00+00:00,0.7892,0.78924,0.78883,0.78909
2026-06-03 06:45:00+00:00,0.7891,0.7893,0.78887,0.78889
2026-06-03 07:00:00+00:00,0.78892,0.78923,0.78868,0.78869
2026-06-03 07:15:00+00:00,0.78871,0.78899,0.78859,0.78892
2026-06-03 07:30:00+00:00,0.78883,0.78937,0.78852,0.78865
2026-06-03 07:45:00+00:00,0.78872,0.78939,0.7885,0.78937
2026-06-03 08:00:00+00:00,0.78931,0.78951,0.78922,0.78949
2026-06-03 08:15:00+00:00,0.78948,0.78952,0.78937,0.78938
2026-06-03 08:30:00+00:00,0.78939,0.78953,0.78924,0.78952
2026-06-03 08:45:00+00:00,0.78949,0.78952,0.78941,0.7895
2026-06-03 09:00:00+00:00,0.78948,0.78956,0.789,0.7891
2026-06-03 09:15:00+00:00,0.78908,0.78928,0.78897,0.78926
2026-06-03 09:30:00+00:00,0.78923,0.78951,0.78921,0.78921
2026-06-03 09:45:00+00:00,0.78923,0.78952,0.78916,0.78944
2026-06-03 10:00:00+00:00,0.78946,0.78961,0.78887,0.78944
2026-06-03 10:15:00+00:00,0.78942,0.7895,0.78934,0.78938
2026-06-03 10:30:00+00:00,0.78943,0.78943,0.78908,0.78909
2026-06-03 10:45:00+00:00,0.78911,0.7892,0.78896,0.78906
2026-06-03 11:00:00+00:00,0.78906,0.78915,0.78891,0.78895
2026-06-03 11:15:00+00:00,0.78902,0.78902,0.78863,0.78864
2026-06-03 11:30:00+00:00,0.78864,0.78887,0.78849,0.78884
2026-06-03 11:45:00+00:00,0.78879,0.78888,0.78845,0.78875
2026-06-03 12:00:00+00:00,0.78872,0.78936,0.78872,0.78934
2026-06-03 12:15:00+00:00,0.78926,0.78973,0.78926,0.7897
2026-06-03 12:30:00+00:00,0.7896,0.79049,0.7896,0.78998
2026-06-03 12:45:00+00:00,0.79004,0.79049,0.78977,0.79026
2026-06-03 13:00:00+00:00,0.7903,0.7905,0.79019,0.79027
2026-06-03 13:15:00+00:00,0.79025,0.79071,0.7901,0.79017
2026-06-03 13:30:00+00:00,0.79031,0.79031,0.78971,0.78997
2026-06-03 13:45:00+00:00,0.78993,0.79047,0.78993,0.79023
2026-06-03 14:00:00+00:00,0.79025,0.79037,0.78975,0.78981
2026-06-03 14:15:00+00:00,0.78994,0.79048,0.78963,0.7903
2026-06-03 14:30:00+00:00,0.79027,0.79076,0.79011,0.79073
2026-06-03 14:45:00+00:00,0.79067,0.79133,0.79006,0.79009
2026-06-03 15:00:00+00:00,0.79016,0.7909,0.79006,0.79089
2026-06-03 15:15:00+00:00,0.79088,0.79088,0.79028,0.79069
2026-06-03 15:30:00+00:00,0.79067,0.79084,0.79042,0.79074
2026-06-03 15:45:00+00:00,0.79072,0.79094,0.79052,0.79092
2026-06-03 16:00:00+00:00,0.7909,0.79166,0.79068,0.79158
2026-06-03 16:15:00+00:00,0.79159,0.792,0.79159,0.79178
2026-06-03 16:30:00+00:00,0.79176,0.79237,0.79161,0.79236
2026-06-03 16:45:00+00:00,0.79235,0.79239,0.79192,0.79194
2026-06-03 17:00:00+00:00,0.79198,0.79216,0.79182,0.79213
2026-06-03 17:15:00+00:00,0.79207,0.79243,0.79207,0.7924
2026-06-03 17:30:00+00:00,0.79237,0.79251,0.79231,0.79246
2026-06-03 17:45:00+00:00,0.79239,0.79259,0.79238,0.79238
2026-06-03 18:00:00+00:00,0.7924,0.79266,0.79216,0.79264
2026-06-03 18:15:00+00:00,0.7926,0.79273,0.79237,0.79245
2026-06-03 18:30:00+00:00,0.79243,0.79263,0.79237,0.79256
2026-06-03 18:45:00+00:00,0.79256,0.79257,0.79228,0.79238
2026-06-03 19:00:00+00:00,0.79237,0.79239,0.79204,0.79234
2026-06-03 19:15:00+00:00,0.7923,0.79236,0.79207,0.79235
2026-06-03 19:30:00+00:00,0.79234,0.79234,0.79216,0.7922
2026-06-03 19:45:00+00:00,0.79219,0.79227,0.79211,0.79216
2026-06-03 20:00:00+00:00,0.79217,0.79226,0.79194,0.79219
2026-06-03 20:15:00+00:00,0.7922,0.79225,0.79203,0.79224
2026-06-03 20:30:00+00:00,0.79223,0.79224,0.79206,0.7922
2026-06-03 20:45:00+00:00,0.79218,0.79221,0.79211,0.79214
2026-06-03 21:00:00+00:00,0.79214,0.79219,0.79168,0.7918
2026-06-03 21:15:00+00:00,0.79181,0.79192,0.79166,0.79187
2026-06-03 21:30:00+00:00,0.79186,0.79196,0.79174,0.79194
2026-06-03 21:45:00+00:00,0.7919,0.79211,0.79189,0.79208
2026-06-03 22:00:00+00:00,0.79206,0.79228,0.79165,0.79221
2026-06-03 22:15:00+00:00,0.79219,0.79226,0.79208,0.7921
2026-06-03 22:30:00+00:00,0.79209,0.79212,0.79197,0.79206
2026-06-03 22:45:00+00:00,0.79204,0.79231,0.7913,0.79157
2026-06-03 23:00:00+00:00,0.79155,0.79168,0.79125,0.79162
2026-06-03 23:15:00+00:00,0.79163,0.79163,0.79138,0.79142
2026-06-03 23:30:00+00:00,0.79142,0.79149,0.79127,0.7913
2026-06-03 23:45:00+00:00,0.79128,0.7913,0.79104,0.79106
2026-06-04 00:00:00+00:00,0.79105,0.7913,0.79104,0.79117
2026-06-04 00:15:00+00:00,0.79118,0.79128,0.79086,0.79107
2026-06-04 00:30:00+00:00,0.79106,0.79106,0.79079,0.79081
2026-06-04 00:45:00+00:00,0.79085,0.79135,0.79078,0.79133
2026-06-04 01:00:00+00:00,0.79131,0.79148,0.79106,0.79107
2026-06-04 01:15:00+00:00,0.79109,0.79116,0.79086,0.79092
2026-06-04 01:30:00+00:00,0.79093,0.79099,0.79076,0.79094
2026-06-04 01:45:00+00:00,0.79092,0.791,0.79078,0.7909
2026-06-04 02:00:00+00:00,0.79087,0.79087,0.79067,0.79085
2026-06-04 02:15:00+00:00,0.79082,0.79103,0.79075,0.79077
2026-06-04 02:30:00+00:00,0.79082,0.79089,0.79057,0.79062
2026-06-04 02:45:00+00:00,0.7906,0.79062,0.7904,0.79053
2026-06-04 03:00:00+00:00,0.79051,0.79092,0.79045,0.79091
2026-06-04 03:15:00+00:00,0.79088,0.79111,0.79085,0.79105
2026-06-04 03:30:00+00:00,0.79106,0.79123,0.7909,0.79123
2026-06-04 03:45:00+00:00,0.79122,0.79131,0.79106,0.79107
2026-06-04 04:00:00+00:00,0.79109,0.79117,0.79099,0.79115
2026-06-04 04:15:00+00:00,0.79114,0.79116,0.79097,0.79109
2026-06-04 04:30:00+00:00,0.79107,0.7911,0.79069,0.7907
2026-06-04 04:45:00+00:00,0.79069,0.79085,0.79066,0.79069
2026-06-04 05:00:00+00:00,0.79067,0.79094,0.79065,0.79093
2026-06-04 05:15:00+00:00,0.79092,0.7911,0.7908,0.79107
2026-06-04 05:30:00+00:00,0.79107,0.79109,0.79079,0.79079
2026-06-04 05:45:00+00:00,0.7908,0.79087,0.79066,0.79067
2026-06-04 06:00:00+00:00,0.79068,0.79069,0.79036,0.79047
2026-06-04 06:15:00+00:00,0.79048,0.7908,0.79042,0.79044
2026-06-04 06:30:00+00:00,0.79047,0.79099,0.79033,0.79071
2026-06-04 06:45:00+00:00,0.79073,0.79153,0.7907,0.79152
2026-06-04 07:00:00+00:00,0.7915,0.7915,0.79112,0.79129
2026-06-04 07:15:00+00:00,0.79126,0.79176,0.79099,0.79172
2026-06-04 07:30:00+00:00,0.79169,0.79232,0.79152,0.7921
2026-06-04 07:45:00+00:00,0.79212,0.79212,0.79185,0.7919
2026-06-04 08:00:00+00:00,0.79189,0.79196,0.79167,0.79177
2026-06-04 08:15:00+00:00,0.79175,0.79175,0.79102,0.79103
2026-06-04 08:30:00+00:00,0.79105,0.79121,0.79091,0.79107
2026-06-04 08:45:00+00:00,0.79108,0.79113,0.79064,0.79081
2026-06-04 09:00:00+00:00,0.79073,0.79093,0.79029,0.79041
2026-06-04 09:15:00+00:00,0.79039,0.79051,0.79007,0.79014
2026-06-04 09:30:00+00:00,0.79017,0.79043,0.78992,0.78993
2026-06-04 09:45:00+00:00,0.78994,0.78999,0.78962,0.78993
2026-06-04 10:00:00+00:00,0.78988,0.78993,0.78947,0.7896
2026-06-04 10:15:00+00:00,0.78952,0.78974,0.7895,0.78959
2026-06-04 10:30:00+00:00,0.78959,0.78973,0.7891,0.78938
2026-06-04 10:45:00+00:00,0.78941,0.78969,0.78931,0.78948
2026-06-04 11:00:00+00:00,0.78947,0.78947,0.78806,0.78808
2026-06-04 11:15:00+00:00,0.78812,0.78823,0.78703,0.78746
2026-06-04 11:30:00+00:00,0.7874,0.78788,0.78712,0.78725
2026-06-04 11:45:00+00:00,0.78722,0.78732,0.78683,0.78699
2026-06-04 12:00:00+00:00,0.78701,0.78788,0.78698,0.78758
2026-06-04 12:15:00+00:00,0.78763,0.78777,0.78747,0.78752
2026-06-04 12:30:00+00:00,0.78749,0.78761,0.78743,0.78755
2026-06-04 12:45:00+00:00,0.78756,0.78767,0.78721,0.78763
2026-06-04 13:00:00+00:00,0.78757,0.78802,0.78751,0.78801
2026-06-04 13:15:00+00:00,0.78796,0.78828,0.78787,0.78811
2026-06-04 13:30:00+00:00,0.78817,0.78817,0.78752,0.78772
2026-06-04 13:45:00+00:00,0.78773,0.78801,0.78759,0.78791
2026-06-04 14:00:00+00:00,0.78787,0.78832,0.78787,0.78831
2026-06-04 14:15:00+00:00,0.78829,0.78855,0.78809,0.78852
2026-06-04 14:30:00+00:00,0.78842,0.78902,0.78842,0.78866
2026-06-04 14:45:00+00:00,0.78871,0.78903,0.7881,0.78814
2026-06-04 15:00:00+00:00,0.78821,0.78887,0.78812,0.78875
2026-06-04 15:15:00+00:00,0.78869,0.78898,0.78849,0.78875
2026-06-04 15:30:00+00:00,0.78886,0.78886,0.78841,0.7886
2026-06-04 15:45:00+00:00,0.78851,0.78871,0.78833,0.78836
2026-06-04 16:00:00+00:00,0.78845,0.78862,0.7884,0.78857
2026-06-04 16:15:00+00:00,0.78856,0.78858,0.78835,0.78852
2026-06-04 16:30:00+00:00,0.78852,0.78879,0.78847,0.78858
2026-06-04 16:45:00+00:00,0.78857,0.78894,0.78857,0.78892
2026-06-04 17:00:00+00:00,0.7889,0.78904,0.78886,0.78902
2026-06-04 17:15:00+00:00,0.78902,0.78907,0.78893,0.78902
2026-06-04 17:30:00+00:00,0.789,0.78907,0.78883,0.78895
2026-06-04 17:45:00+00:00,0.78897,0.78906,0.7889,0.78893
2026-06-04 18:00:00+00:00,0.78894,0.78905,0.78883,0.78903
2026-06-04 18:15:00+00:00,0.78902,0.78915,0.78889,0.78913
2026-06-04 18:30:00+00:00,0.78905,0.7894,0.78905,0.78907
2026-06-04 18:45:00+00:00,0.78906,0.7893,0.78906,0.78924
2026-06-04 19:00:00+00:00,0.78925,0.78952,0.78903,0.7895
2026-06-04 19:15:00+00:00,0.78947,0.78949,0.78938,0.78942
2026-06-04 19:30:00+00:00,0.78943,0.78952,0.78929,0.7895
2026-06-04 19:45:00+00:00,0.78948,0.78954,0.78936,0.78937
2026-06-04 20:00:00+00:00,0.78939,0.78953,0.78927,0.78947
2026-06-04 20:15:00+00:00,0.78948,0.78967,0.78946,0.78965
2026-06-04 20:30:00+00:00,0.78964,0.78979,0.7896,0.78963
2026-06-04 20:45:00+00:00,0.78961,0.78966,0.78948,0.78958
2026-06-04 21:00:00+00:00,0.78954,0.78961,0.78914,0.78936
2026-06-04 21:15:00+00:00,0.78931,0.78947,0.78929,0.78945
2026-06-04 21:30:00+00:00,0.78944,0.7895,0.78931,0.78948
2026-06-04 21:45:00+00:00,0.78946,0.78948,0.78924,0.78932
2026-06-04 22:00:00+00:00,0.78931,0.78955,0.7893,0.78942
2026-06-04 22:15:00+00:00,0.78942,0.78955,0.78935,0.78948
2026-06-04 22:30:00+00:00,0.78947,0.78948,0.78937,0.78946
2026-06-04 22:45:00+00:00,0.78944,0.78953,0.78943,0.7895
2026-06-04 23:00:00+00:00,0.78949,0.78953,0.78937,0.78938
2026-06-04 23:15:00+00:00,0.78938,0.78939,0.78927,0.78937
2026-06-04 23:30:00+00:00,0.78935,0.7894,0.78933,0.7894
2026-06-04 23:45:00+00:00,0.78937,0.78943,0.78913,0.78923
2026-06-05 00:00:00+00:00,0.78921,0.7893,0.78892,0.78921
2026-06-05 00:15:00+00:00,0.78915,0.78928,0.78911,0.78919
2026-06-05 00:30:00+00:00,0.78917,0.7892,0.78907,0.78917
2026-06-05 00:45:00+00:00,0.78914,0.78926,0.78906,0.78909
2026-06-05 01:00:00+00:00,0.78907,0.78928,0.789,0.7892
2026-06-05 01:15:00+00:00,0.78916,0.78959,0.78914,0.78946
2026-06-05 01:30:00+00:00,0.78948,0.78955,0.78928,0.78944
2026-06-05 01:45:00+00:00,0.78947,0.78947,0.78926,0.78937
2026-06-05 02:00:00+00:00,0.78933,0.78948,0.78915,0.78916
2026-06-05 02:15:00+00:00,0.78917,0.78929,0.7891,0.7891
2026-06-05 02:30:00+00:00,0.78911,0.7893,0.7891,0.7893
2026-06-05 02:45:00+00:00,0.78927,0.78937,0.78925,0.7893
2026-06-05 03:00:00+00:00,0.78928,0.78941,0.78924,0.78936
2026-06-05 03:15:00+00:00,0.78936,0.78946,0.78927,0.78935
2026-06-05 03:30:00+00:00,0.78935,0.78938,0.78929,0.78935
2026-06-05 03:45:00+00:00,0.78933,0.78942,0.78928,0.78936
2026-06-05 04:00:00+00:00,0.78934,0.78934,0.78913,0.78915
2026-06-05 04:15:00+00:00,0.78916,0.78933,0.78906,0.78929
2026-06-05 04:30:00+00:00,0.78923,0.78933,0.78916,0.78924
2026-06-05 04:45:00+00:00,0.78922,0.78925,0.78904,0.78909
2026-06-05 05:00:00+00:00,0.78907,0.78919,0.78904,0.7891
2026-06-05 05:15:00+00:00,0.78908,0.78916,0.78903,0.78904
2026-06-05 05:30:00+00:00,0.78905,0.78911,0.78879,0.7891
2026-06-05 05:45:00+00:00,0.78908,0.78922,0.78893,0.78921
2026-06-05 06:00:00+00:00,0.78918,0.78931,0.78899,0.78904
2026-06-05 06:15:00+00:00,0.78912,0.78912,0.78866,0.78867
2026-06-05 06:30:00+00:00,0.78869,0.7888,0.78828,0.78828
2026-06-05 06:45:00+00:00,0.78829,0.78841,0.7882,0.78835
2026-06-05 07:00:00+00:00,0.78834,0.78834,0.78805,0.78807
2026-06-05 07:15:00+00:00,0.78808,0.7882,0.78752,0.78766
2026-06-05 07:30:00+00:00,0.78764,0.7877,0.78726,0.78748
2026-06-05 07:45:00+00:00,0.7875,0.78789,0.78737,0.78788
2026-06-05 08:00:00+00:00,0.78784,0.78791,0.78759,0.7878
2026-06-05 08:15:00+00:00,0.78777,0.78779,0.78737,0.78751
2026-06-05 08:30:00+00:00,0.78749,0.78776,0.78739,0.78774
2026-06-05 08:45:00+00:00,0.78771,0.78819,0.78771,0.78817
2026-06-05 09:00:00+00:00,0.7881,0.78847,0.78779,0.78784
2026-06-05 09:15:00+00:00,0.78792,0.78796,0.78761,0.78786
2026-06-05 09:30:00+00:00,0.78784,0.78797,0.78769,0.78785
2026-06-05 09:45:00+00:00,0.78783,0.7879,0.78767,0.78776
2026-06-05 10:00:00+00:00,0.78771,0.78801,0.78764,0.78767
2026-06-05 10:15:00+00:00,0.78764,0.78772,0.78746,0.78748
2026-06-05 10:30:00+00:00,0.78747,0.78757,0.78726,0.78751
2026-06-05 10:45:00+00:00,0.78752,0.7877,0.78742,0.78766
2026-06-05 11:00:00+00:00,0.78758,0.78791,0.78758,0.7878
2026-06-05 11:15:00+00:00,0.78777,0.78787,0.78755,0.7876
2026-06-05 11:30:00+00:00,0.78762,0.78808,0.78759,0.78786
2026-06-05 11:45:00+00:00,0.78789,0.78823,0.78776,0.78822
2026-06-05 12:00:00+00:00,0.78819,0.78829,0.78797,0.78816
2026-06-05 12:15:00+00:00,0.78814,0.78866,0.78814,0.78863
2026-06-05 12:30:00+00:00,0.78856,0.79164,0.78793,0.79121
2026-06-05 12:45:00+00:00,0.7912,0.79279,0.79116,0.79271
2026-06-05 13:00:00+00:00,0.7926,0.79345,0.79165,0.79171
2026-06-05 13:15:00+00:00,0.79174,0.79314,0.79161,0.79309
2026-06-05 13:30:00+00:00,0.79296,0.79327,0.79218,0.79325
2026-06-05 13:45:00+00:00,0.79322,0.79343,0.7928,0.79337
2026-06-05 14:00:00+00:00,0.7933,0.79412,0.79297,0.79408
2026-06-05 14:15:00+00:00,0.79398,0.79478,0.79398,0.79462
2026-06-05 14:30:00+00:00,0.79462,0.79479,0.79409,0.7947
2026-06-05 14:45:00+00:00,0.79462,0.79481,0.79396,0.794
2026-06-05 15:00:00+00:00,0.79408,0.79471,0.79399,0.79461
2026-06-05 15:15:00+00:00,0.79462,0.79483,0.7943,0.79448
2026-06-05 15:30:00+00:00,0.79439,0.79536,0.79439,0.79521
2026-06-05 15:45:00+00:00,0.79521,0.79565,0.79513,0.79562
2026-06-05 16:00:00+00:00,0.79558,0.79591,0.79535,0.79574
2026-06-05 16:15:00+00:00,0.79575,0.79614,0.79566,0.79575
2026-06-05 16:30:00+00:00,0.79572,0.79611,0.79562,0.79607
2026-06-05 16:45:00+00:00,0.79606,0.79606,0.79529,0.79532
2026-06-05 17:00:00+00:00,0.79538,0.79599,0.79532,0.79583
2026-06-05 17:15:00+00:00,0.79585,0.7961,0.79576,0.79609
2026-06-05 17:30:00+00:00,0.79607,0.79644,0.79605,0.79642
2026-06-05 17:45:00+00:00,0.79641,0.79663,0.79638,0.7964
2026-06-05 18:00:00+00:00,0.79643,0.79679,0.79589,0.79663
2026-06-05 18:15:00+00:00,0.79664,0.79668,0.79631,0.79651
2026-06-05 18:30:00+00:00,0.79647,0.79659,0.7962,0.79657
2026-06-05 18:45:00+00:00,0.79655,0.79659,0.79619,0.79635
2026-06-05 19:00:00+00:00,0.79632,0.79655,0.79599,0.7965
2026-06-05 19:15:00+00:00,0.7965,0.79659,0.79626,0.79629
2026-06-05 19:30:00+00:00,0.79629,0.79641,0.79625,0.79627
2026-06-05 19:45:00+00:00,0.7963,0.7963,0.79588,0.79601
2026-06-05 20:00:00+00:00,0.79598,0.79655,0.79561,0.79654
2026-06-05 20:15:00+00:00,0.79651,0.79652,0.7961,0.79611
2026-06-05 20:30:00+00:00,0.79612,0.7965,0.79593,0.79649
2026-06-05 20:45:00+00:00,0.79645,0.7965,0.79619,0.79632
2026-06-05 21:00:00+00:00,0.79641,0.79655,0.79524,0.79651
2026-06-05 21:15:00+00:00,0.7965,0.79653,0.79636,0.79638
2026-06-05 21:30:00+00:00,0.79638,0.79652,0.79629,0.7964
2026-06-05 21:45:00+00:00,0.79637,0.79655,0.79633,0.79641
2026-06-05 22:00:00+00:00,0.79643,0.79677,0.79374,0.79643
2026-06-05 22:15:00+00:00,0.79639,0.79648,0.79626,0.79631
2026-06-05 22:30:00+00:00,0.79633,0.79665,0.79628,0.79661
2026-06-05 22:45:00+00:00,0.79655,0.79667,0.79624,0.79635
2026-06-05 23:00:00+00:00,0.79638,0.79675,0.79391,0.79657
2026-06-05 23:15:00+00:00,0.7965,0.79659,0.79626,0.7963
2026-06-05 23:30:00+00:00,0.79634,0.79646,0.7963,0.79645
2026-06-05 23:45:00+00:00,0.79641,0.79648,0.79625,0.79631
2026-06-06 00:00:00+00:00,0.79632,0.79644,0.79595,0.79595
2026-06-06 00:15:00+00:00,0.79595,0.79605,0.7959,0.79595
2026-06-06 00:30:00+00:00,0.79596,0.79599,0.79594,0.79596
2026-06-06 00:45:00+00:00,0.79595,0.79603,0.79594,0.79597
2026-06-06 01:00:00+00:00,0.79595,0.79599,0.79594,0.79595
2026-06-06 01:15:00+00:00,0.79595,0.79603,0.7959,0.79595
2026-06-06 01:30:00+00:00,0.79595,0.79625,0.79593,0.79599
2026-06-06 01:45:00+00:00,0.79601,0.79601,0.79594,0.79597
2026-06-06 02:00:00+00:00,0.79595,0.79603,0.79594,0.79595
2026-06-06 02:15:00+00:00,0.79595,0.79599,0.79594,0.79594
2026-06-06 02:30:00+00:00,0.79595,0.79604,0.79589,0.79596
2026-06-06 02:45:00+00:00,0.79595,0.79603,0.79592,0.79598
2026-06-06 03:00:00+00:00,0.79597,0.79599,0.79593,0.79595
2026-06-06 03:15:00+00:00,0.79595,0.79626,0.79592,0.79595
2026-06-06 03:30:00+00:00,0.79595,0.79599,0.79594,0.79597
2026-06-06 03:45:00+00:00,0.79595,0.79603,0.79594,0.79597
2026-06-06 04:00:00+00:00,0.79595,0.79605,0.79588,0.79596
2026-06-06 04:15:00+00:00,0.79597,0.79611,0.79592,0.79595
2026-06-06 04:30:00+00:00,0.79596,0.79603,0.79594,0.79595
2026-06-06 04:45:00+00:00,0.79595,0.79599,0.79594,0.79597
2026-06-06 05:00:00+00:00,0.79595,0.79626,0.7959,0.79596
2026-06-06 05:15:00+00:00,0.79595,0.79603,0.79594,0.79595
2026-06-06 05:30:00+00:00,0.79596,0.79599,0.79594,0.79597
2026-06-06 05:45:00+00:00,0.79595,0.79606,0.79588,0.79597
2026-06-06 06:00:00+00:00,0.79595,0.79599,0.79594,0.79596
2026-06-06 06:15:00+00:00,0.79595,0.79603,0.79594,0.79595
2026-06-06 06:30:00+00:00,0.79595,0.7962,0.79576,0.79603
2026-06-06 06:45:00+00:00,0.79605,0.79605,0.79594,0.79596
2026-06-06 07:00:00+00:00,0.79595,0.79604,0.79593,0.79597
2026-06-06 07:15:00+00:00,0.79596,0.79599,0.79594,0.79595
2026-06-06 07:30:00+00:00,0.79595,0.79603,0.79594,0.79595
2026-06-06 07:45:00+00:00,0.79595,0.79605,0.79592,0.79597
2026-06-06 08:00:00+00:00,0.79598,0.79599,0.79594,0.79597
2026-06-06 08:15:00+00:00,0.79595,0.79621,0.79579,0.79596
2026-06-06 08:30:00+00:00,0.79595,0.79599,0.79594,0.79594
2026-06-06 08:45:00+00:00,0.79595,0.79607,0.79594,0.79597
2026-06-06 09:00:00+00:00,0.79595,0.79603,0.79594,0.796
2026-06-06 09:15:00+00:00,0.79599,0.79599,0.79594,0.79596
2026-06-06 09:30:00+00:00,0.79595,0.79603,0.79591,0.79595
2026-06-06 09:45:00+00:00,0.79595,0.79599,0.79594,0.79597
2026-06-06 10:00:00+00:00,0.79595,0.79616,0.79587,0.79597
2026-06-06 10:15:00+00:00,0.79595,0.79599,0.7959,0.79595
2026-06-06 10:30:00+00:00,0.79593,0.79599,0.79593,0.79594
2026-06-06 10:45:00+00:00,0.79595,0.79599,0.7959,0.79595
2026-06-06 11:00:00+00:00,0.79595,0.79599,0.79594,0.79597
2026-06-06 11:15:00+00:00,0.79595,0.79599,0.7959,0.79596
2026-06-06 11:30:00+00:00,0.79595,0.796,0.79594,0.79597
2026-06-06 11:45:00+00:00,0.79597,0.79599,0.79594,0.79595
2026-06-06 12:00:00+00:00,0.79595,0.79603,0.79593,0.79601
2026-06-06 12:15:00+00:00,0.79599,0.79604,0.79599,0.79601
2026-06-06 12:30:00+00:00,0.796,0.79603,0.79594,0.796
2026-06-06 12:45:00+00:00,0.796,0.79605,0.79593,0.79594
2026-06-06 13:00:00+00:00,0.79596,0.79599,0.79594,0.79596
2026-06-06 13:15:00+00:00,0.79595,0.79601,0.79594,0.79597
2026-06-06 13:30:00+00:00,0.79595,0.79599,0.79594,0.79595
2026-06-06 13:45:00+00:00,0.79595,0.79599,0.7959,0.79594
2026-06-06 14:00:00+00:00,0.79595,0.79599,0.7959,0.79591
2026-06-06 14:15:00+00:00,0.79591,0.79598,0.79591,0.79597
2026-06-06 14:30:00+00:00,0.79595,0.79599,0.7959,0.79595
2026-06-06 14:45:00+00:00,0.79594,0.79599,0.79594,0.79594
2026-06-06 15:00:00+00:00,0.79595,0.79601,0.79593,0.79597
2026-06-06 15:15:00+00:00,0.79595,0.79599,0.79589,0.7959
2026-06-06 15:30:00+00:00,0.79591,0.79598,0.7959,0.79596
2026-06-06 15:45:00+00:00,0.79595,0.79599,0.7959,0.79594
2026-06-06 16:00:00+00:00,0.79594,0.79598,0.79552,0.79595
2026-06-06 16:15:00+00:00,0.79595,0.796,0.7959,0.79599
2026-06-06 16:30:00+00:00,0.79594,0.79603,0.79592,0.79601
2026-06-06 16:45:00+00:00,0.79599,0.79599,0.79594,0.79594
2026-06-06 17:00:00+00:00,0.79595,0.79626,0.79552,0.79594
2026-06-06 17:15:00+00:00,0.79595,0.79603,0.79594,0.79597
2026-06-06 17:30:00+00:00,0.79595,0.79599,0.7959,0.79596
2026-06-06 17:45:00+00:00,0.79595,0.79599,0.79594,0.79595
2026-06-06 18:00:00+00:00,0.79594,0.79598,0.79551,0.79595
2026-06-06 18:15:00+00:00,0.79595,0.79601,0.79594,0.79597
2026-06-06 18:30:00+00:00,0.79596,0.79599,0.79594,0.79596
2026-06-06 18:45:00+00:00,0.79595,0.79598,0.79589,0.79595
2026-06-06 19:00:00+00:00,0.79595,0.79598,0.79551,0.79594
2026-06-06 19:15:00+00:00,0.79594,0.79599,0.7959,0.79596
2026-06-06 19:30:00+00:00,0.79595,0.79599,0.79589,0.79596
2026-06-06 19:45:00+00:00,0.79594,0.79599,0.79594,0.79595
2026-06-06 20:00:00+00:00,0.79595,0.796,0.79551,0.79594
2026-06-06 20:15:00+00:00,0.79595,0.79598,0.79593,0.79596
2026-06-06 20:30:00+00:00,0.79595,0.79598,0.79589,0.79597
2026-06-06 20:45:00+00:00,0.79595,0.79607,0.7959,0.79595
2026-06-06 21:00:00+00:00,0.79594,0.79617,0.79552,0.79594
2026-06-06 21:15:00+00:00,0.79595,0.79607,0.7959,0.79606
2026-06-06 21:30:00+00:00,0.79603,0.79603,0.79594,0.79598
2026-06-06 21:45:00+00:00,0.79594,0.79601,0.79594,0.79596
2026-06-06 22:00:00+00:00,0.79595,0.79598,0.79554,0.79594
2026-06-06 22:15:00+00:00,0.79594,0.79603,0.79594,0.796
2026-06-06 22:30:00+00:00,0.796,0.79605,0.79593,0.79602
2026-06-06 22:45:00+00:00,0.796,0.79604,0.79599,0.79601
2026-06-06 23:00:00+00:00,0.796,0.79603,0.79553,0.79599
2026-06-06 23:15:00+00:00,0.796,0.79605,0.79598,0.796
2026-06-06 23:30:00+00:00,0.796,0.79604,0.79599,0.79602
2026-06-06 23:45:00+00:00,0.796,0.79604,0.79592,0.79596
2026-06-07 00:00:00+00:00,0.79594,0.79609,0.79593,0.79607
2026-06-07 00:15:00+00:00,0.79605,0.7961,0.79595,0.79598
2026-06-07 00:30:00+00:00,0.79598,0.79605,0.79593,0.79604
2026-06-07 00:45:00+00:00,0.79602,0.79614,0.79593,0.79613
2026-06-07 01:00:00+00:00,0.7961,0.79631,0.796,0.79624
2026-06-07 01:15:00+00:00,0.79624,0.79627,0.79622,0.79623
2026-06-07 01:30:00+00:00,0.79624,0.79627,0.79622,0.79625
2026-06-07 01:45:00+00:00,0.79623,0.79627,0.79622,0.79625
2026-06-07 02:00:00+00:00,0.79623,0.79627,0.79622,0.79623
2026-06-07 02:15:00+00:00,0.79623,0.79627,0.79622,0.79622
2026-06-07 02:30:00+00:00,0.79623,0.79627,0.79622,0.79624
2026-06-07 02:45:00+00:00,0.79623,0.79635,0.79621,0.79632
2026-06-07 03:00:00+00:00,0.79631,0.79634,0.79628,0.7963
2026-06-07 03:15:00+00:00,0.79629,0.79632,0.79611,0.79616
2026-06-07 03:30:00+00:00,0.79617,0.79625,0.79616,0.79624
2026-06-07 03:45:00+00:00,0.79623,0.79626,0.79622,0.79625
2026-06-07 04:00:00+00:00,0.79623,0.79626,0.79622,0.79624
2026-06-07 04:15:00+00:00,0.79623,0.79634,0.79622,0.7963
2026-06-07 04:30:00+00:00,0.79631,0.79634,0.79629,0.79631
2026-06-07 04:45:00+00:00,0.79631,0.79634,0.79628,0.79631
2026-06-07 05:00:00+00:00,0.79629,0.79632,0.79628,0.7963
2026-06-07 05:15:00+00:00,0.79629,0.79631,0.79626,0.79627
2026-06-07 05:30:00+00:00,0.79628,0.79631,0.79625,0.79626
2026-06-07 05:45:00+00:00,0.79627,0.7963,0.79625,0.79628
2026-06-07 06:00:00+00:00,0.79627,0.79636,0.79624,0.79634
2026-06-07 06:15:00+00:00,0.79632,0.79636,0.79631,0.79632
2026-06-07 06:30:00+00:00,0.79632,0.79634,0.79629,0.7963
2026-06-07 06:45:00+00:00,0.7963,0.79634,0.79628,0.7963
2026-06-07 07:00:00+00:00,0.79629,0.79632,0.79628,0.7963
2026-06-07 07:15:00+00:00,0.79629,0.79632,0.79626,0.79628
2026-06-07 07:30:00+00:00,0.79628,0.79631,0.79626,0.79627
2026-06-07 07:45:00+00:00,0.79628,0.79637,0.79623,0.79634
2026-06-07 08:00:00+00:00,0.79633,0.79637,0.7963,0.79633
2026-06-07 08:15:00+00:00,0.79631,0.79634,0.7963,0.79631
2026-06-07 08:30:00+00:00,0.79631,0.79634,0.79628,0.79629
2026-06-07 08:45:00+00:00,0.79629,0.79633,0.79628,0.79631
2026-06-07 09:00:00+00:00,0.79629,0.79631,0.79627,0.7963
2026-06-07 09:15:00+00:00,0.79628,0.79631,0.79626,0.79627
2026-06-07 09:30:00+00:00,0.79627,0.7963,0.79626,0.79626
2026-06-07 09:45:00+00:00,0.79627,0.7963,0.79625,0.79626
2026-06-07 10:00:00+00:00,0.79626,0.79629,0.79625,0.79628
2026-06-07 10:15:00+00:00,0.79626,0.79629,0.79549,0.7957
2026-06-07 10:30:00+00:00,0.79569,0.79572,0.79567,0.79568
2026-06-07 10:45:00+00:00,0.79569,0.79572,0.795,0.79523
2026-06-07 11:00:00+00:00,0.79523,0.79526,0.79522,0.79524
2026-06-07 11:15:00+00:00,0.79523,0.79562,0.79452,0.79531
2026-06-07 11:30:00+00:00,0.7952,0.79524,0.79468,0.79484
2026-06-07 11:45:00+00:00,0.79484,0.79488,0.79483,0.79484
2026-06-07 12:00:00+00:00,0.79484,0.79487,0.79441,0.79457
2026-06-07 12:15:00+00:00,0.79455,0.79459,0.79454,0.79457
2026-06-07 12:30:00+00:00,0.79455,0.79468,0.79421,0.79432
2026-06-07 12:45:00+00:00,0.79432,0.79449,0.79405,0.79413
2026-06-07 13:00:00+00:00,0.79414,0.79417,0.79413,0.79415
2026-06-07 13:15:00+00:00,0.79414,0.7951,0.79401,0.79454
2026-06-07 13:30:00+00:00,0.79453,0.79456,0.79451,0.79453
2026-06-07 13:45:00+00:00,0.79453,0.79454,0.79419,0.7943
2026-06-07 14:00:00+00:00,0.7943,0.79614,0.79428,0.79585
2026-06-07 14:15:00+00:00,0.79579,0.79602,0.79579,0.796
2026-06-07 14:30:00+00:00,0.79599,0.79627,0.79522,0.79548
2026-06-07 14:45:00+00:00,0.79547,0.79611,0.79543,0.79604
2026-06-07 15:00:00+00:00,0.79605,0.79606,0.79527,0.79552
2026-06-07 15:15:00+00:00,0.79552,0.79578,0.79493,0.79511
2026-06-07 15:30:00+00:00,0.79509,0.79552,0.79488,0.79547
2026-06-07 15:45:00+00:00,0.79539,0.79542,0.7948,0.79498
2026-06-07 16:00:00+00:00,0.79499,0.79561,0.79478,0.79548
2026-06-07 16:15:00+00:00,0.79548,0.7955,0.79486,0.79546
2026-06-07 16:30:00+00:00,0.79536,0.79578,0.79477,0.79498
2026-06-07 16:45:00+00:00,0.79497,0.795,0.79496,0.79496
2026-06-07 17:00:00+00:00,0.79497,0.79597,0.79425,0.79539
2026-06-07 17:15:00+00:00,0.79539,0.79589,0.79538,0.79588
2026-06-07 17:30:00+00:00,0.79583,0.79603,0.79538,0.79601
2026-06-07 17:45:00+00:00,0.796,0.79604,0.79538,0.79581
2026-06-07 18:00:00+00:00,0.79574,0.79604,0.79563,0.796
2026-06-07 18:15:00+00:00,0.796,0.79646,0.7953,0.79601
2026-06-07 18:30:00+00:00,0.79599,0.79604,0.79599,0.79602
2026-06-07 18:45:00+00:00,0.796,0.79603,0.79548,0.796
2026-06-07 19:00:00+00:00,0.796,0.79622,0.79485,0.79607
2026-06-07 19:15:00+00:00,0.79611,0.79649,0.79571,0.7958
2026-06-07 19:30:00+00:00,0.79599,0.79657,0.7954,0.79654
2026-06-07 19:45:00+00:00,0.7965,0.7967,0.79627,0.79656
2026-06-07 20:00:00+00:00,0.79658,0.79674,0.79579,0.79646
2026-06-07 20:15:00+00:00,0.79647,0.79672,0.79619,0.79662
2026-06-07 20:30:00+00:00,0.79658,0.79664,0.79588,0.7965
2026-06-07 20:45:00+00:00,0.79646,0.79664,0.796,0.7963
2026-06-07 21:00:00+00:00,0.79631,0.79643,0.7953,0.79622
2026-06-07 21:15:00+00:00,0.79623,0.79641,0.79602,0.79628
2026-06-07 21:30:00+00:00,0.79628,0.79658,0.79623,0.79657
2026-06-07 21:45:00+00:00,0.79655,0.79664,0.79641,0.79663
2026-06-07 22:00:00+00:00,0.7966,0.79726,0.7966,0.79703
2026-06-07 22:15:00+00:00,0.79705,0.79712,0.79677,0.79709
2026-06-07 22:30:00+00:00,0.79705,0.79708,0.79677,0.79696
2026-06-07 22:45:00+00:00,0.79695,0.79719,0.7969,0.79718
2026-06-07 23:00:00+00:00,0.79716,0.79716,0.79693,0.79693
2026-06-07 23:15:00+00:00,0.79693,0.79696,0.79663,0.79676
2026-06-07 23:30:00+00:00,0.79677,0.79681,0.79661,0.79672
2026-06-07 23:45:00+00:00,0.79675,0.79675,0.7965,0.79653
2026-06-08 00:00:00+00:00,0.79651,0.79658,0.79634,0.79645
2026-06-08 00:15:00+00:00,0.79642,0.79654,0.79631,0.79644
2026-06-08 00:30:00+00:00,0.7964,0.79652,0.79632,0.79633
2026-06-08 00:45:00+00:00,0.79634,0.79634,0.79586,0.79594
2026-06-08 01:00:00+00:00,0.79592,0.79599,0.79559,0.79597
2026-06-08 01:15:00+00:00,0.79592,0.79715,0.79588,0.79712
2026-06-08 01:30:00+00:00,0.79707,0.79747,0.79701,0.79713
2026-06-08 01:45:00+00:00,0.79715,0.79748,0.79692,0.79744
2026-06-08 02:00:00+00:00,0.79741,0.79794,0.79735,0.79788
2026-06-08 02:15:00+00:00,0.79787,0.79787,0.79737,0.79762
2026-06-08 02:30:00+00:00,0.79757,0.79794,0.79754,0.79763
2026-06-08 02:45:00+00:00,0.79763,0.79764,0.79739,0.7975
2026-06-08 03:00:00+00:00,0.79747,0.79765,0.79746,0.79756
2026-06-08 03:15:00+00:00,0.79755,0.79755,0.79731,0.79732
2026-06-08 03:30:00+00:00,0.79734,0.79739,0.79703,0.79706
2026-06-08 03:45:00+00:00,0.79705,0.79709,0.79685,0.79689
2026-06-08 04:00:00+00:00,0.79688,0.79703,0.79674,0.79678
2026-06-08 04:15:00+00:00,0.7968,0.7968,0.79656,0.79657
2026-06-08 04:30:00+00:00,0.79658,0.79683,0.79655,0.79682
2026-06-08 04:45:00+00:00,0.79679,0.7969,0.79672,0.7969
2026-06-08 05:00:00+00:00,0.79688,0.7969,0.79652,0.79677
2026-06-08 05:15:00+00:00,0.7967,0.79684,0.79618,0.79637
2026-06-08 05:30:00+00:00,0.79642,0.79744,0.79641,0.79731
2026-06-08 05:45:00+00:00,0.79733,0.79801,0.79711,0.79785
2026-06-08 06:00:00+00:00,0.79793,0.79793,0.79739,0.79767
2026-06-08 06:15:00+00:00,0.79764,0.79772,0.79715,0.79716
2026-06-08 06:30:00+00:00,0.79717,0.79785,0.79716,0.79748
2026-06-08 06:45:00+00:00,0.79752,0.79759,0.79698,0.79743
2026-06-08 07:00:00+00:00,0.79736,0.79776,0.79695,0.797
2026-06-08 07:15:00+00:00,0.79708,0.7973,0.79673,0.79697
2026-06-08 07:30:00+00:00,0.79696,0.79757,0.79692,0.79746
2026-06-08 07:45:00+00:00,0.79745,0.79787,0.79733,0.79783
2026-06-08 08:00:00+00:00,0.79774,0.79799,0.7975,0.7978
2026-06-08 08:15:00+00:00,0.7978,0.79802,0.79775,0.79792
2026-06-08 08:30:00+00:00,0.79789,0.79803,0.79769,0.79792
2026-06-08 08:45:00+00:00,0.79792,0.79805,0.79777,0.79803
2026-06-08 09:00:00+00:00,0.79802,0.79833,0.79796,0.79832
2026-06-08 09:15:00+00:00,0.7983,0.7985,0.79816,0.79849
2026-06-08 09:30:00+00:00,0.79847,0.79872,0.79805,0.7982
2026-06-08 09:45:00+00:00,0.79826,0.79835,0.79793,0.79798
2026-06-08 10:00:00+00:00,0.79798,0.7983,0.79755,0.79761
2026-06-08 10:15:00+00:00,0.79759,0.79784,0.79749,0.79774
2026-06-08 10:30:00+00:00,0.7977,0.79782,0.79716,0.7975
2026-06-08 10:45:00+00:00,0.7975,0.79757,0.79715,0.79727
2026-06-08 11:00:00+00:00,0.79729,0.7975,0.79696,0.79715
2026-06-08 11:15:00+00:00,0.79713,0.79713,0.79594,0.7963
2026-06-08 11:30:00+00:00,0.79627,0.79637,0.79592,0.79623
2026-06-08 11:45:00+00:00,0.79627,0.79662,0.79627,0.79653
2026-06-08 12:00:00+00:00,0.79645,0.79661,0.79586,0.79637
2026-06-08 12:15:00+00:00,0.79631,0.79652,0.79622,0.79628
2026-06-08 12:30:00+00:00,0.79639,0.79639,0.79575,0.79578
2026-06-08 12:45:00+00:00,0.79586,0.79628,0.79586,0.79601
2026-06-08 13:00:00+00:00,0.79603,0.79614,0.79524,0.7956
2026-06-08 13:15:00+00:00,0.79558,0.79588,0.79484,0.79495
2026-06-08 13:30:00+00:00,0.79497,0.79562,0.79482,0.79554
2026-06-08 13:45:00+00:00,0.79542,0.79633,0.79542,0.79629
2026-06-08 14:00:00+00:00,0.79625,0.7972,0.79612,0.79712
2026-06-08 14:15:00+00:00,0.79708,0.79756,0.79708,0.79731
2026-06-08 14:30:00+00:00,0.79738,0.79755,0.7972,0.79749
2026-06-08 14:45:00+00:00,0.7975,0.79784,0.79702,0.79707
2026-06-08 15:00:00+00:00,0.79705,0.79718,0.79666,0.79697
2026-06-08 15:15:00+00:00,0.79705,0.79706,0.79656,0.79699
2026-06-08 15:30:00+00:00,0.79693,0.79758,0.79693,0.79732
2026-06-08 15:45:00+00:00,0.7973,0.79759,0.79703,0.79717
2026-06-08 16:00:00+00:00,0.79714,0.79736,0.79713,0.79722
2026-06-08 16:15:00+00:00,0.79722,0.7973,0.79707,0.79728
2026-06-08 16:30:00+00:00,0.7972,0.7974,0.79706,0.79727
2026-06-08 16:45:00+00:00,0.79727,0.79743,0.79708,0.79739
2026-06-08 17:00:00+00:00,0.79733,0.79767,0.7972,0.79749
2026-06-08 17:15:00+00:00,0.79751,0.79751,0.79735,0.7974
2026-06-08 17:30:00+00:00,0.79742,0.79783,0.79731,0.79763
2026-06-08 17:45:00+00:00,0.79766,0.79766,0.79735,0.79739
2026-06-08 18:00:00+00:00,0.7974,0.79744,0.79722,0.79737
2026-06-08 18:15:00+00:00,0.79737,0.79742,0.79718,0.7972
2026-06-08 18:30:00+00:00,0.79721,0.79745,0.79706,0.79742
2026-06-08 18:45:00+00:00,0.79732,0.79788,0.79732,0.79787
2026-06-08 19:00:00+00:00,0.79785,0.79788,0.79766,0.79769
2026-06-08 19:15:00+00:00,0.7977,0.79783,0.79766,0.79777
2026-06-08 19:30:00+00:00,0.79778,0.79778,0.79749,0.79775
2026-06-08 19:45:00+00:00,0.79772,0.79821,0.7977,0.7982
2026-06-08 20:00:00+00:00,0.79819,0.7982,0.79799,0.79805
2026-06-08 20:15:00+00:00,0.79805,0.79812,0.79786,0.79788
2026-06-08 20:30:00+00:00,0.79787,0.79793,0.79777,0.79792
2026-06-08 20:45:00+00:00,0.7979,0.79802,0.79785,0.79793
2026-06-08 21:00:00+00:00,0.79792,0.79792,0.79752,0.79766
2026-06-08 21:15:00+00:00,0.79767,0.79777,0.79763,0.7977
2026-06-08 21:30:00+00:00,0.79769,0.79774,0.79766,0.79772
2026-06-08 21:45:00+00:00,0.7977,0.79776,0.7975,0.79766
2026-06-08 22:00:00+00:00,0.79764,0.79797,0.79758,0.79795
2026-06-08 22:15:00+00:00,0.79792,0.79796,0.79776,0.79784
2026-06-08 22:30:00+00:00,0.79784,0.7979,0.79781,0.79788
2026-06-08 22:45:00+00:00,0.79787,0.79793,0.79775,0.79782
2026-06-08 23:00:00+00:00,0.79781,0.79787,0.79776,0.79778
2026-06-08 23:15:00+00:00,0.79778,0.79801,0.79771,0.798
2026-06-08 23:30:00+00:00,0.79799,0.79811,0.79798,0.7981
2026-06-08 23:45:00+00:00,0.79809,0.79821,0.79806,0.7982
2026-06-09 00:00:00+00:00,0.79817,0.7984,0.79815,0.79817
2026-06-09 00:15:00+00:00,0.79819,0.79839,0.79817,0.79825
2026-06-09 00:30:00+00:00,0.79823,0.79832,0.79805,0.79809
2026-06-09 00:45:00+00:00,0.7981,0.79851,0.79804,0.79812
2026-06-09 01:00:00+00:00,0.7982,0.7982,0.79797,0.798
2026-06-09 01:15:00+00:00,0.79803,0.79803,0.79766,0.79766
2026-06-09 01:30:00+00:00,0.79768,0.79776,0.79753,0.79763
2026-06-09 01:45:00+00:00,0.79754,0.7977,0.79738,0.79742
2026-06-09 02:00:00+00:00,0.79749,0.79749,0.79725,0.79736
2026-06-09 02:15:00+00:00,0.79736,0.79766,0.79731,0.79751
2026-06-09 02:30:00+00:00,0.79751,0.79762,0.79743,0.79746
2026-06-09 02:45:00+00:00,0.79746,0.79761,0.79743,0.7976
2026-06-09 03:00:00+00:00,0.79758,0.7977,0.79741,0.79742
2026-06-09 03:15:00+00:00,0.79743,0.79783,0.79736,0.79763
2026-06-09 03:30:00+00:00,0.79765,0.79772,0.79756,0.79758
2026-06-09 03:45:00+00:00,0.79757,0.79771,0.79749,0.79764
2026-06-09 04:00:00+00:00,0.79762,0.79767,0.79741,0.79745
2026-06-09 04:15:00+00:00,0.79744,0.79752,0.79736,0.79746
2026-06-09 04:30:00+00:00,0.79745,0.79748,0.79701,0.79702
2026-06-09 04:45:00+00:00,0.79702,0.79709,0.79685,0.79695
2026-06-09 05:00:00+00:00,0.79693,0.79728,0.79693,0.79727
2026-06-09 05:15:00+00:00,0.79724,0.7973,0.79696,0.79699
2026-06-09 05:30:00+00:00,0.797,0.7971,0.79641,0.79642
2026-06-09 05:45:00+00:00,0.79643,0.79651,0.79628,0.79639
2026-06-09 06:00:00+00:00,0.79639,0.79669,0.79627,0.79628
2026-06-09 06:15:00+00:00,0.79629,0.79631,0.79579,0.79624
2026-06-09 06:30:00+00:00,0.79619,0.79669,0.79619,0.79668
2026-06-09 06:45:00+00:00,0.79665,0.79692,0.79632,0.79633
2026-06-09 07:00:00+00:00,0.79634,0.79687,0.7961,0.79677
2026-06-09 07:15:00+00:00,0.79677,0.79712,0.79653,0.79681
2026-06-09 07:30:00+00:00,0.79682,0.79707,0.79664,0.79666
2026-06-09 07:45:00+00:00,0.7967,0.79708,0.79659,0.79706
2026-06-09 08:00:00+00:00,0.79702,0.79733,0.79691,0.79694
2026-06-09 08:15:00+00:00,0.79694,0.79734,0.79678,0.79681
2026-06-09 08:30:00+00:00,0.79685,0.7969,0.7966,0.79661
2026-06-09 08:45:00+00:00,0.79665,0.79681,0.79632,0.79633
2026-06-09 09:00:00+00:00,0.79636,0.79652,0.79616,0.7963
2026-06-09 09:15:00+00:00,0.79628,0.79653,0.79616,0.79652
2026-06-09 09:30:00+00:00,0.79649,0.79649,0.79628,0.79633
2026-06-09 09:45:00+00:00,0.79633,0.79647,0.79616,0.79644
2026-06-09 10:00:00+00:00,0.79639,0.79661,0.79626,0.79655
2026-06-09 10:15:00+00:00,0.79652,0.79652,0.79614,0.79616
2026-06-09 10:30:00+00:00,0.79614,0.79628,0.79614,0.79619
2026-06-09 10:45:00+00:00,0.7962,0.79645,0.79611,0.7963
2026-06-09 11:00:00+00:00,0.79627,0.79633,0.79582,0.79593
2026-06-09 11:15:00+00:00,0.79587,0.79606,0.79563,0.79565
2026-06-09 11:30:00+00:00,0.79567,0.79595,0.79553,0.79578
2026-06-09 11:45:00+00:00,0.79581,0.79611,0.79557,0.79558
2026-06-09 12:00:00+00:00,0.7956,0.79564,0.79533,0.79558
2026-06-09 12:15:00+00:00,0.79555,0.79565,0.7955,0.79556
2026-06-09 12:30:00+00:00,0.79555,0.79563,0.79533,0.79546
2026-06-09 12:45:00+00:00,0.79547,0.79581,0.79547,0.7958
2026-06-09 13:00:00+00:00,0.79578,0.79593,0.79531,0.79532
2026-06-09 13:15:00+00:00,0.79532,0.7959,0.79529,0.79589
2026-06-09 13:30:00+00:00,0.79586,0.79611,0.79577,0.796
2026-06-09 13:45:00+00:00,0.79602,0.79619,0.79493,0.79584
2026-06-09 14:00:00+00:00,0.7958,0.79619,0.79563,0.79613
2026-06-09 14:15:00+00:00,0.79602,0.79703,0.79602,0.79661
2026-06-09 14:30:00+00:00,0.79653,0.79697,0.79653,0.79695
2026-06-09 14:45:00+00:00,0.79691,0.79733,0.79673,0.79679
2026-06-09 15:00:00+00:00,0.79683,0.79702,0.79651,0.79675
2026-06-09 15:15:00+00:00,0.79673,0.79704,0.79659,0.79699
2026-06-09 15:30:00+00:00,0.79686,0.79824,0.79686,0.79748
2026-06-09 15:45:00+00:00,0.79749,0.79762,0.79714,0.79716
2026-06-09 16:00:00+00:00,0.79719,0.79786,0.79698,0.79783
2026-06-09 16:15:00+00:00,0.79777,0.7982,0.79777,0.79809
2026-06-09 16:30:00+00:00,0.79807,0.79912,0.79788,0.79877
2026-06-09 16:45:00+00:00,0.79888,0.79888,0.79849,0.79852
2026-06-09 17:00:00+00:00,0.79855,0.79855,0.79817,0.79835
2026-06-09 17:15:00+00:00,0.79833,0.79833,0.79741,0.79756
2026-06-09 17:30:00+00:00,0.7975,0.79772,0.79739,0.79741
2026-06-09 17:45:00+00:00,0.79742,0.79776,0.79742,0.79766
2026-06-09 18:00:00+00:00,0.79768,0.79784,0.79737,0.79766
2026-06-09 18:15:00+00:00,0.79765,0.79769,0.79741,0.7976
2026-06-09 18:30:00+00:00,0.79762,0.79779,0.7974,0.79778
2026-06-09 18:45:00+00:00,0.79774,0.79807,0.79774,0.79791
2026-06-09 19:00:00+00:00,0.79793,0.79819,0.79782,0.79817
2026-06-09 19:15:00+00:00,0.79815,0.79864,0.79812,0.79861
2026-06-09 19:30:00+00:00,0.79861,0.79861,0.79846,0.79854
2026-06-09 19:45:00+00:00,0.79852,0.79862,0.79841,0.79857
2026-06-09 20:00:00+00:00,0.79856,0.79865,0.79844,0.79844
2026-06-09 20:15:00+00:00,0.79845,0.7985,0.79828,0.79839
2026-06-09 20:30:00+00:00,0.79837,0.79848,0.79832,0.79837
2026-06-09 20:45:00+00:00,0.79835,0.79844,0.79824,0.79827
2026-06-09 21:00:00+00:00,0.79833,0.79864,0.79773,0.7985
2026-06-09 21:15:00+00:00,0.79848,0.79848,0.79803,0.79831
2026-06-09 21:30:00+00:00,0.7983,0.79851,0.7983,0.79851
2026-06-09 21:45:00+00:00,0.79848,0.79858,0.79839,0.79841
2026-06-09 22:00:00+00:00,0.7984,0.79886,0.79832,0.79866
2026-06-09 22:15:00+00:00,0.79862,0.79874,0.79861,0.79864
2026-06-09 22:30:00+00:00,0.79864,0.7989,0.79863,0.79889
2026-06-09 22:45:00+00:00,0.79884,0.79909,0.79883,0.79898
2026-06-09 23:00:00+00:00,0.79897,0.79902,0.79881,0.79887
2026-06-09 23:15:00+00:00,0.79885,0.7992,0.79885,0.79919
2026-06-09 23:30:00+00:00,0.79917,0.79928,0.79912,0.7992
2026-06-09 23:45:00+00:00,0.79919,0.79938,0.79917,0.79937
2026-06-10 00:00:00+00:00,0.79935,0.79936,0.79892,0.79893
2026-06-10 00:15:00+00:00,0.79893,0.79899,0.7987,0.79875
2026-06-10 00:30:00+00:00,0.79877,0.79938,0.79875,0.79935
2026-06-10 00:45:00+00:00,0.79927,0.79945,0.79882,0.79885
2026-06-10 01:00:00+00:00,0.79891,0.7991,0.79884,0.79898
2026-06-10 01:15:00+00:00,0.79899,0.79913,0.79865,0.79903
2026-06-10 01:30:00+00:00,0.79906,0.79927,0.79898,0.79919
2026-06-10 01:45:00+00:00,0.79917,0.79948,0.79907,0.79938
2026-06-10 02:00:00+00:00,0.79936,0.79942,0.79908,0.79909
2026-06-10 02:15:00+00:00,0.79911,0.79919,0.79903,0.79904
2026-06-10 02:30:00+00:00,0.79905,0.79906,0.79887,0.79897
2026-06-10 02:45:00+00:00,0.79896,0.79929,0.79887,0.79922
2026-06-10 03:00:00+00:00,0.79923,0.79932,0.79892,0.79895
2026-06-10 03:15:00+00:00,0.79894,0.79918,0.79885,0.79916
2026-06-10 03:30:00+00:00,0.79913,0.79922,0.79902,0.7992
2026-06-10 03:45:00+00:00,0.79916,0.79921,0.79876,0.79883
2026-06-10 04:00:00+00:00,0.79881,0.79903,0.79881,0.79902
2026-06-10 04:15:00+00:00,0.79899,0.79911,0.79892,0.79894
2026-06-10 04:30:00+00:00,0.79898,0.79922,0.79897,0.79918
2026-06-10 04:45:00+00:00,0.79918,0.79938,0.79915,0.79916
2026-06-10 05:00:00+00:00,0.79918,0.79922,0.79893,0.79908
2026-06-10 05:15:00+00:00,0.79905,0.79926,0.79891,0.79893
2026-06-10 05:30:00+00:00,0.79896,0.79903,0.79802,0.79806
2026-06-10 05:45:00+00:00,0.79807,0.79832,0.79807,0.7981
2026-06-10 06:00:00+00:00,0.79811,0.79823,0.79792,0.79802
2026-06-10 06:15:00+00:00,0.79804,0.79824,0.79781,0.79819
2026-06-10 06:30:00+00:00,0.79816,0.79816,0.79755,0.79764
2026-06-10 06:45:00+00:00,0.79762,0.79833,0.79758,0.79831
2026-06-10 07:00:00+00:00,0.79824,0.79856,0.79807,0.79824
2026-06-10 07:15:00+00:00,0.79818,0.79823,0.79779,0.79818
2026-06-10 07:30:00+00:00,0.79819,0.79862,0.79817,0.7985
2026-06-10 07:45:00+00:00,0.79851,0.79873,0.79842,0.79856
2026-06-10 08:00:00+00:00,0.79858,0.79903,0.79844,0.79869
2026-06-10 08:15:00+00:00,0.79864,0.79883,0.79848,0.79871
2026-06-10 08:30:00+00:00,0.79869,0.79899,0.79863,0.79897
2026-06-10 08:45:00+00:00,0.79894,0.79913,0.79887,0.79905
2026-06-10 09:00:00+00:00,0.79902,0.79907,0.79851,0.7989
2026-06-10 09:15:00+00:00,0.79885,0.79898,0.79875,0.79893
2026-06-10 09:30:00+00:00,0.79889,0.79898,0.7985,0.79865
2026-06-10 09:45:00+00:00,0.79871,0.79871,0.79837,0.79847
2026-06-10 10:00:00+00:00,0.7985,0.79861,0.79836,0.79858
2026-06-10 10:15:00+00:00,0.79856,0.79878,0.79821,0.79825
2026-06-10 10:30:00+00:00,0.79832,0.79846,0.79817,0.79834
2026-06-10 10:45:00+00:00,0.79838,0.79874,0.79838,0.79872
2026-06-10 11:00:00+00:00,0.79867,0.7995,0.79841,0.79891
2026-06-10 11:15:00+00:00,0.79894,0.79904,0.79843,0.79881
2026-06-10 11:30:00+00:00,0.79883,0.79939,0.79876,0.79926
2026-06-10 11:45:00+00:00,0.79927,0.79949,0.79917,0.79924
2026-06-10 12:00:00+00:00,0.79926,0.79933,0.79882,0.79896
2026-06-10 12:15:00+00:00,0.799,0.79908,0.79862,0.79878
2026-06-10 12:30:00+00:00,0.79873,0.79887,0.79746,0.79769
2026-06-10 12:45:00+00:00,0.79765,0.79816,0.797,0.79809
2026-06-10 13:00:00+00:00,0.79799,0.79831,0.79784,0.79786
2026-06-10 13:15:00+00:00,0.7979,0.7979,0.79757,0.7976
2026-06-10 13:30:00+00:00,0.79757,0.79763,0.79678,0.7968
2026-06-10 13:45:00+00:00,0.79682,0.79742,0.7965,0.79741
2026-06-10 14:00:00+00:00,0.79739,0.79756,0.79701,0.79702
2026-06-10 14:15:00+00:00,0.79704,0.79782,0.79699,0.7976
2026-06-10 14:30:00+00:00,0.79758,0.79789,0.79754,0.79766
2026-06-10 14:45:00+00:00,0.79767,0.79826,0.79767,0.79791
2026-06-10 15:00:00+00:00,0.79796,0.79845,0.79786,0.79828
2026-06-10 15:15:00+00:00,0.7983,0.79852,0.79779,0.79791
2026-06-10 15:30:00+00:00,0.79789,0.79853,0.79783,0.79851
2026-06-10 15:45:00+00:00,0.79847,0.79928,0.7981,0.79848
2026-06-10 16:00:00+00:00,0.79853,0.79863,0.79801,0.79806
2026-06-10 16:15:00+00:00,0.79815,0.79816,0.79791,0.79812
2026-06-10 16:30:00+00:00,0.79809,0.79839,0.79802,0.79837
2026-06-10 16:45:00+00:00,0.79835,0.79867,0.79831,0.79866
2026-06-10 17:00:00+00:00,0.79863,0.799,0.79819,0.79892
2026-06-10 17:15:00+00:00,0.79892,0.79901,0.79884,0.79901
2026-06-10 17:30:00+00:00,0.79898,0.79927,0.79893,0.79924
2026-06-10 17:45:00+00:00,0.79922,0.79935,0.79881,0.79886
2026-06-10 18:00:00+00:00,0.79884,0.79884,0.79839,0.79862
2026-06-10 18:15:00+00:00,0.79857,0.79898,0.79857,0.7989
2026-06-10 18:30:00+00:00,0.79892,0.79919,0.79885,0.79917
2026-06-10 18:45:00+00:00,0.79915,0.79934,0.79904,0.79917
2026-06-10 19:00:00+00:00,0.79918,0.79971,0.79918,0.79968
2026-06-10 19:15:00+00:00,0.79964,0.79979,0.79964,0.79969
2026-06-10 19:30:00+00:00,0.79969,0.79989,0.79962,0.79977
2026-06-10 19:45:00+00:00,0.79979,0.79993,0.79974,0.79988
2026-06-10 20:00:00+00:00,0.79989,0.80018,0.79986,0.80014
2026-06-10 20:15:00+00:00,0.80015,0.80021,0.8,0.80001
2026-06-10 20:30:00+00:00,0.80003,0.80005,0.79975,0.80004
2026-06-10 20:45:00+00:00,0.79998,0.80021,0.79998,0.80006
2026-06-10 21:00:00+00:00,0.80014,0.80014,0.79889,0.79949
2026-06-10 21:15:00+00:00,0.79956,0.79983,0.79895,0.79946
2026-06-10 21:30:00+00:00,0.79942,0.79963,0.79942,0.79947
2026-06-10 21:45:00+00:00,0.79948,0.79958,0.79942,0.79954
2026-06-10 22:00:00+00:00,0.79953,0.80022,0.79944,0.80021
2026-06-10 22:15:00+00:00,0.8002,0.80024,0.80003,0.80003
2026-06-10 22:30:00+00:00,0.80005,0.80012,0.79996,0.8
2026-06-10 22:45:00+00:00,0.79997,0.80025,0.79997,0.80024
2026-06-10 23:00:00+00:00,0.80019,0.80058,0.80019,0.80055
2026-06-10 23:15:00+00:00,0.80051,0.80063,0.79993,0.80005
2026-06-10 23:30:00+00:00,0.80004,0.80031,0.79983,0.79991
2026-06-10 23:45:00+00:00,0.7999,0.8001,0.79984,0.80009
2026-06-11 00:00:00+00:00,0.80007,0.80007,0.79956,0.79961
2026-06-11 00:15:00+00:00,0.79962,0.79966,0.79939,0.79953
2026-06-11 00:30:00+00:00,0.79953,0.79953,0.79931,0.79932
2026-06-11 00:45:00+00:00,0.79933,0.79948,0.79925,0.79931
2026-06-11 01:00:00+00:00,0.79929,0.79929,0.79837,0.7984
2026-06-11 01:15:00+00:00,0.7984,0.79859,0.79809,0.7981
2026-06-11 01:30:00+00:00,0.79811,0.79829,0.79803,0.79823
2026-06-11 01:45:00+00:00,0.79818,0.79839,0.79818,0.79838
2026-06-11 02:00:00+00:00,0.79836,0.79842,0.79824,0.79831
2026-06-11 02:15:00+00:00,0.79828,0.79859,0.79828,0.79857
2026-06-11 02:30:00+00:00,0.79853,0.79878,0.79848,0.79871
2026-06-11 02:45:00+00:00,0.79871,0.79879,0.79861,0.79865
2026-06-11 03:00:00+00:00,0.79863,0.79882,0.79853,0.7988
2026-06-11 03:15:00+00:00,0.79879,0.79881,0.79867,0.79867
2026-06-11 03:30:00+00:00,0.79868,0.79877,0.79863,0.7987
2026-06-11 03:45:00+00:00,0.79871,0.79877,0.79867,0.79871
2026-06-11 04:00:00+00:00,0.79869,0.79892,0.79868,0.79878
2026-06-11 04:15:00+00:00,0.79877,0.79883,0.79863,0.79866
2026-06-11 04:30:00+00:00,0.79867,0.79869,0.79846,0.79847
2026-06-11 04:45:00+00:00,0.79847,0.79853,0.79828,0.79843
2026-06-11 05:00:00+00:00,0.79841,0.79856,0.79828,0.79829
2026-06-11 05:15:00+00:00,0.7983,0.79837,0.7982,0.79836
2026-06-11 05:30:00+00:00,0.79835,0.79843,0.79832,0.79842
2026-06-11 05:45:00+00:00,0.79839,0.7987,0.79838,0.79839
2026-06-11 06:00:00+00:00,0.7984,0.79893,0.79837,0.79864
2026-06-11 06:15:00+00:00,0.79867,0.79889,0.79854,0.79887
2026-06-11 06:30:00+00:00,0.79884,0.79895,0.79855,0.79857
2026-06-11 06:45:00+00:00,0.79863,0.79892,0.79863,0.79891
2026-06-11 07:00:00+00:00,0.79889,0.79916,0.79859,0.7988
2026-06-11 07:15:00+00:00,0.79877,0.79888,0.79821,0.79849
2026-06-11 07:30:00+00:00,0.79844,0.79896,0.79834,0.79891
2026-06-11 07:45:00+00:00,0.79885,0.79923,0.79885,0.79918
2026-06-11 08:00:00+00:00,0.79918,0.79961,0.79918,0.79951
2026-06-11 08:15:00+00:00,0.79949,0.7996,0.79937,0.7995
2026-06-11 08:30:00+00:00,0.7995,0.79965,0.79936,0.79951
2026-06-11 08:45:00+00:00,0.79953,0.80023,0.79953,0.80011
2026-06-11 09:00:00+00:00,0.80011,0.80029,0.8,0.80004
2026-06-11 09:15:00+00:00,0.80012,0.80021,0.79973,0.80019
2026-06-11 09:30:00+00:00,0.80017,0.8002,0.79984,0.79985
2026-06-11 09:45:00+00:00,0.79986,0.79999,0.79957,0.79959
2026-06-11 10:00:00+00:00,0.79959,0.8,0.79951,0.79999
2026-06-11 10:15:00+00:00,0.79993,0.80021,0.79993,0.80011
2026-06-11 10:30:00+00:00,0.80009,0.80021,0.79983,0.79987
2026-06-11 10:45:00+00:00,0.79988,0.79994,0.79961,0.79964
2026-06-11 11:00:00+00:00,0.79966,0.79967,0.79926,0.79927
2026-06-11 11:15:00+00:00,0.79929,0.79953,0.79923,0.79939
2026-06-11 11:30:00+00:00,0.79943,0.79943,0.79888,0.799
2026-06-11 11:45:00+00:00,0.79902,0.79907,0.79882,0.79888
2026-06-11 12:00:00+00:00,0.79889,0.79959,0.79883,0.79955
2026-06-11 12:15:00+00:00,0.79946,0.80079,0.7993,0.80027
2026-06-11 12:30:00+00:00,0.80038,0.8009,0.79978,0.80033
2026-06-11 12:45:00+00:00,0.80034,0.80042,0.79897,0.79923
2026-06-11 13:00:00+00:00,0.79918,0.79981,0.79909,0.79977
2026-06-11 13:15:00+00:00,0.79969,0.8003,0.7995,0.79955
2026-06-11 13:30:00+00:00,0.79963,0.79973,0.79914,0.7994
2026-06-11 13:45:00+00:00,0.79946,0.7995,0.79885,0.79948
2026-06-11 14:00:00+00:00,0.79944,0.80027,0.79944,0.80024
2026-06-11 14:15:00+00:00,0.80018,0.80059,0.80016,0.8002
2026-06-11 14:30:00+00:00,0.80018,0.80063,0.80012,0.80054
2026-06-11 14:45:00+00:00,0.80052,0.80069,0.80035,0.80037
2026-06-11 15:00:00+00:00,0.80041,0.80053,0.80003,0.80012
2026-06-11 15:15:00+00:00,0.80015,0.80033,0.79978,0.7998
2026-06-11 15:30:00+00:00,0.79982,0.80039,0.79982,0.80034
2026-06-11 15:45:00+00:00,0.80024,0.80078,0.80024,0.80074
2026-06-11 16:00:00+00:00,0.80075,0.80099,0.80066,0.80091
2026-06-11 16:15:00+00:00,0.80088,0.80104,0.80076,0.80081
2026-06-11 16:30:00+00:00,0.8008,0.8009,0.80059,0.80074
2026-06-11 16:45:00+00:00,0.80073,0.80098,0.80066,0.80096
2026-06-11 17:00:00+00:00,0.80093,0.80112,0.80087,0.80101
2026-06-11 17:15:00+00:00,0.80096,0.80152,0.80018,0.80052
2026-06-11 17:30:00+00:00,0.80126,0.80126,0.79683,0.79728
2026-06-11 17:45:00+00:00,0.79714,0.79784,0.79673,0.79755
2026-06-11 18:00:00+00:00,0.7976,0.7986,0.7976,0.79782
2026-06-11 18:15:00+00:00,0.79784,0.79795,0.79701,0.79733
2026-06-11 18:30:00+00:00,0.79731,0.79772,0.79708,0.79711
2026-06-11 18:45:00+00:00,0.79715,0.79715,0.79633,0.79674
2026-06-11 19:00:00+00:00,0.79677,0.79681,0.79574,0.79585
2026-06-11 19:15:00+00:00,0.79583,0.79586,0.79517,0.79527
2026-06-11 19:30:00+00:00,0.79525,0.79525,0.79448,0.79472
2026-06-11 19:45:00+00:00,0.79471,0.79514,0.79465,0.79498
2026-06-11 20:00:00+00:00,0.79499,0.79514,0.79448,0.79462
2026-06-11 20:15:00+00:00,0.79459,0.79467,0.79421,0.79439
2026-06-11 20:30:00+00:00,0.79439,0.79496,0.79424,0.79494
2026-06-11 20:45:00+00:00,0.79487,0.7951,0.79475,0.79481
2026-06-11 21:00:00+00:00,0.7948,0.79543,0.7948,0.79494
2026-06-11 21:15:00+00:00,0.79492,0.79499,0.79471,0.79482
2026-06-11 21:30:00+00:00,0.79481,0.7949,0.79471,0.79488
2026-06-11 21:45:00+00:00,0.79487,0.79488,0.79467,0.79469
2026-06-11 22:00:00+00:00,0.79467,0.79481,0.79441,0.79479
2026-06-11 22:15:00+00:00,0.79477,0.79495,0.79474,0.79493
2026-06-11 22:30:00+00:00,0.79491,0.79507,0.79482,0.79485
2026-06-11 22:45:00+00:00,0.7949,0.7949,0.79443,0.79445
2026-06-11 23:00:00+00:00,0.79448,0.79454,0.79435,0.79441
2026-06-11 23:15:00+00:00,0.79442,0.79494,0.79442,0.79484
2026-06-11 23:30:00+00:00,0.79486,0.79517,0.79486,0.79508
2026-06-11 23:45:00+00:00,0.79506,0.79528,0.79497,0.79516
2026-06-12 00:00:00+00:00,0.79513,0.79553,0.79513,0.79548
2026-06-12 00:15:00+00:00,0.79549,0.79566,0.79548,0.79549
2026-06-12 00:30:00+00:00,0.79549,0.7959,0.79546,0.79589
2026-06-12 00:45:00+00:00,0.79587,0.79602,0.79575,0.79601
2026-06-12 01:00:00+00:00,0.79596,0.7962,0.79586,0.79596
2026-06-12 01:15:00+00:00,0.79601,0.79621,0.79597,0.79619
2026-06-12 01:30:00+00:00,0.79616,0.79622,0.79597,0.7962
2026-06-12 01:45:00+00:00,0.79617,0.7963,0.79597,0.79617
2026-06-12 02:00:00+00:00,0.79619,0.79623,0.7958,0.79582
2026-06-12 02:15:00+00:00,0.79581,0.79607,0.79579,0.79606
2026-06-12 02:30:00+00:00,0.79605,0.79624,0.79603,0.79609
2026-06-12 02:45:00+00:00,0.79608,0.79618,0.79592,0.79617
2026-06-12 03:00:00+00:00,0.79615,0.79628,0.79606,0.79627
2026-06-12 03:15:00+00:00,0.79625,0.79625,0.796,0.79602
2026-06-12 03:30:00+00:00,0.79602,0.79606,0.79559,0.7956
2026-06-12 03:45:00+00:00,0.79562,0.79593,0.79562,0.79579
2026-06-12 04:00:00+00:00,0.79578,0.79599,0.79572,0.79582
2026-06-12 04:15:00+00:00,0.79584,0.7959,0.79575,0.79586
2026-06-12 04:30:00+00:00,0.79586,0.79587,0.79564,0.79564
2026-06-12 04:45:00+00:00,0.79565,0.7959,0.79565,0.79589
2026-06-12 05:00:00+00:00,0.79585,0.79624,0.79573,0.79606
2026-06-12 05:15:00+00:00,0.79609,0.79648,0.796,0.79641
2026-06-12 05:30:00+00:00,0.79639,0.79648,0.79628,0.79646
2026-06-12 05:45:00+00:00,0.79643,0.79671,0.79636,0.79667
2026-06-12 06:00:00+00:00,0.79662,0.79673,0.79598,0.79608
2026-06-12 06:15:00+00:00,0.79603,0.7962,0.796,0.79606
2026-06-12 06:30:00+00:00,0.79608,0.79658,0.79599,0.79631
2026-06-12 06:45:00+00:00,0.79643,0.79675,0.79643,0.79647
2026-06-12 07:00:00+00:00,0.79655,0.79686,0.79628,0.79683
2026-06-12 07:15:00+00:00,0.79675,0.79691,0.79644,0.79677
2026-06-12 07:30:00+00:00,0.79675,0.79754,0.79675,0.7972
2026-06-12 07:45:00+00:00,0.79724,0.79752,0.79662,0.7967
2026-06-12 08:00:00+00:00,0.79685,0.79685,0.79607,0.79621
2026-06-12 08:15:00+00:00,0.79629,0.79629,0.7948,0.79551
2026-06-12 08:30:00+00:00,0.79537,0.79585,0.79537,0.79574
2026-06-12 08:45:00+00:00,0.79578,0.79595,0.79556,0.79573
2026-06-12 09:00:00+00:00,0.79577,0.79594,0.7955,0.79569
2026-06-12 09:15:00+00:00,0.7957,0.79597,0.79508,0.7951
2026-06-12 09:30:00+00:00,0.79512,0.79531,0.79496,0.79511
2026-06-12 09:45:00+00:00,0.79505,0.79573,0.79505,0.79539
2026-06-12 10:00:00+00:00,0.79538,0.79558,0.7953,0.79555
2026-06-12 10:15:00+00:00,0.79554,0.79639,0.79542,0.79613
2026-06-12 10:30:00+00:00,0.79618,0.79618,0.79554,0.79569
2026-06-12 10:45:00+00:00,0.79572,0.79623,0.79559,0.79605
2026-06-12 11:00:00+00:00,0.79608,0.79656,0.79603,0.79638
2026-06-12 11:15:00+00:00,0.79642,0.79642,0.79597,0.79599
2026-06-12 11:30:00+00:00,0.796,0.79624,0.79574,0.79587
2026-06-12 11:45:00+00:00,0.79584,0.79631,0.7957,0.7963
2026-06-12 12:00:00+00:00,0.79628,0.7968,0.79625,0.79675
2026-06-12 12:15:00+00:00,0.7967,0.79731,0.7967,0.79729
2026-06-12 12:30:00+00:00,0.79726,0.7974,0.79709,0.79711
2026-06-12 12:45:00+00:00,0.79713,0.79749,0.79713,0.79716
2026-06-12 13:00:00+00:00,0.79717,0.79725,0.79665,0.79698
2026-06-12 13:15:00+00:00,0.79692,0.79703,0.79633,0.79643
2026-06-12 13:30:00+00:00,0.79641,0.79733,0.79606,0.79731
2026-06-12 13:45:00+00:00,0.79729,0.79736,0.79698,0.79733
2026-06-12 14:00:00+00:00,0.79729,0.79737,0.79682,0.79693
2026-06-12 14:15:00+00:00,0.79689,0.79757,0.79689,0.7972
2026-06-12 14:30:00+00:00,0.79714,0.79732,0.79656,0.79702
2026-06-12 14:45:00+00:00,0.797,0.79776,0.79622,0.79626
2026-06-12 15:00:00+00:00,0.79635,0.79664,0.79635,0.79654
2026-06-12 15:15:00+00:00,0.79652,0.79652,0.7959,0.79597
2026-06-12 15:30:00+00:00,0.79594,0.79643,0.79593,0.7964
2026-06-12 15:45:00+00:00,0.79636,0.7965,0.79625,0.7963
2026-06-12 16:00:00+00:00,0.79634,0.79699,0.79634,0.79644
2026-06-12 16:15:00+00:00,0.7965,0.79666,0.79615,0.79658
2026-06-12 16:30:00+00:00,0.79656,0.79676,0.7963,0.79673
2026-06-12 16:45:00+00:00,0.79665,0.7969,0.79648,0.79655
2026-06-12 17:00:00+00:00,0.79656,0.79658,0.79627,0.79653
2026-06-12 17:15:00+00:00,0.79648,0.79656,0.79631,0.79634
2026-06-12 17:30:00+00:00,0.79632,0.79651,0.79629,0.79648
2026-06-12 17:45:00+00:00,0.79646,0.79671,0.79646,0.79669
2026-06-12 18:00:00+00:00,0.79669,0.79682,0.79658,0.79661
2026-06-12 18:15:00+00:00,0.79663,0.79669,0.79653,0.79654
2026-06-12 18:30:00+00:00,0.79655,0.79658,0.79635,0.79639
2026-06-12 18:45:00+00:00,0.79638,0.79661,0.79632,0.79655
2026-06-12 19:00:00+00:00,0.79645,0.79681,0.79639,0.79657
2026-06-12 19:15:00+00:00,0.79653,0.79659,0.7964,0.79653
2026-06-12 19:30:00+00:00,0.79653,0.79679,0.79649,0.79677
2026-06-12 19:45:00+00:00,0.79674,0.79696,0.79673,0.79687
2026-06-12 20:00:00+00:00,0.79685,0.79691,0.79672,0.79678
2026-06-12 20:15:00+00:00,0.7968,0.79692,0.79672,0.7968
2026-06-12 20:30:00+00:00,0.79677,0.79702,0.79677,0.79701
2026-06-12 20:45:00+00:00,0.797,0.79722,0.79694,0.79709
2026-06-12 21:00:00+00:00,0.79709,0.79728,0.7969,0.79718
2026-06-12 21:15:00+00:00,0.79715,0.79722,0.79706,0.79708
2026-06-12 21:30:00+00:00,0.79712,0.79722,0.79711,0.7972
2026-06-12 21:45:00+00:00,0.79718,0.79722,0.7971,0.79718
2026-06-12 22:00:00+00:00,0.79717,0.79727,0.79659,0.79717
2026-06-12 22:15:00+00:00,0.79716,0.7972,0.79712,0.79713
2026-06-12 22:30:00+00:00,0.79715,0.79719,0.79712,0.79717
2026-06-12 22:45:00+00:00,0.79716,0.7972,0.7971,0.79713
2026-06-12 23:00:00+00:00,0.79713,0.79726,0.79685,0.79718
2026-06-12 23:15:00+00:00,0.79717,0.79721,0.79713,0.79714
2026-06-12 23:30:00+00:00,0.79715,0.7972,0.79713,0.79719
2026-06-12 23:45:00+00:00,0.79718,0.79721,0.79713,0.79717
2026-06-13 00:00:00+00:00,0.79715,0.79718,0.79702,0.79703
2026-06-13 00:15:00+00:00,0.79703,0.79706,0.79701,0.79702
2026-06-13 00:30:00+00:00,0.79702,0.79706,0.79701,0.79703
2026-06-13 00:45:00+00:00,0.79703,0.79706,0.79701,0.79704
2026-06-13 01:00:00+00:00,0.79703,0.79706,0.79701,0.79703
2026-06-13 01:15:00+00:00,0.79702,0.79706,0.79701,0.79702
2026-06-13 01:30:00+00:00,0.79702,0.79706,0.79701,0.79704
2026-06-13 01:45:00+00:00,0.79702,0.79706,0.79701,0.79704
2026-06-13 02:00:00+00:00,0.79702,0.79706,0.79701,0.79703
2026-06-13 02:15:00+00:00,0.79702,0.79706,0.79701,0.79702
2026-06-13 02:30:00+00:00,0.79703,0.79706,0.79701,0.79703
2026-06-13 02:45:00+00:00,0.79703,0.79707,0.79701,0.79704
2026-06-13 03:00:00+00:00,0.79702,0.79706,0.79701,0.79704
2026-06-13 03:15:00+00:00,0.79703,0.79706,0.79701,0.79702
2026-06-13 03:30:00+00:00,0.79703,0.79706,0.79701,0.79702
2026-06-13 03:45:00+00:00,0.79703,0.79706,0.79701,0.79704
2026-06-13 04:00:00+00:00,0.79702,0.79706,0.79701,0.79704
2026-06-13 04:15:00+00:00,0.79702,0.79706,0.79701,0.79702
2026-06-13 04:30:00+00:00,0.79702,0.79706,0.79701,0.79702
2026-06-13 04:45:00+00:00,0.79703,0.79706,0.79701,0.79704
2026-06-13 05:00:00+00:00,0.79702,0.79706,0.79701,0.79704
2026-06-13 05:15:00+00:00,0.79703,0.79706,0.79701,0.79702
2026-06-13 05:30:00+00:00,0.79702,0.79706,0.79701,0.79702
2026-06-13 05:45:00+00:00,0.79702,0.79705,0.79701,0.79704
2026-06-13 06:00:00+00:00,0.79702,0.79706,0.79701,0.79704
2026-06-13 06:15:00+00:00,0.79703,0.79707,0.79702,0.79703
2026-06-13 06:30:00+00:00,0.79703,0.79706,0.797,0.79701
2026-06-13 06:45:00+00:00,0.79702,0.79706,0.79701,0.79703
2026-06-13 07:00:00+00:00,0.79703,0.79706,0.797,0.79704
2026-06-13 07:15:00+00:00,0.79702,0.79706,0.79701,0.79703
2026-06-13 07:30:00+00:00,0.79703,0.79706,0.79701,0.79702
2026-06-13 07:45:00+00:00,0.79703,0.79706,0.797,0.79703
2026-06-13 08:00:00+00:00,0.79702,0.79706,0.79701,0.79704
2026-06-13 08:15:00+00:00,0.79703,0.79706,0.797,0.79703
2026-06-13 08:30:00+00:00,0.79702,0.79707,0.79701,0.79702
2026-06-13 08:45:00+00:00,0.79703,0.79706,0.797,0.79703
2026-06-13 09:00:00+00:00,0.79703,0.79706,0.79701,0.79703
2026-06-13 09:15:00+00:00,0.79702,0.79706,0.79701,0.79704
2026-06-13 09:30:00+00:00,0.79703,0.79706,0.797,0.79702
2026-06-13 09:45:00+00:00,0.79702,0.79706,0.79701,0.79702
2026-06-13 10:00:00+00:00,0.79703,0.79706,0.797,0.79704
2026-06-13 10:15:00+00:00,0.79703,0.79712,0.79701,0.79704
2026-06-13 10:30:00+00:00,0.79705,0.79706,0.79701,0.79702
2026-06-13 10:45:00+00:00,0.79703,0.7971,0.79701,0.79702
2026-06-13 11:00:00+00:00,0.79703,0.79706,0.79701,0.79704
2026-06-13 11:15:00+00:00,0.79703,0.79711,0.79701,0.79704
2026-06-13 11:30:00+00:00,0.79703,0.7972,0.79701,0.79718
2026-06-13 11:45:00+00:00,0.79714,0.79716,0.79702,0.79703
2026-06-13 12:00:00+00:00,0.79703,0.79714,0.79698,0.79711
2026-06-13 12:15:00+00:00,0.7971,0.79714,0.79703,0.79706
2026-06-13 12:30:00+00:00,0.79704,0.79715,0.79703,0.79709
2026-06-13 12:45:00+00:00,0.79708,0.79717,0.79705,0.79716
2026-06-13 13:00:00+00:00,0.79714,0.79717,0.79706,0.79709
2026-06-13 13:15:00+00:00,0.79707,0.79725,0.797,0.79721
2026-06-13 13:30:00+00:00,0.79719,0.79723,0.79718,0.7972
2026-06-13 13:45:00+00:00,0.79719,0.79727,0.79715,0.79723
2026-06-13 14:00:00+00:00,0.79724,0.79726,0.79712,0.79723
2026-06-13 14:15:00+00:00,0.79721,0.79728,0.79714,0.79726
2026-06-13 14:30:00+00:00,0.79723,0.79724,0.79712,0.79721
2026-06-13 14:45:00+00:00,0.7972,0.79724,0.79719,0.7972
2026-06-13 15:00:00+00:00,0.7972,0.79729,0.79715,0.79726
2026-06-13 15:15:00+00:00,0.79726,0.79727,0.79708,0.7972
2026-06-13 15:30:00+00:00,0.79717,0.79721,0.79716,0.79719
2026-06-13 15:45:00+00:00,0.79717,0.79726,0.79716,0.79722
2026-06-13 16:00:00+00:00,0.79722,0.79724,0.79695,0.79704
2026-06-13 16:15:00+00:00,0.79704,0.79715,0.79703,0.79713
2026-06-13 16:30:00+00:00,0.79712,0.7972,0.7971,0.79718
2026-06-13 16:45:00+00:00,0.7971,0.79726,0.7971,0.79715
2026-06-13 17:00:00+00:00,0.79715,0.79732,0.7969,0.79705
2026-06-13 17:15:00+00:00,0.79705,0.79707,0.79702,0.79704
2026-06-13 17:30:00+00:00,0.79703,0.79715,0.79694,0.79708
2026-06-13 17:45:00+00:00,0.79706,0.79712,0.79705,0.79706
2026-06-13 18:00:00+00:00,0.79706,0.79724,0.79689,0.79699
2026-06-13 18:15:00+00:00,0.797,0.79723,0.79698,0.79717
2026-06-13 18:30:00+00:00,0.79716,0.79719,0.79715,0.79718
2026-06-13 18:45:00+00:00,0.79716,0.79724,0.79711,0.79715
2026-06-13 19:00:00+00:00,0.79714,0.79719,0.79685,0.79689
2026-06-13 19:15:00+00:00,0.79698,0.7971,0.79698,0.79707
2026-06-13 19:30:00+00:00,0.79705,0.79716,0.79704,0.79711
2026-06-13 19:45:00+00:00,0.79709,0.79713,0.79704,0.79706
2026-06-13 20:00:00+00:00,0.79705,0.79719,0.79683,0.79707
2026-06-13 20:15:00+00:00,0.79708,0.79717,0.79703,0.79708
2026-06-13 20:30:00+00:00,0.79708,0.79718,0.79706,0.79709
2026-06-13 20:45:00+00:00,0.79707,0.79718,0.79702,0.79716
2026-06-13 21:00:00+00:00,0.79715,0.79718,0.7969,0.79697
2026-06-13 21:15:00+00:00,0.79698,0.79711,0.79696,0.79707
2026-06-13 21:30:00+00:00,0.79707,0.79719,0.79706,0.79715
2026-06-13 21:45:00+00:00,0.79705,0.79724,0.79705,0.79717
2026-06-13 22:00:00+00:00,0.79716,0.79719,0.79691,0.79707
2026-06-13 22:15:00+00:00,0.79708,0.79711,0.79706,0.79707
2026-06-13 22:30:00+00:00,0.79708,0.79718,0.79706,0.79712
2026-06-13 22:45:00+00:00,0.7971,0.79713,0.79706,0.79709
2026-06-13 23:00:00+00:00,0.79707,0.79726,0.79689,0.79698
2026-06-13 23:15:00+00:00,0.79698,0.79722,0.79689,0.79714
2026-06-13 23:30:00+00:00,0.79714,0.79718,0.79713,0.79715
2026-06-13 23:45:00+00:00,0.79714,0.79723,0.79713,0.79722
2026-06-14 00:00:00+00:00,0.7972,0.79724,0.79719,0.7972
2026-06-14 00:15:00+00:00,0.7972,0.7973,0.7971,0.79714
2026-06-14 00:30:00+00:00,0.79715,0.79721,0.79704,0.79719
2026-06-14 00:45:00+00:00,0.79717,0.79721,0.79716,0.79719
2026-06-14 01:00:00+00:00,0.79717,0.79727,0.79715,0.79724
2026-06-14 01:15:00+00:00,0.79723,0.79727,0.79722,0.79723
2026-06-14 01:30:00+00:00,0.79723,0.79731,0.79723,0.79729
2026-06-14 01:45:00+00:00,0.79727,0.79731,0.79717,0.79722
2026-06-14 02:00:00+00:00,0.7972,0.79724,0.79719,0.79721
2026-06-14 02:15:00+00:00,0.7972,0.79723,0.79712,0.79714
2026-06-14 02:30:00+00:00,0.79715,0.79718,0.79706,0.79708
2026-06-14 02:45:00+00:00,0.79708,0.7971,0.797,0.79704
2026-06-14 03:00:00+00:00,0.79703,0.79706,0.79699,0.79702
2026-06-14 03:15:00+00:00,0.79701,0.79704,0.79699,0.797
2026-06-14 03:30:00+00:00,0.79701,0.79704,0.79698,0.79699
2026-06-14 03:45:00+00:00,0.79699,0.79703,0.79698,0.79701
2026-06-14 04:00:00+00:00,0.79699,0.79702,0.79697,0.79699
2026-06-14 04:15:00+00:00,0.79698,0.79701,0.79697,0.79697
2026-06-14 04:30:00+00:00,0.79698,0.79701,0.79696,0.79697
2026-06-14 04:45:00+00:00,0.79698,0.797,0.79695,0.79698
2026-06-14 05:00:00+00:00,0.79697,0.797,0.79695,0.79698
2026-06-14 05:15:00+00:00,0.79697,0.797,0.79695,0.79696
2026-06-14 05:30:00+00:00,0.79696,0.79699,0.79694,0.79695
2026-06-14 05:45:00+00:00,0.79695,0.79699,0.79694,0.79696
2026-06-14 06:00:00+00:00,0.79695,0.79703,0.79693,0.797
2026-06-14 06:15:00+00:00,0.79698,0.79703,0.79698,0.797
2026-06-14 06:30:00+00:00,0.797,0.79702,0.79697,0.79698
2026-06-14 06:45:00+00:00,0.79698,0.79702,0.79696,0.79699
2026-06-14 07:00:00+00:00,0.79697,0.79701,0.79696,0.79699
2026-06-14 07:15:00+00:00,0.79697,0.79701,0.79695,0.79697
2026-06-14 07:30:00+00:00,0.79696,0.797,0.79695,0.79696
2026-06-14 07:45:00+00:00,0.79696,0.797,0.79695,0.79697
2026-06-14 08:00:00+00:00,0.79697,0.797,0.79695,0.79698
2026-06-14 08:15:00+00:00,0.79696,0.797,0.79695,0.79697
2026-06-14 08:30:00+00:00,0.79696,0.79699,0.79694,0.79695
2026-06-14 08:45:00+00:00,0.79695,0.79699,0.79694,0.79695
2026-06-14 09:00:00+00:00,0.79695,0.79698,0.79694,0.79696
2026-06-14 09:15:00+00:00,0.79695,0.79698,0.79693,0.79696
2026-06-14 09:30:00+00:00,0.79694,0.79698,0.79693,0.79694
2026-06-14 09:45:00+00:00,0.79694,0.79698,0.79693,0.79694
2026-06-14 10:00:00+00:00,0.79694,0.79698,0.79693,0.79696
2026-06-14 10:15:00+00:00,0.79694,0.79767,0.79645,0.79747
2026-06-14 10:30:00+00:00,0.79746,0.79749,0.79744,0.79746
2026-06-14 10:45:00+00:00,0.79746,0.79807,0.79743,0.79787
2026-06-14 11:00:00+00:00,0.79787,0.79791,0.79786,0.79788
2026-06-14 11:15:00+00:00,0.79787,0.79836,0.79781,0.79822
2026-06-14 11:30:00+00:00,0.7982,0.79859,0.79798,0.79848
2026-06-14 11:45:00+00:00,0.79846,0.7985,0.79845,0.79846
2026-06-14 12:00:00+00:00,0.79846,0.79878,0.79833,0.79868
2026-06-14 12:15:00+00:00,0.79868,0.79871,0.79866,0.79869
2026-06-14 12:30:00+00:00,0.79868,0.79893,0.79833,0.7985
2026-06-14 12:45:00+00:00,0.7985,0.7988,0.79847,0.79869
2026-06-14 13:00:00+00:00,0.7987,0.79874,0.79869,0.79872
2026-06-14 13:15:00+00:00,0.7987,0.79881,0.79754,0.79823
2026-06-14 13:30:00+00:00,0.79821,0.79825,0.7982,0.79822
2026-06-14 13:45:00+00:00,0.79821,0.7986,0.79817,0.79847
2026-06-14 14:00:00+00:00,0.79847,0.79878,0.797,0.79716
2026-06-14 14:15:00+00:00,0.79718,0.79718,0.79701,0.79703
2026-06-14 14:30:00+00:00,0.79702,0.79775,0.79698,0.79722
2026-06-14 14:45:00+00:00,0.79721,0.79723,0.79706,0.79708
2026-06-14 15:00:00+00:00,0.79708,0.79781,0.79699,0.79735
2026-06-14 15:15:00+00:00,0.79735,0.798,0.79732,0.7978
2026-06-14 15:30:00+00:00,0.79779,0.79782,0.79778,0.7978
2026-06-14 15:45:00+00:00,0.79779,0.7983,0.79741,0.79813
2026-06-14 16:00:00+00:00,0.79813,0.79815,0.79757,0.79763
2026-06-14 16:15:00+00:00,0.79763,0.79819,0.79763,0.79802
2026-06-14 16:30:00+00:00,0.79801,0.79846,0.79795,0.79833
2026-06-14 16:45:00+00:00,0.79831,0.79835,0.7983,0.79831
2026-06-14 17:00:00+00:00,0.79831,0.79833,0.79681,0.79703
2026-06-14 17:15:00+00:00,0.79703,0.79704,0.79699,0.79702
2026-06-14 17:30:00+00:00,0.79701,0.79756,0.79664,0.79702
2026-06-14 17:45:00+00:00,0.79701,0.79762,0.79698,0.79721
2026-06-14 18:00:00+00:00,0.79726,0.79726,0.79687,0.797
2026-06-14 18:15:00+00:00,0.79701,0.79762,0.79693,0.79702
2026-06-14 18:30:00+00:00,0.79701,0.79706,0.79699,0.79702
2026-06-14 18:45:00+00:00,0.79701,0.79751,0.79667,0.79668
2026-06-14 19:00:00+00:00,0.79669,0.79736,0.7964,0.79668
2026-06-14 19:15:00+00:00,0.79676,0.79676,0.79662,0.79668
2026-06-14 19:30:00+00:00,0.79666,0.79724,0.79662,0.7967
2026-06-14 19:45:00+00:00,0.79668,0.79685,0.79659,0.79674
2026-06-14 20:00:00+00:00,0.79672,0.79738,0.79643,0.79672
2026-06-14 20:15:00+00:00,0.79671,0.79688,0.79661,0.79685
2026-06-14 20:30:00+00:00,0.79679,0.79679,0.79657,0.7967
2026-06-14 20:45:00+00:00,0.79669,0.79734,0.79644,0.79721
2026-06-14 21:00:00+00:00,0.797,0.7976,0.79605,0.79657
2026-06-14 21:15:00+00:00,0.79652,0.79679,0.79593,0.79599
2026-06-14 21:30:00+00:00,0.79612,0.79642,0.79498,0.79548
2026-06-14 21:45:00+00:00,0.79541,0.79555,0.79446,0.7947
2026-06-14 22:00:00+00:00,0.79469,0.79482,0.7932,0.79346
2026-06-14 22:15:00+00:00,0.79341,0.7939,0.79332,0.79388
2026-06-14 22:30:00+00:00,0.79385,0.79403,0.79357,0.79364
2026-06-14 22:45:00+00:00,0.79366,0.79379,0.79353,0.7937
2026-06-14 23:00:00+00:00,0.79366,0.7941,0.79366,0.79396
2026-06-14 23:15:00+00:00,0.79398,0.79411,0.79388,0.794
2026-06-14 23:30:00+00:00,0.79404,0.7941,0.79385,0.79387
2026-06-14 23:45:00+00:00,0.79391,0.79401,0.79366,0.79401
2026-06-15 00:00:00+00:00,0.79398,0.79409,0.7934,0.79344
2026-06-15 00:15:00+00:00,0.7935,0.79365,0.79331,0.79362
2026-06-15 00:30:00+00:00,0.79358,0.79398,0.79358,0.79398
2026-06-15 00:45:00+00:00,0.79396,0.79458,0.79393,0.79457
2026-06-15 01:00:00+00:00,0.79453,0.79474,0.79442,0.7945
2026-06-15 01:15:00+00:00,0.79452,0.79459,0.79436,0.79452
2026-06-15 01:30:00+00:00,0.79454,0.79475,0.79452,0.79474
2026-06-15 01:45:00+00:00,0.79471,0.79479,0.79438,0.79462
2026-06-15 02:00:00+00:00,0.79456,0.79472,0.79442,0.79469
2026-06-15 02:15:00+00:00,0.79468,0.79469,0.7944,0.79443
2026-06-15 02:30:00+00:00,0.79444,0.79445,0.79413,0.7942
2026-06-15 02:45:00+00:00,0.79419,0.7943,0.79418,0.79422
2026-06-15 03:00:00+00:00,0.79422,0.79427,0.79411,0.79425
2026-06-15 03:15:00+00:00,0.79423,0.79423,0.79405,0.79406
2026-06-15 03:30:00+00:00,0.79406,0.79411,0.79377,0.79378
2026-06-15 03:45:00+00:00,0.79382,0.79389,0.79375,0.79383
2026-06-15 04:00:00+00:00,0.79379,0.79396,0.79378,0.79382
2026-06-15 04:15:00+00:00,0.79382,0.79389,0.79366,0.79366
2026-06-15 04:30:00+00:00,0.79367,0.79371,0.79352,0.79352
2026-06-15 04:45:00+00:00,0.79353,0.79353,0.79332,0.79344
2026-06-15 05:00:00+00:00,0.79343,0.79343,0.79292,0.79295
2026-06-15 05:15:00+00:00,0.79299,0.79305,0.79282,0.793
2026-06-15 05:30:00+00:00,0.79299,0.79324,0.79275,0.79321
2026-06-15 05:45:00+00:00,0.79316,0.7933,0.79284,0.79302
2026-06-15 06:00:00+00:00,0.79305,0.79371,0.79291,0.79367
2026-06-15 06:15:00+00:00,0.79365,0.79403,0.79356,0.79386
2026-06-15 06:30:00+00:00,0.79386,0.79454,0.79386,0.79403
2026-06-15 06:45:00+00:00,0.79399,0.79411,0.79384,0.7939
2026-06-15 07:00:00+00:00,0.79389,0.79392,0.79312,0.79315
2026-06-15 07:15:00+00:00,0.7932,0.79358,0.79297,0.7931
2026-06-15 07:30:00+00:00,0.79308,0.79329,0.79296,0.79301
2026-06-15 07:45:00+00:00,0.79304,0.79351,0.79296,0.79321
2026-06-15 08:00:00+00:00,0.79326,0.79341,0.79306,0.79309
2026-06-15 08:15:00+00:00,0.79313,0.7932,0.79298,0.79312
2026-06-15 08:30:00+00:00,0.79304,0.79332,0.79303,0.7932
2026-06-15 08:45:00+00:00,0.79324,0.79361,0.79321,0.79344
2026-06-15 09:00:00+00:00,0.79341,0.79347,0.7926,0.79283
2026-06-15 09:15:00+00:00,0.79275,0.79346,0.79275,0.79322
2026-06-15 09:30:00+00:00,0.79325,0.79329,0.79289,0.79316
2026-06-15 09:45:00+00:00,0.79308,0.79334,0.79308,0.79321
2026-06-15 10:00:00+00:00,0.79322,0.79344,0.79314,0.79331
2026-06-15 10:15:00+00:00,0.79333,0.79333,0.79269,0.79271
2026-06-15 10:30:00+00:00,0.79275,0.79275,0.79225,0.79234
2026-06-15 10:45:00+00:00,0.79236,0.79277,0.79225,0.79267
2026-06-15 11:00:00+00:00,0.79268,0.79277,0.79255,0.79257
2026-06-15 11:15:00+00:00,0.7926,0.79325,0.79253,0.79319
2026-06-15 11:30:00+00:00,0.79316,0.79339,0.79301,0.79334
2026-06-15 11:45:00+00:00,0.79326,0.79344,0.79302,0.79327
2026-06-15 12:00:00+00:00,0.79328,0.79364,0.79326,0.79358
2026-06-15 12:15:00+00:00,0.79359,0.79381,0.79342,0.79354
2026-06-15 12:30:00+00:00,0.79351,0.79351,0.79298,0.793
2026-06-15 12:45:00+00:00,0.79302,0.79303,0.79253,0.7929
2026-06-15 13:00:00+00:00,0.79285,0.79297,0.79268,0.79278
2026-06-15 13:15:00+00:00,0.79279,0.79281,0.79232,0.79239
2026-06-15 13:30:00+00:00,0.79237,0.79269,0.79215,0.79242
2026-06-15 13:45:00+00:00,0.79238,0.79249,0.79231,0.7924
2026-06-15 14:00:00+00:00,0.79241,0.79288,0.79218,0.79286
2026-06-15 14:15:00+00:00,0.79281,0.79284,0.79254,0.79266
2026-06-15 14:30:00+00:00,0.79263,0.79319,0.79253,0.79318
2026-06-15 14:45:00+00:00,0.79316,0.79316,0.79262,0.79274
2026-06-15 15:00:00+00:00,0.79272,0.7931,0.79263,0.79309
2026-06-15 15:15:00+00:00,0.79306,0.79336,0.79304,0.79334
2026-06-15 15:30:00+00:00,0.79329,0.79357,0.79324,0.79352
2026-06-15 15:45:00+00:00,0.79347,0.79374,0.79345,0.79365
2026-06-15 16:00:00+00:00,0.79367,0.79381,0.79359,0.79362
2026-06-15 16:15:00+00:00,0.79362,0.79388,0.79348,0.79363
2026-06-15 16:30:00+00:00,0.79363,0.7939,0.79354,0.79389
2026-06-15 16:45:00+00:00,0.79384,0.79394,0.79355,0.79355
2026-06-15 17:00:00+00:00,0.79356,0.79382,0.79353,0.79363
2026-06-15 17:15:00+00:00,0.79366,0.7939,0.79359,0.79363
2026-06-15 17:30:00+00:00,0.79363,0.79389,0.79361,0.79382
2026-06-15 17:45:00+00:00,0.7938,0.79385,0.79368,0.79384
2026-06-15 18:00:00+00:00,0.79383,0.79393,0.79358,0.79371
2026-06-15 18:15:00+00:00,0.7937,0.79387,0.79364,0.79385
2026-06-15 18:30:00+00:00,0.79381,0.79405,0.79381,0.79404
2026-06-15 18:45:00+00:00,0.79401,0.79405,0.79379,0.79398
2026-06-15 19:00:00+00:00,0.79398,0.79444,0.79397,0.7944
2026-06-15 19:15:00+00:00,0.79441,0.79448,0.79423,0.79447
2026-06-15 19:30:00+00:00,0.79445,0.79447,0.79421,0.79438
2026-06-15 19:45:00+00:00,0.79436,0.79487,0.79423,0.79485
2026-06-15 20:00:00+00:00,0.79479,0.79492,0.79457,0.79458
2026-06-15 20:15:00+00:00,0.7946,0.79471,0.79457,0.79462
2026-06-15 20:30:00+00:00,0.79463,0.79485,0.79455,0.79478
2026-06-15 20:45:00+00:00,0.79478,0.79485,0.79473,0.79474
2026-06-15 21:00:00+00:00,0.79476,0.79476,0.79365,0.7945
2026-06-15 21:15:00+00:00,0.79448,0.79474,0.79447,0.79465
2026-06-15 21:30:00+00:00,0.79466,0.79481,0.79464,0.79473
2026-06-15 21:45:00+00:00,0.79472,0.79498,0.79425,0.79453
2026-06-15 22:00:00+00:00,0.79449,0.79473,0.79429,0.79472
2026-06-15 22:15:00+00:00,0.79471,0.79495,0.79466,0.79493
2026-06-15 22:30:00+00:00,0.7949,0.79498,0.79476,0.79477
2026-06-15 22:45:00+00:00,0.79477,0.79479,0.79469,0.79474
2026-06-15 23:00:00+00:00,0.79473,0.79476,0.79455,0.79461
2026-06-15 23:15:00+00:00,0.7946,0.7947,0.79445,0.79446
2026-06-15 23:30:00+00:00,0.79447,0.79454,0.79445,0.79446
2026-06-15 23:45:00+00:00,0.79447,0.79457,0.79436,0.79455
2026-06-16 00:00:00+00:00,0.79451,0.79462,0.79442,0.79458
2026-06-16 00:15:00+00:00,0.79457,0.79483,0.79457,0.79482
2026-06-16 00:30:00+00:00,0.79479,0.79482,0.79455,0.79457
2026-06-16 00:45:00+00:00,0.79456,0.79479,0.79447,0.79449
2026-06-16 01:00:00+00:00,0.79451,0.79461,0.7943,0.7946
2026-06-16 01:15:00+00:00,0.79458,0.79474,0.79454,0.79458
2026-06-16 01:30:00+00:00,0.7946,0.79481,0.79444,0.79472
2026-06-16 01:45:00+00:00,0.79473,0.79488,0.79456,0.79487
2026-06-16 02:00:00+00:00,0.79485,0.7951,0.79485,0.79503
2026-06-16 02:15:00+00:00,0.79504,0.79522,0.79501,0.79506
2026-06-16 02:30:00+00:00,0.79507,0.79509,0.79477,0.7949
2026-06-16 02:45:00+00:00,0.7949,0.79505,0.79488,0.79494
2026-06-16 03:00:00+00:00,0.79495,0.79518,0.79495,0.79506
2026-06-16 03:15:00+00:00,0.79505,0.7952,0.79495,0.79509
2026-06-16 03:30:00+00:00,0.79505,0.79512,0.79496,0.79497
2026-06-16 03:45:00+00:00,0.79499,0.79507,0.79487,0.79506
2026-06-16 04:00:00+00:00,0.79504,0.7956,0.79504,0.79559
2026-06-16 04:15:00+00:00,0.79554,0.79592,0.79554,0.79581
2026-06-16 04:30:00+00:00,0.79584,0.79589,0.79562,0.79576
2026-06-16 04:45:00+00:00,0.79577,0.79588,0.79571,0.79576
2026-06-16 05:00:00+00:00,0.79575,0.79575,0.79548,0.79558
2026-06-16 05:15:00+00:00,0.79556,0.79565,0.79548,0.79548
2026-06-16 05:30:00+00:00,0.79549,0.79566,0.79534,0.79564
2026-06-16 05:45:00+00:00,0.7956,0.79577,0.79554,0.79577
2026-06-16 06:00:00+00:00,0.79576,0.79598,0.79561,0.79582
2026-06-16 06:15:00+00:00,0.79587,0.79592,0.79559,0.79567
2026-06-16 06:30:00+00:00,0.79565,0.79569,0.79512,0.79515
2026-06-16 06:45:00+00:00,0.79523,0.79544,0.79496,0.795
2026-06-16 07:00:00+00:00,0.79499,0.79523,0.79488,0.79505
2026-06-16 07:15:00+00:00,0.79504,0.79525,0.79487,0.79516
2026-06-16 07:30:00+00:00,0.79516,0.79519,0.7949,0.79496
2026-06-16 07:45:00+00:00,0.79495,0.79513,0.79486,0.79489
2026-06-16 08:00:00+00:00,0.7949,0.79509,0.79474,0.79478
2026-06-16 08:15:00+00:00,0.79476,0.79512,0.79476,0.79495
2026-06-16 08:30:00+00:00,0.79494,0.79509,0.79483,0.79487
2026-06-16 08:45:00+00:00,0.79489,0.79505,0.79452,0.79454
2026-06-16 09:00:00+00:00,0.79457,0.79482,0.79446,0.79467
2026-06-16 09:15:00+00:00,0.79463,0.79526,0.79462,0.79524
2026-06-16 09:30:00+00:00,0.79519,0.7953,0.79495,0.79511
2026-06-16 09:45:00+00:00,0.79508,0.79525,0.79485,0.79485
2026-06-16 10:00:00+00:00,0.79486,0.79496,0.79435,0.79436
2026-06-16 10:15:00+00:00,0.79438,0.79441,0.79411,0.7944
2026-06-16 10:30:00+00:00,0.79434,0.79448,0.79409,0.7941
2026-06-16 10:45:00+00:00,0.79411,0.79429,0.79403,0.79416
2026-06-16 11:00:00+00:00,0.79418,0.79439,0.79406,0.79428
2026-06-16 11:15:00+00:00,0.79428,0.79474,0.79426,0.79473
2026-06-16 11:30:00+00:00,0.79471,0.79528,0.79466,0.79526
2026-06-16 11:45:00+00:00,0.79522,0.79524,0.79496,0.7952
2026-06-16 12:00:00+00:00,0.79519,0.79557,0.79517,0.79549
2026-06-16 12:15:00+00:00,0.7955,0.79573,0.79539,0.7956
2026-06-16 12:30:00+00:00,0.79558,0.79566,0.795,0.79502
2026-06-16 12:45:00+00:00,0.79505,0.79533,0.79496,0.79509
2026-06-16 13:00:00+00:00,0.7951,0.79511,0.79485,0.79496
2026-06-16 13:15:00+00:00,0.79492,0.79574,0.79492,0.79552
2026-06-16 13:30:00+00:00,0.79551,0.79569,0.79424,0.79426
2026-06-16 13:45:00+00:00,0.79431,0.79489,0.79417,0.79488
2026-06-16 14:00:00+00:00,0.79485,0.79496,0.79425,0.79431
2026-06-16 14:15:00+00:00,0.79432,0.79451,0.79357,0.79368
2026-06-16 14:30:00+00:00,0.7936,0.79457,0.79356,0.79404
2026-06-16 14:45:00+00:00,0.79407,0.79407,0.79318,0.79319
2026-06-16 15:00:00+00:00,0.79321,0.79379,0.79318,0.79378
2026-06-16 15:15:00+00:00,0.79375,0.79384,0.7935,0.7936
2026-06-16 15:30:00+00:00,0.79358,0.79368,0.79319,0.79348
2026-06-16 15:45:00+00:00,0.79347,0.7936,0.79255,0.79259
2026-06-16 16:00:00+00:00,0.79261,0.79295,0.79261,0.79263
2026-06-16 16:15:00+00:00,0.79265,0.79265,0.79215,0.79242
2026-06-16 16:30:00+00:00,0.79237,0.79255,0.79236,0.79254
2026-06-16 16:45:00+00:00,0.79249,0.79277,0.79249,0.7927
2026-06-16 17:00:00+00:00,0.79269,0.79279,0.79262,0.79269
2026-06-16 17:15:00+00:00,0.79266,0.79289,0.79261,0.7928
2026-06-16 17:30:00+00:00,0.79278,0.79298,0.79278,0.79295
2026-06-16 17:45:00+00:00,0.79291,0.79303,0.79283,0.79298
2026-06-16 18:00:00+00:00,0.79297,0.79306,0.79274,0.79292
2026-06-16 18:15:00+00:00,0.79293,0.79309,0.79293,0.79303
2026-06-16 18:30:00+00:00,0.79302,0.79326,0.79297,0.79325
2026-06-16 18:45:00+00:00,0.79322,0.79332,0.79305,0.79306
2026-06-16 19:00:00+00:00,0.79306,0.79317,0.79295,0.7931
2026-06-16 19:15:00+00:00,0.7931,0.79312,0.79304,0.79307
2026-06-16 19:30:00+00:00,0.79307,0.7934,0.79307,0.79333
2026-06-16 19:45:00+00:00,0.7933,0.79349,0.7933,0.79338
2026-06-16 20:00:00+00:00,0.79336,0.79348,0.7932,0.79336
2026-06-16 20:15:00+00:00,0.79335,0.79339,0.79323,0.79329
2026-06-16 20:30:00+00:00,0.79329,0.79341,0.79327,0.79338
2026-06-16 20:45:00+00:00,0.79336,0.79338,0.79318,0.79326
2026-06-16 21:00:00+00:00,0.79323,0.79323,0.79293,0.7931
2026-06-16 21:15:00+00:00,0.79308,0.79314,0.79298,0.79309
2026-06-16 21:30:00+00:00,0.79307,0.79328,0.79307,0.79321
2026-06-16 21:45:00+00:00,0.79318,0.7933,0.79314,0.79328
2026-06-16 22:00:00+00:00,0.79325,0.79325,0.79295,0.79301
2026-06-16 22:15:00+00:00,0.79301,0.79307,0.79295,0.79296
2026-06-16 22:30:00+00:00,0.79297,0.79298,0.7929,0.79297
2026-06-16 22:45:00+00:00,0.79296,0.793,0.79291,0.79297
2026-06-16 23:00:00+00:00,0.79295,0.79302,0.79293,0.79294
2026-06-16 23:15:00+00:00,0.79294,0.79295,0.79277,0.79277
2026-06-16 23:30:00+00:00,0.79279,0.79305,0.79278,0.79298
2026-06-16 23:45:00+00:00,0.79295,0.79322,0.79293,0.79322
2026-06-17 00:00:00+00:00,0.79318,0.79327,0.79286,0.7929
2026-06-17 00:15:00+00:00,0.79289,0.79289,0.79256,0.79256
2026-06-17 00:30:00+00:00,0.79258,0.79269,0.79247,0.79247
2026-06-17 00:45:00+00:00,0.79248,0.79276,0.79246,0.79274
2026-06-17 01:00:00+00:00,0.79269,0.79269,0.79231,0.79242
2026-06-17 01:15:00+00:00,0.79243,0.79267,0.79243,0.79259
2026-06-17 01:30:00+00:00,0.7926,0.79291,0.7926,0.79261
2026-06-17 01:45:00+00:00,0.79263,0.79274,0.79258,0.79265
2026-06-17 02:00:00+00:00,0.79264,0.79265,0.79245,0.79249
2026-06-17 02:15:00+00:00,0.79248,0.79261,0.79223,0.79228
2026-06-17 02:30:00+00:00,0.79226,0.79242,0.79224,0.79229
2026-06-17 02:45:00+00:00,0.79232,0.79258,0.79232,0.79255
2026-06-17 03:00:00+00:00,0.79253,0.79265,0.79244,0.79248
2026-06-17 03:15:00+00:00,0.79245,0.79261,0.79242,0.79243
2026-06-17 03:30:00+00:00,0.79243,0.79246,0.79232,0.79233
2026-06-17 03:45:00+00:00,0.79236,0.79251,0.79236,0.7925
2026-06-17 04:00:00+00:00,0.79249,0.79257,0.79224,0.79227
2026-06-17 04:15:00+00:00,0.79225,0.79233,0.79217,0.79231
2026-06-17 04:30:00+00:00,0.7923,0.79236,0.79222,0.79226
2026-06-17 04:45:00+00:00,0.79226,0.79228,0.79204,0.79214
2026-06-17 05:00:00+00:00,0.79213,0.79213,0.79191,0.79206
2026-06-17 05:15:00+00:00,0.79204,0.79206,0.79176,0.79197
2026-06-17 05:30:00+00:00,0.79197,0.792,0.79188,0.79196
2026-06-17 05:45:00+00:00,0.79195,0.79207,0.79177,0.79206
2026-06-17 06:00:00+00:00,0.79202,0.79223,0.79142,0.79184
2026-06-17 06:15:00+00:00,0.79177,0.79223,0.79156,0.79218
2026-06-17 06:30:00+00:00,0.79209,0.79243,0.79208,0.79209
2026-06-17 06:45:00+00:00,0.79212,0.79219,0.79177,0.79184
2026-06-17 07:00:00+00:00,0.79187,0.79193,0.79131,0.79132
2026-06-17 07:15:00+00:00,0.79133,0.7914,0.79105,0.79139
2026-06-17 07:30:00+00:00,0.79136,0.79164,0.79117,0.79128
2026-06-17 07:45:00+00:00,0.79126,0.79145,0.79123,0.79124
2026-06-17 08:00:00+00:00,0.79125,0.79166,0.79115,0.79163
2026-06-17 08:15:00+00:00,0.79157,0.79236,0.7913,0.79178
2026-06-17 08:30:00+00:00,0.79182,0.79208,0.7918,0.79187
2026-06-17 08:45:00+00:00,0.79192,0.79204,0.79179,0.79195
2026-06-17 09:00:00+00:00,0.79194,0.79197,0.79164,0.79169
2026-06-17 09:15:00+00:00,0.79167,0.79173,0.79128,0.79138
2026-06-17 09:30:00+00:00,0.79132,0.79158,0.79132,0.79155
2026-06-17 09:45:00+00:00,0.7915,0.79165,0.79146,0.79146
2026-06-17 10:00:00+00:00,0.79147,0.79179,0.79145,0.79179
2026-06-17 10:15:00+00:00,0.79177,0.79213,0.7917,0.79206
2026-06-17 10:30:00+00:00,0.79206,0.7922,0.79201,0.79216
2026-06-17 10:45:00+00:00,0.79215,0.79247,0.79197,0.79228
2026-06-17 11:00:00+00:00,0.7923,0.79276,0.79224,0.79275
2026-06-17 11:15:00+00:00,0.79271,0.79296,0.79244,0.79294
2026-06-17 11:30:00+00:00,0.79292,0.79339,0.79291,0.79338
2026-06-17 11:45:00+00:00,0.79335,0.79335,0.79296,0.79308
2026-06-17 12:00:00+00:00,0.7931,0.79316,0.79274,0.79299
2026-06-17 12:15:00+00:00,0.793,0.79313,0.79255,0.79267
2026-06-17 12:30:00+00:00,0.79265,0.79292,0.79248,0.79258
2026-06-17 12:45:00+00:00,0.79257,0.79262,0.79237,0.79242
2026-06-17 13:00:00+00:00,0.79244,0.79274,0.79233,0.79263
2026-06-17 13:15:00+00:00,0.79265,0.7929,0.79253,0.79289
2026-06-17 13:30:00+00:00,0.79285,0.79298,0.79261,0.79273
2026-06-17 13:45:00+00:00,0.79269,0.79271,0.79228,0.79262
2026-06-17 14:00:00+00:00,0.79264,0.79299,0.79251,0.79296
2026-06-17 14:15:00+00:00,0.79291,0.79337,0.79291,0.79308
2026-06-17 14:30:00+00:00,0.79306,0.79324,0.79286,0.79308
2026-06-17 14:45:00+00:00,0.79312,0.79366,0.79272,0.79314
2026-06-17 15:00:00+00:00,0.79315,0.79345,0.79311,0.79337
2026-06-17 15:15:00+00:00,0.79338,0.79342,0.793,0.79313
2026-06-17 15:30:00+00:00,0.79315,0.79341,0.79309,0.79316
2026-06-17 15:45:00+00:00,0.79317,0.79341,0.79294,0.79296
2026-06-17 16:00:00+00:00,0.79298,0.79339,0.79295,0.79335
2026-06-17 16:15:00+00:00,0.79329,0.79343,0.79322,0.79335
2026-06-17 16:30:00+00:00,0.79334,0.79349,0.79324,0.79348
2026-06-17 16:45:00+00:00,0.79346,0.79346,0.79316,0.79331
2026-06-17 17:00:00+00:00,0.79329,0.79344,0.79318,0.79332
2026-06-17 17:15:00+00:00,0.79333,0.79338,0.79323,0.79328
2026-06-17 17:30:00+00:00,0.79327,0.7933,0.79305,0.79308
2026-06-17 17:45:00+00:00,0.79312,0.79312,0.79267,0.7927
2026-06-17 18:00:00+00:00,0.7927,0.7968,0.79258,0.79652
2026-06-17 18:15:00+00:00,0.79665,0.79687,0.79551,0.79654
2026-06-17 18:30:00+00:00,0.79653,0.79748,0.79522,0.79631
2026-06-17 18:45:00+00:00,0.79602,0.79737,0.79493,0.79732
2026-06-17 19:00:00+00:00,0.79722,0.79959,0.79678,0.79919
2026-06-17 19:15:00+00:00,0.79934,0.8004,0.79882,0.80034
2026-06-17 19:30:00+00:00,0.80024,0.80161,0.80024,0.80124
2026-06-17 19:45:00+00:00,0.8012,0.8012,0.80024,0.80061
2026-06-17 20:00:00+00:00,0.80053,0.80096,0.80005,0.80058
2026-06-17 20:15:00+00:00,0.80058,0.8008,0.80001,0.80013
2026-06-17 20:30:00+00:00,0.80018,0.80018,0.79944,0.79957
2026-06-17 20:45:00+00:00,0.79954,0.79988,0.79948,0.79982
2026-06-17 21:00:00+00:00,0.7998,0.80003,0.79898,0.79952
2026-06-17 21:15:00+00:00,0.79953,0.7996,0.79936,0.79937
2026-06-17 21:30:00+00:00,0.7994,0.79966,0.7994,0.79964
2026-06-17 21:45:00+00:00,0.79963,0.79965,0.79943,0.79945
2026-06-17 22:00:00+00:00,0.79946,0.79985,0.7994,0.79973
2026-06-17 22:15:00+00:00,0.79974,0.79991,0.79974,0.79987
2026-06-17 22:30:00+00:00,0.79986,0.7999,0.79963,0.79964
2026-06-17 22:45:00+00:00,0.79965,0.79986,0.79965,0.7998
2026-06-17 23:00:00+00:00,0.79978,0.79991,0.79919,0.79958
2026-06-17 23:15:00+00:00,0.79957,0.79957,0.79933,0.79946
2026-06-17 23:30:00+00:00,0.79942,0.79968,0.79939,0.79956
2026-06-17 23:45:00+00:00,0.79958,0.79958,0.79933,0.79949
2026-06-18 00:00:00+00:00,0.79946,0.7997,0.79827,0.79884
2026-06-18 00:15:00+00:00,0.7988,0.79939,0.79875,0.79937
2026-06-18 00:30:00+00:00,0.79934,0.79946,0.79903,0.79923
2026-06-18 00:45:00+00:00,0.79923,0.79928,0.79874,0.79876
2026-06-18 01:00:00+00:00,0.79878,0.7989,0.79846,0.79848
2026-06-18 01:15:00+00:00,0.7985,0.79862,0.79835,0.79837
2026-06-18 01:30:00+00:00,0.79838,0.7985,0.7983,0.79838
2026-06-18 01:45:00+00:00,0.79839,0.79882,0.79835,0.79881
2026-06-18 02:00:00+00:00,0.79876,0.79896,0.7987,0.79892
2026-06-18 02:15:00+00:00,0.79892,0.79911,0.7989,0.79895
2026-06-18 02:30:00+00:00,0.79896,0.799,0.79871,0.79872
2026-06-18 02:45:00+00:00,0.79873,0.79885,0.79866,0.79882
2026-06-18 03:00:00+00:00,0.79881,0.79893,0.79876,0.7988
2026-06-18 03:15:00+00:00,0.79881,0.79887,0.79858,0.79859
2026-06-18 03:30:00+00:00,0.7986,0.79874,0.79851,0.79872
2026-06-18 03:45:00+00:00,0.7987,0.79872,0.79862,0.79866
2026-06-18 04:00:00+00:00,0.79865,0.79882,0.79847,0.79881
2026-06-18 04:15:00+00:00,0.79877,0.79897,0.79871,0.79884
2026-06-18 04:30:00+00:00,0.79884,0.79884,0.79831,0.79833
2026-06-18 04:45:00+00:00,0.7984,0.7985,0.79833,0.79848
2026-06-18 05:00:00+00:00,0.79844,0.79865,0.79844,0.79864
2026-06-18 05:15:00+00:00,0.79861,0.79904,0.79858,0.79901
2026-06-18 05:30:00+00:00,0.79894,0.7993,0.79891,0.79904
2026-06-18 05:45:00+00:00,0.79907,0.79958,0.79905,0.79956
2026-06-18 06:00:00+00:00,0.79951,0.79958,0.7988,0.79882
2026-06-18 06:15:00+00:00,0.79886,0.79911,0.79861,0.79875
2026-06-18 06:30:00+00:00,0.79872,0.79892,0.79836,0.79866
2026-06-18 06:45:00+00:00,0.79872,0.79897,0.79846,0.79894
2026-06-18 07:00:00+00:00,0.79888,0.79945,0.79888,0.79928
2026-06-18 07:15:00+00:00,0.79924,0.79982,0.79921,0.7996
2026-06-18 07:30:00+00:00,0.79952,0.80078,0.7992,0.79972
2026-06-18 07:45:00+00:00,0.79977,0.80001,0.79928,0.79995
2026-06-18 08:00:00+00:00,0.79987,0.80054,0.79984,0.8005
2026-06-18 08:15:00+00:00,0.80038,0.80158,0.80038,0.80145
2026-06-18 08:30:00+00:00,0.80145,0.8022,0.80145,0.80218
2026-06-18 08:45:00+00:00,0.80215,0.8026,0.80215,0.80255
2026-06-18 09:00:00+00:00,0.80254,0.80262,0.80225,0.80261
2026-06-18 09:15:00+00:00,0.8026,0.80264,0.80236,0.80261
2026-06-18 09:30:00+00:00,0.80259,0.80263,0.80212,0.80232
2026-06-18 09:45:00+00:00,0.80229,0.80276,0.80224,0.80261
2026-06-18 10:00:00+00:00,0.80262,0.80403,0.80244,0.80342
2026-06-18 10:15:00+00:00,0.80376,0.80376,0.8026,0.80289
2026-06-18 10:30:00+00:00,0.80297,0.80368,0.80281,0.8035
2026-06-18 10:45:00+00:00,0.80345,0.80384,0.80345,0.80379
2026-06-18 11:00:00+00:00,0.80371,0.80407,0.80341,0.80402
2026-06-18 11:15:00+00:00,0.80391,0.80466,0.80385,0.80427
2026-06-18 11:30:00+00:00,0.80422,0.80436,0.80383,0.8043
2026-06-18 11:45:00+00:00,0.80429,0.80478,0.80424,0.80476
2026-06-18 12:00:00+00:00,0.80473,0.80494,0.80379,0.80381
2026-06-18 12:15:00+00:00,0.80386,0.80415,0.80293,0.80378
2026-06-18 12:30:00+00:00,0.80371,0.8041,0.80346,0.8037
2026-06-18 12:45:00+00:00,0.80372,0.80403,0.80354,0.80365
2026-06-18 13:00:00+00:00,0.8037,0.80421,0.80359,0.8038
2026-06-18 13:15:00+00:00,0.80378,0.80457,0.80356,0.80387
2026-06-18 13:30:00+00:00,0.80405,0.80405,0.80265,0.80289
2026-06-18 13:45:00+00:00,0.80279,0.80347,0.80279,0.8034
2026-06-18 14:00:00+00:00,0.80339,0.80377,0.80309,0.80376
2026-06-18 14:15:00+00:00,0.80372,0.80372,0.80273,0.80292
2026-06-18 14:30:00+00:00,0.80288,0.80341,0.80288,0.80306
2026-06-18 14:45:00+00:00,0.80308,0.80308,0.80218,0.80221
2026-06-18 15:00:00+00:00,0.80226,0.80296,0.80217,0.80277
2026-06-18 15:15:00+00:00,0.80285,0.80326,0.80267,0.80319
2026-06-18 15:30:00+00:00,0.8032,0.80376,0.8031,0.80362
2026-06-18 15:45:00+00:00,0.80358,0.80393,0.80337,0.80377
2026-06-18 16:00:00+00:00,0.80379,0.80445,0.80379,0.80439
2026-06-18 16:15:00+00:00,0.8043,0.80484,0.80417,0.80418
2026-06-18 16:30:00+00:00,0.80418,0.80464,0.80417,0.80446
2026-06-18 16:45:00+00:00,0.80444,0.8049,0.80438,0.80468
2026-06-18 17:00:00+00:00,0.80475,0.80475,0.80421,0.80422
2026-06-18 17:15:00+00:00,0.80425,0.80436,0.80415,0.80428
2026-06-18 17:30:00+00:00,0.80428,0.80481,0.80424,0.8048
2026-06-18 17:45:00+00:00,0.80478,0.80493,0.80478,0.8049
2026-06-18 18:00:00+00:00,0.80489,0.80528,0.80477,0.80487
2026-06-18 18:15:00+00:00,0.80486,0.80498,0.80465,0.80493
2026-06-18 18:30:00+00:00,0.80487,0.80497,0.80477,0.80481
2026-06-18 18:45:00+00:00,0.80479,0.80518,0.80473,0.80517
2026-06-18 19:00:00+00:00,0.80514,0.80559,0.80503,0.80547
2026-06-18 19:15:00+00:00,0.80548,0.80624,0.80528,0.80605
2026-06-18 19:30:00+00:00,0.80608,0.80608,0.80528,0.80531
2026-06-18 19:45:00+00:00,0.80536,0.80536,0.80456,0.80484
2026-06-18 20:00:00+00:00,0.80482,0.8049,0.80413,0.80414
2026-06-18 20:15:00+00:00,0.80416,0.80432,0.80401,0.80425
2026-06-18 20:30:00+00:00,0.80425,0.80435,0.80394,0.80434
2026-06-18 20:45:00+00:00,0.8043,0.80468,0.80429,0.80467
2026-06-18 21:00:00+00:00,0.80464,0.80488,0.80445,0.80485
2026-06-18 21:15:00+00:00,0.8048,0.80489,0.80447,0.8047
2026-06-18 21:30:00+00:00,0.80471,0.80476,0.80441,0.80468
2026-06-18 21:45:00+00:00,0.80465,0.80473,0.80448,0.80449
2026-06-18 22:00:00+00:00,0.80449,0.80468,0.80434,0.8045
2026-06-18 22:15:00+00:00,0.80449,0.80461,0.80447,0.80455
2026-06-18 22:30:00+00:00,0.80455,0.80456,0.80448,0.80451
2026-06-18 22:45:00+00:00,0.80449,0.8045,0.8043,0.80434
2026-06-18 23:00:00+00:00,0.80432,0.80443,0.80421,0.80428
2026-06-18 23:15:00+00:00,0.80429,0.8046,0.80429,0.80458
2026-06-18 23:30:00+00:00,0.80455,0.80472,0.80455,0.80462
2026-06-18 23:45:00+00:00,0.80461,0.805,0.80461,0.80496
2026-06-19 00:00:00+00:00,0.80494,0.80502,0.80459,0.80479
2026-06-19 00:15:00+00:00,0.80477,0.80485,0.80459,0.80482
2026-06-19 00:30:00+00:00,0.80478,0.80487,0.80454,0.80471
2026-06-19 00:45:00+00:00,0.80471,0.80471,0.80436,0.80463
2026-06-19 01:00:00+00:00,0.80457,0.80474,0.80449,0.80459
2026-06-19 01:15:00+00:00,0.80458,0.80501,0.80458,0.80494
2026-06-19 01:30:00+00:00,0.80495,0.80523,0.80484,0.80522
2026-06-19 01:45:00+00:00,0.8052,0.80572,0.80519,0.80572
2026-06-19 02:00:00+00:00,0.8057,0.80585,0.80563,0.80564
2026-06-19 02:15:00+00:00,0.80565,0.80577,0.80533,0.80533
2026-06-19 02:30:00+00:00,0.80534,0.8055,0.80531,0.80547
2026-06-19 02:45:00+00:00,0.80544,0.80588,0.80541,0.80588
2026-06-19 03:00:00+00:00,0.80586,0.80623,0.80579,0.80621
2026-06-19 03:15:00+00:00,0.8062,0.80671,0.80616,0.80668
2026-06-19 03:30:00+00:00,0.80664,0.80696,0.80658,0.80678
2026-06-19 03:45:00+00:00,0.80677,0.80696,0.80667,0.80695
2026-06-19 04:00:00+00:00,0.80692,0.80738,0.80692,0.80725
2026-06-19 04:15:00+00:00,0.80723,0.80771,0.80722,0.8077
2026-06-19 04:30:00+00:00,0.80768,0.80792,0.80716,0.80785
2026-06-19 04:45:00+00:00,0.80787,0.80854,0.80787,0.80853
2026-06-19 05:00:00+00:00,0.80849,0.80878,0.80834,0.80863
2026-06-19 05:15:00+00:00,0.80867,0.80919,0.8085,0.80899
2026-06-19 05:30:00+00:00,0.80896,0.80896,0.80839,0.80859
2026-06-19 05:45:00+00:00,0.8086,0.80869,0.80739,0.80789
2026-06-19 06:00:00+00:00,0.80786,0.80786,0.80731,0.80737
2026-06-19 06:15:00+00:00,0.8075,0.80758,0.80699,0.807
2026-06-19 06:30:00+00:00,0.80702,0.80764,0.80698,0.80728
2026-06-19 06:45:00+00:00,0.80729,0.80735,0.80673,0.80675
2026-06-19 07:00:00+00:00,0.80677,0.80679,0.80619,0.80678
2026-06-19 07:15:00+00:00,0.80676,0.80714,0.8066,0.80692
2026-06-19 07:30:00+00:00,0.80696,0.80731,0.80696,0.80706
2026-06-19 07:45:00+00:00,0.8071,0.80779,0.8071,0.80741
2026-06-19 08:00:00+00:00,0.80746,0.80761,0.8068,0.80682
2026-06-19 08:15:00+00:00,0.80683,0.80728,0.80609,0.80648
2026-06-19 08:30:00+00:00,0.80642,0.80651,0.80596,0.80597
2026-06-19 08:45:00+00:00,0.806,0.8062,0.80594,0.80595
2026-06-19 09:00:00+00:00,0.80596,0.80613,0.80558,0.8056
2026-06-19 09:15:00+00:00,0.80562,0.80587,0.80547,0.80585
2026-06-19 09:30:00+00:00,0.80579,0.80595,0.80563,0.80564
2026-06-19 09:45:00+00:00,0.80564,0.80582,0.80537,0.80562
2026-06-19 10:00:00+00:00,0.80553,0.80594,0.80553,0.80593
2026-06-19 10:15:00+00:00,0.80591,0.80655,0.80586,0.80639
2026-06-19 10:30:00+00:00,0.80637,0.80664,0.80635,0.80643
2026-06-19 10:45:00+00:00,0.80646,0.80654,0.80631,0.80645
2026-06-19 11:00:00+00:00,0.80644,0.80669,0.80636,0.80644
2026-06-19 11:15:00+00:00,0.80643,0.80643,0.80606,0.80631
2026-06-19 11:30:00+00:00,0.80624,0.80683,0.80614,0.80657
2026-06-19 11:45:00+00:00,0.80656,0.80688,0.80634,0.80671
2026-06-19 12:00:00+00:00,0.80677,0.80689,0.80649,0.80657
2026-06-19 12:15:00+00:00,0.80658,0.80691,0.80658,0.80687
2026-06-19 12:30:00+00:00,0.80683,0.80713,0.80683,0.80708
2026-06-19 12:45:00+00:00,0.80697,0.80756,0.80613,0.80627
2026-06-19 13:00:00+00:00,0.80632,0.80749,0.80632,0.80744
2026-06-19 13:15:00+00:00,0.80736,0.80784,0.80736,0.80739
2026-06-19 13:30:00+00:00,0.80742,0.80766,0.80717,0.80721
2026-06-19 13:45:00+00:00,0.80726,0.80746,0.80718,0.80744
2026-06-19 14:00:00+00:00,0.80741,0.80782,0.80734,0.80778
2026-06-19 14:15:00+00:00,0.80779,0.80796,0.80766,0.80776
2026-06-19 14:30:00+00:00,0.80774,0.80774,0.80732,0.80749
2026-06-19 14:45:00+00:00,0.80746,0.80794,0.80734,0.80789
2026-06-19 15:00:00+00:00,0.80781,0.80808,0.80716,0.80741
2026-06-19 15:15:00+00:00,0.80736,0.80756,0.80729,0.80752
2026-06-19 15:30:00+00:00,0.80751,0.80808,0.80744,0.80805
2026-06-19 15:45:00+00:00,0.80804,0.80809,0.8078,0.80787
2026-06-19 16:00:00+00:00,0.80789,0.80794,0.80767,0.80767
2026-06-19 16:15:00+00:00,0.80768,0.80796,0.8073,0.80731
2026-06-19 16:30:00+00:00,0.80731,0.80774,0.80731,0.80765
2026-06-19 16:45:00+00:00,0.80763,0.80766,0.80741,0.80763
2026-06-19 17:00:00+00:00,0.80762,0.80762,0.80716,0.80754
2026-06-19 17:15:00+00:00,0.80751,0.80757,0.80746,0.80747
2026-06-19 17:30:00+00:00,0.80747,0.80747,0.8071,0.80712
2026-06-19 17:45:00+00:00,0.80714,0.80718,0.80703,0.80714
2026-06-19 18:00:00+00:00,0.80713,0.80715,0.80702,0.80708
2026-06-19 18:15:00+00:00,0.80706,0.80708,0.8067,0.80679
2026-06-19 18:30:00+00:00,0.80676,0.8068,0.80649,0.80658
2026-06-19 18:45:00+00:00,0.80656,0.80691,0.8065,0.8069
2026-06-19 19:00:00+00:00,0.80687,0.80687,0.80647,0.80648
2026-06-19 19:15:00+00:00,0.80649,0.80673,0.80647,0.80655
2026-06-19 19:30:00+00:00,0.80656,0.80664,0.80644,0.80664
2026-06-19 19:45:00+00:00,0.80661,0.80677,0.80652,0.80675
2026-06-19 20:00:00+00:00,0.80668,0.8069,0.80668,0.80682
2026-06-19 20:15:00+00:00,0.80682,0.807,0.80671,0.80696
2026-06-19 20:30:00+00:00,0.80696,0.80699,0.80682,0.80689
2026-06-19 20:45:00+00:00,0.80688,0.80704,0.80672,0.80697
2026-06-19 21:00:00+00:00,0.80679,0.80721,0.80679,0.80707
2026-06-19 21:15:00+00:00,0.80704,0.80718,0.80693,0.80695
2026-06-19 21:30:00+00:00,0.80699,0.80709,0.80691,0.80704
2026-06-19 21:45:00+00:00,0.80702,0.80708,0.80691,0.80704
2026-06-19 22:00:00+00:00,0.80701,0.80714,0.80689,0.80702
2026-06-19 22:15:00+00:00,0.80703,0.80709,0.807,0.80705
2026-06-19 22:30:00+00:00,0.80705,0.80709,0.80699,0.80702
2026-06-19 22:45:00+00:00,0.80703,0.80709,0.807,0.80708
2026-06-19 23:00:00+00:00,0.80706,0.80712,0.80695,0.80702
2026-06-19 23:15:00+00:00,0.80703,0.80709,0.807,0.80706
2026-06-19 23:30:00+00:00,0.80705,0.80711,0.80701,0.80704
2026-06-19 23:45:00+00:00,0.80704,0.8071,0.80702,0.8071
2026-06-20 00:00:00+00:00,0.80708,0.80727,0.80701,0.80725
2026-06-20 00:15:00+00:00,0.80724,0.80727,0.80719,0.80723
2026-06-20 00:30:00+00:00,0.80724,0.80727,0.80722,0.80724
2026-06-20 00:45:00+00:00,0.80724,0.80727,0.80718,0.80725
2026-06-20 01:00:00+00:00,0.80724,0.80728,0.80721,0.80725
2026-06-20 01:15:00+00:00,0.80724,0.80727,0.8072,0.80723
2026-06-20 01:30:00+00:00,0.80724,0.80732,0.80712,0.80725
2026-06-20 01:45:00+00:00,0.80722,0.80727,0.80722,0.80726
2026-06-20 02:00:00+00:00,0.80724,0.80728,0.80717,0.80725
2026-06-20 02:15:00+00:00,0.80724,0.80728,0.80723,0.80724
2026-06-20 02:30:00+00:00,0.80724,0.80728,0.80719,0.80724
2026-06-20 02:45:00+00:00,0.80724,0.80728,0.8072,0.80725
2026-06-20 03:00:00+00:00,0.80723,0.80728,0.80722,0.80725
2026-06-20 03:15:00+00:00,0.80724,0.8073,0.80712,0.80724
2026-06-20 03:30:00+00:00,0.80724,0.80728,0.80723,0.80723
2026-06-20 03:45:00+00:00,0.80724,0.80728,0.80719,0.80725
2026-06-20 04:00:00+00:00,0.80724,0.80728,0.80718,0.80725
2026-06-20 04:15:00+00:00,0.80723,0.80728,0.80723,0.80724
2026-06-20 04:30:00+00:00,0.80724,0.80728,0.8072,0.80723
2026-06-20 04:45:00+00:00,0.80724,0.80728,0.80723,0.80724
2026-06-20 05:00:00+00:00,0.80724,0.80727,0.80713,0.80726
2026-06-20 05:15:00+00:00,0.80724,0.80728,0.80716,0.80723
2026-06-20 05:30:00+00:00,0.80722,0.80728,0.80722,0.80723
2026-06-20 05:45:00+00:00,0.80724,0.80728,0.80715,0.80724
2026-06-20 06:00:00+00:00,0.80724,0.80728,0.80723,0.80726
2026-06-20 06:15:00+00:00,0.80724,0.80728,0.80715,0.80725
2026-06-20 06:30:00+00:00,0.80724,0.80728,0.80711,0.80722
2026-06-20 06:45:00+00:00,0.80718,0.80728,0.80718,0.80724
2026-06-20 07:00:00+00:00,0.80724,0.80731,0.80714,0.80726
2026-06-20 07:15:00+00:00,0.80724,0.80728,0.80723,0.80725
2026-06-20 07:30:00+00:00,0.80724,0.80727,0.80717,0.80724
2026-06-20 07:45:00+00:00,0.80724,0.80728,0.80713,0.80723
2026-06-20 08:00:00+00:00,0.80721,0.80728,0.80721,0.80726
2026-06-20 08:15:00+00:00,0.80724,0.80728,0.8071,0.80725
2026-06-20 08:30:00+00:00,0.80724,0.80728,0.80723,0.80724
2026-06-20 08:45:00+00:00,0.80724,0.80732,0.80712,0.80724
2026-06-20 09:00:00+00:00,0.80724,0.80728,0.80717,0.80723
2026-06-20 09:15:00+00:00,0.80721,0.80727,0.80721,0.80726
2026-06-20 09:30:00+00:00,0.80724,0.80727,0.80715,0.80724
2026-06-20 09:45:00+00:00,0.80724,0.80728,0.80723,0.80723
2026-06-20 10:00:00+00:00,0.80724,0.8073,0.80711,0.80725
2026-06-20 10:15:00+00:00,0.80724,0.80736,0.80701,0.80721
2026-06-20 10:30:00+00:00,0.80718,0.80728,0.80718,0.80724
2026-06-20 10:45:00+00:00,0.80724,0.80728,0.80707,0.80723
2026-06-20 11:00:00+00:00,0.80724,0.80728,0.80723,0.80726
2026-06-20 11:15:00+00:00,0.80724,0.80727,0.80715,0.80726
2026-06-20 11:30:00+00:00,0.80724,0.80728,0.80708,0.8071
2026-06-20 11:45:00+00:00,0.80713,0.80727,0.80713,0.80723
2026-06-20 12:00:00+00:00,0.80724,0.80727,0.80715,0.8072
2026-06-20 12:15:00+00:00,0.8072,0.80727,0.8072,0.80725
2026-06-20 12:30:00+00:00,0.80723,0.80729,0.80715,0.80724
2026-06-20 12:45:00+00:00,0.80723,0.80726,0.80715,0.80716
2026-06-20 13:00:00+00:00,0.80717,0.80723,0.80717,0.8072
2026-06-20 13:15:00+00:00,0.8072,0.80723,0.80703,0.8071
2026-06-20 13:30:00+00:00,0.80709,0.80712,0.80703,0.80706
2026-06-20 13:45:00+00:00,0.80705,0.80717,0.80703,0.80713
2026-06-20 14:00:00+00:00,0.80714,0.80727,0.80713,0.80715
2026-06-20 14:15:00+00:00,0.80717,0.80726,0.80717,0.80724
2026-06-20 14:30:00+00:00,0.80722,0.80726,0.80712,0.80722
2026-06-20 14:45:00+00:00,0.8072,0.80724,0.80719,0.8072
2026-06-20 15:00:00+00:00,0.8072,0.80723,0.80704,0.80717
2026-06-20 15:15:00+00:00,0.80717,0.80721,0.80708,0.80709
2026-06-20 15:30:00+00:00,0.80711,0.80722,0.80711,0.8072
2026-06-20 15:45:00+00:00,0.80719,0.80726,0.80709,0.8072
2026-06-20 16:00:00+00:00,0.8072,0.80735,0.80718,0.80723
2026-06-20 16:15:00+00:00,0.80724,0.80727,0.80715,0.80725
2026-06-20 16:30:00+00:00,0.80724,0.80733,0.80711,0.8073
2026-06-20 16:45:00+00:00,0.80724,0.80727,0.80708,0.80724
2026-06-20 17:00:00+00:00,0.80723,0.80736,0.8072,0.80722
2026-06-20 17:15:00+00:00,0.80723,0.80727,0.80721,0.80725
2026-06-20 17:30:00+00:00,0.80723,0.80726,0.80716,0.80722
2026-06-20 17:45:00+00:00,0.8072,0.80727,0.80717,0.80725
2026-06-20 18:00:00+00:00,0.80723,0.80732,0.80716,0.80719
2026-06-20 18:15:00+00:00,0.8072,0.80729,0.80708,0.80721
2026-06-20 18:30:00+00:00,0.80719,0.80725,0.80715,0.80718
2026-06-20 18:45:00+00:00,0.80717,0.8072,0.80713,0.80715
2026-06-20 19:00:00+00:00,0.80714,0.80732,0.80714,0.80726
2026-06-20 19:15:00+00:00,0.80725,0.80725,0.80715,0.80721
2026-06-20 19:30:00+00:00,0.80721,0.80727,0.80711,0.80715
2026-06-20 19:45:00+00:00,0.80714,0.80717,0.80713,0.80715
2026-06-20 20:00:00+00:00,0.80714,0.80734,0.80705,0.80712
2026-06-20 20:15:00+00:00,0.80712,0.80723,0.80711,0.80719
2026-06-20 20:30:00+00:00,0.80718,0.80718,0.80709,0.80714
2026-06-20 20:45:00+00:00,0.80712,0.80716,0.80705,0.80709
2026-06-20 21:00:00+00:00,0.80707,0.80727,0.80707,0.80721
2026-06-20 21:15:00+00:00,0.80721,0.80728,0.8071,0.80713
2026-06-20 21:30:00+00:00,0.80714,0.80717,0.80707,0.80715
2026-06-20 21:45:00+00:00,0.80714,0.80714,0.80702,0.80712
2026-06-20 22:00:00+00:00,0.8071,0.80729,0.80701,0.80714
2026-06-20 22:15:00+00:00,0.80714,0.80728,0.80711,0.80723
2026-06-20 22:30:00+00:00,0.80724,0.80727,0.80715,0.80726
2026-06-20 22:45:00+00:00,0.80724,0.80728,0.80722,0.80726
2026-06-20 23:00:00+00:00,0.80724,0.80735,0.80715,0.80725
2026-06-20 23:15:00+00:00,0.80724,0.80728,0.80708,0.80724
2026-06-20 23:30:00+00:00,0.80721,0.80727,0.80721,0.80724
2026-06-20 23:45:00+00:00,0.80724,0.80732,0.80713,0.80721
2026-06-21 00:00:00+00:00,0.80719,0.80724,0.80717,0.80722
2026-06-21 00:15:00+00:00,0.80721,0.80722,0.80711,0.80713
2026-06-21 00:30:00+00:00,0.80714,0.8072,0.80708,0.80718
2026-06-21 00:45:00+00:00,0.80716,0.80721,0.80715,0.8072
2026-06-21 01:00:00+00:00,0.80719,0.80724,0.80703,0.80715
2026-06-21 01:15:00+00:00,0.80714,0.80723,0.8071,0.80719
2026-06-21 01:30:00+00:00,0.8072,0.80726,0.8071,0.80713
2026-06-21 01:45:00+00:00,0.80713,0.80717,0.80705,0.8071
2026-06-21 02:00:00+00:00,0.80708,0.80712,0.80707,0.80709
2026-06-21 02:15:00+00:00,0.80708,0.80711,0.80701,0.80703
2026-06-21 02:30:00+00:00,0.80704,0.80727,0.80702,0.80722
2026-06-21 02:45:00+00:00,0.80723,0.80732,0.80708,0.80725
2026-06-21 03:00:00+00:00,0.80724,0.80728,0.80711,0.80717
2026-06-21 03:15:00+00:00,0.80715,0.80719,0.80714,0.80715
2026-06-21 03:30:00+00:00,0.80715,0.8072,0.80706,0.80709
2026-06-21 03:45:00+00:00,0.80709,0.80714,0.80708,0.80712
2026-06-21 04:00:00+00:00,0.8071,0.80713,0.80703,0.80707
2026-06-21 04:15:00+00:00,0.80706,0.80709,0.80699,0.80702
2026-06-21 04:30:00+00:00,0.80701,0.80705,0.807,0.80701
2026-06-21 04:45:00+00:00,0.80701,0.80705,0.80697,0.807
2026-06-21 05:00:00+00:00,0.80698,0.80702,0.80697,0.807
2026-06-21 05:15:00+00:00,0.80698,0.80702,0.80695,0.80697
2026-06-21 05:30:00+00:00,0.80696,0.80699,0.80693,0.80693
2026-06-21 05:45:00+00:00,0.80694,0.80698,0.80693,0.80694
2026-06-21 06:00:00+00:00,0.80694,0.80699,0.80692,0.80697
2026-06-21 06:15:00+00:00,0.80695,0.80699,0.80694,0.80696
2026-06-21 06:30:00+00:00,0.80695,0.80697,0.80692,0.80693
2026-06-21 06:45:00+00:00,0.80694,0.8071,0.80683,0.80701
2026-06-21 07:00:00+00:00,0.80701,0.80704,0.807,0.80702
2026-06-21 07:15:00+00:00,0.80701,0.80704,0.80697,0.80699
2026-06-21 07:30:00+00:00,0.80698,0.80702,0.80697,0.80698
2026-06-21 07:45:00+00:00,0.80698,0.80701,0.80696,0.80697
2026-06-21 08:00:00+00:00,0.80697,0.80705,0.80696,0.807
2026-06-21 08:15:00+00:00,0.80699,0.80702,0.80697,0.807
2026-06-21 08:30:00+00:00,0.80699,0.80702,0.80695,0.80696
2026-06-21 08:45:00+00:00,0.80696,0.807,0.80695,0.80696
2026-06-21 09:00:00+00:00,0.80696,0.80699,0.80693,0.80695
2026-06-21 09:15:00+00:00,0.80694,0.80698,0.80691,0.80694
2026-06-21 09:30:00+00:00,0.80693,0.80696,0.80691,0.80693
2026-06-21 09:45:00+00:00,0.80693,0.80696,0.8069,0.80691
2026-06-21 10:00:00+00:00,0.80691,0.807,0.8069,0.80697
2026-06-21 10:15:00+00:00,0.80696,0.807,0.80625,0.80668
2026-06-21 10:30:00+00:00,0.80666,0.8067,0.80665,0.80667
2026-06-21 10:45:00+00:00,0.80666,0.80709,0.80604,0.80624
2026-06-21 11:00:00+00:00,0.80625,0.80628,0.80624,0.80625
2026-06-21 11:15:00+00:00,0.80625,0.80634,0.80577,0.80593
2026-06-21 11:30:00+00:00,0.80591,0.80595,0.80552,0.80566
2026-06-21 11:45:00+00:00,0.80565,0.80568,0.80564,0.80564
2026-06-21 12:00:00+00:00,0.80565,0.80568,0.80534,0.80545
2026-06-21 12:15:00+00:00,0.80543,0.80547,0.80542,0.80545
2026-06-21 12:30:00+00:00,0.80543,0.80562,0.80518,0.80528
2026-06-21 12:45:00+00:00,0.80526,0.8053,0.80506,0.80512
2026-06-21 13:00:00+00:00,0.80513,0.80516,0.80512,0.80513
2026-06-21 13:15:00+00:00,0.80513,0.80652,0.80504,0.80597
2026-06-21 13:30:00+00:00,0.80596,0.80631,0.80581,0.80621
2026-06-21 13:45:00+00:00,0.8062,0.80633,0.80571,0.80587
2026-06-21 14:00:00+00:00,0.80587,0.80732,0.80556,0.80642
2026-06-21 14:15:00+00:00,0.80642,0.80664,0.8064,0.80658
2026-06-21 14:30:00+00:00,0.80657,0.8066,0.80598,0.80618
2026-06-21 14:45:00+00:00,0.80617,0.80659,0.80611,0.80646
2026-06-21 15:00:00+00:00,0.80646,0.80684,0.80591,0.80608
2026-06-21 15:15:00+00:00,0.80609,0.80612,0.80564,0.8058
2026-06-21 15:30:00+00:00,0.80579,0.80582,0.80577,0.8058
2026-06-21 15:45:00+00:00,0.80579,0.80582,0.80543,0.80556
2026-06-21 16:00:00+00:00,0.80554,0.8062,0.80528,0.80598
2026-06-21 16:15:00+00:00,0.80599,0.8062,0.80557,0.80572
2026-06-21 16:30:00+00:00,0.8057,0.80587,0.80538,0.8055
2026-06-21 16:45:00+00:00,0.80548,0.80552,0.80547,0.80549
2026-06-21 17:00:00+00:00,0.80548,0.80688,0.80518,0.80635
2026-06-21 17:15:00+00:00,0.80636,0.80639,0.80635,0.80636
2026-06-21 17:30:00+00:00,0.80636,0.80637,0.80583,0.80602
2026-06-21 17:45:00+00:00,0.806,0.80629,0.80559,0.80573
2026-06-21 18:00:00+00:00,0.80572,0.80713,0.80568,0.8071
2026-06-21 18:15:00+00:00,0.8071,0.80725,0.80637,0.80704
2026-06-21 18:30:00+00:00,0.80704,0.80713,0.807,0.8071
2026-06-21 18:45:00+00:00,0.80708,0.80713,0.80655,0.8071
2026-06-21 19:00:00+00:00,0.80709,0.80761,0.80702,0.80759
2026-06-21 19:15:00+00:00,0.80757,0.80843,0.80633,0.80748
2026-06-21 19:30:00+00:00,0.80747,0.80753,0.80724,0.80744
2026-06-21 19:45:00+00:00,0.80742,0.80753,0.80739,0.80752
2026-06-21 20:00:00+00:00,0.80747,0.80759,0.80732,0.80737
2026-06-21 20:15:00+00:00,0.80739,0.80755,0.80729,0.8075
2026-06-21 20:30:00+00:00,0.80743,0.80757,0.80733,0.80736
2026-06-21 20:45:00+00:00,0.80737,0.80759,0.80728,0.80745
2026-06-21 21:00:00+00:00,0.80744,0.80764,0.80723,0.80738
2026-06-21 21:15:00+00:00,0.80737,0.80778,0.80729,0.80774
2026-06-21 21:30:00+00:00,0.80769,0.80803,0.80744,0.80755
2026-06-21 21:45:00+00:00,0.80756,0.8076,0.80743,0.80759
2026-06-21 22:00:00+00:00,0.80756,0.80799,0.80743,0.80771
2026-06-21 22:15:00+00:00,0.80769,0.80771,0.80747,0.80758
2026-06-21 22:30:00+00:00,0.80753,0.80792,0.80753,0.80791
2026-06-21 22:45:00+00:00,0.8079,0.80791,0.80779,0.80786
2026-06-21 23:00:00+00:00,0.80784,0.80793,0.80756,0.80773
2026-06-21 23:15:00+00:00,0.80767,0.80794,0.80767,0.80793
2026-06-21 23:30:00+00:00,0.80791,0.80829,0.80787,0.80828
2026-06-21 23:45:00+00:00,0.80827,0.80837,0.80811,0.80813
2026-06-22 00:00:00+00:00,0.80818,0.80822,0.80801,0.80816
2026-06-22 00:15:00+00:00,0.80816,0.80823,0.80792,0.80794
2026-06-22 00:30:00+00:00,0.80799,0.80838,0.80797,0.80829
2026-06-22 00:45:00+00:00,0.80831,0.80859,0.80806,0.80811
2026-06-22 01:00:00+00:00,0.80821,0.80821,0.80718,0.8072
2026-06-22 01:15:00+00:00,0.80724,0.80759,0.80716,0.80738
2026-06-22 01:30:00+00:00,0.8074,0.80813,0.80735,0.80797
2026-06-22 01:45:00+00:00,0.80801,0.80801,0.80774,0.80796
2026-06-22 02:00:00+00:00,0.8079,0.8081,0.80776,0.80782
2026-06-22 02:15:00+00:00,0.80778,0.80811,0.80769,0.80793
2026-06-22 02:30:00+00:00,0.80791,0.80794,0.80744,0.80749
2026-06-22 02:45:00+00:00,0.80751,0.80759,0.80738,0.80747
2026-06-22 03:00:00+00:00,0.80742,0.80768,0.80734,0.80765
2026-06-22 03:15:00+00:00,0.80762,0.80778,0.80753,0.80777
2026-06-22 03:30:00+00:00,0.80776,0.80827,0.80775,0.80826
2026-06-22 03:45:00+00:00,0.80824,0.80846,0.80791,0.80845
2026-06-22 04:00:00+00:00,0.80842,0.8088,0.80838,0.80865
2026-06-22 04:15:00+00:00,0.80867,0.80873,0.80856,0.80867
2026-06-22 04:30:00+00:00,0.80865,0.80868,0.80849,0.80862
2026-06-22 04:45:00+00:00,0.8086,0.80871,0.80844,0.80854
2026-06-22 05:00:00+00:00,0.80856,0.80864,0.80847,0.80856
2026-06-22 05:15:00+00:00,0.80856,0.80856,0.80816,0.80818
2026-06-22 05:30:00+00:00,0.80817,0.80818,0.80783,0.80785
2026-06-22 05:45:00+00:00,0.80789,0.80839,0.80788,0.80837
2026-06-22 06:00:00+00:00,0.80833,0.80848,0.80789,0.80824
2026-06-22 06:15:00+00:00,0.80819,0.8083,0.80783,0.80789
2026-06-22 06:30:00+00:00,0.80787,0.80831,0.80785,0.80813
2026-06-22 06:45:00+00:00,0.80819,0.80838,0.80769,0.80802
2026-06-22 07:00:00+00:00,0.80798,0.80817,0.80773,0.80783
2026-06-22 07:15:00+00:00,0.80785,0.80828,0.80767,0.80826
2026-06-22 07:30:00+00:00,0.8082,0.80899,0.80814,0.80897
2026-06-22 07:45:00+00:00,0.80894,0.80898,0.80863,0.80865
2026-06-22 08:00:00+00:00,0.80867,0.80919,0.80864,0.8089
2026-06-22 08:15:00+00:00,0.80894,0.80911,0.80795,0.80823
2026-06-22 08:30:00+00:00,0.80821,0.80839,0.80797,0.80819
2026-06-22 08:45:00+00:00,0.80822,0.80832,0.80796,0.8082
2026-06-22 09:00:00+00:00,0.80816,0.80821,0.80698,0.80748
2026-06-22 09:15:00+00:00,0.80745,0.8075,0.8072,0.80748
2026-06-22 09:30:00+00:00,0.8074,0.80767,0.80722,0.8075
2026-06-22 09:45:00+00:00,0.80751,0.8076,0.80713,0.80756
2026-06-22 10:00:00+00:00,0.8075,0.80784,0.80734,0.80758
2026-06-22 10:15:00+00:00,0.80754,0.80763,0.80739,0.80753
2026-06-22 10:30:00+00:00,0.80748,0.80786,0.80748,0.80773
2026-06-22 10:45:00+00:00,0.80771,0.80802,0.80767,0.80799
2026-06-22 11:00:00+00:00,0.80795,0.80832,0.80764,0.80824
2026-06-22 11:15:00+00:00,0.80823,0.80858,0.80823,0.80841
2026-06-22 11:30:00+00:00,0.80846,0.80846,0.8081,0.8084
2026-06-22 11:45:00+00:00,0.80837,0.8088,0.80821,0.80879
2026-06-22 12:00:00+00:00,0.80878,0.80881,0.80785,0.80786
2026-06-22 12:15:00+00:00,0.80788,0.80803,0.8074,0.80768
2026-06-22 12:30:00+00:00,0.80764,0.80793,0.80748,0.80779
2026-06-22 12:45:00+00:00,0.80782,0.80843,0.80771,0.80839
2026-06-22 13:00:00+00:00,0.80839,0.80911,0.80824,0.80906
2026-06-22 13:15:00+00:00,0.80898,0.80945,0.80898,0.8094
2026-06-22 13:30:00+00:00,0.80939,0.80939,0.8088,0.8091
2026-06-22 13:45:00+00:00,0.80906,0.80966,0.80873,0.80956
2026-06-22 14:00:00+00:00,0.80957,0.8097,0.80885,0.80916
2026-06-22 14:15:00+00:00,0.80919,0.80943,0.80856,0.80859
2026-06-22 14:30:00+00:00,0.8086,0.80926,0.8086,0.8089
2026-06-22 14:45:00+00:00,0.80903,0.80903,0.80761,0.80778
2026-06-22 15:00:00+00:00,0.80781,0.80789,0.80738,0.80776
2026-06-22 15:15:00+00:00,0.8077,0.80829,0.8077,0.80827
2026-06-22 15:30:00+00:00,0.80823,0.80867,0.80823,0.80854
2026-06-22 15:45:00+00:00,0.80848,0.80918,0.80847,0.80917
2026-06-22 16:00:00+00:00,0.80914,0.80958,0.809,0.80939
2026-06-22 16:15:00+00:00,0.80941,0.80941,0.80901,0.80926
2026-06-22 16:30:00+00:00,0.80923,0.80938,0.80897,0.80924
2026-06-22 16:45:00+00:00,0.80918,0.8093,0.80892,0.80904
2026-06-22 17:00:00+00:00,0.80902,0.80913,0.80893,0.80905
2026-06-22 17:15:00+00:00,0.80906,0.80919,0.80894,0.80904
2026-06-22 17:30:00+00:00,0.80898,0.80944,0.80898,0.80917
2026-06-22 17:45:00+00:00,0.80918,0.80925,0.80901,0.80912
2026-06-22 18:00:00+00:00,0.8091,0.80913,0.80884,0.80886
2026-06-22 18:15:00+00:00,0.80887,0.8092,0.80887,0.80919
2026-06-22 18:30:00+00:00,0.80916,0.80929,0.80908,0.8091
2026-06-22 18:45:00+00:00,0.80912,0.80916,0.80893,0.80913
2026-06-22 19:00:00+00:00,0.80906,0.80923,0.80905,0.80918
2026-06-22 19:15:00+00:00,0.80914,0.80932,0.80908,0.80925
2026-06-22 19:30:00+00:00,0.80922,0.80937,0.80922,0.8093
2026-06-22 19:45:00+00:00,0.80927,0.80941,0.80862,0.80866
2026-06-22 20:00:00+00:00,0.80871,0.80871,0.80845,0.80851
2026-06-22 20:15:00+00:00,0.80848,0.80874,0.80844,0.80846
2026-06-22 20:30:00+00:00,0.80849,0.80877,0.80849,0.80874
2026-06-22 20:45:00+00:00,0.80873,0.80891,0.80862,0.80871
2026-06-22 21:00:00+00:00,0.80868,0.80889,0.8084,0.80848
2026-06-22 21:15:00+00:00,0.80843,0.80866,0.80843,0.80858
2026-06-22 21:30:00+00:00,0.80854,0.80872,0.80831,0.80863
2026-06-22 21:45:00+00:00,0.80861,0.80868,0.80854,0.8086
2026-06-22 22:00:00+00:00,0.80859,0.80883,0.80847,0.80868
2026-06-22 22:15:00+00:00,0.80867,0.80883,0.80867,0.80876
2026-06-22 22:30:00+00:00,0.80878,0.809,0.8087,0.8089
2026-06-22 22:45:00+00:00,0.80891,0.80893,0.80875,0.80876
2026-06-22 23:00:00+00:00,0.80876,0.80881,0.80866,0.80878
2026-06-22 23:15:00+00:00,0.80876,0.8089,0.80874,0.80875
2026-06-22 23:30:00+00:00,0.80877,0.80891,0.80875,0.80876
2026-06-22 23:45:00+00:00,0.80878,0.80895,0.80878,0.80894
2026-06-23 00:00:00+00:00,0.80893,0.80922,0.80887,0.8092
2026-06-23 00:15:00+00:00,0.80919,0.8092,0.80896,0.8091
2026-06-23 00:30:00+00:00,0.80908,0.80917,0.80854,0.80872
2026-06-23 00:45:00+00:00,0.80875,0.80875,0.80849,0.80861
2026-06-23 01:00:00+00:00,0.8086,0.8089,0.8085,0.80889
2026-06-23 01:15:00+00:00,0.80886,0.80893,0.80877,0.80889
2026-06-23 01:30:00+00:00,0.80886,0.80895,0.80871,0.80872
2026-06-23 01:45:00+00:00,0.80874,0.80887,0.80839,0.8085
2026-06-23 02:00:00+00:00,0.80849,0.8086,0.80834,0.80842
2026-06-23 02:15:00+00:00,0.80848,0.80853,0.80823,0.80852
2026-06-23 02:30:00+00:00,0.80851,0.80863,0.80847,0.80858
2026-06-23 02:45:00+00:00,0.80855,0.80886,0.80855,0.80886
2026-06-23 03:00:00+00:00,0.80884,0.80916,0.80865,0.80913
2026-06-23 03:15:00+00:00,0.80908,0.80923,0.80884,0.80885
2026-06-23 03:30:00+00:00,0.80886,0.80897,0.80881,0.80881
2026-06-23 03:45:00+00:00,0.80882,0.80889,0.80858,0.80859
2026-06-23 04:00:00+00:00,0.80861,0.80867,0.80852,0.80867
2026-06-23 04:15:00+00:00,0.80863,0.80892,0.80863,0.80888
2026-06-23 04:30:00+00:00,0.80887,0.80905,0.80886,0.80893
2026-06-23 04:45:00+00:00,0.80894,0.80926,0.80886,0.80925
2026-06-23 05:00:00+00:00,0.80922,0.80933,0.80906,0.80926
2026-06-23 05:15:00+00:00,0.80924,0.80933,0.80899,0.80915
2026-06-23 05:30:00+00:00,0.80913,0.80913,0.80872,0.80889
2026-06-23 05:45:00+00:00,0.80891,0.80918,0.80877,0.80897
2026-06-23 06:00:00+00:00,0.80896,0.80913,0.80886,0.80906
2026-06-23 06:15:00+00:00,0.80904,0.80908,0.80844,0.80874
2026-06-23 06:30:00+00:00,0.80873,0.80895,0.80851,0.80885
2026-06-23 06:45:00+00:00,0.80888,0.80914,0.80887,0.80907
2026-06-23 07:00:00+00:00,0.80907,0.80907,0.80788,0.80817
2026-06-23 07:15:00+00:00,0.80811,0.80835,0.80786,0.80789
2026-06-23 07:30:00+00:00,0.80793,0.80897,0.8078,0.80892
2026-06-23 07:45:00+00:00,0.80889,0.80944,0.80847,0.80924
2026-06-23 08:00:00+00:00,0.80925,0.8094,0.80895,0.80925
2026-06-23 08:15:00+00:00,0.80924,0.80978,0.80909,0.80969
2026-06-23 08:30:00+00:00,0.80967,0.81,0.80959,0.80995
2026-06-23 08:45:00+00:00,0.80988,0.81004,0.8097,0.80972
2026-06-23 09:00:00+00:00,0.80978,0.81012,0.80978,0.81
2026-06-23 09:15:00+00:00,0.81,0.81025,0.80993,0.81004
2026-06-23 09:30:00+00:00,0.81005,0.81014,0.80998,0.80999
2026-06-23 09:45:00+00:00,0.81,0.81011,0.80975,0.80986
2026-06-23 10:00:00+00:00,0.80989,0.81019,0.80971,0.81019
2026-06-23 10:15:00+00:00,0.81018,0.81023,0.80991,0.81008
2026-06-23 10:30:00+00:00,0.81006,0.81012,0.80977,0.80984
2026-06-23 10:45:00+00:00,0.80981,0.8103,0.80976,0.81015
2026-06-23 11:00:00+00:00,0.81016,0.81017,0.80959,0.80961
2026-06-23 11:15:00+00:00,0.80965,0.8097,0.80949,0.80958
2026-06-23 11:30:00+00:00,0.80959,0.80989,0.80953,0.80964
2026-06-23 11:45:00+00:00,0.80965,0.81021,0.8096,0.81019
2026-06-23 12:00:00+00:00,0.81015,0.81022,0.80957,0.80986
2026-06-23 12:15:00+00:00,0.80982,0.81006,0.80954,0.80991
2026-06-23 12:30:00+00:00,0.8099,0.81012,0.80915,0.80937
2026-06-23 12:45:00+00:00,0.80935,0.80949,0.80918,0.80947
2026-06-23 13:00:00+00:00,0.80942,0.80957,0.80889,0.8095
2026-06-23 13:15:00+00:00,0.8094,0.80964,0.80885,0.80892
2026-06-23 13:30:00+00:00,0.8089,0.80907,0.80748,0.80781
2026-06-23 13:45:00+00:00,0.80776,0.80869,0.80773,0.80867
2026-06-23 14:00:00+00:00,0.80863,0.80944,0.80858,0.80932
2026-06-23 14:15:00+00:00,0.80934,0.81023,0.80934,0.81
2026-06-23 14:30:00+00:00,0.80999,0.81033,0.80973,0.8099
2026-06-23 14:45:00+00:00,0.81002,0.81002,0.80943,0.80959
2026-06-23 15:00:00+00:00,0.80966,0.80997,0.80931,0.80946
2026-06-23 15:15:00+00:00,0.80953,0.80953,0.80898,0.8093
2026-06-23 15:30:00+00:00,0.80924,0.8099,0.80924,0.80989
2026-06-23 15:45:00+00:00,0.80987,0.81,0.80976,0.80987
2026-06-23 16:00:00+00:00,0.80988,0.81016,0.80977,0.8101
2026-06-23 16:15:00+00:00,0.81009,0.81016,0.80958,0.80983
2026-06-23 16:30:00+00:00,0.80974,0.81016,0.80974,0.80983
2026-06-23 16:45:00+00:00,0.80981,0.8103,0.80973,0.81029
2026-06-23 17:00:00+00:00,0.81027,0.8105,0.81018,0.81019
2026-06-23 17:15:00+00:00,0.81021,0.81042,0.81018,0.81035
2026-06-23 17:30:00+00:00,0.81035,0.81042,0.81014,0.81016
2026-06-23 17:45:00+00:00,0.81014,0.81039,0.81014,0.81026
2026-06-23 18:00:00+00:00,0.81025,0.81033,0.81014,0.81024
2026-06-23 18:15:00+00:00,0.81023,0.81042,0.81014,0.81036
2026-06-23 18:30:00+00:00,0.81037,0.81065,0.81037,0.81056
2026-06-23 18:45:00+00:00,0.81056,0.81062,0.81016,0.81032
2026-06-23 19:00:00+00:00,0.81027,0.81027,0.80957,0.80957
2026-06-23 19:15:00+00:00,0.80958,0.80986,0.8095,0.80978
2026-06-23 19:30:00+00:00,0.80975,0.80987,0.80965,0.80986
2026-06-23 19:45:00+00:00,0.80985,0.80987,0.80964,0.80978
2026-06-23 20:00:00+00:00,0.80973,0.81,0.80969,0.80983
2026-06-23 20:15:00+00:00,0.80984,0.8099,0.80978,0.80988
2026-06-23 20:30:00+00:00,0.80984,0.80992,0.8098,0.80982
2026-06-23 20:45:00+00:00,0.80981,0.80984,0.80946,0.8096
2026-06-23 21:00:00+00:00,0.80948,0.81027,0.80948,0.80976
2026-06-23 21:15:00+00:00,0.80974,0.80991,0.80961,0.8098
2026-06-23 21:30:00+00:00,0.8098,0.80989,0.80971,0.80982
2026-06-23 21:45:00+00:00,0.8098,0.80982,0.80963,0.80975
2026-06-23 22:00:00+00:00,0.80972,0.80983,0.8095,0.80979
2026-06-23 22:15:00+00:00,0.80978,0.80989,0.8096,0.80965
2026-06-23 22:30:00+00:00,0.80962,0.80965,0.80939,0.80941
2026-06-23 22:45:00+00:00,0.80943,0.80946,0.8093,0.8094
2026-06-23 23:00:00+00:00,0.80939,0.80957,0.80931,0.80954
2026-06-23 23:15:00+00:00,0.80953,0.8097,0.80944,0.80968
2026-06-23 23:30:00+00:00,0.80966,0.80976,0.8096,0.80966
2026-06-23 23:45:00+00:00,0.80967,0.80975,0.80941,0.80972
2026-06-24 00:00:00+00:00,0.8097,0.81003,0.80967,0.80999
2026-06-24 00:15:00+00:00,0.8099,0.81041,0.8099,0.81038
2026-06-24 00:30:00+00:00,0.81035,0.81045,0.81016,0.81028
2026-06-24 00:45:00+00:00,0.8103,0.81031,0.80986,0.80988
2026-06-24 01:00:00+00:00,0.80989,0.81045,0.80989,0.8101
2026-06-24 01:15:00+00:00,0.81008,0.81041,0.81008,0.81029
2026-06-24 01:30:00+00:00,0.81028,0.81031,0.8099,0.80991
2026-06-24 01:45:00+00:00,0.80992,0.81003,0.80979,0.80981
2026-06-24 02:00:00+00:00,0.80984,0.80999,0.80977,0.80979
2026-06-24 02:15:00+00:00,0.80981,0.80995,0.80972,0.80985
2026-06-24 02:30:00+00:00,0.80986,0.81008,0.80983,0.81006
2026-06-24 02:45:00+00:00,0.81003,0.81046,0.81003,0.81042
2026-06-24 03:00:00+00:00,0.81034,0.81113,0.81032,0.81086
2026-06-24 03:15:00+00:00,0.8109,0.8111,0.81076,0.81096
2026-06-24 03:30:00+00:00,0.81103,0.81103,0.81026,0.81028
2026-06-24 03:45:00+00:00,0.81031,0.81032,0.81015,0.81029
2026-06-24 04:00:00+00:00,0.81021,0.81064,0.81021,0.81057
2026-06-24 04:15:00+00:00,0.81057,0.81057,0.81017,0.81018
2026-06-24 04:30:00+00:00,0.81018,0.81049,0.81018,0.81046
2026-06-24 04:45:00+00:00,0.81042,0.81091,0.81042,0.81074
2026-06-24 05:00:00+00:00,0.81075,0.81099,0.81057,0.81069
2026-06-24 05:15:00+00:00,0.81066,0.81079,0.81064,0.81074
2026-06-24 05:30:00+00:00,0.81071,0.81096,0.81068,0.81083
2026-06-24 05:45:00+00:00,0.81088,0.81102,0.81069,0.81094
2026-06-24 06:00:00+00:00,0.81091,0.81102,0.81049,0.81064
2026-06-24 06:15:00+00:00,0.81061,0.81145,0.81057,0.81143
2026-06-24 06:30:00+00:00,0.81137,0.8115,0.81128,0.81136
2026-06-24 06:45:00+00:00,0.81134,0.81167,0.81114,0.81165
2026-06-24 07:00:00+00:00,0.81161,0.81183,0.81145,0.81155
2026-06-24 07:15:00+00:00,0.81156,0.8117,0.81136,0.81139
2026-06-24 07:30:00+00:00,0.81143,0.81173,0.81124,0.81159
2026-06-24 07:45:00+00:00,0.81163,0.81172,0.8114,0.81167
2026-06-24 08:00:00+00:00,0.8116,0.81211,0.8116,0.81205
2026-06-24 08:15:00+00:00,0.81192,0.81244,0.81159,0.81163
2026-06-24 08:30:00+00:00,0.81171,0.8122,0.81138,0.81174
2026-06-24 08:45:00+00:00,0.81186,0.81186,0.81132,0.8116
2026-06-24 09:00:00+00:00,0.81161,0.81204,0.81148,0.81167
2026-06-24 09:15:00+00:00,0.81171,0.81226,0.81154,0.81218
2026-06-24 09:30:00+00:00,0.81219,0.81237,0.81185,0.812
2026-06-24 09:45:00+00:00,0.8119,0.81217,0.81181,0.81209
2026-06-24 10:00:00+00:00,0.8121,0.81261,0.81204,0.81245
2026-06-24 10:15:00+00:00,0.8125,0.81269,0.81238,0.81259
2026-06-24 10:30:00+00:00,0.8126,0.81278,0.8124,0.81243
2026-06-24 10:45:00+00:00,0.81245,0.81272,0.81244,0.81271
2026-06-24 11:00:00+00:00,0.8127,0.81301,0.81257,0.81287
2026-06-24 11:15:00+00:00,0.8128,0.81316,0.81279,0.81291
2026-06-24 11:30:00+00:00,0.81288,0.81288,0.81209,0.81256
2026-06-24 11:45:00+00:00,0.81249,0.81274,0.81203,0.81268
2026-06-24 12:00:00+00:00,0.81268,0.81274,0.81216,0.81272
2026-06-24 12:15:00+00:00,0.81268,0.81274,0.81221,0.81257
2026-06-24 12:30:00+00:00,0.81256,0.8138,0.81246,0.81349
2026-06-24 12:45:00+00:00,0.8136,0.81375,0.81334,0.81353
2026-06-24 13:00:00+00:00,0.81355,0.81385,0.8131,0.81366
2026-06-24 13:15:00+00:00,0.81373,0.81393,0.81269,0.81287
2026-06-24 13:30:00+00:00,0.81288,0.81297,0.81234,0.81235
2026-06-24 13:45:00+00:00,0.81234,0.81307,0.81234,0.8126
2026-06-24 14:00:00+00:00,0.81257,0.81265,0.81219,0.81254
2026-06-24 14:15:00+00:00,0.8125,0.81321,0.81248,0.81265
2026-06-24 14:30:00+00:00,0.81265,0.81333,0.81254,0.81332
2026-06-24 14:45:00+00:00,0.8133,0.81346,0.81311,0.81345
2026-06-24 15:00:00+00:00,0.81342,0.81344,0.81251,0.81254
2026-06-24 15:15:00+00:00,0.81258,0.81258,0.81146,0.81193
2026-06-24 15:30:00+00:00,0.8118,0.81273,0.8118,0.81241
2026-06-24 15:45:00+00:00,0.81246,0.81295,0.81223,0.81262
2026-06-24 16:00:00+00:00,0.81261,0.81284,0.81216,0.81255
2026-06-24 16:15:00+00:00,0.81257,0.81268,0.81205,0.81207
2026-06-24 16:30:00+00:00,0.8121,0.8121,0.81147,0.8119
2026-06-24 16:45:00+00:00,0.81183,0.81203,0.81179,0.81191
2026-06-24 17:00:00+00:00,0.81189,0.81236,0.81176,0.81234
2026-06-24 17:15:00+00:00,0.81232,0.81269,0.81226,0.81266
2026-06-24 17:30:00+00:00,0.81263,0.81269,0.81217,0.81253
2026-06-24 17:45:00+00:00,0.8125,0.81286,0.81249,0.81278
2026-06-24 18:00:00+00:00,0.81271,0.81287,0.81251,0.81273
2026-06-24 18:15:00+00:00,0.8127,0.81277,0.81236,0.81237
2026-06-24 18:30:00+00:00,0.81237,0.81258,0.81208,0.81257
2026-06-24 18:45:00+00:00,0.81254,0.81263,0.81233,0.81257
2026-06-24 19:00:00+00:00,0.81253,0.81264,0.81225,0.81262
2026-06-24 19:15:00+00:00,0.81259,0.81292,0.81259,0.8127
2026-06-24 19:30:00+00:00,0.81271,0.81281,0.81252,0.81255
2026-06-24 19:45:00+00:00,0.8126,0.81281,0.81247,0.8128
2026-06-24 20:00:00+00:00,0.81276,0.81289,0.81264,0.81288
2026-06-24 20:15:00+00:00,0.81285,0.81297,0.81261,0.81261
2026-06-24 20:30:00+00:00,0.81263,0.81264,0.8124,0.81247
2026-06-24 20:45:00+00:00,0.81245,0.81255,0.81231,0.81232
2026-06-24 21:00:00+00:00,0.81233,0.81276,0.81206,0.81235
2026-06-24 21:15:00+00:00,0.81236,0.81259,0.81236,0.81248
2026-06-24 21:30:00+00:00,0.8125,0.81254,0.81236,0.81238
2026-06-24 21:45:00+00:00,0.81237,0.81253,0.81214,0.81216
2026-06-24 22:00:00+00:00,0.81218,0.81238,0.81218,0.8123
2026-06-24 22:15:00+00:00,0.81229,0.81251,0.81229,0.81237
2026-06-24 22:30:00+00:00,0.81238,0.81243,0.81228,0.81233
2026-06-24 22:45:00+00:00,0.81232,0.81246,0.81231,0.81244
2026-06-24 23:00:00+00:00,0.81243,0.81252,0.81237,0.81246
2026-06-24 23:15:00+00:00,0.81243,0.81247,0.81231,0.81239
2026-06-24 23:30:00+00:00,0.81241,0.81253,0.81233,0.8125
2026-06-24 23:45:00+00:00,0.81247,0.81269,0.8124,0.81263
2026-06-25 00:00:00+00:00,0.81261,0.81282,0.81258,0.81274
2026-06-25 00:15:00+00:00,0.81269,0.81288,0.81268,0.8128
2026-06-25 00:30:00+00:00,0.81281,0.8131,0.81278,0.81297
2026-06-25 00:45:00+00:00,0.81298,0.81299,0.81242,0.81246
2026-06-25 01:00:00+00:00,0.81245,0.81253,0.81188,0.81191
2026-06-25 01:15:00+00:00,0.81196,0.81196,0.81123,0.81161
2026-06-25 01:30:00+00:00,0.81159,0.81201,0.81159,0.81179
2026-06-25 01:45:00+00:00,0.81179,0.81197,0.8117,0.81191
2026-06-25 02:00:00+00:00,0.81184,0.81198,0.81155,0.81157
2026-06-25 02:15:00+00:00,0.81159,0.81159,0.81105,0.81118
2026-06-25 02:30:00+00:00,0.81116,0.81133,0.81103,0.81123
2026-06-25 02:45:00+00:00,0.81122,0.81144,0.81115,0.81144
2026-06-25 03:00:00+00:00,0.81142,0.81149,0.81101,0.8111
2026-06-25 03:15:00+00:00,0.81108,0.81117,0.81099,0.81114
2026-06-25 03:30:00+00:00,0.81111,0.81122,0.81101,0.81102
2026-06-25 03:45:00+00:00,0.81102,0.81103,0.8107,0.81093
2026-06-25 04:00:00+00:00,0.81092,0.81098,0.81061,0.8107
2026-06-25 04:15:00+00:00,0.81068,0.81081,0.81066,0.81069
2026-06-25 04:30:00+00:00,0.81069,0.81106,0.81069,0.81097
2026-06-25 04:45:00+00:00,0.81099,0.81108,0.81095,0.81103
2026-06-25 05:00:00+00:00,0.81104,0.81119,0.81095,0.8111
2026-06-25 05:15:00+00:00,0.81105,0.81148,0.81104,0.81136
2026-06-25 05:30:00+00:00,0.81137,0.81161,0.81125,0.8116
2026-06-25 05:45:00+00:00,0.81158,0.81191,0.8115,0.81173
2026-06-25 06:00:00+00:00,0.81175,0.81196,0.81149,0.81162
2026-06-25 06:15:00+00:00,0.81163,0.81185,0.81153,0.81173
2026-06-25 06:30:00+00:00,0.81177,0.81214,0.8117,0.81179
2026-06-25 06:45:00+00:00,0.81182,0.81222,0.81163,0.81203
2026-06-25 07:00:00+00:00,0.81208,0.81224,0.8115,0.81218
2026-06-25 07:15:00+00:00,0.81204,0.81265,0.81176,0.8118
2026-06-25 07:30:00+00:00,0.81188,0.81192,0.81144,0.81166
2026-06-25 07:45:00+00:00,0.81158,0.81179,0.81146,0.81147
2026-06-25 08:00:00+00:00,0.81148,0.81148,0.81061,0.81101
2026-06-25 08:15:00+00:00,0.81099,0.81114,0.81046,0.81062
2026-06-25 08:30:00+00:00,0.8106,0.81071,0.8103,0.81069
2026-06-25 08:45:00+00:00,0.81066,0.81099,0.8105,0.81093
2026-06-25 09:00:00+00:00,0.81093,0.81132,0.81069,0.81128
2026-06-25 09:15:00+00:00,0.81127,0.81152,0.81109,0.81112
2026-06-25 09:30:00+00:00,0.81117,0.81148,0.81085,0.8114
2026-06-25 09:45:00+00:00,0.8114,0.81157,0.81108,0.81142
2026-06-25 10:00:00+00:00,0.81138,0.81197,0.81138,0.81196
2026-06-25 10:15:00+00:00,0.81193,0.81202,0.81184,0.81195
2026-06-25 10:30:00+00:00,0.81192,0.81225,0.81192,0.81223
2026-06-25 10:45:00+00:00,0.8122,0.81267,0.81215,0.81263
2026-06-25 11:00:00+00:00,0.81263,0.8128,0.81257,0.81269
2026-06-25 11:15:00+00:00,0.81267,0.81293,0.81267,0.81292
2026-06-25 11:30:00+00:00,0.8129,0.81327,0.8128,0.81298
2026-06-25 11:45:00+00:00,0.81298,0.81338,0.81275,0.81337
2026-06-25 12:00:00+00:00,0.81335,0.81343,0.81319,0.81341
2026-06-25 12:15:00+00:00,0.81337,0.8135,0.81325,0.81349
2026-06-25 12:30:00+00:00,0.81347,0.81347,0.81122,0.81128
2026-06-25 12:45:00+00:00,0.81138,0.81223,0.81116,0.81217
2026-06-25 13:00:00+00:00,0.81209,0.81238,0.81165,0.81212
2026-06-25 13:15:00+00:00,0.81214,0.81214,0.81094,0.81124
2026-06-25 13:30:00+00:00,0.81121,0.81128,0.81051,0.811
2026-06-25 13:45:00+00:00,0.81091,0.81111,0.81028,0.81097
2026-06-25 14:00:00+00:00,0.81099,0.81099,0.80932,0.81013
2026-06-25 14:15:00+00:00,0.81014,0.81093,0.81,0.81063
2026-06-25 14:30:00+00:00,0.81071,0.81071,0.81018,0.81019
2026-06-25 14:45:00+00:00,0.81019,0.81036,0.8097,0.80985
2026-06-25 15:00:00+00:00,0.80978,0.81026,0.80938,0.81025
2026-06-25 15:15:00+00:00,0.81023,0.81025,0.80925,0.80928
2026-06-25 15:30:00+00:00,0.8093,0.80993,0.8093,0.80992
2026-06-25 15:45:00+00:00,0.80987,0.81005,0.8094,0.80942
2026-06-25 16:00:00+00:00,0.80947,0.80974,0.80936,0.80959
2026-06-25 16:15:00+00:00,0.8096,0.80963,0.80899,0.80901
2026-06-25 16:30:00+00:00,0.80904,0.8097,0.80903,0.80967
2026-06-25 16:45:00+00:00,0.80958,0.81004,0.80958,0.81002
2026-06-25 17:00:00+00:00,0.81001,0.81005,0.80974,0.80993
2026-06-25 17:15:00+00:00,0.8099,0.81018,0.80987,0.81008
2026-06-25 17:30:00+00:00,0.81006,0.81017,0.81,0.81005
2026-06-25 17:45:00+00:00,0.81002,0.81015,0.80969,0.80987
2026-06-25 18:00:00+00:00,0.80983,0.81034,0.80975,0.80978
2026-06-25 18:15:00+00:00,0.80982,0.80982,0.80949,0.80954
2026-06-25 18:30:00+00:00,0.80955,0.80989,0.80951,0.80988
2026-06-25 18:45:00+00:00,0.80987,0.8099,0.80954,0.80981
2026-06-25 19:00:00+00:00,0.80979,0.81004,0.80972,0.81004
2026-06-25 19:15:00+00:00,0.81002,0.81008,0.80954,0.80961
2026-06-25 19:30:00+00:00,0.80961,0.80996,0.80943,0.8099
2026-06-25 19:45:00+00:00,0.80989,0.81022,0.80982,0.80984
2026-06-25 20:00:00+00:00,0.80988,0.80988,0.80959,0.80982
2026-06-25 20:15:00+00:00,0.8098,0.80995,0.80978,0.80988
2026-06-25 20:30:00+00:00,0.8099,0.81004,0.80985,0.81001
2026-06-25 20:45:00+00:00,0.81,0.8102,0.81,0.81019
2026-06-25 21:00:00+00:00,0.81017,0.81022,0.80953,0.80982
2026-06-25 21:15:00+00:00,0.80987,0.80992,0.80965,0.80978
2026-06-25 21:30:00+00:00,0.80981,0.81005,0.80981,0.8099
2026-06-25 21:45:00+00:00,0.80989,0.8099,0.80965,0.80979
2026-06-25 22:00:00+00:00,0.80976,0.8101,0.80971,0.81009
2026-06-25 22:15:00+00:00,0.81006,0.81022,0.81005,0.81018
2026-06-25 22:30:00+00:00,0.81013,0.81022,0.81004,0.81015
2026-06-25 22:45:00+00:00,0.81015,0.81031,0.81011,0.81016
2026-06-25 23:00:00+00:00,0.81014,0.8105,0.81006,0.81049
2026-06-25 23:15:00+00:00,0.81047,0.81069,0.81041,0.81056
2026-06-25 23:30:00+00:00,0.81057,0.81082,0.81052,0.81073
2026-06-25 23:45:00+00:00,0.81073,0.81086,0.81058,0.81085
2026-06-26 00:00:00+00:00,0.81082,0.81084,0.81058,0.81081
2026-06-26 00:15:00+00:00,0.81077,0.81077,0.81053,0.81061
2026-06-26 00:30:00+00:00,0.81061,0.81061,0.81032,0.81037
2026-06-26 00:45:00+00:00,0.81038,0.8105,0.81016,0.81029
2026-06-26 01:00:00+00:00,0.81031,0.81039,0.81013,0.81023
2026-06-26 01:15:00+00:00,0.81018,0.81045,0.81014,0.81036
2026-06-26 01:30:00+00:00,0.81036,0.81087,0.81019,0.81077
2026-06-26 01:45:00+00:00,0.81077,0.81098,0.81074,0.81083
2026-06-26 02:00:00+00:00,0.81084,0.81086,0.81058,0.81075
2026-06-26 02:15:00+00:00,0.81077,0.81119,0.81066,0.81118
2026-06-26 02:30:00+00:00,0.81116,0.81116,0.81068,0.8107
2026-06-26 02:45:00+00:00,0.81074,0.81084,0.81067,0.81069
2026-06-26 03:00:00+00:00,0.81072,0.81072,0.81013,0.81025
2026-06-26 03:15:00+00:00,0.81019,0.81039,0.81012,0.81024
2026-06-26 03:30:00+00:00,0.81023,0.81032,0.80975,0.80976
2026-06-26 03:45:00+00:00,0.80979,0.80979,0.80936,0.80955
2026-06-26 04:00:00+00:00,0.80955,0.80967,0.80936,0.80937
2026-06-26 04:15:00+00:00,0.80938,0.80952,0.809,0.80901
2026-06-26 04:30:00+00:00,0.80903,0.80925,0.80896,0.80905
2026-06-26 04:45:00+00:00,0.8091,0.8091,0.80851,0.80859
2026-06-26 05:00:00+00:00,0.80861,0.80901,0.80857,0.80895
2026-06-26 05:15:00+00:00,0.80889,0.80901,0.80862,0.80882
2026-06-26 05:30:00+00:00,0.80879,0.80901,0.80859,0.80861
2026-06-26 05:45:00+00:00,0.80866,0.80899,0.80862,0.80875
2026-06-26 06:00:00+00:00,0.80873,0.80919,0.80872,0.80904
2026-06-26 06:15:00+00:00,0.80906,0.80929,0.80886,0.80889
2026-06-26 06:30:00+00:00,0.80895,0.80895,0.80855,0.80887
2026-06-26 06:45:00+00:00,0.80883,0.8093,0.80878,0.80893
2026-06-26 07:00:00+00:00,0.809,0.80951,0.80878,0.80881
2026-06-26 07:15:00+00:00,0.8088,0.80899,0.80865,0.8089
2026-06-26 07:30:00+00:00,0.8089,0.80906,0.80807,0.80825
2026-06-26 07:45:00+00:00,0.80824,0.80861,0.80818,0.80859
2026-06-26 08:00:00+00:00,0.80857,0.80898,0.80788,0.80815
2026-06-26 08:15:00+00:00,0.80811,0.80829,0.80801,0.80818
2026-06-26 08:30:00+00:00,0.80816,0.8083,0.80789,0.80817
2026-06-26 08:45:00+00:00,0.8082,0.80862,0.80784,0.80846
2026-06-26 09:00:00+00:00,0.80847,0.80886,0.80839,0.80879
2026-06-26 09:15:00+00:00,0.80878,0.80884,0.80845,0.80864
2026-06-26 09:30:00+00:00,0.80861,0.80872,0.8083,0.80852
2026-06-26 09:45:00+00:00,0.80849,0.80857,0.8077,0.80817
2026-06-26 10:00:00+00:00,0.80814,0.80851,0.8081,0.80829
2026-06-26 10:15:00+00:00,0.80832,0.80859,0.80819,0.80838
2026-06-26 10:30:00+00:00,0.80837,0.8084,0.80812,0.80837
2026-06-26 10:45:00+00:00,0.80836,0.80853,0.80822,0.80842
2026-06-26 11:00:00+00:00,0.80846,0.80863,0.80841,0.80858
2026-06-26 11:15:00+00:00,0.80853,0.8086,0.8083,0.80835
2026-06-26 11:30:00+00:00,0.80836,0.80881,0.8082,0.80877
2026-06-26 11:45:00+00:00,0.80867,0.80922,0.80867,0.8088
2026-06-26 12:00:00+00:00,0.80881,0.80882,0.80839,0.80859
2026-06-26 12:15:00+00:00,0.80854,0.80882,0.80832,0.80833
2026-06-26 12:30:00+00:00,0.80834,0.80856,0.80802,0.80808
2026-06-26 12:45:00+00:00,0.80806,0.80825,0.8072,0.80724
2026-06-26 13:00:00+00:00,0.8073,0.8074,0.80699,0.8072
2026-06-26 13:15:00+00:00,0.80719,0.808,0.80707,0.80722
2026-06-26 13:30:00+00:00,0.80721,0.80734,0.80706,0.8072
2026-06-26 13:45:00+00:00,0.80715,0.80754,0.80703,0.80707
2026-06-26 14:00:00+00:00,0.80713,0.80743,0.80682,0.80735
2026-06-26 14:15:00+00:00,0.80733,0.80762,0.80707,0.80761
2026-06-26 14:30:00+00:00,0.80759,0.80834,0.80751,0.80833
2026-06-26 14:45:00+00:00,0.8083,0.80919,0.80784,0.80912
2026-06-26 15:00:00+00:00,0.80908,0.80921,0.80842,0.80847
2026-06-26 15:15:00+00:00,0.80847,0.80854,0.80822,0.80838
2026-06-26 15:30:00+00:00,0.80836,0.80849,0.80807,0.8084
2026-06-26 15:45:00+00:00,0.80836,0.80878,0.80806,0.80823
2026-06-26 16:00:00+00:00,0.80824,0.80867,0.80819,0.80856
2026-06-26 16:15:00+00:00,0.80858,0.80931,0.80852,0.80926
2026-06-26 16:30:00+00:00,0.80923,0.80981,0.80918,0.80933
2026-06-26 16:45:00+00:00,0.80937,0.80948,0.80915,0.80946
2026-06-26 17:00:00+00:00,0.80942,0.80952,0.80923,0.80924
2026-06-26 17:15:00+00:00,0.80927,0.80954,0.80927,0.80951
2026-06-26 17:30:00+00:00,0.80947,0.80982,0.80947,0.8096
2026-06-26 17:45:00+00:00,0.80963,0.80977,0.80951,0.80976
2026-06-26 18:00:00+00:00,0.80972,0.80982,0.80936,0.80965
2026-06-26 18:15:00+00:00,0.8097,0.80985,0.80949,0.80951
2026-06-26 18:30:00+00:00,0.80955,0.80968,0.80935,0.8094
2026-06-26 18:45:00+00:00,0.80942,0.80974,0.80934,0.80961
2026-06-26 19:00:00+00:00,0.80956,0.8098,0.80949,0.80961
2026-06-26 19:15:00+00:00,0.80958,0.80989,0.80958,0.80982
2026-06-26 19:30:00+00:00,0.80982,0.8099,0.80965,0.80988
2026-06-26 19:45:00+00:00,0.80987,0.80988,0.80938,0.80952
2026-06-26 20:00:00+00:00,0.8095,0.80964,0.80941,0.80943
2026-06-26 20:15:00+00:00,0.80945,0.80948,0.80924,0.80933
2026-06-26 20:30:00+00:00,0.80933,0.80997,0.80917,0.80977
2026-06-26 20:45:00+00:00,0.80976,0.81015,0.80963,0.80994
2026-06-26 21:00:00+00:00,0.80997,0.81012,0.80943,0.8097
2026-06-26 21:15:00+00:00,0.80967,0.80972,0.8095,0.80964
2026-06-26 21:30:00+00:00,0.80965,0.80968,0.80951,0.80963
2026-06-26 21:45:00+00:00,0.80962,0.80968,0.80952,0.80957
2026-06-26 22:00:00+00:00,0.80955,0.80992,0.80855,0.80956
2026-06-26 22:15:00+00:00,0.80955,0.80958,0.80952,0.80952
2026-06-26 22:30:00+00:00,0.80954,0.80959,0.80951,0.80956
2026-06-26 22:45:00+00:00,0.80955,0.80959,0.80951,0.80955
2026-06-26 23:00:00+00:00,0.80953,0.80976,0.80865,0.80956
2026-06-26 23:15:00+00:00,0.80955,0.80958,0.80952,0.80952
2026-06-26 23:30:00+00:00,0.80954,0.80958,0.80951,0.80956
2026-06-26 23:45:00+00:00,0.80955,0.80959,0.80951,0.80955
2026-06-27 00:00:00+00:00,0.80953,0.80958,0.80943,0.80945
2026-06-27 00:15:00+00:00,0.80944,0.80949,0.80943,0.80944
2026-06-27 00:30:00+00:00,0.80944,0.80948,0.80943,0.80944
2026-06-27 00:45:00+00:00,0.80944,0.80949,0.80942,0.80945
2026-06-27 01:00:00+00:00,0.80944,0.80955,0.80936,0.80946
2026-06-27 01:15:00+00:00,0.80944,0.80948,0.80943,0.80944
2026-06-27 01:30:00+00:00,0.80944,0.80955,0.80943,0.80945
2026-06-27 01:45:00+00:00,0.80946,0.80948,0.80943,0.80945
2026-06-27 02:00:00+00:00,0.80944,0.80949,0.80943,0.80946
2026-06-27 02:15:00+00:00,0.80944,0.80948,0.80943,0.80944
2026-06-27 02:30:00+00:00,0.80944,0.80948,0.80943,0.80943
2026-06-27 02:45:00+00:00,0.80944,0.80948,0.80943,0.80945
2026-06-27 03:00:00+00:00,0.80944,0.80948,0.80943,0.80946
2026-06-27 03:15:00+00:00,0.80944,0.80955,0.80943,0.80945
2026-06-27 03:30:00+00:00,0.80944,0.80948,0.80943,0.80943
2026-06-27 03:45:00+00:00,0.80944,0.80949,0.80942,0.80944
2026-06-27 04:00:00+00:00,0.80944,0.80958,0.80943,0.80947
2026-06-27 04:15:00+00:00,0.80945,0.80948,0.80943,0.80945
2026-06-27 04:30:00+00:00,0.80944,0.80949,0.80943,0.80943
2026-06-27 04:45:00+00:00,0.80944,0.80948,0.80943,0.80944
2026-06-27 05:00:00+00:00,0.80944,0.80958,0.80943,0.80946
2026-06-27 05:15:00+00:00,0.80944,0.80949,0.80942,0.80946
2026-06-27 05:30:00+00:00,0.80944,0.8096,0.80937,0.80944
2026-06-27 05:45:00+00:00,0.80946,0.80966,0.80943,0.80944
2026-06-27 06:00:00+00:00,0.80944,0.80947,0.80943,0.80945
2026-06-27 06:15:00+00:00,0.80944,0.8095,0.80942,0.80946
2026-06-27 06:30:00+00:00,0.80944,0.80953,0.80943,0.80947
2026-06-27 06:45:00+00:00,0.80948,0.80948,0.80943,0.80944
2026-06-27 07:00:00+00:00,0.80944,0.80948,0.80943,0.80945
2026-06-27 07:15:00+00:00,0.80944,0.80948,0.80943,0.80946
2026-06-27 07:30:00+00:00,0.80944,0.80948,0.80943,0.80944
2026-06-27 07:45:00+00:00,0.80944,0.80951,0.80943,0.80947
2026-06-27 08:00:00+00:00,0.80947,0.8095,0.80945,0.80947
2026-06-27 08:15:00+00:00,0.80947,0.80954,0.80945,0.80948
2026-06-27 08:30:00+00:00,0.80947,0.8095,0.80945,0.80947
2026-06-27 08:45:00+00:00,0.80947,0.8095,0.80946,0.80946
2026-06-27 09:00:00+00:00,0.80947,0.80951,0.80945,0.80948
2026-06-27 09:15:00+00:00,0.80947,0.8095,0.80945,0.80948
2026-06-27 09:30:00+00:00,0.80947,0.80951,0.80945,0.80947
2026-06-27 09:45:00+00:00,0.80947,0.8095,0.80945,0.80946
2026-06-27 10:00:00+00:00,0.80947,0.80956,0.80945,0.80947
2026-06-27 10:15:00+00:00,0.80947,0.80956,0.80945,0.80949
2026-06-27 10:30:00+00:00,0.80949,0.80951,0.80945,0.80948
2026-06-27 10:45:00+00:00,0.80947,0.80954,0.80942,0.80946
2026-06-27 11:00:00+00:00,0.80947,0.80957,0.80945,0.80947
2026-06-27 11:15:00+00:00,0.80947,0.80954,0.80945,0.80948
2026-06-27 11:30:00+00:00,0.80947,0.80968,0.80931,0.80966
2026-06-27 11:45:00+00:00,0.80962,0.80966,0.80947,0.80947
2026-06-27 12:00:00+00:00,0.80947,0.80954,0.80945,0.80947
2026-06-27 12:15:00+00:00,0.80947,0.8095,0.80945,0.80948
2026-06-27 12:30:00+00:00,0.80947,0.80956,0.80945,0.80951
2026-06-27 12:45:00+00:00,0.80949,0.80956,0.80946,0.80955
2026-06-27 13:00:00+00:00,0.80953,0.80956,0.80948,0.80949
2026-06-27 13:15:00+00:00,0.80949,0.80969,0.80933,0.80964
2026-06-27 13:30:00+00:00,0.80962,0.80966,0.80961,0.80964
2026-06-27 13:45:00+00:00,0.80962,0.80969,0.80962,0.80967
2026-06-27 14:00:00+00:00,0.80965,0.80971,0.80955,0.80965
2026-06-27 14:15:00+00:00,0.80962,0.80966,0.80961,0.80964
2026-06-27 14:30:00+00:00,0.80962,0.80969,0.80961,0.80967
2026-06-27 14:45:00+00:00,0.80965,0.80969,0.80964,0.80966
2026-06-27 15:00:00+00:00,0.80965,0.80975,0.8096,0.80971
2026-06-27 15:15:00+00:00,0.80971,0.80975,0.8097,0.80974
2026-06-27 15:30:00+00:00,0.80972,0.80976,0.80971,0.80974
2026-06-27 15:45:00+00:00,0.80972,0.80981,0.80967,0.80979
2026-06-27 16:00:00+00:00,0.80978,0.80984,0.80947,0.80947
2026-06-27 16:15:00+00:00,0.80947,0.80955,0.80942,0.80948
2026-06-27 16:30:00+00:00,0.80947,0.8097,0.80946,0.80967
2026-06-27 16:45:00+00:00,0.80965,0.80969,0.80955,0.8096
2026-06-27 17:00:00+00:00,0.80958,0.80961,0.80943,0.8095
2026-06-27 17:15:00+00:00,0.80951,0.80955,0.80946,0.80947
2026-06-27 17:30:00+00:00,0.80947,0.80956,0.80943,0.80954
2026-06-27 17:45:00+00:00,0.80953,0.80956,0.80948,0.80953
2026-06-27 18:00:00+00:00,0.80948,0.80958,0.80941,0.80945
2026-06-27 18:15:00+00:00,0.80945,0.80968,0.80943,0.8096
2026-06-27 18:30:00+00:00,0.80961,0.80964,0.80959,0.80962
2026-06-27 18:45:00+00:00,0.80961,0.80968,0.80957,0.80966
2026-06-27 19:00:00+00:00,0.80964,0.80967,0.80947,0.80952
2026-06-27 19:15:00+00:00,0.80953,0.80961,0.80953,0.80957
2026-06-27 19:30:00+00:00,0.80957,0.80962,0.80952,0.80953
2026-06-27 19:45:00+00:00,0.80954,0.80958,0.8095,0.80953
2026-06-27 20:00:00+00:00,0.80951,0.80965,0.80937,0.80955
2026-06-27 20:15:00+00:00,0.80953,0.80962,0.80948,0.80953
2026-06-27 20:30:00+00:00,0.80954,0.80962,0.8095,0.80953
2026-06-27 20:45:00+00:00,0.80951,0.8096,0.8095,0.80958
2026-06-27 21:00:00+00:00,0.80957,0.80967,0.80941,0.80947
2026-06-27 21:15:00+00:00,0.80946,0.80956,0.80945,0.80952
2026-06-27 21:30:00+00:00,0.80952,0.80967,0.80946,0.80962
2026-06-27 21:45:00+00:00,0.80953,0.8097,0.80953,0.80963
2026-06-27 22:00:00+00:00,0.80961,0.80961,0.80934,0.80949
2026-06-27 22:15:00+00:00,0.80948,0.80952,0.80947,0.80947
2026-06-27 22:30:00+00:00,0.80948,0.80957,0.80946,0.80954
2026-06-27 22:45:00+00:00,0.80954,0.80957,0.80953,0.80956
2026-06-27 23:00:00+00:00,0.80954,0.80973,0.80939,0.80947
2026-06-27 23:15:00+00:00,0.80946,0.80969,0.80944,0.80961
2026-06-27 23:30:00+00:00,0.80961,0.80965,0.8096,0.80961
2026-06-27 23:45:00+00:00,0.80961,0.80968,0.8096,0.80966
2026-06-28 00:00:00+00:00,0.80964,0.80968,0.80963,0.80966
2026-06-28 00:15:00+00:00,0.80964,0.80971,0.80962,0.80967
2026-06-28 00:30:00+00:00,0.80966,0.80966,0.80948,0.80956
2026-06-28 00:45:00+00:00,0.80957,0.8096,0.80956,0.80958
2026-06-28 01:00:00+00:00,0.80957,0.80971,0.80955,0.80968
2026-06-28 01:15:00+00:00,0.80967,0.8097,0.80966,0.80967
2026-06-28 01:30:00+00:00,0.80967,0.80973,0.80966,0.80968
2026-06-28 01:45:00+00:00,0.80969,0.80974,0.80967,0.80972
2026-06-28 02:00:00+00:00,0.80971,0.80974,0.80969,0.80972
2026-06-28 02:15:00+00:00,0.80971,0.80974,0.80955,0.80959
2026-06-28 02:30:00+00:00,0.80958,0.80962,0.8095,0.80951
2026-06-28 02:45:00+00:00,0.80951,0.80969,0.80949,0.80966
2026-06-28 03:00:00+00:00,0.80964,0.8097,0.80963,0.80968
2026-06-28 03:15:00+00:00,0.80967,0.8097,0.80965,0.80967
2026-06-28 03:30:00+00:00,0.80967,0.80972,0.80964,0.80968
2026-06-28 03:45:00+00:00,0.80969,0.80972,0.80968,0.80969
2026-06-28 04:00:00+00:00,0.80969,0.8097,0.8096,0.80965
2026-06-28 04:15:00+00:00,0.80963,0.80974,0.80955,0.80971
2026-06-28 04:30:00+00:00,0.8097,0.80974,0.80969,0.80969
2026-06-28 04:45:00+00:00,0.8097,0.80975,0.80969,0.80971
2026-06-28 05:00:00+00:00,0.80971,0.80975,0.8097,0.80973
2026-06-28 05:15:00+00:00,0.80971,0.80976,0.80971,0.80974
2026-06-28 05:30:00+00:00,0.80973,0.80973,0.80959,0.80966
2026-06-28 05:45:00+00:00,0.80966,0.8097,0.80965,0.80966
2026-06-28 06:00:00+00:00,0.80966,0.80975,0.80961,0.80973
2026-06-28 06:15:00+00:00,0.80972,0.80975,0.8097,0.80973
2026-06-28 06:30:00+00:00,0.80972,0.80975,0.80968,0.80969
2026-06-28 06:45:00+00:00,0.80969,0.80974,0.80968,0.8097
2026-06-28 07:00:00+00:00,0.80971,0.80974,0.8097,0.80972
2026-06-28 07:15:00+00:00,0.80971,0.80976,0.8097,0.80974
2026-06-28 07:30:00+00:00,0.80972,0.80976,0.80958,0.80963
2026-06-28 07:45:00+00:00,0.80963,0.80974,0.80958,0.80969
2026-06-28 08:00:00+00:00,0.8097,0.80974,0.80969,0.80973
2026-06-28 08:15:00+00:00,0.80971,0.80975,0.8097,0.80973
2026-06-28 08:30:00+00:00,0.80971,0.80976,0.8097,0.80973
2026-06-28 08:45:00+00:00,0.80973,0.80976,0.80971,0.80972
2026-06-28 09:00:00+00:00,0.80973,0.80977,0.80971,0.80974
2026-06-28 09:15:00+00:00,0.80974,0.80977,0.80972,0.80976
2026-06-28 09:30:00+00:00,0.80974,0.80978,0.80973,0.80975
2026-06-28 09:45:00+00:00,0.80974,0.80978,0.80973,0.80974
2026-06-28 10:00:00+00:00,0.80975,0.80979,0.80974,0.80975
2026-06-28 10:15:00+00:00,0.80975,0.80979,0.80969,0.80973
2026-06-28 10:30:00+00:00,0.80971,0.80975,0.8097,0.80972
2026-06-28 10:45:00+00:00,0.80971,0.80975,0.80967,0.80968
2026-06-28 11:00:00+00:00,0.80968,0.80972,0.80967,0.80968
2026-06-28 11:15:00+00:00,0.80968,0.80969,0.80964,0.80967
2026-06-28 11:30:00+00:00,0.80966,0.80969,0.80963,0.80965
2026-06-28 11:45:00+00:00,0.80964,0.80967,0.80963,0.80964
2026-06-28 12:00:00+00:00,0.80964,0.80967,0.80961,0.80962
2026-06-28 12:15:00+00:00,0.80962,0.80966,0.80961,0.80964
2026-06-28 12:30:00+00:00,0.80962,0.80965,0.8096,0.80963
2026-06-28 12:45:00+00:00,0.80961,0.80965,0.80959,0.8096
2026-06-28 13:00:00+00:00,0.8096,0.80964,0.80959,0.80959
2026-06-28 13:15:00+00:00,0.8096,0.80963,0.80958,0.8096
2026-06-28 13:30:00+00:00,0.80959,0.80959,0.80952,0.80956
2026-06-28 13:45:00+00:00,0.80954,0.80958,0.80953,0.80955
2026-06-28 14:00:00+00:00,0.80955,0.80975,0.80953,0.80965
2026-06-28 14:15:00+00:00,0.80966,0.80969,0.80964,0.80966
2026-06-28 14:30:00+00:00,0.80966,0.80966,0.80949,0.80952
2026-06-28 14:45:00+00:00,0.8095,0.80958,0.80947,0.80955
2026-06-28 15:00:00+00:00,0.80954,0.80961,0.80954,0.80956
2026-06-28 15:15:00+00:00,0.80957,0.80961,0.80956,0.80957
2026-06-28 15:30:00+00:00,0.80957,0.80958,0.80951,0.80955
2026-06-28 15:45:00+00:00,0.80953,0.80957,0.80952,0.80955
2026-06-28 16:00:00+00:00,0.80954,0.80956,0.80939,0.80943
2026-06-28 16:15:00+00:00,0.80944,0.8095,0.80943,0.80946
2026-06-28 16:30:00+00:00,0.80946,0.8095,0.80945,0.80949
2026-06-28 16:45:00+00:00,0.80948,0.8095,0.80945,0.80948
2026-06-28 17:00:00+00:00,0.80947,0.80965,0.80946,0.80946
2026-06-28 17:15:00+00:00,0.80947,0.8095,0.80945,0.80946
2026-06-28 17:30:00+00:00,0.80947,0.8095,0.80945,0.80948
2026-06-28 17:45:00+00:00,0.80947,0.80951,0.80945,0.80949
2026-06-28 18:00:00+00:00,0.80948,0.80972,0.80937,0.8097
2026-06-28 18:15:00+00:00,0.8097,0.80974,0.80967,0.8097
2026-06-28 18:30:00+00:00,0.8097,0.80978,0.80945,0.80948
2026-06-28 18:45:00+00:00,0.80947,0.81048,0.80892,0.81039
2026-06-28 19:00:00+00:00,0.81026,0.81026,0.80887,0.80912
2026-06-28 19:15:00+00:00,0.80923,0.80923,0.80896,0.80915
2026-06-28 19:30:00+00:00,0.80913,0.80914,0.8088,0.80885
2026-06-28 19:45:00+00:00,0.80887,0.80936,0.80887,0.80901
2026-06-28 20:00:00+00:00,0.80899,0.80924,0.80876,0.80913
2026-06-28 20:15:00+00:00,0.80911,0.80933,0.80889,0.80892
2026-06-28 20:30:00+00:00,0.80893,0.81015,0.80867,0.8088
2026-06-28 20:45:00+00:00,0.80902,0.81062,0.80902,0.81031
2026-06-28 21:00:00+00:00,0.81028,0.8103,0.81005,0.81027
2026-06-28 21:15:00+00:00,0.81026,0.81028,0.81019,0.81022
2026-06-28 21:30:00+00:00,0.81022,0.81027,0.81017,0.81021
2026-06-28 21:45:00+00:00,0.81021,0.81028,0.81013,0.81027
2026-06-28 22:00:00+00:00,0.81026,0.81026,0.81003,0.81022
2026-06-28 22:15:00+00:00,0.81013,0.81039,0.81013,0.81027
2026-06-28 22:30:00+00:00,0.81028,0.81031,0.8101,0.81021
2026-06-28 22:45:00+00:00,0.81019,0.81019,0.81004,0.81015
2026-06-28 23:00:00+00:00,0.81013,0.81014,0.81003,0.81009
2026-06-28 23:15:00+00:00,0.81007,0.81018,0.81006,0.81017
2026-06-28 23:30:00+00:00,0.81014,0.8103,0.81011,0.81018
2026-06-28 23:45:00+00:00,0.81018,0.81022,0.81004,0.81007
2026-06-29 00:00:00+00:00,0.81006,0.81023,0.80972,0.80984
2026-06-29 00:15:00+00:00,0.80978,0.81007,0.80978,0.81006
2026-06-29 00:30:00+00:00,0.81003,0.81017,0.80982,0.80991
2026-06-29 00:45:00+00:00,0.80988,0.81015,0.80975,0.80981
2026-06-29 01:00:00+00:00,0.80979,0.8101,0.80973,0.80999
2026-06-29 01:15:00+00:00,0.81,0.81012,0.8098,0.80987
2026-06-29 01:30:00+00:00,0.80986,0.80994,0.80963,0.80975
2026-06-29 01:45:00+00:00,0.8097,0.81011,0.8097,0.81011
2026-06-29 02:00:00+00:00,0.81009,0.81011,0.80985,0.80989
2026-06-29 02:15:00+00:00,0.80987,0.80994,0.80943,0.80944
2026-06-29 02:30:00+00:00,0.80946,0.8097,0.80941,0.80964
2026-06-29 02:45:00+00:00,0.80964,0.80977,0.80956,0.80976
2026-06-29 03:00:00+00:00,0.80973,0.80976,0.8095,0.80951
2026-06-29 03:15:00+00:00,0.80951,0.80972,0.80947,0.80965
2026-06-29 03:30:00+00:00,0.80964,0.80976,0.80958,0.80973
2026-06-29 03:45:00+00:00,0.80969,0.81001,0.80969,0.80998
2026-06-29 04:00:00+00:00,0.80993,0.81018,0.80989,0.81
2026-06-29 04:15:00+00:00,0.80998,0.81013,0.80994,0.80995
2026-06-29 04:30:00+00:00,0.80995,0.81001,0.80983,0.81001
2026-06-29 04:45:00+00:00,0.81,0.81011,0.80988,0.81006
2026-06-29 05:00:00+00:00,0.81006,0.81007,0.80967,0.80982
2026-06-29 05:15:00+00:00,0.80979,0.80988,0.80972,0.80977
2026-06-29 05:30:00+00:00,0.80976,0.80976,0.80947,0.80953
2026-06-29 05:45:00+00:00,0.80954,0.8096,0.80927,0.80928
2026-06-29 06:00:00+00:00,0.80929,0.80948,0.80928,0.80933
2026-06-29 06:15:00+00:00,0.80933,0.80954,0.80933,0.8095
2026-06-29 06:30:00+00:00,0.80949,0.80949,0.80898,0.80917
2026-06-29 06:45:00+00:00,0.80916,0.80918,0.80851,0.80852
2026-06-29 07:00:00+00:00,0.80854,0.8089,0.80851,0.80889
2026-06-29 07:15:00+00:00,0.80886,0.80901,0.80857,0.8089
2026-06-29 07:30:00+00:00,0.80891,0.80891,0.8085,0.80866
2026-06-29 07:45:00+00:00,0.80859,0.80904,0.80859,0.80897
2026-06-29 08:00:00+00:00,0.80894,0.80909,0.80855,0.80879
2026-06-29 08:15:00+00:00,0.80881,0.80934,0.80878,0.80919
2026-06-29 08:30:00+00:00,0.80917,0.80918,0.80883,0.80915
2026-06-29 08:45:00+00:00,0.80912,0.80932,0.80905,0.80906
2026-06-29 09:00:00+00:00,0.80909,0.80911,0.80872,0.80874
2026-06-29 09:15:00+00:00,0.80874,0.80889,0.80846,0.80858
2026-06-29 09:30:00+00:00,0.80856,0.80914,0.80844,0.80912
2026-06-29 09:45:00+00:00,0.80906,0.80918,0.80877,0.80878
2026-06-29 10:00:00+00:00,0.80879,0.80879,0.80843,0.80845
2026-06-29 10:15:00+00:00,0.8085,0.8089,0.8085,0.80877
2026-06-29 10:30:00+00:00,0.80876,0.80881,0.80854,0.80859
2026-06-29 10:45:00+00:00,0.80856,0.80876,0.80828,0.80831
2026-06-29 11:00:00+00:00,0.80833,0.80838,0.80813,0.80836
2026-06-29 11:15:00+00:00,0.80831,0.80863,0.80831,0.80856
2026-06-29 11:30:00+00:00,0.80855,0.80872,0.80826,0.8087
2026-06-29 11:45:00+00:00,0.80863,0.80893,0.80802,0.80816
2026-06-29 12:00:00+00:00,0.80814,0.80856,0.80814,0.80853
2026-06-29 12:15:00+00:00,0.80853,0.80883,0.80846,0.80879
2026-06-29 12:30:00+00:00,0.80879,0.80893,0.80854,0.80887
2026-06-29 12:45:00+00:00,0.80886,0.80901,0.80878,0.80891
2026-06-29 13:00:00+00:00,0.80894,0.80894,0.80863,0.80866
2026-06-29 13:15:00+00:00,0.8087,0.80893,0.80847,0.80849
2026-06-29 13:30:00+00:00,0.80853,0.80867,0.80824,0.80866
2026-06-29 13:45:00+00:00,0.80862,0.80862,0.80818,0.80827
2026-06-29 14:00:00+00:00,0.80826,0.8085,0.80813,0.80847
2026-06-29 14:15:00+00:00,0.80842,0.80899,0.8079,0.80817
2026-06-29 14:30:00+00:00,0.80808,0.80831,0.80786,0.80824
2026-06-29 14:45:00+00:00,0.80804,0.80873,0.80804,0.80851
2026-06-29 15:00:00+00:00,0.80849,0.80876,0.80848,0.80868
2026-06-29 15:15:00+00:00,0.80868,0.8087,0.80831,0.80834
2026-06-29 15:30:00+00:00,0.80833,0.80855,0.80821,0.80846
2026-06-29 15:45:00+00:00,0.80844,0.80845,0.808,0.80822
2026-06-29 16:00:00+00:00,0.80821,0.80822,0.80783,0.80787
2026-06-29 16:15:00+00:00,0.8079,0.80814,0.8079,0.80803
2026-06-29 16:30:00+00:00,0.80804,0.80808,0.80777,0.80779
2026-06-29 16:45:00+00:00,0.80781,0.80783,0.80749,0.80781
2026-06-29 17:00:00+00:00,0.80776,0.80781,0.80764,0.80764
2026-06-29 17:15:00+00:00,0.80765,0.80804,0.80759,0.80798
2026-06-29 17:30:00+00:00,0.80796,0.80803,0.80772,0.80784
2026-06-29 17:45:00+00:00,0.80782,0.80788,0.8074,0.80741
2026-06-29 18:00:00+00:00,0.80742,0.80755,0.80728,0.80732
2026-06-29 18:15:00+00:00,0.80733,0.80744,0.80727,0.80742
2026-06-29 18:30:00+00:00,0.8074,0.80747,0.80733,0.80742
2026-06-29 18:45:00+00:00,0.80742,0.80764,0.80723,0.80753
2026-06-29 19:00:00+00:00,0.80756,0.80773,0.80739,0.80772
2026-06-29 19:15:00+00:00,0.80771,0.80773,0.80732,0.80732
2026-06-29 19:30:00+00:00,0.80733,0.80744,0.80724,0.80737
2026-06-29 19:45:00+00:00,0.80735,0.80746,0.8073,0.80745
2026-06-29 20:00:00+00:00,0.80742,0.80746,0.80722,0.80729
2026-06-29 20:15:00+00:00,0.80728,0.80737,0.80724,0.80732
2026-06-29 20:30:00+00:00,0.80729,0.80762,0.80729,0.80756
2026-06-29 20:45:00+00:00,0.80757,0.80764,0.80752,0.80759
2026-06-29 21:00:00+00:00,0.80758,0.80826,0.80747,0.80779
2026-06-29 21:15:00+00:00,0.80777,0.80781,0.80753,0.80753
2026-06-29 21:30:00+00:00,0.80754,0.80769,0.80751,0.80761
2026-06-29 21:45:00+00:00,0.80762,0.80771,0.80755,0.80757
2026-06-29 22:00:00+00:00,0.80758,0.80771,0.80738,0.80744
2026-06-29 22:15:00+00:00,0.80746,0.80758,0.80735,0.80747
2026-06-29 22:30:00+00:00,0.80747,0.80758,0.8074,0.80755
2026-06-29 22:45:00+00:00,0.80752,0.80755,0.80738,0.80742
2026-06-29 23:00:00+00:00,0.80739,0.80749,0.80735,0.8074
2026-06-29 23:15:00+00:00,0.80738,0.80754,0.80738,0.80752
2026-06-29 23:30:00+00:00,0.80748,0.80762,0.80744,0.80755
2026-06-29 23:45:00+00:00,0.80756,0.80782,0.80755,0.80782
2026-06-30 00:00:00+00:00,0.80779,0.80795,0.80769,0.80789
2026-06-30 00:15:00+00:00,0.80787,0.80802,0.80785,0.80795
2026-06-30 00:30:00+00:00,0.80796,0.80802,0.80774,0.80798
2026-06-30 00:45:00+00:00,0.80795,0.80833,0.80781,0.80784
2026-06-30 01:00:00+00:00,0.80787,0.80867,0.80787,0.80866
2026-06-30 01:15:00+00:00,0.80863,0.8088,0.80806,0.80807
2026-06-30 01:30:00+00:00,0.80809,0.80869,0.8079,0.80864
2026-06-30 01:45:00+00:00,0.80857,0.80887,0.80855,0.80885
2026-06-30 02:00:00+00:00,0.8088,0.80889,0.80853,0.80881
2026-06-30 02:15:00+00:00,0.80879,0.80891,0.80864,0.8089
2026-06-30 02:30:00+00:00,0.80888,0.80889,0.80862,0.80877
2026-06-30 02:45:00+00:00,0.80875,0.80901,0.80874,0.80886
2026-06-30 03:00:00+00:00,0.80888,0.80891,0.80867,0.80887
2026-06-30 03:15:00+00:00,0.80885,0.80905,0.80882,0.8089
2026-06-30 03:30:00+00:00,0.8089,0.80928,0.8089,0.80927
2026-06-30 03:45:00+00:00,0.80925,0.80927,0.80907,0.80913
2026-06-30 04:00:00+00:00,0.80914,0.80922,0.80914,0.8092
2026-06-30 04:15:00+00:00,0.80918,0.80939,0.80909,0.80935
2026-06-30 04:30:00+00:00,0.80934,0.8094,0.80922,0.80931
2026-06-30 04:45:00+00:00,0.8093,0.80969,0.80915,0.80965
2026-06-30 05:00:00+00:00,0.80959,0.80991,0.80953,0.80955
2026-06-30 05:15:00+00:00,0.80957,0.80964,0.80941,0.80957
2026-06-30 05:30:00+00:00,0.80955,0.80962,0.80952,0.80961
2026-06-30 05:45:00+00:00,0.80958,0.81012,0.80954,0.80999
2026-06-30 06:00:00+00:00,0.81004,0.81013,0.80973,0.80975
2026-06-30 06:15:00+00:00,0.80978,0.80982,0.80918,0.80925
2026-06-30 06:30:00+00:00,0.80924,0.8095,0.80916,0.80929
2026-06-30 06:45:00+00:00,0.80924,0.80959,0.80868,0.80869
2026-06-30 07:00:00+00:00,0.80871,0.80883,0.80848,0.80856
2026-06-30 07:15:00+00:00,0.80855,0.80857,0.80836,0.80855
2026-06-30 07:30:00+00:00,0.80852,0.80897,0.80837,0.80878
2026-06-30 07:45:00+00:00,0.80881,0.8095,0.80874,0.80929
2026-06-30 08:00:00+00:00,0.80933,0.80998,0.80922,0.8095
2026-06-30 08:15:00+00:00,0.80954,0.80972,0.80931,0.80936
2026-06-30 08:30:00+00:00,0.80934,0.80977,0.80923,0.80967
2026-06-30 08:45:00+00:00,0.80966,0.80991,0.80944,0.80956
2026-06-30 09:00:00+00:00,0.80953,0.80981,0.80928,0.80946
2026-06-30 09:15:00+00:00,0.80938,0.81003,0.80938,0.80983
2026-06-30 09:30:00+00:00,0.80976,0.81014,0.80965,0.80977
2026-06-30 09:45:00+00:00,0.8097,0.80985,0.80952,0.8096
2026-06-30 10:00:00+00:00,0.80959,0.80977,0.80951,0.80965
2026-06-30 10:15:00+00:00,0.80962,0.80962,0.80928,0.80939
2026-06-30 10:30:00+00:00,0.80937,0.80961,0.80906,0.80911
2026-06-30 10:45:00+00:00,0.80922,0.80925,0.80886,0.80889
2026-06-30 11:00:00+00:00,0.80892,0.80908,0.80874,0.80905
2026-06-30 11:15:00+00:00,0.809,0.80929,0.80888,0.80917
2026-06-30 11:30:00+00:00,0.80918,0.80979,0.80917,0.80935
2026-06-30 11:45:00+00:00,0.8094,0.80955,0.8093,0.80952
2026-06-30 12:00:00+00:00,0.80947,0.80975,0.80943,0.80946
2026-06-30 12:15:00+00:00,0.8095,0.80967,0.80932,0.80956
2026-06-30 12:30:00+00:00,0.80955,0.80961,0.80896,0.80899
2026-06-30 12:45:00+00:00,0.80905,0.80925,0.80866,0.80913
2026-06-30 13:00:00+00:00,0.80905,0.80946,0.80894,0.80904
2026-06-30 13:15:00+00:00,0.80902,0.80908,0.80854,0.80894
2026-06-30 13:30:00+00:00,0.80892,0.80912,0.80878,0.80899
2026-06-30 13:45:00+00:00,0.80893,0.80904,0.80873,0.80896
2026-06-30 14:00:00+00:00,0.80899,0.80968,0.80867,0.80899
2026-06-30 14:15:00+00:00,0.80898,0.80922,0.80837,0.8085
2026-06-30 14:30:00+00:00,0.80853,0.80864,0.80768,0.80782
2026-06-30 14:45:00+00:00,0.80813,0.80813,0.80639,0.80649
2026-06-30 15:00:00+00:00,0.80658,0.80741,0.80645,0.80739
2026-06-30 15:15:00+00:00,0.80735,0.80805,0.80729,0.80798
2026-06-30 15:30:00+00:00,0.80792,0.80823,0.80779,0.80814
2026-06-30 15:45:00+00:00,0.80815,0.80839,0.80799,0.80837
2026-06-30 16:00:00+00:00,0.80831,0.80872,0.80829,0.80853
2026-06-30 16:15:00+00:00,0.80851,0.80875,0.80841,0.80863
2026-06-30 16:30:00+00:00,0.80861,0.80861,0.80836,0.80848
2026-06-30 16:45:00+00:00,0.80837,0.80882,0.80837,0.80876
2026-06-30 17:00:00+00:00,0.80875,0.80875,0.80834,0.80861
2026-06-30 17:15:00+00:00,0.80861,0.80873,0.80828,0.8084
2026-06-30 17:30:00+00:00,0.80838,0.80839,0.80815,0.80824
2026-06-30 17:45:00+00:00,0.80826,0.80826,0.80796,0.80814
2026-06-30 18:00:00+00:00,0.80812,0.80818,0.80769,0.80771
2026-06-30 18:15:00+00:00,0.80774,0.80798,0.80763,0.80785
2026-06-30 18:30:00+00:00,0.80784,0.80821,0.80779,0.80819
2026-06-30 18:45:00+00:00,0.80818,0.80826,0.80779,0.80811
2026-06-30 19:00:00+00:00,0.80812,0.80832,0.80809,0.80819
2026-06-30 19:15:00+00:00,0.80819,0.80861,0.80814,0.80843
2026-06-30 19:30:00+00:00,0.80851,0.80863,0.80835,0.80843
2026-06-30 19:45:00+00:00,0.80843,0.80872,0.80799,0.80804
2026-06-30 20:00:00+00:00,0.80812,0.80814,0.80794,0.80809
2026-06-30 20:15:00+00:00,0.80809,0.80818,0.80797,0.80806
2026-06-30 20:30:00+00:00,0.80807,0.80819,0.80804,0.8081
2026-06-30 20:45:00+00:00,0.8081,0.80844,0.80808,0.80842
2026-06-30 21:00:00+00:00,0.8084,0.80846,0.80796,0.80812
2026-06-30 21:15:00+00:00,0.80808,0.80833,0.80801,0.80827
2026-06-30 21:30:00+00:00,0.80825,0.80828,0.80792,0.80807
2026-06-30 21:45:00+00:00,0.80808,0.80833,0.80797,0.80798
2026-06-30 22:00:00+00:00,0.80799,0.80837,0.80772,0.80828
2026-06-30 22:15:00+00:00,0.80827,0.80832,0.80823,0.80826
2026-06-30 22:30:00+00:00,0.80827,0.80838,0.80827,0.80836
2026-06-30 22:45:00+00:00,0.80835,0.80847,0.80831,0.80842
2026-06-30 23:00:00+00:00,0.80842,0.80848,0.80825,0.8083
2026-06-30 23:15:00+00:00,0.80829,0.80851,0.80827,0.80849
2026-06-30 23:30:00+00:00,0.80845,0.80854,0.80831,0.80848
2026-06-30 23:45:00+00:00,0.80848,0.8088,0.80847,0.8088
2026-07-01 00:00:00+00:00,0.8088,0.80883,0.80869,0.80879
2026-07-01 00:15:00+00:00,0.80877,0.80903,0.80866,0.80868
2026-07-01 00:30:00+00:00,0.80869,0.80904,0.80867,0.80902
2026-07-01 00:45:00+00:00,0.80899,0.80908,0.80888,0.80894
2026-07-01 01:00:00+00:00,0.80893,0.80938,0.80889,0.80937
2026-07-01 01:15:00+00:00,0.80932,0.80937,0.80916,0.80923
2026-07-01 01:30:00+00:00,0.80922,0.80929,0.80917,0.80919
2026-07-01 01:45:00+00:00,0.80919,0.80948,0.80905,0.80927
2026-07-01 02:00:00+00:00,0.80926,0.8094,0.80913,0.8093
2026-07-01 02:15:00+00:00,0.8093,0.8093,0.80903,0.80922
2026-07-01 02:30:00+00:00,0.80919,0.8094,0.80916,0.80917
2026-07-01 02:45:00+00:00,0.80917,0.80937,0.80913,0.80936
2026-07-01 03:00:00+00:00,0.80935,0.80935,0.80904,0.80912
2026-07-01 03:15:00+00:00,0.80908,0.80944,0.80908,0.80943
2026-07-01 03:30:00+00:00,0.80941,0.80969,0.80938,0.80962
2026-07-01 03:45:00+00:00,0.80958,0.80964,0.80945,0.80946
2026-07-01 04:00:00+00:00,0.80947,0.80967,0.80944,0.80959
2026-07-01 04:15:00+00:00,0.8096,0.8096,0.80937,0.80938
2026-07-01 04:30:00+00:00,0.80938,0.80942,0.80905,0.8091
2026-07-01 04:45:00+00:00,0.80911,0.80918,0.80898,0.8091
2026-07-01 05:00:00+00:00,0.80906,0.80918,0.80901,0.80909
2026-07-01 05:15:00+00:00,0.80907,0.80915,0.80894,0.80895
2026-07-01 05:30:00+00:00,0.80895,0.80911,0.80892,0.80896
2026-07-01 05:45:00+00:00,0.80897,0.80936,0.80894,0.80917
2026-07-01 06:00:00+00:00,0.80921,0.80952,0.80903,0.80948
2026-07-01 06:15:00+00:00,0.80939,0.80967,0.80928,0.8094
2026-07-01 06:30:00+00:00,0.80938,0.80961,0.80934,0.8096
2026-07-01 06:45:00+00:00,0.80958,0.80961,0.80933,0.80947
2026-07-01 07:00:00+00:00,0.80949,0.80987,0.80935,0.80985
2026-07-01 07:15:00+00:00,0.8098,0.81019,0.8098,0.81014
2026-07-01 07:30:00+00:00,0.81,0.81035,0.80958,0.80982
2026-07-01 07:45:00+00:00,0.8098,0.80996,0.80946,0.80948
2026-07-01 08:00:00+00:00,0.80954,0.81007,0.80954,0.81005
2026-07-01 08:15:00+00:00,0.81,0.81018,0.80976,0.81
2026-07-01 08:30:00+00:00,0.80999,0.81019,0.80971,0.80973
2026-07-01 08:45:00+00:00,0.80975,0.80998,0.80952,0.80984
2026-07-01 09:00:00+00:00,0.80977,0.80999,0.80963,0.80976
2026-07-01 09:15:00+00:00,0.80975,0.81004,0.80966,0.81002
2026-07-01 09:30:00+00:00,0.81,0.81031,0.80995,0.8101
2026-07-01 09:45:00+00:00,0.81017,0.81053,0.81003,0.81046
2026-07-01 10:00:00+00:00,0.81041,0.81053,0.81032,0.81038
2026-07-01 10:15:00+00:00,0.81039,0.81043,0.81,0.81005
2026-07-01 10:30:00+00:00,0.81013,0.81013,0.80974,0.80989
2026-07-01 10:45:00+00:00,0.80983,0.80995,0.80956,0.80959
2026-07-01 11:00:00+00:00,0.80961,0.81002,0.80961,0.81
2026-07-01 11:15:00+00:00,0.80996,0.81018,0.80993,0.8101
2026-07-01 11:30:00+00:00,0.81008,0.81044,0.81001,0.81042
2026-07-01 11:45:00+00:00,0.81041,0.81088,0.81038,0.81085
2026-07-01 12:00:00+00:00,0.81079,0.8113,0.81072,0.81121
2026-07-01 12:15:00+00:00,0.81122,0.81123,0.81068,0.81082
2026-07-01 12:30:00+00:00,0.81081,0.81175,0.81073,0.81172
2026-07-01 12:45:00+00:00,0.81167,0.81167,0.81142,0.81147
2026-07-01 13:00:00+00:00,0.81148,0.81203,0.81128,0.81199
2026-07-01 13:15:00+00:00,0.81192,0.81199,0.81055,0.8106
2026-07-01 13:30:00+00:00,0.81069,0.81069,0.80947,0.80956
2026-07-01 13:45:00+00:00,0.80974,0.80974,0.80867,0.80939
2026-07-01 14:00:00+00:00,0.80928,0.80959,0.80812,0.80844
2026-07-01 14:15:00+00:00,0.80842,0.80898,0.80835,0.80895
2026-07-01 14:30:00+00:00,0.8089,0.80901,0.80808,0.8082
2026-07-01 14:45:00+00:00,0.80821,0.80894,0.80814,0.80848
2026-07-01 15:00:00+00:00,0.80854,0.80885,0.80828,0.8086
2026-07-01 15:15:00+00:00,0.80864,0.8088,0.80827,0.80837
2026-07-01 15:30:00+00:00,0.80835,0.80911,0.80815,0.809
2026-07-01 15:45:00+00:00,0.809,0.80911,0.80854,0.8086
2026-07-01 16:00:00+00:00,0.80857,0.80863,0.80787,0.80795
2026-07-01 16:15:00+00:00,0.80797,0.80845,0.80797,0.808
2026-07-01 16:30:00+00:00,0.80807,0.80872,0.80807,0.80864
2026-07-01 16:45:00+00:00,0.80862,0.80877,0.80842,0.80858
2026-07-01 17:00:00+00:00,0.8086,0.80886,0.80849,0.80881
2026-07-01 17:15:00+00:00,0.80878,0.80893,0.80864,0.80864
2026-07-01 17:30:00+00:00,0.80865,0.80901,0.80861,0.80898
2026-07-01 17:45:00+00:00,0.8089,0.8091,0.80863,0.80889
2026-07-01 18:00:00+00:00,0.80885,0.80914,0.80877,0.80913
2026-07-01 18:15:00+00:00,0.80912,0.80951,0.80906,0.80939
2026-07-01 18:30:00+00:00,0.8094,0.80941,0.8092,0.80934
2026-07-01 18:45:00+00:00,0.80932,0.80935,0.80914,0.80916
2026-07-01 19:00:00+00:00,0.80917,0.8092,0.80905,0.80919
2026-07-01 19:15:00+00:00,0.80917,0.80941,0.80917,0.80934
2026-07-01 19:30:00+00:00,0.80935,0.80935,0.80916,0.80924
2026-07-01 19:45:00+00:00,0.80924,0.80942,0.80909,0.80934
2026-07-01 20:00:00+00:00,0.80935,0.80947,0.80927,0.80946
2026-07-01 20:15:00+00:00,0.80945,0.80955,0.80944,0.80947
2026-07-01 20:30:00+00:00,0.80948,0.80967,0.80944,0.80961
2026-07-01 20:45:00+00:00,0.80962,0.80982,0.80951,0.80952
2026-07-01 21:00:00+00:00,0.80953,0.80984,0.80897,0.80973
2026-07-01 21:15:00+00:00,0.80964,0.80983,0.80885,0.80917
2026-07-01 21:30:00+00:00,0.80916,0.80935,0.80909,0.8092
2026-07-01 21:45:00+00:00,0.80919,0.80949,0.80908,0.80925
2026-07-01 22:00:00+00:00,0.80925,0.8096,0.80922,0.80948
2026-07-01 22:15:00+00:00,0.80947,0.80949,0.80934,0.80935
2026-07-01 22:30:00+00:00,0.80935,0.8094,0.80931,0.80933
2026-07-01 22:45:00+00:00,0.80934,0.80939,0.80924,0.80934
2026-07-01 23:00:00+00:00,0.80933,0.8095,0.80925,0.80941
2026-07-01 23:15:00+00:00,0.80939,0.80944,0.80926,0.80933
2026-07-01 23:30:00+00:00,0.80931,0.80936,0.80928,0.80929
2026-07-01 23:45:00+00:00,0.80931,0.80935,0.80916,0.80925
2026-07-02 00:00:00+00:00,0.80923,0.8094,0.80883,0.80907
2026-07-02 00:15:00+00:00,0.80901,0.8096,0.80901,0.80959
2026-07-02 00:30:00+00:00,0.80957,0.80976,0.80945,0.80948
2026-07-02 00:45:00+00:00,0.80949,0.80955,0.80917,0.8094
2026-07-02 01:00:00+00:00,0.80941,0.80945,0.80915,0.80931
2026-07-02 01:15:00+00:00,0.80927,0.80939,0.80917,0.80937
2026-07-02 01:30:00+00:00,0.80936,0.80944,0.809,0.80903
2026-07-02 01:45:00+00:00,0.80903,0.80913,0.80871,0.80911
2026-07-02 02:00:00+00:00,0.80907,0.80912,0.80873,0.80876
2026-07-02 02:15:00+00:00,0.80882,0.80882,0.80849,0.80879
2026-07-02 02:30:00+00:00,0.80877,0.80884,0.80866,0.80878
2026-07-02 02:45:00+00:00,0.80879,0.809,0.80872,0.80892
2026-07-02 03:00:00+00:00,0.80893,0.80925,0.80885,0.80924
2026-07-02 03:15:00+00:00,0.80923,0.8093,0.80908,0.80913
2026-07-02 03:30:00+00:00,0.80918,0.80918,0.80897,0.80898
2026-07-02 03:45:00+00:00,0.80901,0.80915,0.80887,0.80888
2026-07-02 04:00:00+00:00,0.80889,0.80892,0.80849,0.80872
2026-07-02 04:15:00+00:00,0.80871,0.80893,0.80866,0.80878
2026-07-02 04:30:00+00:00,0.80877,0.80886,0.80868,0.80882
2026-07-02 04:45:00+00:00,0.80882,0.80884,0.8086,0.80875
2026-07-02 05:00:00+00:00,0.80873,0.80875,0.80854,0.80866
2026-07-02 05:15:00+00:00,0.80864,0.80879,0.80862,0.8087
2026-07-02 05:30:00+00:00,0.8087,0.80889,0.8087,0.80876
2026-07-02 05:45:00+00:00,0.80873,0.80888,0.80869,0.80875
2026-07-02 06:00:00+00:00,0.80876,0.80887,0.80808,0.80827
2026-07-02 06:15:00+00:00,0.80829,0.80856,0.80818,0.80854
2026-07-02 06:30:00+00:00,0.80847,0.80867,0.80847,0.80862
2026-07-02 06:45:00+00:00,0.80861,0.80861,0.80763,0.80801
2026-07-02 07:00:00+00:00,0.80798,0.80833,0.80784,0.80806
2026-07-02 07:15:00+00:00,0.808,0.8081,0.80768,0.80783
2026-07-02 07:30:00+00:00,0.80779,0.80797,0.80712,0.80713
2026-07-02 07:45:00+00:00,0.80714,0.80747,0.80666,0.80667
2026-07-02 08:00:00+00:00,0.80671,0.80679,0.80524,0.80529
2026-07-02 08:15:00+00:00,0.80529,0.80533,0.80448,0.80508
2026-07-02 08:30:00+00:00,0.8051,0.80535,0.80482,0.80492
2026-07-02 08:45:00+00:00,0.80494,0.80517,0.80436,0.80443
2026-07-02 09:00:00+00:00,0.80453,0.80519,0.80412,0.80518
2026-07-02 09:15:00+00:00,0.80515,0.80534,0.80491,0.80534
2026-07-02 09:30:00+00:00,0.80531,0.80545,0.80494,0.80504
2026-07-02 09:45:00+00:00,0.80501,0.80525,0.80484,0.80512
2026-07-02 10:00:00+00:00,0.80508,0.80538,0.80508,0.80527
2026-07-02 10:15:00+00:00,0.80524,0.80597,0.80524,0.80587
2026-07-02 10:30:00+00:00,0.80592,0.80614,0.80583,0.80608
2026-07-02 10:45:00+00:00,0.80602,0.80614,0.80572,0.80574
2026-07-02 11:00:00+00:00,0.80578,0.8062,0.80559,0.80582
2026-07-02 11:15:00+00:00,0.80593,0.80612,0.80575,0.80579
2026-07-02 11:30:00+00:00,0.80575,0.80637,0.80562,0.80635
2026-07-02 11:45:00+00:00,0.8063,0.80677,0.8063,0.80674
2026-07-02 12:00:00+00:00,0.80672,0.80712,0.80644,0.80703
2026-07-02 12:15:00+00:00,0.80704,0.80735,0.807,0.80709
2026-07-02 12:30:00+00:00,0.80711,0.80775,0.80129,0.80135
2026-07-02 12:45:00+00:00,0.80142,0.80302,0.8012,0.80298
2026-07-02 13:00:00+00:00,0.8029,0.80352,0.80289,0.80297
2026-07-02 13:15:00+00:00,0.80308,0.80372,0.80271,0.80345
2026-07-02 13:30:00+00:00,0.8035,0.80374,0.80277,0.80322
2026-07-02 13:45:00+00:00,0.80322,0.80348,0.80262,0.80287
2026-07-02 14:00:00+00:00,0.80283,0.80307,0.80234,0.80235
2026-07-02 14:15:00+00:00,0.80236,0.80271,0.80193,0.80266
2026-07-02 14:30:00+00:00,0.80258,0.80323,0.80253,0.80319
2026-07-02 14:45:00+00:00,0.80316,0.8032,0.80235,0.80238
2026-07-02 15:00:00+00:00,0.80243,0.80268,0.802,0.80202
2026-07-02 15:15:00+00:00,0.80206,0.80245,0.80206,0.80236
2026-07-02 15:30:00+00:00,0.80231,0.80239,0.80167,0.80192
2026-07-02 15:45:00+00:00,0.8019,0.80251,0.80182,0.80223
2026-07-02 16:00:00+00:00,0.80222,0.80257,0.80213,0.80227
2026-07-02 16:15:00+00:00,0.80225,0.80277,0.80207,0.80276
2026-07-02 16:30:00+00:00,0.80274,0.80295,0.80268,0.80279
2026-07-02 16:45:00+00:00,0.80277,0.80289,0.80264,0.80286
2026-07-02 17:00:00+00:00,0.80276,0.80343,0.80276,0.80342
2026-07-02 17:15:00+00:00,0.8034,0.80386,0.8034,0.80383
2026-07-02 17:30:00+00:00,0.80379,0.80406,0.80369,0.80402
2026-07-02 17:45:00+00:00,0.80401,0.80411,0.80372,0.80383
2026-07-02 18:00:00+00:00,0.80379,0.80395,0.80334,0.80363
2026-07-02 18:15:00+00:00,0.80361,0.80392,0.80348,0.80353
2026-07-02 18:30:00+00:00,0.80355,0.8037,0.80327,0.80348
2026-07-02 18:45:00+00:00,0.80347,0.80367,0.80347,0.80357
2026-07-02 19:00:00+00:00,0.80358,0.80379,0.80348,0.80357
2026-07-02 19:15:00+00:00,0.80357,0.80381,0.80354,0.80369
2026-07-02 19:30:00+00:00,0.8037,0.8038,0.80357,0.80369
2026-07-02 19:45:00+00:00,0.80369,0.80385,0.80349,0.80358
2026-07-02 20:00:00+00:00,0.80354,0.80367,0.80336,0.80343
2026-07-02 20:15:00+00:00,0.80342,0.80344,0.80315,0.80325
2026-07-02 20:30:00+00:00,0.80321,0.80346,0.80321,0.80341
2026-07-02 20:45:00+00:00,0.80341,0.80355,0.80331,0.80353
2026-07-02 21:00:00+00:00,0.80351,0.80357,0.80325,0.80329
2026-07-02 21:15:00+00:00,0.8033,0.80345,0.80328,0.80336
2026-07-02 21:30:00+00:00,0.80333,0.80346,0.80328,0.8034
2026-07-02 21:45:00+00:00,0.80341,0.80356,0.80339,0.80341
2026-07-02 22:00:00+00:00,0.80342,0.80343,0.80324,0.80337
2026-07-02 22:15:00+00:00,0.80335,0.80377,0.8033,0.8037
2026-07-02 22:30:00+00:00,0.80372,0.8041,0.80371,0.80408
2026-07-02 22:45:00+00:00,0.80406,0.8041,0.8039,0.80405
2026-07-02 23:00:00+00:00,0.80404,0.80404,0.80388,0.80391
2026-07-02 23:15:00+00:00,0.80389,0.80402,0.80381,0.80385
2026-07-02 23:30:00+00:00,0.80384,0.80429,0.80382,0.80413
2026-07-02 23:45:00+00:00,0.80415,0.8045,0.80403,0.80448
2026-07-03 00:00:00+00:00,0.80447,0.80471,0.80432,0.80456
2026-07-03 00:15:00+00:00,0.80457,0.80472,0.80441,0.80451
2026-07-03 00:30:00+00:00,0.8045,0.80471,0.8045,0.80466
2026-07-03 00:45:00+00:00,0.80467,0.80472,0.80388,0.80393
2026-07-03 01:00:00+00:00,0.80401,0.80401,0.80338,0.8034
2026-07-03 01:15:00+00:00,0.80345,0.80345,0.80255,0.80305
2026-07-03 01:30:00+00:00,0.80303,0.80323,0.80278,0.80305
2026-07-03 01:45:00+00:00,0.80306,0.80333,0.80289,0.80329
2026-07-03 02:00:00+00:00,0.80328,0.80334,0.80275,0.80288
2026-07-03 02:15:00+00:00,0.80285,0.80287,0.80257,0.80261
2026-07-03 02:30:00+00:00,0.80268,0.8028,0.80251,0.80271
2026-07-03 02:45:00+00:00,0.80267,0.803,0.8026,0.80298
2026-07-03 03:00:00+00:00,0.80295,0.80315,0.80288,0.80314
2026-07-03 03:15:00+00:00,0.80311,0.80311,0.80285,0.80298
2026-07-03 03:30:00+00:00,0.803,0.80305,0.8028,0.80295
2026-07-03 03:45:00+00:00,0.80296,0.80302,0.80277,0.80288
2026-07-03 04:00:00+00:00,0.80289,0.80301,0.8028,0.80288
2026-07-03 04:15:00+00:00,0.80287,0.80287,0.80265,0.80272
2026-07-03 04:30:00+00:00,0.80269,0.80281,0.80252,0.80253
2026-07-03 04:45:00+00:00,0.80254,0.80265,0.80248,0.80252
2026-07-03 05:00:00+00:00,0.80253,0.80257,0.8019,0.80211
2026-07-03 05:15:00+00:00,0.80213,0.80215,0.80194,0.80208
2026-07-03 05:30:00+00:00,0.80206,0.80211,0.80179,0.80204
2026-07-03 05:45:00+00:00,0.80205,0.80234,0.80193,0.80232
2026-07-03 06:00:00+00:00,0.80229,0.80237,0.80182,0.80199
2026-07-03 06:15:00+00:00,0.80199,0.80199,0.80154,0.80183
2026-07-03 06:30:00+00:00,0.80188,0.80188,0.8012,0.80132
2026-07-03 06:45:00+00:00,0.8013,0.80168,0.80112,0.80164
2026-07-03 07:00:00+00:00,0.80163,0.80183,0.80159,0.80161
2026-07-03 07:15:00+00:00,0.80162,0.80178,0.80154,0.80157
2026-07-03 07:30:00+00:00,0.8016,0.80242,0.80138,0.8023
2026-07-03 07:45:00+00:00,0.8023,0.8023,0.80159,0.80185
2026-07-03 08:00:00+00:00,0.80177,0.8022,0.80177,0.80199
2026-07-03 08:15:00+00:00,0.80199,0.80234,0.80178,0.80215
2026-07-03 08:30:00+00:00,0.8022,0.80239,0.80197,0.80235
2026-07-03 08:45:00+00:00,0.80235,0.80258,0.80228,0.80254
2026-07-03 09:00:00+00:00,0.8025,0.80283,0.80245,0.80274
2026-07-03 09:15:00+00:00,0.80275,0.80281,0.80251,0.8028
2026-07-03 09:30:00+00:00,0.80277,0.80292,0.80275,0.80289
2026-07-03 09:45:00+00:00,0.80288,0.80331,0.80287,0.80325
2026-07-03 10:00:00+00:00,0.80326,0.80331,0.80292,0.80293
2026-07-03 10:15:00+00:00,0.80294,0.80302,0.80275,0.80294
2026-07-03 10:30:00+00:00,0.80295,0.803,0.80278,0.80283
2026-07-03 10:45:00+00:00,0.80287,0.80314,0.80274,0.8031
2026-07-03 11:00:00+00:00,0.80304,0.80344,0.80287,0.80288
2026-07-03 11:15:00+00:00,0.80292,0.803,0.80252,0.80284
2026-07-03 11:30:00+00:00,0.80282,0.803,0.80275,0.80292
2026-07-03 11:45:00+00:00,0.8029,0.80306,0.80274,0.80276
2026-07-03 12:00:00+00:00,0.80281,0.80286,0.8024,0.80271
2026-07-03 12:15:00+00:00,0.80274,0.80318,0.80274,0.80316
2026-07-03 12:30:00+00:00,0.80315,0.80322,0.80284,0.80306
2026-07-03 12:45:00+00:00,0.80302,0.80338,0.80302,0.80315
2026-07-03 13:00:00+00:00,0.8031,0.80357,0.8031,0.80348
2026-07-03 13:15:00+00:00,0.8035,0.8037,0.80337,0.80353
2026-07-03 13:30:00+00:00,0.80354,0.80369,0.80354,0.80358
2026-07-03 13:45:00+00:00,0.80359,0.80363,0.80341,0.80359
2026-07-03 14:00:00+00:00,0.80355,0.80377,0.80329,0.80332
2026-07-03 14:15:00+00:00,0.80339,0.8035,0.80297,0.80298
2026-07-03 14:30:00+00:00,0.803,0.80311,0.80286,0.80305
2026-07-03 14:45:00+00:00,0.80302,0.8034,0.80289,0.80337
2026-07-03 15:00:00+00:00,0.80336,0.80355,0.80317,0.80339
2026-07-03 15:15:00+00:00,0.80336,0.80354,0.80322,0.80351
2026-07-03 15:30:00+00:00,0.8035,0.80351,0.80333,0.80351
2026-07-03 15:45:00+00:00,0.80348,0.80373,0.80346,0.80353
2026-07-03 16:00:00+00:00,0.80357,0.80357,0.80336,0.80337
2026-07-03 16:15:00+00:00,0.80339,0.80362,0.80339,0.8036
2026-07-03 16:30:00+00:00,0.80357,0.80371,0.80354,0.80369
2026-07-03 16:45:00+00:00,0.80364,0.80373,0.8035,0.80355
2026-07-03 17:00:00+00:00,0.80356,0.80361,0.80339,0.80349
2026-07-03 17:15:00+00:00,0.80348,0.80348,0.80329,0.80334
2026-07-03 17:30:00+00:00,0.80333,0.80347,0.80328,0.80335
2026-07-03 17:45:00+00:00,0.80334,0.8035,0.80326,0.80345
2026-07-03 18:00:00+00:00,0.80343,0.80348,0.80327,0.80346
2026-07-03 18:15:00+00:00,0.80344,0.80347,0.80333,0.80337
2026-07-03 18:30:00+00:00,0.80341,0.80354,0.80336,0.80337
2026-07-03 18:45:00+00:00,0.80337,0.80361,0.80308,0.80312
2026-07-03 19:00:00+00:00,0.80314,0.80364,0.80314,0.8036
2026-07-03 19:15:00+00:00,0.80359,0.80361,0.80345,0.80358
2026-07-03 19:30:00+00:00,0.80354,0.80371,0.80354,0.80368
2026-07-03 19:45:00+00:00,0.80367,0.80394,0.80366,0.80388
2026-07-03 20:00:00+00:00,0.80385,0.80398,0.80381,0.80386
2026-07-03 20:15:00+00:00,0.80388,0.80399,0.80377,0.80388
2026-07-03 20:30:00+00:00,0.80386,0.80389,0.80369,0.80379
2026-07-03 20:45:00+00:00,0.80375,0.80385,0.80348,0.8038
2026-07-03 21:00:00+00:00,0.80373,0.80373,0.803,0.80317
2026-07-03 21:15:00+00:00,0.80315,0.80319,0.80309,0.8031
2026-07-03 21:30:00+00:00,0.80311,0.80322,0.803,0.80315
2026-07-03 21:45:00+00:00,0.80313,0.80318,0.80306,0.80309
2026-07-03 22:00:00+00:00,0.80308,0.80313,0.80298,0.80309
2026-07-03 22:15:00+00:00,0.80308,0.80313,0.80306,0.80311
2026-07-03 22:30:00+00:00,0.8031,0.80313,0.80306,0.80307
2026-07-03 22:45:00+00:00,0.80308,0.80312,0.80307,0.80311
2026-07-03 23:00:00+00:00,0.8031,0.80326,0.80282,0.8031
2026-07-03 23:15:00+00:00,0.80308,0.80313,0.80306,0.8031
2026-07-03 23:30:00+00:00,0.8031,0.80311,0.80302,0.80303
2026-07-03 23:45:00+00:00,0.80303,0.80307,0.80302,0.80305
2026-07-04 00:00:00+00:00,0.80303,0.80306,0.80301,0.80304
2026-07-04 00:15:00+00:00,0.80303,0.80307,0.80301,0.80303
2026-07-04 00:30:00+00:00,0.80303,0.80316,0.80302,0.80302
2026-07-04 00:45:00+00:00,0.80303,0.80307,0.80301,0.80303
2026-07-04 01:00:00+00:00,0.80303,0.80306,0.80301,0.80304
2026-07-04 01:15:00+00:00,0.80303,0.80309,0.80302,0.80303
2026-07-04 01:30:00+00:00,0.80303,0.80309,0.80301,0.80303
2026-07-04 01:45:00+00:00,0.80304,0.80306,0.80301,0.80303
2026-07-04 02:00:00+00:00,0.80303,0.80308,0.80301,0.80304
2026-07-04 02:15:00+00:00,0.80303,0.80306,0.80301,0.80304
2026-07-04 02:30:00+00:00,0.80303,0.80306,0.80301,0.80302
2026-07-04 02:45:00+00:00,0.80303,0.80307,0.80301,0.80303
2026-07-04 03:00:00+00:00,0.80303,0.80306,0.80301,0.80304
2026-07-04 03:15:00+00:00,0.80303,0.80308,0.80301,0.80304
2026-07-04 03:30:00+00:00,0.80303,0.80306,0.80301,0.80302
2026-07-04 03:45:00+00:00,0.80303,0.80308,0.80301,0.80302
2026-07-04 04:00:00+00:00,0.80302,0.80313,0.80301,0.80306
2026-07-04 04:15:00+00:00,0.80304,0.80306,0.80301,0.80304
2026-07-04 04:30:00+00:00,0.80303,0.80308,0.80302,0.80303
2026-07-04 04:45:00+00:00,0.80303,0.80306,0.80301,0.80302
2026-07-04 05:00:00+00:00,0.80303,0.80311,0.80299,0.80304
2026-07-04 05:15:00+00:00,0.80303,0.80307,0.80301,0.80305
2026-07-04 05:30:00+00:00,0.80303,0.80307,0.80301,0.80303
2026-07-04 05:45:00+00:00,0.80303,0.80307,0.80301,0.80302
2026-07-04 06:00:00+00:00,0.80303,0.80306,0.80301,0.80303
2026-07-04 06:15:00+00:00,0.80303,0.80308,0.80301,0.80304
2026-07-04 06:30:00+00:00,0.80303,0.80311,0.80301,0.80305
2026-07-04 06:45:00+00:00,0.80305,0.80306,0.80302,0.80302
2026-07-04 07:00:00+00:00,0.80303,0.80307,0.80301,0.80303
2026-07-04 07:15:00+00:00,0.80303,0.80306,0.80301,0.80304
2026-07-04 07:30:00+00:00,0.80303,0.80308,0.80301,0.80303
2026-07-04 07:45:00+00:00,0.80303,0.80307,0.80301,0.80303
2026-07-04 08:00:00+00:00,0.80304,0.80307,0.80301,0.80303
2026-07-04 08:15:00+00:00,0.80303,0.80307,0.80301,0.80304
2026-07-04 08:30:00+00:00,0.80303,0.80306,0.80301,0.80304
2026-07-04 08:45:00+00:00,0.80303,0.80306,0.80301,0.80302
2026-07-04 09:00:00+00:00,0.80303,0.80311,0.80299,0.80303
2026-07-04 09:15:00+00:00,0.80303,0.80306,0.80301,0.80304
2026-07-04 09:30:00+00:00,0.80303,0.80306,0.80301,0.80304
2026-07-04 09:45:00+00:00,0.80303,0.80312,0.80302,0.80302
2026-07-04 10:00:00+00:00,0.80303,0.80307,0.80301,0.80302
2026-07-04 10:15:00+00:00,0.80303,0.80306,0.80292,0.80302
2026-07-04 10:30:00+00:00,0.80299,0.80306,0.80299,0.80304
2026-07-04 10:45:00+00:00,0.80303,0.80312,0.80288,0.80302
2026-07-04 11:00:00+00:00,0.80302,0.80306,0.80301,0.80302
2026-07-04 11:15:00+00:00,0.80303,0.80306,0.80294,0.80304
2026-07-04 11:30:00+00:00,0.80302,0.80306,0.80282,0.80285
2026-07-04 11:45:00+00:00,0.80287,0.80297,0.80287,0.80295
2026-07-04 12:00:00+00:00,0.80293,0.803,0.80285,0.80293
2026-07-04 12:15:00+00:00,0.80294,0.80301,0.80293,0.80299
2026-07-04 12:30:00+00:00,0.80297,0.80304,0.80285,0.80291
2026-07-04 12:45:00+00:00,0.80289,0.80293,0.8028,0.80281
2026-07-04 13:00:00+00:00,0.80283,0.80298,0.80282,0.80294
2026-07-04 13:15:00+00:00,0.80295,0.80298,0.80279,0.80286
2026-07-04 13:30:00+00:00,0.80284,0.80288,0.80283,0.80286
2026-07-04 13:45:00+00:00,0.80284,0.80288,0.80277,0.8028
2026-07-04 14:00:00+00:00,0.80279,0.80283,0.80273,0.80273
2026-07-04 14:15:00+00:00,0.80275,0.80279,0.80274,0.80275
2026-07-04 14:30:00+00:00,0.80275,0.80279,0.8027,0.80273
2026-07-04 14:45:00+00:00,0.80272,0.80275,0.8027,0.80273
2026-07-04 15:00:00+00:00,0.80272,0.80292,0.80271,0.80285
2026-07-04 15:15:00+00:00,0.80285,0.80291,0.80277,0.80278
2026-07-04 15:30:00+00:00,0.8028,0.80284,0.80279,0.80282
2026-07-04 15:45:00+00:00,0.8028,0.80294,0.80273,0.80289
2026-07-04 16:00:00+00:00,0.80288,0.80302,0.80281,0.80297
2026-07-04 16:15:00+00:00,0.80297,0.80305,0.80286,0.80289
2026-07-04 16:30:00+00:00,0.8029,0.80293,0.80282,0.80292
2026-07-04 16:45:00+00:00,0.8029,0.80293,0.80275,0.80291
2026-07-04 17:00:00+00:00,0.80289,0.80306,0.80278,0.80293
2026-07-04 17:15:00+00:00,0.80293,0.803,0.80292,0.80296
2026-07-04 17:30:00+00:00,0.80296,0.803,0.80286,0.80299
2026-07-04 17:45:00+00:00,0.80298,0.80306,0.80289,0.80304
2026-07-04 18:00:00+00:00,0.80299,0.80303,0.80286,0.80299
2026-07-04 18:15:00+00:00,0.80299,0.80304,0.80285,0.80289
2026-07-04 18:30:00+00:00,0.8029,0.80309,0.80288,0.80304
2026-07-04 18:45:00+00:00,0.80304,0.80306,0.8029,0.80299
2026-07-04 19:00:00+00:00,0.80297,0.80309,0.80295,0.80304
2026-07-04 19:15:00+00:00,0.80304,0.80304,0.80291,0.80294
2026-07-04 19:30:00+00:00,0.80295,0.80305,0.80286,0.8029
2026-07-04 19:45:00+00:00,0.8029,0.80298,0.80289,0.80296
2026-07-04 20:00:00+00:00,0.80294,0.80306,0.80286,0.80299
2026-07-04 20:15:00+00:00,0.80298,0.80303,0.80294,0.80299
2026-07-04 20:30:00+00:00,0.80298,0.80305,0.80282,0.803
2026-07-04 20:45:00+00:00,0.803,0.80308,0.80289,0.80298
2026-07-04 21:00:00+00:00,0.80296,0.80308,0.80288,0.80305
2026-07-04 21:15:00+00:00,0.80304,0.8031,0.8029,0.80294
2026-07-04 21:30:00+00:00,0.80295,0.80298,0.80294,0.80295
2026-07-04 21:45:00+00:00,0.80295,0.80303,0.80279,0.80289
2026-07-04 22:00:00+00:00,0.80287,0.80302,0.8028,0.80291
2026-07-04 22:15:00+00:00,0.80289,0.80293,0.80288,0.80289
2026-07-04 22:30:00+00:00,0.80289,0.80293,0.8028,0.80283
2026-07-04 22:45:00+00:00,0.80283,0.80287,0.80282,0.80284
2026-07-04 23:00:00+00:00,0.80283,0.80291,0.8028,0.8029
2026-07-04 23:15:00+00:00,0.80288,0.80302,0.80286,0.80298
2026-07-04 23:30:00+00:00,0.80298,0.80304,0.80296,0.803
2026-07-04 23:45:00+00:00,0.80301,0.80306,0.80299,0.80304
2026-07-05 00:00:00+00:00,0.80302,0.80306,0.80301,0.80304
2026-07-05 00:15:00+00:00,0.80302,0.80307,0.80301,0.80304
2026-07-05 00:30:00+00:00,0.80303,0.80307,0.80301,0.80303
2026-07-05 00:45:00+00:00,0.80303,0.80307,0.80302,0.80305
2026-07-05 01:00:00+00:00,0.80303,0.80309,0.80302,0.80307
2026-07-05 01:15:00+00:00,0.80305,0.80309,0.80304,0.80306
2026-07-05 01:30:00+00:00,0.80305,0.80316,0.80302,0.80312
2026-07-05 01:45:00+00:00,0.80313,0.80317,0.80311,0.80312
2026-07-05 02:00:00+00:00,0.80312,0.80316,0.80311,0.80314
2026-07-05 02:15:00+00:00,0.80312,0.80316,0.8031,0.80312
2026-07-05 02:30:00+00:00,0.80311,0.80315,0.80307,0.80308
2026-07-05 02:45:00+00:00,0.80308,0.80312,0.80307,0.80308
2026-07-05 03:00:00+00:00,0.80308,0.80312,0.80307,0.8031
2026-07-05 03:15:00+00:00,0.80308,0.80312,0.80307,0.80309
2026-07-05 03:30:00+00:00,0.80308,0.80312,0.80307,0.80308
2026-07-05 03:45:00+00:00,0.80308,0.80312,0.80307,0.80308
2026-07-05 04:00:00+00:00,0.80308,0.80312,0.80307,0.8031
2026-07-05 04:15:00+00:00,0.80308,0.80312,0.80307,0.8031
2026-07-05 04:30:00+00:00,0.80308,0.80312,0.80307,0.80308
2026-07-05 04:45:00+00:00,0.80308,0.80312,0.80307,0.80308
2026-07-05 05:00:00+00:00,0.80308,0.80312,0.80307,0.80309
2026-07-05 05:15:00+00:00,0.80308,0.80312,0.80307,0.8031
2026-07-05 05:30:00+00:00,0.80308,0.80312,0.80307,0.80309
2026-07-05 05:45:00+00:00,0.80308,0.80312,0.80307,0.80308
2026-07-05 06:00:00+00:00,0.80308,0.80312,0.80307,0.8031
2026-07-05 06:15:00+00:00,0.80308,0.80312,0.80307,0.8031
2026-07-05 06:30:00+00:00,0.80308,0.80312,0.80307,0.80309
2026-07-05 06:45:00+00:00,0.80308,0.80312,0.80307,0.80308
2026-07-05 07:00:00+00:00,0.80308,0.80312,0.80307,0.8031
2026-07-05 07:15:00+00:00,0.80308,0.80312,0.80307,0.8031
2026-07-05 07:30:00+00:00,0.80308,0.80312,0.80307,0.80309
2026-07-05 07:45:00+00:00,0.80308,0.80312,0.80307,0.80308
2026-07-05 08:00:00+00:00,0.80308,0.80312,0.80307,0.80308
2026-07-05 08:15:00+00:00,0.80308,0.80312,0.80307,0.8031
2026-07-05 08:30:00+00:00,0.80308,0.80312,0.80307,0.80309
2026-07-05 08:45:00+00:00,0.80308,0.80312,0.80307,0.80308
2026-07-05 09:00:00+00:00,0.80308,0.80312,0.80307,0.80308
2026-07-05 09:15:00+00:00,0.80308,0.80312,0.80307,0.8031
2026-07-05 09:30:00+00:00,0.80308,0.80312,0.80307,0.8031
2026-07-05 09:45:00+00:00,0.80308,0.80312,0.80307,0.80308
2026-07-05 10:00:00+00:00,0.80308,0.80312,0.80307,0.80308
2026-07-05 10:15:00+00:00,0.80308,0.80336,0.80248,0.80268
2026-07-05 10:30:00+00:00,0.80267,0.80271,0.80266,0.80269
2026-07-05 10:45:00+00:00,0.80267,0.80293,0.80218,0.80234
2026-07-05 11:00:00+00:00,0.80234,0.80238,0.80233,0.80233
2026-07-05 11:15:00+00:00,0.80234,0.80235,0.80195,0.80209
2026-07-05 11:30:00+00:00,0.80207,0.80211,0.80176,0.80188
2026-07-05 11:45:00+00:00,0.80186,0.8019,0.80185,0.80187
2026-07-05 12:00:00+00:00,0.80186,0.80203,0.80161,0.80169
2026-07-05 12:15:00+00:00,0.80169,0.80173,0.80168,0.80171
2026-07-05 12:30:00+00:00,0.80169,0.80175,0.80149,0.80158
2026-07-05 12:45:00+00:00,0.80156,0.80159,0.8014,0.80146
2026-07-05 13:00:00+00:00,0.80145,0.80149,0.80144,0.80144
2026-07-05 13:15:00+00:00,0.80145,0.8023,0.801,0.80183
2026-07-05 13:30:00+00:00,0.80183,0.80186,0.80182,0.80184
2026-07-05 13:45:00+00:00,0.80183,0.802,0.80159,0.80167
2026-07-05 14:00:00+00:00,0.80166,0.8032,0.80112,0.80297
2026-07-05 14:15:00+00:00,0.80293,0.80309,0.80293,0.80306
2026-07-05 14:30:00+00:00,0.80306,0.80309,0.80257,0.80286
2026-07-05 14:45:00+00:00,0.80285,0.80306,0.80277,0.80304
2026-07-05 15:00:00+00:00,0.80303,0.8031,0.80246,0.80266
2026-07-05 15:15:00+00:00,0.80266,0.80288,0.80227,0.80244
2026-07-05 15:30:00+00:00,0.80245,0.80248,0.80244,0.80246
2026-07-05 15:45:00+00:00,0.80245,0.80277,0.80218,0.80235
2026-07-05 16:00:00+00:00,0.80234,0.80307,0.80232,0.80304
2026-07-05 16:15:00+00:00,0.80305,0.8034,0.80257,0.80305
2026-07-05 16:30:00+00:00,0.80306,0.8031,0.80257,0.80291
2026-07-05 16:45:00+00:00,0.80284,0.8031,0.80284,0.80308
2026-07-05 17:00:00+00:00,0.80306,0.80321,0.80248,0.80301
2026-07-05 17:15:00+00:00,0.80299,0.80309,0.80299,0.80305
2026-07-05 17:30:00+00:00,0.80306,0.80333,0.80246,0.80291
2026-07-05 17:45:00+00:00,0.80289,0.80332,0.80257,0.80289
2026-07-05 18:00:00+00:00,0.80283,0.80326,0.80283,0.80307
2026-07-05 18:15:00+00:00,0.80306,0.8031,0.80257,0.80305
2026-07-05 18:30:00+00:00,0.80306,0.8031,0.80305,0.80308
2026-07-05 18:45:00+00:00,0.80306,0.80338,0.80258,0.80308
2026-07-05 19:00:00+00:00,0.80312,0.80334,0.8018,0.80188
2026-07-05 19:15:00+00:00,0.80195,0.80305,0.80118,0.80206
2026-07-05 19:30:00+00:00,0.80207,0.8031,0.80138,0.80207
2026-07-05 19:45:00+00:00,0.80222,0.80297,0.80156,0.80275
2026-07-05 20:00:00+00:00,0.80256,0.80315,0.80161,0.80295
2026-07-05 20:15:00+00:00,0.80294,0.80307,0.80286,0.80287
2026-07-05 20:30:00+00:00,0.80288,0.803,0.80272,0.80291
2026-07-05 20:45:00+00:00,0.80287,0.80341,0.80275,0.80331
2026-07-05 21:00:00+00:00,0.8033,0.80364,0.80322,0.8034
2026-07-05 21:15:00+00:00,0.80338,0.80345,0.80329,0.8034
2026-07-05 21:30:00+00:00,0.80338,0.80346,0.80333,0.8034
2026-07-05 21:45:00+00:00,0.8034,0.80347,0.80331,0.80342
2026-07-05 22:00:00+00:00,0.80341,0.8037,0.80339,0.80364
2026-07-05 22:15:00+00:00,0.80362,0.80374,0.80359,0.80373
2026-07-05 22:30:00+00:00,0.80371,0.80375,0.80359,0.80363
2026-07-05 22:45:00+00:00,0.80363,0.8039,0.80359,0.80387
2026-07-05 23:00:00+00:00,0.80386,0.80405,0.80377,0.80399
2026-07-05 23:15:00+00:00,0.80397,0.80408,0.8038,0.80382
2026-07-05 23:30:00+00:00,0.80385,0.80392,0.80375,0.80375
2026-07-05 23:45:00+00:00,0.80376,0.80398,0.80367,0.8038
2026-07-06 00:00:00+00:00,0.80379,0.80417,0.80378,0.80397
2026-07-06 00:15:00+00:00,0.80401,0.80402,0.80352,0.80371
2026-07-06 00:30:00+00:00,0.80373,0.80373,0.80351,0.80352
2026-07-06 00:45:00+00:00,0.80355,0.80371,0.8034,0.80352
2026-07-06 01:00:00+00:00,0.80353,0.80384,0.80353,0.80381
2026-07-06 01:15:00+00:00,0.80379,0.80441,0.80372,0.8044
2026-07-06 01:30:00+00:00,0.80438,0.80438,0.80407,0.8042
2026-07-06 01:45:00+00:00,0.80418,0.8047,0.80411,0.80467
2026-07-06 02:00:00+00:00,0.80462,0.80476,0.80455,0.80469
2026-07-06 02:15:00+00:00,0.80467,0.8047,0.80446,0.80455
2026-07-06 02:30:00+00:00,0.80454,0.80467,0.80453,0.80466
2026-07-06 02:45:00+00:00,0.80464,0.80466,0.80414,0.80415
2026-07-06 03:00:00+00:00,0.80418,0.80434,0.80413,0.80434
2026-07-06 03:15:00+00:00,0.80432,0.8046,0.80432,0.80458
2026-07-06 03:30:00+00:00,0.80456,0.80472,0.80451,0.80456
2026-07-06 03:45:00+00:00,0.80456,0.8046,0.8044,0.80449
2026-07-06 04:00:00+00:00,0.8045,0.80454,0.80431,0.80432
2026-07-06 04:15:00+00:00,0.80433,0.80447,0.80431,0.80445
2026-07-06 04:30:00+00:00,0.80443,0.80452,0.80437,0.80445
2026-07-06 04:45:00+00:00,0.80446,0.80453,0.80439,0.80447
2026-07-06 05:00:00+00:00,0.80444,0.8047,0.80443,0.80466
2026-07-06 05:15:00+00:00,0.80462,0.80473,0.8046,0.80471
2026-07-06 05:30:00+00:00,0.80469,0.80475,0.80443,0.80461
2026-07-06 05:45:00+00:00,0.80461,0.80514,0.80452,0.80509
2026-07-06 06:00:00+00:00,0.80503,0.80519,0.80485,0.80507
2026-07-06 06:15:00+00:00,0.80503,0.80547,0.80503,0.80538
2026-07-06 06:30:00+00:00,0.80535,0.80566,0.80521,0.80533
2026-07-06 06:45:00+00:00,0.80529,0.8059,0.80522,0.80582
2026-07-06 07:00:00+00:00,0.80583,0.80605,0.80551,0.80555
2026-07-06 07:15:00+00:00,0.80557,0.8057,0.80526,0.80568
2026-07-06 07:30:00+00:00,0.80564,0.80577,0.80518,0.8052
2026-07-06 07:45:00+00:00,0.80524,0.80528,0.80465,0.80466
2026-07-06 08:00:00+00:00,0.80468,0.80547,0.80458,0.80516
2026-07-06 08:15:00+00:00,0.80519,0.80546,0.8051,0.80545
2026-07-06 08:30:00+00:00,0.80543,0.8055,0.80517,0.8054
2026-07-06 08:45:00+00:00,0.80533,0.80583,0.80533,0.80542
2026-07-06 09:00:00+00:00,0.80545,0.80596,0.80538,0.80558
2026-07-06 09:15:00+00:00,0.80565,0.80574,0.80538,0.80552
2026-07-06 09:30:00+00:00,0.80549,0.80555,0.80536,0.80554
2026-07-06 09:45:00+00:00,0.80552,0.80604,0.80542,0.80596
2026-07-06 10:00:00+00:00,0.80596,0.80622,0.80581,0.80582
2026-07-06 10:15:00+00:00,0.80584,0.80586,0.80527,0.80554
2026-07-06 10:30:00+00:00,0.80547,0.80573,0.80538,0.80566
2026-07-06 10:45:00+00:00,0.80564,0.80581,0.80555,0.8057
2026-07-06 11:00:00+00:00,0.80569,0.80594,0.80565,0.80572
2026-07-06 11:15:00+00:00,0.80575,0.80605,0.80566,0.80603
2026-07-06 11:30:00+00:00,0.80601,0.80628,0.80586,0.80628
2026-07-06 11:45:00+00:00,0.80624,0.8064,0.80596,0.80598
2026-07-06 12:00:00+00:00,0.806,0.8061,0.80575,0.80592
2026-07-06 12:15:00+00:00,0.80595,0.80596,0.80562,0.80589
2026-07-06 12:30:00+00:00,0.80589,0.80631,0.80576,0.80627
2026-07-06 12:45:00+00:00,0.80617,0.8065,0.80605,0.80649
2026-07-06 13:00:00+00:00,0.80647,0.80647,0.80585,0.80586
2026-07-06 13:15:00+00:00,0.8059,0.80599,0.80563,0.8059
2026-07-06 13:30:00+00:00,0.80584,0.80633,0.80577,0.80632
2026-07-06 13:45:00+00:00,0.80627,0.80709,0.80626,0.80701
2026-07-06 14:00:00+00:00,0.80701,0.80701,0.80656,0.80675
2026-07-06 14:15:00+00:00,0.80673,0.80722,0.80657,0.80719
2026-07-06 14:30:00+00:00,0.80714,0.80727,0.80673,0.80726
2026-07-06 14:45:00+00:00,0.80721,0.80744,0.8065,0.80653
2026-07-06 15:00:00+00:00,0.80656,0.8069,0.80644,0.80688
2026-07-06 15:15:00+00:00,0.80683,0.80695,0.80661,0.8067
2026-07-06 15:30:00+00:00,0.8067,0.80675,0.80636,0.80645
2026-07-06 15:45:00+00:00,0.80644,0.80644,0.80612,0.80637
2026-07-06 16:00:00+00:00,0.80634,0.80638,0.80611,0.80627
2026-07-06 16:15:00+00:00,0.80622,0.80631,0.80596,0.80612
2026-07-06 16:30:00+00:00,0.80613,0.80622,0.80606,0.80614
2026-07-06 16:45:00+00:00,0.80613,0.80616,0.80584,0.80602
2026-07-06 17:00:00+00:00,0.80599,0.80609,0.80578,0.8058
2026-07-06 17:15:00+00:00,0.80583,0.80583,0.80548,0.80553
2026-07-06 17:30:00+00:00,0.80551,0.80567,0.80538,0.80544
2026-07-06 17:45:00+00:00,0.80543,0.80552,0.80532,0.8055
2026-07-06 18:00:00+00:00,0.80548,0.8056,0.80538,0.8055
2026-07-06 18:15:00+00:00,0.80551,0.80557,0.80536,0.80536
2026-07-06 18:30:00+00:00,0.80536,0.80541,0.80502,0.80509
2026-07-06 18:45:00+00:00,0.80508,0.80508,0.80474,0.80484
2026-07-06 19:00:00+00:00,0.80473,0.80515,0.80473,0.80504
2026-07-06 19:15:00+00:00,0.80502,0.80518,0.80498,0.80512
2026-07-06 19:30:00+00:00,0.80512,0.80512,0.80495,0.80501
2026-07-06 19:45:00+00:00,0.80501,0.80534,0.80483,0.8053
2026-07-06 20:00:00+00:00,0.80528,0.80537,0.80512,0.80532
2026-07-06 20:15:00+00:00,0.8053,0.80542,0.80525,0.80526
2026-07-06 20:30:00+00:00,0.80527,0.80544,0.80524,0.80541
2026-07-06 20:45:00+00:00,0.8054,0.80545,0.80523,0.80525
2026-07-06 21:00:00+00:00,0.80527,0.80542,0.80448,0.80538
2026-07-06 21:15:00+00:00,0.8053,0.8053,0.805,0.80503
2026-07-06 21:30:00+00:00,0.80502,0.8051,0.80497,0.80504
2026-07-06 21:45:00+00:00,0.80505,0.80513,0.80483,0.80484
2026-07-06 22:00:00+00:00,0.80485,0.80526,0.80482,0.8051
2026-07-06 22:15:00+00:00,0.80512,0.80514,0.80506,0.80509
2026-07-06 22:30:00+00:00,0.80508,0.80513,0.80505,0.80511
2026-07-06 22:45:00+00:00,0.80508,0.80511,0.80498,0.80503
2026-07-06 23:00:00+00:00,0.80502,0.80502,0.80472,0.80486
2026-07-06 23:15:00+00:00,0.80484,0.80487,0.80469,0.80476
2026-07-06 23:30:00+00:00,0.80476,0.80489,0.80476,0.80488
2026-07-06 23:45:00+00:00,0.80487,0.80517,0.80481,0.80515
2026-07-07 00:00:00+00:00,0.80512,0.80532,0.80509,0.80528
2026-07-07 00:15:00+00:00,0.80526,0.80562,0.80523,0.80561
2026-07-07 00:30:00+00:00,0.80557,0.80568,0.80547,0.80564
2026-07-07 00:45:00+00:00,0.80563,0.80572,0.80548,0.80568
2026-07-07 01:00:00+00:00,0.80561,0.80578,0.80558,0.80571
2026-07-07 01:15:00+00:00,0.80569,0.80582,0.80558,0.80568
2026-07-07 01:30:00+00:00,0.8057,0.8057,0.80487,0.80546
2026-07-07 01:45:00+00:00,0.80539,0.80556,0.80487,0.80519
2026-07-07 02:00:00+00:00,0.80516,0.80534,0.80507,0.80525
2026-07-07 02:15:00+00:00,0.80522,0.80541,0.8052,0.8054
2026-07-07 02:30:00+00:00,0.80537,0.80552,0.80525,0.80551
2026-07-07 02:45:00+00:00,0.80549,0.80562,0.80548,0.8056
2026-07-07 03:00:00+00:00,0.80558,0.8056,0.80536,0.80548
2026-07-07 03:15:00+00:00,0.80547,0.80549,0.80525,0.80538
2026-07-07 03:30:00+00:00,0.80536,0.80567,0.80532,0.80566
2026-07-07 03:45:00+00:00,0.80564,0.80566,0.80555,0.80559
2026-07-07 04:00:00+00:00,0.80559,0.80566,0.80545,0.80549
2026-07-07 04:15:00+00:00,0.80547,0.80566,0.80546,0.80565
2026-07-07 04:30:00+00:00,0.80562,0.80567,0.8055,0.80559
2026-07-07 04:45:00+00:00,0.80557,0.80574,0.80543,0.8057
2026-07-07 05:00:00+00:00,0.80564,0.80588,0.80559,0.80586
2026-07-07 05:15:00+00:00,0.8058,0.80629,0.8058,0.80628
2026-07-07 05:30:00+00:00,0.80625,0.80634,0.80613,0.80629
2026-07-07 05:45:00+00:00,0.80625,0.80643,0.80612,0.80615
2026-07-07 06:00:00+00:00,0.80616,0.80679,0.80609,0.80678
2026-07-07 06:15:00+00:00,0.80676,0.80676,0.80644,0.80658
2026-07-07 06:30:00+00:00,0.80656,0.80664,0.80615,0.8063
2026-07-07 06:45:00+00:00,0.80628,0.80628,0.80588,0.80615
2026-07-07 07:00:00+00:00,0.80616,0.80643,0.80595,0.80629
2026-07-07 07:15:00+00:00,0.80627,0.80647,0.80589,0.80644
2026-07-07 07:30:00+00:00,0.80639,0.80657,0.80622,0.80638
2026-07-07 07:45:00+00:00,0.80636,0.80682,0.80632,0.80679
2026-07-07 08:00:00+00:00,0.80679,0.8069,0.80635,0.80636
2026-07-07 08:15:00+00:00,0.80639,0.80668,0.80623,0.80629
2026-07-07 08:30:00+00:00,0.80626,0.80637,0.80608,0.80636
2026-07-07 08:45:00+00:00,0.80631,0.80656,0.80625,0.8063
2026-07-07 09:00:00+00:00,0.80633,0.80662,0.80622,0.80661
2026-07-07 09:15:00+00:00,0.80658,0.80661,0.80629,0.80659
2026-07-07 09:30:00+00:00,0.80658,0.80658,0.80627,0.80654
2026-07-07 09:45:00+00:00,0.80646,0.80709,0.80646,0.80708
2026-07-07 10:00:00+00:00,0.80705,0.80724,0.80696,0.8071
2026-07-07 10:15:00+00:00,0.80711,0.80716,0.80702,0.8071
2026-07-07 10:30:00+00:00,0.80709,0.80713,0.80663,0.80673
2026-07-07 10:45:00+00:00,0.8067,0.80686,0.80655,0.80656
2026-07-07 11:00:00+00:00,0.80658,0.80668,0.80635,0.80636
2026-07-07 11:15:00+00:00,0.80638,0.80645,0.80604,0.80619
2026-07-07 11:30:00+00:00,0.80619,0.80646,0.80619,0.80644
2026-07-07 11:45:00+00:00,0.80638,0.80704,0.8062,0.80623
2026-07-07 12:00:00+00:00,0.80628,0.80638,0.80623,0.80626
2026-07-07 12:15:00+00:00,0.80628,0.80629,0.80551,0.80554
2026-07-07 12:30:00+00:00,0.8056,0.80605,0.80544,0.80604
2026-07-07 12:45:00+00:00,0.80599,0.80612,0.80593,0.80607
2026-07-07 13:00:00+00:00,0.80606,0.80646,0.80598,0.80624
2026-07-07 13:15:00+00:00,0.80626,0.8063,0.80607,0.80612
2026-07-07 13:30:00+00:00,0.80614,0.80614,0.80543,0.80572
2026-07-07 13:45:00+00:00,0.8057,0.80623,0.80565,0.8062
2026-07-07 14:00:00+00:00,0.80613,0.80714,0.80613,0.80675
2026-07-07 14:15:00+00:00,0.8068,0.80694,0.8063,0.80644
2026-07-07 14:30:00+00:00,0.80649,0.80649,0.80611,0.80622
2026-07-07 14:45:00+00:00,0.8062,0.80629,0.80572,0.80606
2026-07-07 15:00:00+00:00,0.80609,0.8066,0.80598,0.80657
2026-07-07 15:15:00+00:00,0.80653,0.80675,0.8064,0.8065
2026-07-07 15:30:00+00:00,0.80651,0.80671,0.80643,0.80664
2026-07-07 15:45:00+00:00,0.80659,0.80702,0.80659,0.80691
2026-07-07 16:00:00+00:00,0.8069,0.80716,0.80679,0.8068
2026-07-07 16:15:00+00:00,0.80683,0.80739,0.80679,0.80733
2026-07-07 16:30:00+00:00,0.80735,0.80738,0.80716,0.80735
2026-07-07 16:45:00+00:00,0.80734,0.80734,0.80702,0.80704
2026-07-07 17:00:00+00:00,0.80707,0.80713,0.8069,0.80712
2026-07-07 17:15:00+00:00,0.80711,0.80714,0.8069,0.80704
2026-07-07 17:30:00+00:00,0.80701,0.80702,0.80684,0.80686
2026-07-07 17:45:00+00:00,0.80687,0.80693,0.80663,0.80667
2026-07-07 18:00:00+00:00,0.80665,0.80699,0.80662,0.80682
2026-07-07 18:15:00+00:00,0.80683,0.80689,0.8066,0.80673
2026-07-07 18:30:00+00:00,0.80671,0.80695,0.80667,0.80685
2026-07-07 18:45:00+00:00,0.80685,0.80771,0.80659,0.80748
2026-07-07 19:00:00+00:00,0.80748,0.80851,0.80736,0.8084
2026-07-07 19:15:00+00:00,0.8084,0.8087,0.80825,0.80828
2026-07-07 19:30:00+00:00,0.80835,0.80854,0.80819,0.80829
2026-07-07 19:45:00+00:00,0.80827,0.80836,0.80805,0.80817
2026-07-07 20:00:00+00:00,0.80815,0.80836,0.80804,0.80835
2026-07-07 20:15:00+00:00,0.80832,0.8085,0.8083,0.80836
2026-07-07 20:30:00+00:00,0.80837,0.80856,0.80836,0.80849
2026-07-07 20:45:00+00:00,0.80849,0.80859,0.80847,0.80851
2026-07-07 21:00:00+00:00,0.8085,0.80893,0.80734,0.80845
2026-07-07 21:15:00+00:00,0.80842,0.80845,0.80811,0.80825
2026-07-07 21:30:00+00:00,0.80826,0.80851,0.80818,0.80848
2026-07-07 21:45:00+00:00,0.80846,0.80853,0.80835,0.80839
2026-07-07 22:00:00+00:00,0.80838,0.80876,0.80832,0.8087
2026-07-07 22:15:00+00:00,0.80869,0.80873,0.80854,0.80871
2026-07-07 22:30:00+00:00,0.80866,0.80876,0.80861,0.80863
2026-07-07 22:45:00+00:00,0.80864,0.80869,0.8085,0.80857
2026-07-07 23:00:00+00:00,0.80853,0.80867,0.80833,0.80858
2026-07-07 23:15:00+00:00,0.80853,0.80868,0.8085,0.80856
2026-07-07 23:30:00+00:00,0.80855,0.80868,0.8085,0.80866
2026-07-07 23:45:00+00:00,0.80864,0.80911,0.80862,0.8091
2026-07-08 00:00:00+00:00,0.80907,0.80925,0.80892,0.80894
2026-07-08 00:15:00+00:00,0.80895,0.80931,0.8089,0.80892
2026-07-08 00:30:00+00:00,0.80894,0.809,0.80864,0.80869
2026-07-08 00:45:00+00:00,0.80872,0.80895,0.80857,0.80885
2026-07-08 01:00:00+00:00,0.80885,0.80899,0.80874,0.80892
2026-07-08 01:15:00+00:00,0.8089,0.80924,0.80885,0.80922
2026-07-08 01:30:00+00:00,0.80917,0.80965,0.80917,0.80954
2026-07-08 01:45:00+00:00,0.80958,0.80972,0.80904,0.80907
2026-07-08 02:00:00+00:00,0.8091,0.80928,0.80905,0.80927
2026-07-08 02:15:00+00:00,0.80925,0.80925,0.80872,0.80883
2026-07-08 02:30:00+00:00,0.80881,0.80891,0.80865,0.80865
2026-07-08 02:45:00+00:00,0.80866,0.80884,0.80863,0.80877
2026-07-08 03:00:00+00:00,0.80877,0.80879,0.80833,0.80835
2026-07-08 03:15:00+00:00,0.80838,0.80843,0.80826,0.80829
2026-07-08 03:30:00+00:00,0.80827,0.80846,0.80827,0.8084
2026-07-08 03:45:00+00:00,0.80839,0.80853,0.80831,0.80845
2026-07-08 04:00:00+00:00,0.80847,0.80879,0.8084,0.80862
2026-07-08 04:15:00+00:00,0.80856,0.80866,0.80849,0.80857
2026-07-08 04:30:00+00:00,0.80854,0.80854,0.80822,0.80836
2026-07-08 04:45:00+00:00,0.80835,0.8085,0.80823,0.80838
2026-07-08 05:00:00+00:00,0.80839,0.80841,0.80806,0.80833
2026-07-08 05:15:00+00:00,0.80834,0.80857,0.80823,0.80847
2026-07-08 05:30:00+00:00,0.80845,0.80845,0.80782,0.80783
2026-07-08 05:45:00+00:00,0.80785,0.80817,0.80783,0.80804
2026-07-08 06:00:00+00:00,0.80801,0.80818,0.80765,0.80783
2026-07-08 06:15:00+00:00,0.80785,0.80788,0.80724,0.80727
2026-07-08 06:30:00+00:00,0.80732,0.80733,0.80676,0.80712
2026-07-08 06:45:00+00:00,0.80709,0.80739,0.80702,0.80702
2026-07-08 07:00:00+00:00,0.80703,0.80787,0.80689,0.80766
2026-07-08 07:15:00+00:00,0.80762,0.80779,0.80671,0.80692
2026-07-08 07:30:00+00:00,0.80684,0.80709,0.80644,0.80664
2026-07-08 07:45:00+00:00,0.80662,0.8067,0.80647,0.80668
2026-07-08 08:00:00+00:00,0.80665,0.80692,0.80651,0.80687
2026-07-08 08:15:00+00:00,0.80686,0.80836,0.80683,0.80741
2026-07-08 08:30:00+00:00,0.80749,0.8079,0.80723,0.80765
2026-07-08 08:45:00+00:00,0.80777,0.8079,0.80706,0.80789
2026-07-08 09:00:00+00:00,0.80786,0.80838,0.80775,0.80832
2026-07-08 09:15:00+00:00,0.80832,0.80843,0.80749,0.80805
2026-07-08 09:30:00+00:00,0.80804,0.80804,0.80751,0.80775
2026-07-08 09:45:00+00:00,0.80773,0.80803,0.80756,0.80801
2026-07-08 10:00:00+00:00,0.80799,0.80832,0.80794,0.80801
2026-07-08 10:15:00+00:00,0.80813,0.80833,0.80765,0.80775
2026-07-08 10:30:00+00:00,0.80775,0.80776,0.80737,0.80739
2026-07-08 10:45:00+00:00,0.80742,0.80797,0.80735,0.80776
2026-07-08 11:00:00+00:00,0.80777,0.80832,0.8077,0.80809
2026-07-08 11:15:00+00:00,0.80815,0.80831,0.80805,0.80828
2026-07-08 11:30:00+00:00,0.80824,0.80951,0.80824,0.80873
2026-07-08 11:45:00+00:00,0.80912,0.80912,0.80837,0.80905
2026-07-08 12:00:00+00:00,0.80901,0.80909,0.80838,0.80864
2026-07-08 12:15:00+00:00,0.80866,0.80872,0.8084,0.80868
2026-07-08 12:30:00+00:00,0.80868,0.80868,0.80818,0.80821
2026-07-08 12:45:00+00:00,0.80824,0.8089,0.80793,0.80876
2026-07-08 13:00:00+00:00,0.80874,0.80902,0.80856,0.80876
2026-07-08 13:15:00+00:00,0.80883,0.80928,0.80883,0.80901
2026-07-08 13:30:00+00:00,0.80904,0.8091,0.80863,0.80896
2026-07-08 13:45:00+00:00,0.80894,0.80921,0.80869,0.80907
2026-07-08 14:00:00+00:00,0.80905,0.80921,0.80866,0.80908
2026-07-08 14:15:00+00:00,0.80909,0.80923,0.80858,0.80881
2026-07-08 14:30:00+00:00,0.80883,0.80923,0.80883,0.80895
2026-07-08 14:45:00+00:00,0.8089,0.80927,0.8089,0.80914
2026-07-08 15:00:00+00:00,0.80918,0.80942,0.80885,0.80937
2026-07-08 15:15:00+00:00,0.80931,0.8098,0.80931,0.80977
2026-07-08 15:30:00+00:00,0.80973,0.81074,0.80973,0.81074
2026-07-08 15:45:00+00:00,0.81071,0.81084,0.81036,0.81056
2026-07-08 16:00:00+00:00,0.81054,0.81058,0.81008,0.81009
2026-07-08 16:15:00+00:00,0.81011,0.81045,0.80973,0.80975
2026-07-08 16:30:00+00:00,0.80982,0.80992,0.80917,0.80919
2026-07-08 16:45:00+00:00,0.80923,0.80923,0.80888,0.809
2026-07-08 17:00:00+00:00,0.80896,0.80896,0.80816,0.80823
2026-07-08 17:15:00+00:00,0.80825,0.80834,0.80796,0.80797
2026-07-08 17:30:00+00:00,0.808,0.80827,0.80783,0.80824
2026-07-08 17:45:00+00:00,0.80818,0.80846,0.80818,0.80845
2026-07-08 18:00:00+00:00,0.80843,0.80856,0.80777,0.80778
2026-07-08 18:15:00+00:00,0.80779,0.80796,0.80768,0.80777
2026-07-08 18:30:00+00:00,0.80779,0.80797,0.80761,0.80767
2026-07-08 18:45:00+00:00,0.80766,0.80771,0.80753,0.80767
2026-07-08 19:00:00+00:00,0.80765,0.80779,0.80721,0.80735
2026-07-08 19:15:00+00:00,0.80734,0.80754,0.80734,0.8075
2026-07-08 19:30:00+00:00,0.80748,0.80755,0.80726,0.80749
2026-07-08 19:45:00+00:00,0.80749,0.80807,0.80749,0.80784
2026-07-08 20:00:00+00:00,0.80783,0.80798,0.80776,0.80797
2026-07-08 20:15:00+00:00,0.80793,0.80832,0.80793,0.8083
2026-07-08 20:30:00+00:00,0.80827,0.80875,0.80827,0.80848
2026-07-08 20:45:00+00:00,0.80851,0.80873,0.80849,0.80855
2026-07-08 21:00:00+00:00,0.80854,0.80856,0.80834,0.80854
2026-07-08 21:15:00+00:00,0.80851,0.80853,0.80834,0.80847
2026-07-08 21:30:00+00:00,0.80845,0.80885,0.80834,0.80866
2026-07-08 21:45:00+00:00,0.80861,0.80882,0.80799,0.80859
2026-07-08 22:00:00+00:00,0.80849,0.80868,0.80832,0.80834
2026-07-08 22:15:00+00:00,0.80832,0.80842,0.80827,0.8084
2026-07-08 22:30:00+00:00,0.80839,0.8084,0.80821,0.80825
2026-07-08 22:45:00+00:00,0.80826,0.8083,0.80821,0.80822
2026-07-08 23:00:00+00:00,0.80823,0.80838,0.80815,0.80836
2026-07-08 23:15:00+00:00,0.80834,0.8084,0.80833,0.80837
2026-07-08 23:30:00+00:00,0.80835,0.8084,0.80825,0.80829
2026-07-08 23:45:00+00:00,0.80829,0.80834,0.8081,0.80817
2026-07-09 00:00:00+00:00,0.80814,0.80817,0.80739,0.80744
2026-07-09 00:15:00+00:00,0.80741,0.8076,0.80729,0.8073
2026-07-09 00:30:00+00:00,0.80729,0.8075,0.80712,0.80745
2026-07-09 00:45:00+00:00,0.80739,0.80778,0.80739,0.80756
2026-07-09 01:00:00+00:00,0.80756,0.80766,0.80737,0.80766
2026-07-09 01:15:00+00:00,0.80763,0.80789,0.8076,0.80786
2026-07-09 01:30:00+00:00,0.80779,0.80795,0.80746,0.80769
2026-07-09 01:45:00+00:00,0.80766,0.80774,0.80748,0.80751
2026-07-09 02:00:00+00:00,0.80755,0.80755,0.80729,0.80747
2026-07-09 02:15:00+00:00,0.80745,0.80747,0.8073,0.80744
2026-07-09 02:30:00+00:00,0.80742,0.80777,0.80742,0.8077
2026-07-09 02:45:00+00:00,0.80771,0.80774,0.80746,0.80767
2026-07-09 03:00:00+00:00,0.80766,0.80766,0.80742,0.80752
2026-07-09 03:15:00+00:00,0.8075,0.80759,0.8073,0.80738
2026-07-09 03:30:00+00:00,0.80736,0.80736,0.80697,0.80717
2026-07-09 03:45:00+00:00,0.80713,0.8073,0.80703,0.80721
2026-07-09 04:00:00+00:00,0.80721,0.80737,0.80717,0.8073
2026-07-09 04:15:00+00:00,0.8073,0.80747,0.80722,0.8073
2026-07-09 04:30:00+00:00,0.80728,0.80733,0.80713,0.80732
2026-07-09 04:45:00+00:00,0.80731,0.80734,0.80712,0.80714
2026-07-09 05:00:00+00:00,0.80714,0.80722,0.80676,0.80678
2026-07-09 05:15:00+00:00,0.8068,0.80723,0.80673,0.8068
2026-07-09 05:30:00+00:00,0.80681,0.80699,0.80665,0.80698
2026-07-09 05:45:00+00:00,0.80696,0.80696,0.80655,0.80672
2026-07-09 06:00:00+00:00,0.80674,0.80691,0.80627,0.80645
2026-07-09 06:15:00+00:00,0.80646,0.80646,0.80538,0.80557
2026-07-09 06:30:00+00:00,0.80555,0.8062,0.80538,0.80604
2026-07-09 06:45:00+00:00,0.80611,0.80611,0.80572,0.80605
2026-07-09 07:00:00+00:00,0.80604,0.80681,0.80594,0.8068
2026-07-09 07:15:00+00:00,0.80679,0.80682,0.80658,0.80666
2026-07-09 07:30:00+00:00,0.80664,0.80691,0.80663,0.80678
2026-07-09 07:45:00+00:00,0.80677,0.80687,0.80648,0.80651
2026-07-09 08:00:00+00:00,0.80655,0.80655,0.80605,0.80624
2026-07-09 08:15:00+00:00,0.8062,0.80636,0.80588,0.80619
2026-07-09 08:30:00+00:00,0.80618,0.80672,0.80611,0.80662
2026-07-09 08:45:00+00:00,0.80656,0.80712,0.80632,0.80709
2026-07-09 09:00:00+00:00,0.80703,0.80758,0.80698,0.80739
2026-07-09 09:15:00+00:00,0.80747,0.80769,0.80743,0.80745
2026-07-09 09:30:00+00:00,0.80747,0.80757,0.80734,0.80737
2026-07-09 09:45:00+00:00,0.80738,0.80742,0.80681,0.80684
2026-07-09 10:00:00+00:00,0.80689,0.80728,0.80685,0.80726
2026-07-09 10:15:00+00:00,0.80723,0.80746,0.80723,0.80741
2026-07-09 10:30:00+00:00,0.80737,0.80744,0.80686,0.80718
2026-07-09 10:45:00+00:00,0.80716,0.80781,0.80713,0.80771
2026-07-09 11:00:00+00:00,0.80773,0.80787,0.8076,0.80763
2026-07-09 11:15:00+00:00,0.80766,0.80789,0.80752,0.80786
2026-07-09 11:30:00+00:00,0.80784,0.80794,0.80748,0.8077
2026-07-09 11:45:00+00:00,0.80768,0.80777,0.80731,0.80741
2026-07-09 12:00:00+00:00,0.8074,0.8074,0.80668,0.80669
2026-07-09 12:15:00+00:00,0.80672,0.80711,0.80667,0.8071
2026-07-09 12:30:00+00:00,0.80707,0.80728,0.80687,0.80725
2026-07-09 12:45:00+00:00,0.80716,0.80775,0.80716,0.80773
2026-07-09 13:00:00+00:00,0.80769,0.80773,0.80711,0.80732
2026-07-09 13:15:00+00:00,0.8073,0.80737,0.80683,0.80719
2026-07-09 13:30:00+00:00,0.80718,0.80734,0.80706,0.80708
2026-07-09 13:45:00+00:00,0.80707,0.80741,0.80684,0.80686
2026-07-09 14:00:00+00:00,0.80687,0.80693,0.80599,0.80666
2026-07-09 14:15:00+00:00,0.80661,0.80691,0.80653,0.80667
2026-07-09 14:30:00+00:00,0.80668,0.80705,0.80663,0.80705
2026-07-09 14:45:00+00:00,0.80703,0.80739,0.80684,0.8069
2026-07-09 15:00:00+00:00,0.80702,0.80719,0.80653,0.80693
2026-07-09 15:15:00+00:00,0.80686,0.80713,0.80662,0.80666
2026-07-09 15:30:00+00:00,0.80667,0.80702,0.80666,0.8067
2026-07-09 15:45:00+00:00,0.80677,0.80677,0.80638,0.80644
2026-07-09 16:00:00+00:00,0.80642,0.80651,0.80635,0.80639
2026-07-09 16:15:00+00:00,0.80644,0.80664,0.80603,0.80643
2026-07-09 16:30:00+00:00,0.80646,0.80666,0.80624,0.80633
2026-07-09 16:45:00+00:00,0.80632,0.80657,0.80619,0.80656
2026-07-09 17:00:00+00:00,0.80653,0.80659,0.80635,0.80641
2026-07-09 17:15:00+00:00,0.8064,0.8064,0.80584,0.80605
2026-07-09 17:30:00+00:00,0.80606,0.8063,0.80586,0.80618
2026-07-09 17:45:00+00:00,0.80617,0.80627,0.80605,0.80626
2026-07-09 18:00:00+00:00,0.80624,0.80636,0.80612,0.80634
2026-07-09 18:15:00+00:00,0.80633,0.80664,0.80629,0.80662
2026-07-09 18:30:00+00:00,0.80659,0.80682,0.80658,0.80659
2026-07-09 18:45:00+00:00,0.8066,0.80675,0.80642,0.80659
2026-07-09 19:00:00+00:00,0.80655,0.80695,0.80655,0.80692
2026-07-09 19:15:00+00:00,0.80691,0.80711,0.80678,0.80703
2026-07-09 19:30:00+00:00,0.80705,0.80717,0.8069,0.80703
2026-07-09 19:45:00+00:00,0.80702,0.80714,0.80698,0.80707
2026-07-09 20:00:00+00:00,0.8071,0.8071,0.80684,0.8069
2026-07-09 20:15:00+00:00,0.80689,0.80689,0.80672,0.80677
2026-07-09 20:30:00+00:00,0.80676,0.8068,0.80668,0.80678
2026-07-09 20:45:00+00:00,0.80674,0.80707,0.80674,0.80707
2026-07-09 21:00:00+00:00,0.80705,0.80713,0.80633,0.80679
2026-07-09 21:15:00+00:00,0.80676,0.8075,0.80662,0.80668
2026-07-09 21:30:00+00:00,0.80665,0.80687,0.80665,0.80678
2026-07-09 21:45:00+00:00,0.80678,0.80699,0.80668,0.8069
2026-07-09 22:00:00+00:00,0.80688,0.80707,0.80677,0.8068
2026-07-09 22:15:00+00:00,0.80678,0.8068,0.8067,0.8067
2026-07-09 22:30:00+00:00,0.80671,0.80678,0.80667,0.80668
2026-07-09 22:45:00+00:00,0.80669,0.80672,0.80657,0.80665
2026-07-09 23:00:00+00:00,0.80661,0.80669,0.80657,0.8066
2026-07-09 23:15:00+00:00,0.80658,0.80677,0.80657,0.80673
2026-07-09 23:30:00+00:00,0.80672,0.80675,0.80664,0.80664
2026-07-09 23:45:00+00:00,0.80664,0.80671,0.8066,0.80664
2026-07-10 00:00:00+00:00,0.80665,0.80669,0.80649,0.80666
2026-07-10 00:15:00+00:00,0.80663,0.80683,0.80663,0.80679
2026-07-10 00:30:00+00:00,0.80676,0.80691,0.80633,0.80635
2026-07-10 00:45:00+00:00,0.80638,0.80638,0.80553,0.80555
2026-07-10 01:00:00+00:00,0.80558,0.80591,0.80519,0.80522
2026-07-10 01:15:00+00:00,0.80529,0.80529,0.80477,0.80521
2026-07-10 01:30:00+00:00,0.80518,0.8052,0.80483,0.80487
2026-07-10 01:45:00+00:00,0.80489,0.80502,0.80438,0.80443
2026-07-10 02:00:00+00:00,0.80442,0.80457,0.80387,0.80394
2026-07-10 02:15:00+00:00,0.80392,0.80392,0.80346,0.80365
2026-07-10 02:30:00+00:00,0.80357,0.80376,0.80344,0.80345
2026-07-10 02:45:00+00:00,0.80346,0.80346,0.80315,0.8033
2026-07-10 03:00:00+00:00,0.8033,0.80359,0.80325,0.80358
2026-07-10 03:15:00+00:00,0.80354,0.80371,0.80349,0.80352
2026-07-10 03:30:00+00:00,0.80356,0.80358,0.8033,0.80349
2026-07-10 03:45:00+00:00,0.80346,0.80397,0.80346,0.80389
2026-07-10 04:00:00+00:00,0.80391,0.8042,0.8039,0.80419
2026-07-10 04:15:00+00:00,0.80418,0.80444,0.80405,0.80433
2026-07-10 04:30:00+00:00,0.80434,0.80461,0.80434,0.80458
2026-07-10 04:45:00+00:00,0.80453,0.80486,0.80453,0.80479
2026-07-10 05:00:00+00:00,0.80479,0.80479,0.80439,0.80458
2026-07-10 05:15:00+00:00,0.80459,0.80488,0.80459,0.80479
2026-07-10 05:30:00+00:00,0.80481,0.80517,0.80474,0.80499
2026-07-10 05:45:00+00:00,0.80501,0.80506,0.80468,0.8049
2026-07-10 06:00:00+00:00,0.80489,0.80489,0.80447,0.80454
2026-07-10 06:15:00+00:00,0.80453,0.80477,0.80439,0.80467
2026-07-10 06:30:00+00:00,0.80458,0.80516,0.80458,0.80514
2026-07-10 06:45:00+00:00,0.80508,0.80532,0.80497,0.80498
2026-07-10 07:00:00+00:00,0.805,0.80555,0.80494,0.80555
2026-07-10 07:15:00+00:00,0.80554,0.80569,0.80539,0.80552
2026-07-10 07:30:00+00:00,0.8056,0.80562,0.80525,0.80526
2026-07-10 07:45:00+00:00,0.80527,0.80556,0.80514,0.80545
2026-07-10 08:00:00+00:00,0.80541,0.80563,0.805,0.8054
2026-07-10 08:15:00+00:00,0.80533,0.80604,0.80533,0.80604
2026-07-10 08:30:00+00:00,0.80602,0.80638,0.80586,0.80611
2026-07-10 08:45:00+00:00,0.80624,0.80639,0.80598,0.80637
2026-07-10 09:00:00+00:00,0.80634,0.80649,0.80622,0.80639
2026-07-10 09:15:00+00:00,0.8064,0.80653,0.80618,0.80651
2026-07-10 09:30:00+00:00,0.8065,0.80655,0.80611,0.80653
2026-07-10 09:45:00+00:00,0.80645,0.80689,0.80645,0.80679
2026-07-10 10:00:00+00:00,0.80674,0.80692,0.8066,0.80661
2026-07-10 10:15:00+00:00,0.80663,0.80672,0.80633,0.80639
2026-07-10 10:30:00+00:00,0.80642,0.8066,0.80628,0.80659
2026-07-10 10:45:00+00:00,0.80656,0.80691,0.80644,0.80645
2026-07-10 11:00:00+00:00,0.80646,0.80693,0.80646,0.80677
2026-07-10 11:15:00+00:00,0.8068,0.80711,0.80679,0.80693
2026-07-10 11:30:00+00:00,0.80696,0.80719,0.80688,0.80692
2026-07-10 11:45:00+00:00,0.80695,0.80698,0.80671,0.80687
2026-07-10 12:00:00+00:00,0.80689,0.80725,0.80641,0.80655
2026-07-10 12:15:00+00:00,0.80672,0.80696,0.80618,0.80693
2026-07-10 12:30:00+00:00,0.80688,0.80744,0.80688,0.80715
2026-07-10 12:45:00+00:00,0.80714,0.80764,0.8071,0.80716
2026-07-10 13:00:00+00:00,0.80727,0.80778,0.80704,0.80758
2026-07-10 13:15:00+00:00,0.8076,0.80792,0.80751,0.80791
2026-07-10 13:30:00+00:00,0.80789,0.80818,0.80731,0.80733
2026-07-10 13:45:00+00:00,0.80733,0.80795,0.80727,0.80794
2026-07-10 14:00:00+00:00,0.80788,0.80826,0.80788,0.80807
2026-07-10 14:15:00+00:00,0.80809,0.80814,0.8076,0.8076
2026-07-10 14:30:00+00:00,0.80761,0.80861,0.80746,0.80792
2026-07-10 14:45:00+00:00,0.80794,0.80823,0.80748,0.80795
2026-07-10 15:00:00+00:00,0.808,0.80801,0.80743,0.8075
2026-07-10 15:15:00+00:00,0.80747,0.80754,0.80668,0.80685
2026-07-10 15:30:00+00:00,0.8068,0.80694,0.80666,0.80688
2026-07-10 15:45:00+00:00,0.80684,0.80692,0.80628,0.80633
2026-07-10 16:00:00+00:00,0.80643,0.80651,0.8062,0.80623
2026-07-10 16:15:00+00:00,0.80625,0.80655,0.80602,0.80636
2026-07-10 16:30:00+00:00,0.80634,0.80666,0.8063,0.80663
2026-07-10 16:45:00+00:00,0.80657,0.80708,0.80657,0.80705
2026-07-10 17:00:00+00:00,0.80693,0.80753,0.80693,0.80747
2026-07-10 17:15:00+00:00,0.80743,0.80779,0.80743,0.80767
2026-07-10 17:30:00+00:00,0.80769,0.80804,0.80751,0.80802
2026-07-10 17:45:00+00:00,0.80801,0.80821,0.80785,0.80821
2026-07-10 18:00:00+00:00,0.80817,0.80849,0.80809,0.80837
2026-07-10 18:15:00+00:00,0.80836,0.80858,0.80826,0.80857
2026-07-10 18:30:00+00:00,0.80855,0.80885,0.80851,0.80884
2026-07-10 18:45:00+00:00,0.80881,0.80887,0.80857,0.80871
2026-07-10 19:00:00+00:00,0.80869,0.80881,0.80832,0.80879
2026-07-10 19:15:00+00:00,0.80877,0.80877,0.80854,0.80869
2026-07-10 19:30:00+00:00,0.80868,0.80877,0.80862,0.80864
2026-07-10 19:45:00+00:00,0.80868,0.8089,0.8086,0.80862
2026-07-10 20:00:00+00:00,0.80865,0.80876,0.80845,0.80875
2026-07-10 20:15:00+00:00,0.80871,0.80881,0.80849,0.80878
2026-07-10 20:30:00+00:00,0.80874,0.80895,0.80873,0.80884
2026-07-10 20:45:00+00:00,0.80884,0.80885,0.80845,0.80851
2026-07-10 21:00:00+00:00,0.80848,0.80865,0.80835,0.80864
2026-07-10 21:15:00+00:00,0.80862,0.80865,0.80854,0.80861
2026-07-10 21:30:00+00:00,0.80861,0.80865,0.80846,0.80857
2026-07-10 21:45:00+00:00,0.80857,0.80866,0.80852,0.80862
2026-07-10 22:00:00+00:00,0.80861,0.80873,0.80761,0.80871
2026-07-10 22:15:00+00:00,0.80866,0.80872,0.80847,0.80851
2026-07-10 22:30:00+00:00,0.80854,0.8087,0.80846,0.80864
2026-07-10 22:45:00+00:00,0.8086,0.80869,0.80846,0.80852
2026-07-10 23:00:00+00:00,0.80854,0.80869,0.80765,0.80867
2026-07-10 23:15:00+00:00,0.80863,0.8087,0.80846,0.80852
2026-07-10 23:30:00+00:00,0.80854,0.8087,0.80833,0.80867
2026-07-10 23:45:00+00:00,0.80863,0.80873,0.80847,0.80853
2026-07-11 00:00:00+00:00,0.80856,0.80868,0.8083,0.80833
2026-07-11 00:15:00+00:00,0.80831,0.80835,0.80829,0.80832
2026-07-11 00:30:00+00:00,0.8083,0.80834,0.80829,0.80829
2026-07-11 00:45:00+00:00,0.8083,0.80834,0.80829,0.8083
2026-07-11 01:00:00+00:00,0.8083,0.80834,0.80829,0.80832
2026-07-11 01:15:00+00:00,0.8083,0.80835,0.80829,0.80831
2026-07-11 01:30:00+00:00,0.8083,0.80835,0.80829,0.80831
2026-07-11 01:45:00+00:00,0.80832,0.80834,0.80829,0.8083
2026-07-11 02:00:00+00:00,0.8083,0.80835,0.80829,0.80832
2026-07-11 02:15:00+00:00,0.8083,0.80834,0.80829,0.80832
2026-07-11 02:30:00+00:00,0.8083,0.80834,0.80829,0.8083
2026-07-11 02:45:00+00:00,0.8083,0.80835,0.80829,0.8083
2026-07-11 03:00:00+00:00,0.80831,0.80834,0.80829,0.80831
2026-07-11 03:15:00+00:00,0.8083,0.80836,0.80827,0.80832
2026-07-11 03:30:00+00:00,0.8083,0.80834,0.80829,0.8083
2026-07-11 03:45:00+00:00,0.8083,0.80834,0.80829,0.80829
2026-07-11 04:00:00+00:00,0.8083,0.80834,0.80829,0.80832
2026-07-11 04:15:00+00:00,0.80831,0.80847,0.80797,0.80829
2026-07-11 04:30:00+00:00,0.80827,0.80834,0.80791,0.80826
2026-07-11 04:45:00+00:00,0.80823,0.80833,0.80823,0.80829
2026-07-11 05:00:00+00:00,0.8083,0.80837,0.80826,0.80832
2026-07-11 05:15:00+00:00,0.8083,0.80834,0.80829,0.80832
2026-07-11 05:30:00+00:00,0.80831,0.80834,0.80829,0.80831
2026-07-11 05:45:00+00:00,0.8083,0.80834,0.80829,0.8083
2026-07-11 06:00:00+00:00,0.8083,0.80834,0.80829,0.8083
2026-07-11 06:15:00+00:00,0.8083,0.80834,0.80829,0.80832
2026-07-11 06:30:00+00:00,0.8083,0.80836,0.80829,0.80834
2026-07-11 06:45:00+00:00,0.80833,0.80834,0.80829,0.8083
2026-07-11 07:00:00+00:00,0.8083,0.80834,0.80829,0.8083
2026-07-11 07:15:00+00:00,0.8083,0.80833,0.80829,0.80832
2026-07-11 07:30:00+00:00,0.8083,0.80835,0.80829,0.80831
2026-07-11 07:45:00+00:00,0.8083,0.80837,0.80829,0.80831
2026-07-11 08:00:00+00:00,0.80831,0.80834,0.80829,0.8083
2026-07-11 08:15:00+00:00,0.8083,0.80836,0.80829,0.80832
2026-07-11 08:30:00+00:00,0.8083,0.80834,0.80829,0.80832
2026-07-11 08:45:00+00:00,0.8083,0.80834,0.80829,0.8083
2026-07-11 09:00:00+00:00,0.8083,0.80835,0.80829,0.80831
2026-07-11 09:15:00+00:00,0.80831,0.80834,0.80829,0.80831
2026-07-11 09:30:00+00:00,0.8083,0.80834,0.80829,0.80832
2026-07-11 09:45:00+00:00,0.8083,0.80834,0.80829,0.8083
2026-07-11 10:00:00+00:00,0.8083,0.80836,0.80829,0.80829
2026-07-11 10:15:00+00:00,0.8083,0.80835,0.80829,0.80832
2026-07-11 10:30:00+00:00,0.80831,0.80839,0.80829,0.80832
2026-07-11 10:45:00+00:00,0.8083,0.80834,0.80829,0.80831
2026-07-11 11:00:00+00:00,0.8083,0.80834,0.80829,0.80829
2026-07-11 11:15:00+00:00,0.8083,0.80838,0.80829,0.80832
2026-07-11 11:30:00+00:00,0.8083,0.80836,0.80829,0.80835
2026-07-11 11:45:00+00:00,0.80833,0.80837,0.80832,0.80834
2026-07-11 12:00:00+00:00,0.80833,0.80843,0.80832,0.80842
2026-07-11 12:15:00+00:00,0.8084,0.80843,0.80838,0.8084
2026-07-11 12:30:00+00:00,0.8084,0.80843,0.80838,0.80841
2026-07-11 12:45:00+00:00,0.80839,0.80843,0.80837,0.80839
2026-07-11 13:00:00+00:00,0.80838,0.80841,0.80837,0.80837
2026-07-11 13:15:00+00:00,0.80838,0.80841,0.80836,0.80837
2026-07-11 13:30:00+00:00,0.80838,0.80841,0.80836,0.80839
2026-07-11 13:45:00+00:00,0.80838,0.80841,0.80835,0.80838
2026-07-11 14:00:00+00:00,0.80836,0.80842,0.80835,0.80841
2026-07-11 14:15:00+00:00,0.8084,0.80843,0.80838,0.80839
2026-07-11 14:30:00+00:00,0.8084,0.80843,0.80837,0.80839
2026-07-11 14:45:00+00:00,0.80838,0.80842,0.80837,0.8084
2026-07-11 15:00:00+00:00,0.80838,0.80841,0.80837,0.80838
2026-07-11 15:15:00+00:00,0.80838,0.80841,0.80835,0.80836
2026-07-11 15:30:00+00:00,0.80836,0.8084,0.80835,0.80838
2026-07-11 15:45:00+00:00,0.80836,0.8084,0.80834,0.80837
2026-07-11 16:00:00+00:00,0.80835,0.80843,0.80833,0.80842
2026-07-11 16:15:00+00:00,0.8084,0.80843,0.80837,0.80838
2026-07-11 16:30:00+00:00,0.80838,0.80842,0.80837,0.80839
2026-07-11 16:45:00+00:00,0.80838,0.80841,0.80794,0.80829
2026-07-11 17:00:00+00:00,0.80826,0.80834,0.80824,0.80833
2026-07-11 17:15:00+00:00,0.80831,0.80834,0.8083,0.8083
2026-07-11 17:30:00+00:00,0.80831,0.80834,0.8083,0.80831
2026-07-11 17:45:00+00:00,0.80831,0.80835,0.8083,0.80833
2026-07-11 18:00:00+00:00,0.80831,0.8084,0.80826,0.80839
2026-07-11 18:15:00+00:00,0.80837,0.8084,0.80836,0.80837
2026-07-11 18:30:00+00:00,0.80837,0.80841,0.80836,0.80837
2026-07-11 18:45:00+00:00,0.80837,0.80843,0.80834,0.80843
2026-07-11 19:00:00+00:00,0.80841,0.80844,0.80838,0.80842
2026-07-11 19:15:00+00:00,0.80841,0.80842,0.80838,0.80839
2026-07-11 19:30:00+00:00,0.80839,0.80842,0.80836,0.80837
2026-07-11 19:45:00+00:00,0.80837,0.80841,0.80836,0.80839
2026-07-11 20:00:00+00:00,0.80837,0.80841,0.80836,0.80839
2026-07-11 20:15:00+00:00,0.80837,0.80841,0.80836,0.80837
2026-07-11 20:30:00+00:00,0.80837,0.8084,0.80835,0.80836
2026-07-11 20:45:00+00:00,0.80836,0.8084,0.80834,0.80836
2026-07-11 21:00:00+00:00,0.80835,0.80839,0.80834,0.80837
2026-07-11 21:15:00+00:00,0.80835,0.80839,0.80833,0.80836
2026-07-11 21:30:00+00:00,0.80834,0.80839,0.80833,0.80834
2026-07-11 21:45:00+00:00,0.80835,0.80851,0.80812,0.80821
2026-07-11 22:00:00+00:00,0.8082,0.80825,0.80819,0.80824
2026-07-11 22:15:00+00:00,0.80822,0.80826,0.80821,0.80823
2026-07-11 22:30:00+00:00,0.80822,0.80828,0.8082,0.80823
2026-07-11 22:45:00+00:00,0.80824,0.80828,0.80823,0.80824
2026-07-11 23:00:00+00:00,0.80824,0.80829,0.80824,0.80827
2026-07-11 23:15:00+00:00,0.80825,0.80835,0.80824,0.80832
2026-07-11 23:30:00+00:00,0.80831,0.80835,0.8083,0.80831
2026-07-11 23:45:00+00:00,0.80831,0.80835,0.8083,0.80831
2026-07-12 00:00:00+00:00,0.80831,0.80835,0.8083,0.80833
2026-07-12 00:15:00+00:00,0.80831,0.80835,0.8083,0.80832
2026-07-12 00:30:00+00:00,0.80831,0.80834,0.80791,0.80809
2026-07-12 00:45:00+00:00,0.8081,0.80813,0.80808,0.80809
2026-07-12 01:00:00+00:00,0.8081,0.80828,0.80807,0.80825
2026-07-12 01:15:00+00:00,0.80823,0.80827,0.80822,0.80825
2026-07-12 01:30:00+00:00,0.80823,0.80828,0.80822,0.80825
2026-07-12 01:45:00+00:00,0.80825,0.8083,0.80824,0.80826
2026-07-12 02:00:00+00:00,0.80826,0.8083,0.80825,0.80827
2026-07-12 02:15:00+00:00,0.80826,0.80831,0.80825,0.80829
2026-07-12 02:30:00+00:00,0.80827,0.80831,0.80826,0.80827
2026-07-12 02:45:00+00:00,0.80827,0.80836,0.80826,0.80832
2026-07-12 03:00:00+00:00,0.80832,0.80836,0.80831,0.80833
2026-07-12 03:15:00+00:00,0.80832,0.80836,0.80831,0.80834
2026-07-12 03:30:00+00:00,0.80832,0.80835,0.80831,0.80832
2026-07-12 03:45:00+00:00,0.80832,0.80835,0.80831,0.80831
2026-07-12 04:00:00+00:00,0.80832,0.80835,0.80831,0.80832
2026-07-12 04:15:00+00:00,0.80832,0.80838,0.8083,0.80836
2026-07-12 04:30:00+00:00,0.80834,0.80838,0.80833,0.80835
2026-07-12 04:45:00+00:00,0.80834,0.80838,0.80833,0.80833
2026-07-12 05:00:00+00:00,0.80834,0.80837,0.80833,0.80834
2026-07-12 05:15:00+00:00,0.80834,0.80837,0.80832,0.80835
2026-07-12 05:30:00+00:00,0.80833,0.80837,0.80832,0.80834
2026-07-12 05:45:00+00:00,0.80833,0.80836,0.80832,0.80832
2026-07-12 06:00:00+00:00,0.80833,0.80839,0.80832,0.80835
2026-07-12 06:15:00+00:00,0.80835,0.80839,0.80834,0.80837
2026-07-12 06:30:00+00:00,0.80835,0.80838,0.80833,0.80836
2026-07-12 06:45:00+00:00,0.80834,0.80838,0.80833,0.80833
2026-07-12 07:00:00+00:00,0.80834,0.80837,0.80832,0.80834
2026-07-12 07:15:00+00:00,0.80834,0.80837,0.80832,0.80835
2026-07-12 07:30:00+00:00,0.80833,0.80837,0.80832,0.80835
2026-07-12 07:45:00+00:00,0.80833,0.80839,0.80833,0.80835
2026-07-12 08:00:00+00:00,0.80835,0.80839,0.80833,0.80834
2026-07-12 08:15:00+00:00,0.80834,0.80838,0.80833,0.80836
2026-07-12 08:30:00+00:00,0.80834,0.80838,0.80833,0.80835
2026-07-12 08:45:00+00:00,0.80834,0.80837,0.80833,0.80834
2026-07-12 09:00:00+00:00,0.80834,0.80837,0.80832,0.80833
2026-07-12 09:15:00+00:00,0.80833,0.80838,0.80832,0.80837
2026-07-12 09:30:00+00:00,0.80835,0.80839,0.80834,0.80837
2026-07-12 09:45:00+00:00,0.80835,0.80839,0.80833,0.80835
2026-07-12 10:00:00+00:00,0.80834,0.80838,0.80833,0.80834
2026-07-12 10:15:00+00:00,0.80834,0.80838,0.80833,0.80836
2026-07-12 10:30:00+00:00,0.80834,0.80838,0.80833,0.80836
2026-07-12 10:45:00+00:00,0.80834,0.80838,0.80833,0.80835
2026-07-12 11:00:00+00:00,0.80834,0.80838,0.80833,0.80834
2026-07-12 11:15:00+00:00,0.80834,0.80838,0.80833,0.80836
2026-07-12 11:30:00+00:00,0.80834,0.80838,0.80833,0.80836
2026-07-12 11:45:00+00:00,0.80834,0.80838,0.80833,0.80835
2026-07-12 12:00:00+00:00,0.80834,0.80838,0.80833,0.80834
2026-07-12 12:15:00+00:00,0.80834,0.80838,0.80833,0.80834
2026-07-12 12:30:00+00:00,0.80834,0.80842,0.80833,0.80841
2026-07-12 12:45:00+00:00,0.8084,0.80843,0.80837,0.8084
2026-07-12 13:00:00+00:00,0.80838,0.80842,0.80837,0.80838
2026-07-12 13:15:00+00:00,0.80838,0.80842,0.80794,0.80814
2026-07-12 13:30:00+00:00,0.80814,0.80817,0.80813,0.80815
2026-07-12 13:45:00+00:00,0.80814,0.80822,0.80813,0.80819
2026-07-12 14:00:00+00:00,0.80818,0.80857,0.80813,0.8084
2026-07-12 14:15:00+00:00,0.80841,0.80845,0.8084,0.80841
2026-07-12 14:30:00+00:00,0.80841,0.80844,0.80838,0.80841
2026-07-12 14:45:00+00:00,0.8084,0.80843,0.80838,0.80841
2026-07-12 15:00:00+00:00,0.80839,0.80842,0.80836,0.80838
2026-07-12 15:15:00+00:00,0.80838,0.80841,0.80836,0.80836
2026-07-12 15:30:00+00:00,0.80837,0.8084,0.80836,0.80838
2026-07-12 15:45:00+00:00,0.80837,0.8084,0.80836,0.80839
2026-07-12 16:00:00+00:00,0.80837,0.80846,0.80823,0.80828
2026-07-12 16:15:00+00:00,0.80827,0.80832,0.80827,0.80828
2026-07-12 16:30:00+00:00,0.80829,0.80839,0.80823,0.80837
2026-07-12 16:45:00+00:00,0.80835,0.80839,0.80834,0.80837
2026-07-12 17:00:00+00:00,0.80835,0.80848,0.80829,0.80834
2026-07-12 17:15:00+00:00,0.80833,0.80842,0.80831,0.80838
2026-07-12 17:30:00+00:00,0.80839,0.80846,0.80833,0.80844
2026-07-12 17:45:00+00:00,0.80842,0.80846,0.8084,0.80842
2026-07-12 18:00:00+00:00,0.80841,0.80851,0.80836,0.80849
2026-07-12 18:15:00+00:00,0.80848,0.8085,0.80745,0.808
2026-07-12 18:30:00+00:00,0.80789,0.80789,0.80736,0.80759
2026-07-12 18:45:00+00:00,0.80762,0.80771,0.80754,0.80757
2026-07-12 19:00:00+00:00,0.80755,0.80843,0.80729,0.80821
2026-07-12 19:15:00+00:00,0.80822,0.80855,0.80809,0.80853
2026-07-12 19:30:00+00:00,0.8085,0.80863,0.80811,0.80842
2026-07-12 19:45:00+00:00,0.80837,0.8085,0.80817,0.8082
2026-07-12 20:00:00+00:00,0.80825,0.80825,0.80806,0.80819
2026-07-12 20:15:00+00:00,0.8082,0.80825,0.80803,0.80805
2026-07-12 20:30:00+00:00,0.80807,0.80833,0.80793,0.80821
2026-07-12 20:45:00+00:00,0.80817,0.80827,0.80784,0.8081
2026-07-12 21:00:00+00:00,0.8081,0.8081,0.80754,0.80785
2026-07-12 21:15:00+00:00,0.80785,0.80815,0.80763,0.80796
2026-07-12 21:30:00+00:00,0.80798,0.80838,0.80789,0.80834
2026-07-12 21:45:00+00:00,0.80834,0.80892,0.80814,0.80885
2026-07-12 22:00:00+00:00,0.80884,0.81024,0.80878,0.81023
2026-07-12 22:15:00+00:00,0.8102,0.81021,0.8098,0.80981
2026-07-12 22:30:00+00:00,0.80983,0.80994,0.80973,0.80993
2026-07-12 22:45:00+00:00,0.8099,0.80997,0.80972,0.80994
2026-07-12 23:00:00+00:00,0.80993,0.81038,0.80992,0.81025
2026-07-12 23:15:00+00:00,0.81026,0.81026,0.8098,0.80988
2026-07-12 23:30:00+00:00,0.80986,0.81001,0.80975,0.8098
2026-07-12 23:45:00+00:00,0.8098,0.80983,0.80953,0.80955
2026-07-13 00:00:00+00:00,0.80957,0.80981,0.80936,0.80981
2026-07-13 00:15:00+00:00,0.80979,0.81013,0.80949,0.8096
2026-07-13 00:30:00+00:00,0.8096,0.81012,0.80947,0.81009
2026-07-13 00:45:00+00:00,0.81005,0.81025,0.80986,0.81016
2026-07-13 01:00:00+00:00,0.81019,0.81063,0.81019,0.81051
2026-07-13 01:15:00+00:00,0.81051,0.81081,0.81042,0.81067
2026-07-13 01:30:00+00:00,0.81069,0.81069,0.81018,0.81025
2026-07-13 01:45:00+00:00,0.81026,0.81031,0.80994,0.80998
2026-07-13 02:00:00+00:00,0.81002,0.81028,0.80982,0.81027
2026-07-13 02:15:00+00:00,0.81026,0.81028,0.81014,0.8102
2026-07-13 02:30:00+00:00,0.81019,0.81019,0.80988,0.80995
2026-07-13 02:45:00+00:00,0.80994,0.81022,0.80987,0.81019
2026-07-13 03:00:00+00:00,0.81019,0.81059,0.81018,0.81047
2026-07-13 03:15:00+00:00,0.81049,0.81049,0.81017,0.81032
2026-07-13 03:30:00+00:00,0.81029,0.81029,0.81005,0.81006
2026-07-13 03:45:00+00:00,0.81007,0.81011,0.80991,0.80991
2026-07-13 04:00:00+00:00,0.80992,0.80999,0.80984,0.80988
2026-07-13 04:15:00+00:00,0.80989,0.80989,0.80973,0.80983
2026-07-13 04:30:00+00:00,0.80982,0.80982,0.80954,0.80966
2026-07-13 04:45:00+00:00,0.80963,0.80971,0.80931,0.80937
2026-07-13 05:00:00+00:00,0.80934,0.80942,0.80921,0.80922
2026-07-13 05:15:00+00:00,0.80923,0.80978,0.80923,0.80976
2026-07-13 05:30:00+00:00,0.80974,0.80986,0.80951,0.80979
2026-07-13 05:45:00+00:00,0.80977,0.81007,0.80957,0.81005
2026-07-13 06:00:00+00:00,0.81001,0.81044,0.80994,0.81037
2026-07-13 06:15:00+00:00,0.81032,0.81039,0.8099,0.80998
2026-07-13 06:30:00+00:00,0.81002,0.81002,0.80904,0.80908
2026-07-13 06:45:00+00:00,0.80907,0.8095,0.80907,0.80933
2026-07-13 07:00:00+00:00,0.80935,0.8094,0.80885,0.80915
2026-07-13 07:15:00+00:00,0.80909,0.80948,0.80909,0.80942
2026-07-13 07:30:00+00:00,0.80944,0.80983,0.80901,0.80924
2026-07-13 07:45:00+00:00,0.80918,0.80945,0.80856,0.80874
2026-07-13 08:00:00+00:00,0.80873,0.80874,0.80779,0.80789
2026-07-13 08:15:00+00:00,0.80791,0.80813,0.80754,0.80811
2026-07-13 08:30:00+00:00,0.80806,0.80837,0.80801,0.80811
2026-07-13 08:45:00+00:00,0.80807,0.80829,0.80807,0.80823
2026-07-13 09:00:00+00:00,0.80819,0.80884,0.80819,0.80882
2026-07-13 09:15:00+00:00,0.8088,0.80894,0.80872,0.80877
2026-07-13 09:30:00+00:00,0.80877,0.80943,0.80869,0.80942
2026-07-13 09:45:00+00:00,0.8094,0.80955,0.80921,0.80929
2026-07-13 10:00:00+00:00,0.8093,0.80944,0.80922,0.80938
2026-07-13 10:15:00+00:00,0.80939,0.81005,0.80939,0.80999
2026-07-13 10:30:00+00:00,0.80988,0.81014,0.80966,0.8097
2026-07-13 10:45:00+00:00,0.8097,0.8099,0.80909,0.8091
2026-07-13 11:00:00+00:00,0.80913,0.80951,0.80888,0.80941
2026-07-13 11:15:00+00:00,0.80941,0.80964,0.80923,0.80925
2026-07-13 11:30:00+00:00,0.80925,0.80927,0.80886,0.80911
2026-07-13 11:45:00+00:00,0.80912,0.80957,0.80909,0.80956
2026-07-13 12:00:00+00:00,0.80954,0.81032,0.80936,0.81025
2026-07-13 12:15:00+00:00,0.81023,0.81041,0.8098,0.81039
2026-07-13 12:30:00+00:00,0.81036,0.81038,0.80998,0.81024
2026-07-13 12:45:00+00:00,0.81022,0.81035,0.8097,0.80974
2026-07-13 13:00:00+00:00,0.80981,0.80981,0.80943,0.80973
2026-07-13 13:15:00+00:00,0.80974,0.81031,0.80973,0.81003
2026-07-13 13:30:00+00:00,0.81005,0.81077,0.80979,0.81075
2026-07-13 13:45:00+00:00,0.81069,0.81096,0.81039,0.81085
2026-07-13 14:00:00+00:00,0.81083,0.81127,0.81073,0.81115
2026-07-13 14:15:00+00:00,0.81117,0.81247,0.81101,0.81158
2026-07-13 14:30:00+00:00,0.81156,0.81229,0.8115,0.81227
2026-07-13 14:45:00+00:00,0.81227,0.81237,0.81188,0.812
2026-07-13 15:00:00+00:00,0.8121,0.81224,0.8117,0.81218
2026-07-13 15:15:00+00:00,0.81207,0.8124,0.81203,0.81233
2026-07-13 15:30:00+00:00,0.8123,0.81272,0.8123,0.81241
2026-07-13 15:45:00+00:00,0.81245,0.81264,0.81223,0.81225
2026-07-13 16:00:00+00:00,0.81227,0.81244,0.81214,0.81243
2026-07-13 16:15:00+00:00,0.81241,0.81308,0.81238,0.81301
2026-07-13 16:30:00+00:00,0.81292,0.81407,0.81292,0.81343
2026-07-13 16:45:00+00:00,0.8135,0.81389,0.81314,0.81364
2026-07-13 17:00:00+00:00,0.81367,0.81389,0.81353,0.81381
2026-07-13 17:15:00+00:00,0.81379,0.81391,0.8136,0.81376
2026-07-13 17:30:00+00:00,0.81377,0.81402,0.81373,0.81401
2026-07-13 17:45:00+00:00,0.81399,0.81417,0.81382,0.81416
2026-07-13 18:00:00+00:00,0.81414,0.81457,0.81405,0.81438
2026-07-13 18:15:00+00:00,0.81436,0.81464,0.81429,0.81435
2026-07-13 18:30:00+00:00,0.81436,0.81447,0.81408,0.8141
2026-07-13 18:45:00+00:00,0.8141,0.81425,0.81408,0.81423
2026-07-13 19:00:00+00:00,0.81421,0.8146,0.8138,0.81457
2026-07-13 19:15:00+00:00,0.81454,0.81466,0.81438,0.81448
2026-07-13 19:30:00+00:00,0.81445,0.8146,0.81444,0.81453
2026-07-13 19:45:00+00:00,0.81452,0.81466,0.8145,0.8146
2026-07-13 20:00:00+00:00,0.8146,0.81489,0.81392,0.81487
2026-07-13 20:15:00+00:00,0.81485,0.81492,0.81479,0.81481
2026-07-13 20:30:00+00:00,0.81482,0.81491,0.81479,0.81479
2026-07-13 20:45:00+00:00,0.8148,0.81485,0.81475,0.81479
2026-07-13 21:00:00+00:00,0.81478,0.81478,0.81417,0.81443
2026-07-13 21:15:00+00:00,0.81447,0.81453,0.81438,0.81448
2026-07-13 21:30:00+00:00,0.81448,0.8147,0.81438,0.81451
2026-07-13 21:45:00+00:00,0.81453,0.81464,0.81442,0.81448
2026-07-13 22:00:00+00:00,0.81448,0.81488,0.81403,0.81478
2026-07-13 22:15:00+00:00,0.81476,0.81476,0.81458,0.81462
2026-07-13 22:30:00+00:00,0.81463,0.8147,0.81451,0.81458
2026-07-13 22:45:00+00:00,0.81461,0.81482,0.81449,0.81481
2026-07-13 23:00:00+00:00,0.81479,0.81484,0.81449,0.81471
2026-07-13 23:15:00+00:00,0.81469,0.81487,0.81465,0.81485
2026-07-13 23:30:00+00:00,0.81483,0.81486,0.81464,0.81472
2026-07-13 23:45:00+00:00,0.81469,0.81488,0.81465,0.81475
2026-07-14 00:00:00+00:00,0.81475,0.81491,0.81462,0.81479
2026-07-14 00:15:00+00:00,0.81476,0.81514,0.81476,0.81509
2026-07-14 00:30:00+00:00,0.81508,0.81511,0.81468,0.81469
2026-07-14 00:45:00+00:00,0.8147,0.81483,0.81417,0.81444
2026-07-14 01:00:00+00:00,0.81437,0.8146,0.81437,0.81448
2026-07-14 01:15:00+00:00,0.81449,0.81464,0.81429,0.81462
2026-07-14 01:30:00+00:00,0.81457,0.81465,0.81442,0.81442
2026-07-14 01:45:00+00:00,0.81443,0.8145,0.81416,0.81418
2026-07-14 02:00:00+00:00,0.81422,0.81423,0.8139,0.81396
2026-07-14 02:15:00+00:00,0.81398,0.81398,0.81358,0.81359
2026-07-14 02:30:00+00:00,0.8136,0.81368,0.81348,0.81364
2026-07-14 02:45:00+00:00,0.81361,0.81379,0.8136,0.81367
2026-07-14 03:00:00+00:00,0.81371,0.81395,0.81366,0.81367
2026-07-14 03:15:00+00:00,0.81367,0.81398,0.81362,0.8137
2026-07-14 03:30:00+00:00,0.81371,0.81377,0.81333,0.8135
2026-07-14 03:45:00+00:00,0.81348,0.81362,0.81344,0.8136
2026-07-14 04:00:00+00:00,0.81358,0.81383,0.81355,0.81374
2026-07-14 04:15:00+00:00,0.81378,0.81378,0.8136,0.81368
2026-07-14 04:30:00+00:00,0.81366,0.81381,0.81359,0.81379
2026-07-14 04:45:00+00:00,0.81378,0.81414,0.81375,0.81387
2026-07-14 05:00:00+00:00,0.81389,0.81391,0.81371,0.81375
2026-07-14 05:15:00+00:00,0.81374,0.81379,0.81357,0.81378
2026-07-14 05:30:00+00:00,0.81375,0.81375,0.81333,0.81342
2026-07-14 05:45:00+00:00,0.81347,0.81393,0.8133,0.81391
2026-07-14 06:00:00+00:00,0.81388,0.81415,0.81377,0.81413
2026-07-14 06:15:00+00:00,0.8141,0.81436,0.81399,0.81433
2026-07-14 06:30:00+00:00,0.81423,0.81442,0.81379,0.81405
2026-07-14 06:45:00+00:00,0.81403,0.81453,0.81403,0.81448
2026-07-14 07:00:00+00:00,0.81442,0.81484,0.81437,0.81476
2026-07-14 07:15:00+00:00,0.81477,0.81477,0.81412,0.81414
2026-07-14 07:30:00+00:00,0.81418,0.81448,0.81406,0.81446
2026-07-14 07:45:00+00:00,0.81443,0.81443,0.81383,0.81389
2026-07-14 08:00:00+00:00,0.81391,0.81394,0.81305,0.81308
2026-07-14 08:15:00+00:00,0.81313,0.81315,0.81265,0.81267
2026-07-14 08:30:00+00:00,0.81271,0.81291,0.81225,0.81228
2026-07-14 08:45:00+00:00,0.81233,0.81275,0.81229,0.81275
2026-07-14 09:00:00+00:00,0.81273,0.81273,0.81218,0.81222
2026-07-14 09:15:00+00:00,0.81221,0.81261,0.81197,0.81248
2026-07-14 09:30:00+00:00,0.81254,0.81254,0.81217,0.8125
2026-07-14 09:45:00+00:00,0.81246,0.81246,0.81181,0.81204
2026-07-14 10:00:00+00:00,0.81204,0.81241,0.81198,0.8124
2026-07-14 10:15:00+00:00,0.81237,0.81255,0.81215,0.81247
2026-07-14 10:30:00+00:00,0.81249,0.81274,0.81241,0.81273
2026-07-14 10:45:00+00:00,0.81271,0.81293,0.81257,0.81292
2026-07-14 11:00:00+00:00,0.8129,0.81303,0.81246,0.81248
2026-07-14 11:15:00+00:00,0.81251,0.81271,0.81224,0.81226
2026-07-14 11:30:00+00:00,0.81227,0.81227,0.81176,0.81185
2026-07-14 11:45:00+00:00,0.81182,0.81187,0.81126,0.81153
2026-07-14 12:00:00+00:00,0.81158,0.81172,0.81142,0.81147
2026-07-14 12:15:00+00:00,0.81148,0.81166,0.8112,0.81131
2026-07-14 12:30:00+00:00,0.8113,0.81285,0.80668,0.80695
2026-07-14 12:45:00+00:00,0.80706,0.80847,0.80686,0.80845
2026-07-14 13:00:00+00:00,0.8084,0.8084,0.80745,0.80825
2026-07-14 13:15:00+00:00,0.80815,0.80828,0.80721,0.80724
2026-07-14 13:30:00+00:00,0.8073,0.80768,0.80723,0.80748
2026-07-14 13:45:00+00:00,0.80747,0.80765,0.80714,0.80726
2026-07-14 14:00:00+00:00,0.80719,0.80739,0.80609,0.80641
2026-07-14 14:15:00+00:00,0.80633,0.8074,0.80633,0.80739
2026-07-14 14:30:00+00:00,0.80736,0.80769,0.80704,0.80734
2026-07-14 14:45:00+00:00,0.80734,0.80788,0.8072,0.80748
2026-07-14 15:00:00+00:00,0.8075,0.80789,0.80687,0.80699
2026-07-14 15:15:00+00:00,0.80702,0.80791,0.80694,0.8079
2026-07-14 15:30:00+00:00,0.80788,0.80875,0.80783,0.80861
2026-07-14 15:45:00+00:00,0.80861,0.80923,0.80833,0.80922
2026-07-14 16:00:00+00:00,0.80915,0.80949,0.80901,0.80903
2026-07-14 16:15:00+00:00,0.80907,0.80907,0.80881,0.80887
2026-07-14 16:30:00+00:00,0.80888,0.80897,0.80849,0.80877
2026-07-14 16:45:00+00:00,0.80874,0.80906,0.80862,0.80864
2026-07-14 17:00:00+00:00,0.80866,0.80946,0.80843,0.80942
2026-07-14 17:15:00+00:00,0.80932,0.8099,0.80928,0.80936
2026-07-14 17:30:00+00:00,0.80935,0.80942,0.80916,0.80936
2026-07-14 17:45:00+00:00,0.80937,0.80941,0.80907,0.80939
2026-07-14 18:00:00+00:00,0.80933,0.80944,0.80925,0.80939
2026-07-14 18:15:00+00:00,0.80937,0.80961,0.80911,0.80952
2026-07-14 18:30:00+00:00,0.80952,0.80989,0.80941,0.80987
2026-07-14 18:45:00+00:00,0.80986,0.80995,0.80921,0.80928
2026-07-14 19:00:00+00:00,0.80941,0.80941,0.80899,0.80902
2026-07-14 19:15:00+00:00,0.80906,0.80924,0.80897,0.8092
2026-07-14 19:30:00+00:00,0.8092,0.80942,0.80919,0.80934
2026-07-14 19:45:00+00:00,0.80934,0.80944,0.80921,0.80943
2026-07-14 20:00:00+00:00,0.80941,0.80961,0.80939,0.8095
2026-07-14 20:15:00+00:00,0.80948,0.80961,0.80942,0.80959
2026-07-14 20:30:00+00:00,0.80955,0.80961,0.80925,0.80926
2026-07-14 20:45:00+00:00,0.8093,0.80943,0.80925,0.8093
2026-07-14 21:00:00+00:00,0.80929,0.80938,0.80808,0.80875
2026-07-14 21:15:00+00:00,0.80876,0.80903,0.80874,0.80897
2026-07-14 21:30:00+00:00,0.80897,0.8092,0.80893,0.8091
2026-07-14 21:45:00+00:00,0.80914,0.80936,0.80909,0.80928
2026-07-14 22:00:00+00:00,0.80927,0.80974,0.80923,0.80973
2026-07-14 22:15:00+00:00,0.80969,0.80969,0.8094,0.80941
2026-07-14 22:30:00+00:00,0.80942,0.80942,0.80927,0.8094
2026-07-14 22:45:00+00:00,0.80939,0.8095,0.80937,0.80947
2026-07-14 23:00:00+00:00,0.80946,0.80956,0.80937,0.80939
2026-07-14 23:15:00+00:00,0.80937,0.80949,0.80923,0.80939
2026-07-14 23:30:00+00:00,0.80937,0.80939,0.80918,0.8092
2026-07-14 23:45:00+00:00,0.80921,0.80923,0.80904,0.80919
2026-07-15 00:00:00+00:00,0.80916,0.80921,0.80894,0.80912
2026-07-15 00:15:00+00:00,0.80909,0.80919,0.80875,0.80877
2026-07-15 00:30:00+00:00,0.80879,0.80912,0.80877,0.8091
2026-07-15 00:45:00+00:00,0.80908,0.80911,0.80839,0.8084
2026-07-15 01:00:00+00:00,0.80843,0.80852,0.80818,0.80832
2026-07-15 01:15:00+00:00,0.80831,0.80835,0.80806,0.80833
2026-07-15 01:30:00+00:00,0.80827,0.80867,0.80827,0.80864
2026-07-15 01:45:00+00:00,0.8086,0.80885,0.80854,0.80864
2026-07-15 02:00:00+00:00,0.80866,0.80869,0.80835,0.80861
2026-07-15 02:15:00+00:00,0.80856,0.809,0.80856,0.8089
2026-07-15 02:30:00+00:00,0.80888,0.80895,0.80846,0.80849
2026-07-15 02:45:00+00:00,0.80854,0.80889,0.80847,0.80865
2026-07-15 03:00:00+00:00,0.80867,0.809,0.80856,0.80889
2026-07-15 03:15:00+00:00,0.80889,0.80938,0.80889,0.8093
2026-07-15 03:30:00+00:00,0.80928,0.80942,0.80915,0.80941
2026-07-15 03:45:00+00:00,0.80939,0.80946,0.8091,0.80919
2026-07-15 04:00:00+00:00,0.80917,0.80928,0.80909,0.80927
2026-07-15 04:15:00+00:00,0.80925,0.80928,0.80909,0.80914
2026-07-15 04:30:00+00:00,0.80912,0.80917,0.80899,0.80915
2026-07-15 04:45:00+00:00,0.80914,0.80929,0.80903,0.80927
2026-07-15 05:00:00+00:00,0.80925,0.80951,0.80916,0.80931
2026-07-15 05:15:00+00:00,0.80932,0.80932,0.80919,0.8093
2026-07-15 05:30:00+00:00,0.80929,0.80933,0.80891,0.80895
2026-07-15 05:45:00+00:00,0.80901,0.80901,0.80865,0.80883
2026-07-15 06:00:00+00:00,0.80878,0.80891,0.8087,0.80883
2026-07-15 06:15:00+00:00,0.80885,0.80891,0.80841,0.80858
2026-07-15 06:30:00+00:00,0.80857,0.80896,0.80856,0.80891
2026-07-15 06:45:00+00:00,0.80889,0.80924,0.80872,0.80921
2026-07-15 07:00:00+00:00,0.80917,0.80929,0.80886,0.80888
2026-07-15 07:15:00+00:00,0.80893,0.80982,0.80893,0.80967
2026-07-15 07:30:00+00:00,0.8097,0.80988,0.8096,0.80973
2026-07-15 07:45:00+00:00,0.80976,0.80984,0.80962,0.80977
2026-07-15 08:00:00+00:00,0.80974,0.81009,0.80952,0.81006
2026-07-15 08:15:00+00:00,0.81001,0.81011,0.80974,0.80976
2026-07-15 08:30:00+00:00,0.80978,0.81016,0.80961,0.81005
2026-07-15 08:45:00+00:00,0.81003,0.81042,0.80998,0.81012
2026-07-15 09:00:00+00:00,0.81016,0.81031,0.80988,0.8099
2026-07-15 09:15:00+00:00,0.80994,0.81043,0.80989,0.8104
2026-07-15 09:30:00+00:00,0.81034,0.81074,0.81032,0.8104
2026-07-15 09:45:00+00:00,0.81038,0.81094,0.81036,0.81079
2026-07-15 10:00:00+00:00,0.81079,0.8111,0.81078,0.81103
2026-07-15 10:15:00+00:00,0.81101,0.81125,0.81089,0.81116
2026-07-15 10:30:00+00:00,0.81118,0.81119,0.8109,0.81118
2026-07-15 10:45:00+00:00,0.81115,0.81115,0.81094,0.81102
2026-07-15 11:00:00+00:00,0.81107,0.81107,0.81049,0.81069
2026-07-15 11:15:00+00:00,0.81065,0.81101,0.81058,0.811
2026-07-15 11:30:00+00:00,0.81098,0.81107,0.81077,0.81105
2026-07-15 11:45:00+00:00,0.81098,0.8113,0.81091,0.811
2026-07-15 12:00:00+00:00,0.81101,0.81143,0.81092,0.81135
2026-07-15 12:15:00+00:00,0.81134,0.81146,0.81114,0.81118
2026-07-15 12:30:00+00:00,0.81119,0.81141,0.80974,0.80981
2026-07-15 12:45:00+00:00,0.80994,0.80994,0.80898,0.80903
2026-07-15 13:00:00+00:00,0.80912,0.80912,0.80851,0.80909
2026-07-15 13:15:00+00:00,0.80906,0.80927,0.80864,0.80926
2026-07-15 13:30:00+00:00,0.80924,0.80925,0.80868,0.80874
2026-07-15 13:45:00+00:00,0.80869,0.80889,0.80796,0.808
2026-07-15 14:00:00+00:00,0.80805,0.8086,0.80784,0.80858
2026-07-15 14:15:00+00:00,0.80857,0.80861,0.80813,0.8083
2026-07-15 14:30:00+00:00,0.80833,0.80838,0.80776,0.80778
2026-07-15 14:45:00+00:00,0.80778,0.80803,0.80726,0.80742
2026-07-15 15:00:00+00:00,0.80747,0.80747,0.80677,0.8069
2026-07-15 15:15:00+00:00,0.80684,0.80739,0.80655,0.80659
2026-07-15 15:30:00+00:00,0.80662,0.80695,0.8065,0.80679
2026-07-15 15:45:00+00:00,0.80679,0.80682,0.80638,0.80679
2026-07-15 16:00:00+00:00,0.80676,0.807,0.80662,0.80679
2026-07-15 16:15:00+00:00,0.80679,0.80697,0.80663,0.80665
2026-07-15 16:30:00+00:00,0.80666,0.80721,0.80658,0.80718
2026-07-15 16:45:00+00:00,0.80713,0.80741,0.80683,0.80736
2026-07-15 17:00:00+00:00,0.8073,0.80733,0.80609,0.80628
2026-07-15 17:15:00+00:00,0.80622,0.80635,0.8059,0.80591
2026-07-15 17:30:00+00:00,0.80593,0.80611,0.8049,0.80492
2026-07-15 17:45:00+00:00,0.80496,0.80508,0.80441,0.80449
2026-07-15 18:00:00+00:00,0.80465,0.80465,0.80394,0.80423
2026-07-15 18:15:00+00:00,0.80418,0.8043,0.80357,0.80373
2026-07-15 18:30:00+00:00,0.80375,0.80402,0.80349,0.80398
2026-07-15 18:45:00+00:00,0.80393,0.80468,0.80393,0.80458
2026-07-15 19:00:00+00:00,0.80456,0.80482,0.80423,0.80432
2026-07-15 19:15:00+00:00,0.8043,0.80466,0.8043,0.80445
2026-07-15 19:30:00+00:00,0.80445,0.80528,0.80438,0.80521
2026-07-15 19:45:00+00:00,0.80523,0.80535,0.80511,0.80513
2026-07-15 20:00:00+00:00,0.80513,0.80537,0.80509,0.80531
2026-07-15 20:15:00+00:00,0.80529,0.80534,0.8051,0.8052
2026-07-15 20:30:00+00:00,0.80518,0.80557,0.80506,0.80537
2026-07-15 20:45:00+00:00,0.80533,0.8054,0.8053,0.80538
2026-07-15 21:00:00+00:00,0.80534,0.80635,0.8045,0.80483
2026-07-15 21:15:00+00:00,0.80471,0.80494,0.80458,0.80484
2026-07-15 21:30:00+00:00,0.80483,0.80488,0.80473,0.80481
2026-07-15 21:45:00+00:00,0.80481,0.80524,0.80462,0.80519
2026-07-15 22:00:00+00:00,0.80517,0.80532,0.80479,0.80507
2026-07-15 22:15:00+00:00,0.80505,0.80514,0.80501,0.80506
2026-07-15 22:30:00+00:00,0.80504,0.80504,0.80492,0.80499
2026-07-15 22:45:00+00:00,0.80497,0.80514,0.80496,0.80507
2026-07-15 23:00:00+00:00,0.80507,0.8053,0.80471,0.80482
2026-07-15 23:15:00+00:00,0.8048,0.80493,0.80478,0.8048
2026-07-15 23:30:00+00:00,0.8048,0.80493,0.8047,0.80471
2026-07-15 23:45:00+00:00,0.80473,0.80475,0.80455,0.80471
2026-07-16 00:00:00+00:00,0.80465,0.80483,0.80455,0.80456
2026-07-16 00:15:00+00:00,0.80458,0.80477,0.80448,0.80476
2026-07-16 00:30:00+00:00,0.80474,0.80522,0.80471,0.80507
2026-07-16 00:45:00+00:00,0.80507,0.80526,0.80486,0.80488
2026-07-16 01:00:00+00:00,0.80491,0.80523,0.80477,0.8052
2026-07-16 01:15:00+00:00,0.80519,0.80546,0.80509,0.80527
2026-07-16 01:30:00+00:00,0.80524,0.80567,0.80519,0.8055
2026-07-16 01:45:00+00:00,0.8055,0.8058,0.80547,0.80579
2026-07-16 02:00:00+00:00,0.80577,0.80608,0.8057,0.80607
2026-07-16 02:15:00+00:00,0.80605,0.8063,0.80602,0.80628
2026-07-16 02:30:00+00:00,0.80624,0.8064,0.80604,0.80633
2026-07-16 02:45:00+00:00,0.80636,0.80649,0.8062,0.80622
2026-07-16 03:00:00+00:00,0.80623,0.80623,0.80587,0.80598
2026-07-16 03:15:00+00:00,0.80597,0.80597,0.80565,0.8057
2026-07-16 03:30:00+00:00,0.80569,0.80585,0.80549,0.8058
2026-07-16 03:45:00+00:00,0.8058,0.80598,0.80574,0.80589
2026-07-16 04:00:00+00:00,0.8059,0.80626,0.80581,0.80598
2026-07-16 04:15:00+00:00,0.80599,0.80629,0.80597,0.80629
2026-07-16 04:30:00+00:00,0.80626,0.80634,0.80604,0.80605
2026-07-16 04:45:00+00:00,0.80605,0.80618,0.80605,0.80608
2026-07-16 05:00:00+00:00,0.80609,0.80621,0.80606,0.80618
2026-07-16 05:15:00+00:00,0.80616,0.8062,0.80589,0.80604
2026-07-16 05:30:00+00:00,0.80596,0.80622,0.80588,0.80621
2026-07-16 05:45:00+00:00,0.80618,0.80645,0.8061,0.80643
2026-07-16 06:00:00+00:00,0.8064,0.80654,0.80596,0.80597
2026-07-16 06:15:00+00:00,0.80598,0.80616,0.80589,0.80607
2026-07-16 06:30:00+00:00,0.80609,0.80628,0.80604,0.80627
2026-07-16 06:45:00+00:00,0.80624,0.80629,0.80579,0.80587
2026-07-16 07:00:00+00:00,0.80588,0.806,0.80585,0.80594
2026-07-16 07:15:00+00:00,0.80592,0.80603,0.80564,0.80588
2026-07-16 07:30:00+00:00,0.80581,0.80621,0.80581,0.80603
2026-07-16 07:45:00+00:00,0.8061,0.80616,0.80569,0.80615
2026-07-16 08:00:00+00:00,0.80612,0.80685,0.80604,0.80674
2026-07-16 08:15:00+00:00,0.80675,0.80696,0.8066,0.80672
2026-07-16 08:30:00+00:00,0.80672,0.80682,0.80661,0.80673
2026-07-16 08:45:00+00:00,0.80673,0.80717,0.80673,0.80697
2026-07-16 09:00:00+00:00,0.807,0.80723,0.80694,0.80706
2026-07-16 09:15:00+00:00,0.80708,0.80722,0.80691,0.80705
2026-07-16 09:30:00+00:00,0.80706,0.80747,0.80706,0.80736
2026-07-16 09:45:00+00:00,0.80738,0.80738,0.80711,0.80725
2026-07-16 10:00:00+00:00,0.80723,0.80742,0.80723,0.80728
2026-07-16 10:15:00+00:00,0.80729,0.80734,0.80701,0.80733
2026-07-16 10:30:00+00:00,0.8073,0.80753,0.80729,0.80731
2026-07-16 10:45:00+00:00,0.80733,0.80738,0.80695,0.80734
2026-07-16 11:00:00+00:00,0.80726,0.80749,0.80699,0.80701
2026-07-16 11:15:00+00:00,0.80707,0.80734,0.8069,0.80729
2026-07-16 11:30:00+00:00,0.80723,0.80732,0.8068,0.80692
2026-07-16 11:45:00+00:00,0.80692,0.80729,0.80659,0.80672
2026-07-16 12:00:00+00:00,0.80671,0.80691,0.80631,0.80688
2026-07-16 12:15:00+00:00,0.80684,0.80718,0.80684,0.807
2026-07-16 12:30:00+00:00,0.80702,0.80784,0.80692,0.80776
2026-07-16 12:45:00+00:00,0.80756,0.80817,0.80756,0.80816
2026-07-16 13:00:00+00:00,0.80813,0.80834,0.80761,0.80763
2026-07-16 13:15:00+00:00,0.80765,0.80776,0.80744,0.80746
2026-07-16 13:30:00+00:00,0.8075,0.80779,0.80745,0.80777
2026-07-16 13:45:00+00:00,0.80772,0.80817,0.80772,0.80808
2026-07-16 14:00:00+00:00,0.80803,0.80839,0.80755,0.80838
2026-07-16 14:15:00+00:00,0.80835,0.80835,0.80802,0.80817
2026-07-16 14:30:00+00:00,0.80818,0.80863,0.80806,0.80861
2026-07-16 14:45:00+00:00,0.80857,0.80882,0.80848,0.8087
2026-07-16 15:00:00+00:00,0.80868,0.80883,0.80843,0.80844
2026-07-16 15:15:00+00:00,0.80845,0.80846,0.80813,0.80826
2026-07-16 15:30:00+00:00,0.80827,0.80847,0.80798,0.80799
2026-07-16 15:45:00+00:00,0.808,0.80809,0.80772,0.80803
2026-07-16 16:00:00+00:00,0.80801,0.80847,0.80793,0.80833
2026-07-16 16:15:00+00:00,0.80832,0.80933,0.80827,0.80911
2026-07-16 16:30:00+00:00,0.80915,0.80942,0.80902,0.80935
2026-07-16 16:45:00+00:00,0.80936,0.80944,0.80923,0.80942
2026-07-16 17:00:00+00:00,0.80937,0.80972,0.8092,0.80964
2026-07-16 17:15:00+00:00,0.80966,0.80966,0.80938,0.80942
2026-07-16 17:30:00+00:00,0.80943,0.80947,0.80922,0.80923
2026-07-16 17:45:00+00:00,0.80924,0.80924,0.80878,0.80893
2026-07-16 18:00:00+00:00,0.80891,0.80909,0.80879,0.80885
2026-07-16 18:15:00+00:00,0.80884,0.80901,0.80879,0.80896
2026-07-16 18:30:00+00:00,0.80897,0.80913,0.80895,0.8091
2026-07-16 18:45:00+00:00,0.80907,0.80912,0.80886,0.80887
2026-07-16 19:00:00+00:00,0.80889,0.80894,0.80875,0.80892
2026-07-16 19:15:00+00:00,0.80891,0.80919,0.80885,0.80918
2026-07-16 19:30:00+00:00,0.80918,0.80926,0.80907,0.80913
2026-07-16 19:45:00+00:00,0.80914,0.80915,0.80883,0.8089
2026-07-16 20:00:00+00:00,0.80887,0.8089,0.80877,0.80885
2026-07-16 20:15:00+00:00,0.80881,0.80904,0.80881,0.80903
2026-07-16 20:30:00+00:00,0.80902,0.80902,0.80863,0.80867
2026-07-16 20:45:00+00:00,0.80867,0.80874,0.80856,0.80871
2026-07-16 21:00:00+00:00,0.80865,0.80879,0.80774,0.80848
2026-07-16 21:15:00+00:00,0.80846,0.80877,0.80844,0.80868
2026-07-16 21:30:00+00:00,0.80868,0.80876,0.80855,0.80868
2026-07-16 21:45:00+00:00,0.80867,0.80874,0.80845,0.80865
2026-07-16 22:00:00+00:00,0.80865,0.80867,0.8084,0.80845
2026-07-16 22:15:00+00:00,0.80841,0.80862,0.80841,0.80857
2026-07-16 22:30:00+00:00,0.80857,0.80869,0.80853,0.80863
2026-07-16 22:45:00+00:00,0.80864,0.8088,0.80864,0.80872
2026-07-16 23:00:00+00:00,0.80873,0.80876,0.80857,0.80866
2026-07-16 23:15:00+00:00,0.80865,0.80865,0.80853,0.80855
2026-07-16 23:30:00+00:00,0.80854,0.80857,0.80838,0.80842
2026-07-16 23:45:00+00:00,0.80842,0.80866,0.80842,0.80857
2026-07-17 00:00:00+00:00,0.80857,0.80859,0.80837,0.80856
2026-07-17 00:15:00+00:00,0.80855,0.80865,0.80839,0.80856
2026-07-17 00:30:00+00:00,0.80855,0.80862,0.80837,0.80848
2026-07-17 00:45:00+00:00,0.8085,0.80855,0.8083,0.8083
2026-07-17 01:00:00+00:00,0.80831,0.80855,0.80818,0.80855
2026-07-17 01:15:00+00:00,0.80853,0.80853,0.80832,0.80847
2026-07-17 01:30:00+00:00,0.80845,0.80868,0.80841,0.80857
2026-07-17 01:45:00+00:00,0.80858,0.80918,0.80855,0.80911
2026-07-17 02:00:00+00:00,0.80912,0.80916,0.80876,0.80882
2026-07-17 02:15:00+00:00,0.8088,0.809,0.80873,0.80898
2026-07-17 02:30:00+00:00,0.80896,0.80919,0.80887,0.80918
2026-07-17 02:45:00+00:00,0.80915,0.80916,0.80901,0.80913
2026-07-17 03:00:00+00:00,0.80908,0.80916,0.8088,0.809
2026-07-17 03:15:00+00:00,0.80899,0.80899,0.80876,0.80889
2026-07-17 03:30:00+00:00,0.80887,0.80915,0.80885,0.80914
2026-07-17 03:45:00+00:00,0.8091,0.80916,0.80891,0.80898
2026-07-17 04:00:00+00:00,0.80896,0.809,0.80891,0.80898
2026-07-17 04:15:00+00:00,0.80897,0.80912,0.80891,0.80912
2026-07-17 04:30:00+00:00,0.8091,0.80918,0.80892,0.80915
2026-07-17 04:45:00+00:00,0.80914,0.8093,0.80908,0.80917
2026-07-17 05:00:00+00:00,0.80918,0.80931,0.80914,0.8092
2026-07-17 05:15:00+00:00,0.80921,0.80922,0.80907,0.80911
2026-07-17 05:30:00+00:00,0.8091,0.80913,0.80847,0.80856
2026-07-17 05:45:00+00:00,0.80854,0.80883,0.80854,0.80881
2026-07-17 06:00:00+00:00,0.80879,0.80884,0.80842,0.80846
2026-07-17 06:15:00+00:00,0.80848,0.80851,0.80769,0.80782
2026-07-17 06:30:00+00:00,0.80775,0.80802,0.80775,0.80781
2026-07-17 06:45:00+00:00,0.80784,0.80812,0.80768,0.80785
2026-07-17 07:00:00+00:00,0.80778,0.80795,0.80757,0.80791
2026-07-17 07:15:00+00:00,0.8079,0.80797,0.80762,0.80766
2026-07-17 07:30:00+00:00,0.80766,0.8078,0.80734,0.80775
2026-07-17 07:45:00+00:00,0.80767,0.80767,0.80693,0.80704
2026-07-17 08:00:00+00:00,0.80706,0.80739,0.80681,0.8073
2026-07-17 08:15:00+00:00,0.80717,0.80749,0.80703,0.80721
2026-07-17 08:30:00+00:00,0.80719,0.80719,0.8067,0.80674
2026-07-17 08:45:00+00:00,0.80681,0.80686,0.8065,0.80653
2026-07-17 09:00:00+00:00,0.80654,0.80698,0.80653,0.80693
2026-07-17 09:15:00+00:00,0.80686,0.80708,0.80677,0.80693
2026-07-17 09:30:00+00:00,0.80685,0.80769,0.80685,0.80767
2026-07-17 09:45:00+00:00,0.80763,0.80789,0.80756,0.80757
2026-07-17 10:00:00+00:00,0.80759,0.80789,0.80747,0.80748
2026-07-17 10:15:00+00:00,0.8075,0.80784,0.80733,0.80773
2026-07-17 10:30:00+00:00,0.80774,0.80776,0.80746,0.80752
2026-07-17 10:45:00+00:00,0.80751,0.80805,0.80738,0.80804
2026-07-17 11:00:00+00:00,0.80802,0.80803,0.80757,0.80771
2026-07-17 11:15:00+00:00,0.80772,0.80781,0.80726,0.80727
2026-07-17 11:30:00+00:00,0.8073,0.80733,0.80686,0.80707
2026-07-17 11:45:00+00:00,0.80705,0.80721,0.80684,0.80713
2026-07-17 12:00:00+00:00,0.80706,0.80721,0.80698,0.80719
2026-07-17 12:15:00+00:00,0.80717,0.80721,0.80691,0.80692
2026-07-17 12:30:00+00:00,0.80694,0.80753,0.80685,0.80744
2026-07-17 12:45:00+00:00,0.80742,0.80757,0.80735,0.80753
2026-07-17 13:00:00+00:00,0.80751,0.808,0.80748,0.80778
2026-07-17 13:15:00+00:00,0.80779,0.80802,0.80769,0.80773
2026-07-17 13:30:00+00:00,0.80775,0.80785,0.80724,0.80725
2026-07-17 13:45:00+00:00,0.80727,0.80761,0.80727,0.80755
2026-07-17 14:00:00+00:00,0.80755,0.80763,0.80736,0.80736
2026-07-17 14:15:00+00:00,0.80737,0.80765,0.80704,0.80757
2026-07-17 14:30:00+00:00,0.80745,0.80768,0.80711,0.80713
2026-07-17 14:45:00+00:00,0.80717,0.80717,0.8067,0.80673
2026-07-17 15:00:00+00:00,0.80676,0.80692,0.80638,0.80649
2026-07-17 15:15:00+00:00,0.80647,0.80651,0.80606,0.80628
2026-07-17 15:30:00+00:00,0.80632,0.80681,0.80628,0.80671
2026-07-17 15:45:00+00:00,0.80671,0.807,0.80671,0.80699
2026-07-17 16:00:00+00:00,0.80697,0.80737,0.80689,0.80708
2026-07-17 16:15:00+00:00,0.80708,0.80729,0.80708,0.80713
2026-07-17 16:30:00+00:00,0.80714,0.80725,0.80704,0.80715
2026-07-17 16:45:00+00:00,0.80716,0.80739,0.80715,0.80739
2026-07-17 17:00:00+00:00,0.80736,0.80759,0.8073,0.80758
2026-07-17 17:15:00+00:00,0.80755,0.80771,0.80745,0.80745
2026-07-17 17:30:00+00:00,0.80746,0.80761,0.80736,0.80753
2026-07-17 17:45:00+00:00,0.80755,0.80765,0.80751,0.80758
2026-07-17 18:00:00+00:00,0.80756,0.80765,0.80731,0.80748
2026-07-17 18:15:00+00:00,0.80745,0.8075,0.80735,0.80742
2026-07-17 18:30:00+00:00,0.80741,0.80753,0.80733,0.80748
2026-07-17 18:45:00+00:00,0.80748,0.80759,0.80745,0.80747
2026-07-17 19:00:00+00:00,0.80746,0.80765,0.80746,0.80759
2026-07-17 19:15:00+00:00,0.80758,0.80779,0.80758,0.80768
2026-07-17 19:30:00+00:00,0.80769,0.80782,0.80755,0.80756
2026-07-17 19:45:00+00:00,0.80758,0.80759,0.80721,0.80723
2026-07-17 20:00:00+00:00,0.80727,0.80742,0.80719,0.80742
2026-07-17 20:15:00+00:00,0.80738,0.80772,0.80736,0.80771
2026-07-17 20:30:00+00:00,0.8077,0.8077,0.80755,0.80757
2026-07-17 20:45:00+00:00,0.80757,0.80762,0.80742,0.80749
2026-07-17 21:00:00+00:00,0.80747,0.80767,0.80726,0.80759
2026-07-17 21:15:00+00:00,0.80757,0.80764,0.80749,0.80762
2026-07-17 21:30:00+00:00,0.80761,0.80765,0.80757,0.80758
2026-07-17 21:45:00+00:00,0.8076,0.80765,0.80749,0.80757
2026-07-17 22:00:00+00:00,0.80757,0.80766,0.80711,0.80761
2026-07-17 22:15:00+00:00,0.80754,0.8077,0.80716,0.80729
2026-07-17 22:30:00+00:00,0.80733,0.80772,0.80722,0.80764
2026-07-17 22:45:00+00:00,0.80761,0.80771,0.80755,0.80768
2026-07-17 23:00:00+00:00,0.80767,0.80771,0.80736,0.80764
2026-07-17 23:15:00+00:00,0.80764,0.80771,0.80761,0.80769
2026-07-17 23:30:00+00:00,0.80767,0.8077,0.80762,0.80763
2026-07-17 23:45:00+00:00,0.80765,0.80771,0.80761,0.80768
2026-07-18 00:00:00+00:00,0.80767,0.80786,0.80763,0.80785
2026-07-18 00:15:00+00:00,0.80784,0.80787,0.8078,0.80785
2026-07-18 00:30:00+00:00,0.80783,0.80787,0.80782,0.80784
2026-07-18 00:45:00+00:00,0.80784,0.80787,0.8078,0.80783
2026-07-18 01:00:00+00:00,0.80784,0.80788,0.80782,0.80785
2026-07-18 01:15:00+00:00,0.80784,0.80787,0.80781,0.80785
2026-07-18 01:30:00+00:00,0.80784,0.80788,0.80772,0.80783
2026-07-18 01:45:00+00:00,0.80781,0.80787,0.80781,0.80783
2026-07-18 02:00:00+00:00,0.80784,0.80787,0.80771,0.80785
2026-07-18 02:15:00+00:00,0.80783,0.80787,0.80782,0.80786
2026-07-18 02:30:00+00:00,0.80784,0.80787,0.8078,0.80784
2026-07-18 02:45:00+00:00,0.80784,0.80787,0.80779,0.80786
2026-07-18 03:00:00+00:00,0.80783,0.80787,0.80782,0.80784
2026-07-18 03:15:00+00:00,0.80784,0.80787,0.80774,0.80785
2026-07-18 03:30:00+00:00,0.80783,0.80787,0.80782,0.80784
2026-07-18 03:45:00+00:00,0.80784,0.80787,0.8078,0.80783
2026-07-18 04:00:00+00:00,0.80784,0.80787,0.80779,0.80783
2026-07-18 04:15:00+00:00,0.80783,0.80787,0.80782,0.80785
2026-07-18 04:30:00+00:00,0.80783,0.80787,0.8078,0.80784
2026-07-18 04:45:00+00:00,0.80783,0.80786,0.80781,0.80782
2026-07-18 05:00:00+00:00,0.80783,0.80786,0.80769,0.80782
2026-07-18 05:15:00+00:00,0.80783,0.80786,0.80779,0.80783
2026-07-18 05:30:00+00:00,0.80781,0.80786,0.80767,0.80784
2026-07-18 05:45:00+00:00,0.80782,0.80786,0.80779,0.80782
2026-07-18 06:00:00+00:00,0.80783,0.80787,0.80782,0.80783
2026-07-18 06:15:00+00:00,0.80783,0.80786,0.80768,0.80784
2026-07-18 06:30:00+00:00,0.80783,0.80787,0.80776,0.80781
2026-07-18 06:45:00+00:00,0.80779,0.80786,0.80779,0.80783
2026-07-18 07:00:00+00:00,0.80783,0.80786,0.80772,0.80782
2026-07-18 07:15:00+00:00,0.80783,0.80786,0.80782,0.80784
2026-07-18 07:30:00+00:00,0.80783,0.80786,0.80779,0.80784
2026-07-18 07:45:00+00:00,0.80783,0.80786,0.80778,0.80783
2026-07-18 08:00:00+00:00,0.80781,0.80786,0.80781,0.80782
2026-07-18 08:15:00+00:00,0.80783,0.80786,0.80775,0.80784
2026-07-18 08:30:00+00:00,0.80783,0.80786,0.80781,0.80784
2026-07-18 08:45:00+00:00,0.80783,0.80786,0.80778,0.80783
2026-07-18 09:00:00+00:00,0.80783,0.8079,0.80772,0.8078
2026-07-18 09:15:00+00:00,0.80781,0.80786,0.80781,0.80783
2026-07-18 09:30:00+00:00,0.80783,0.80786,0.80778,0.80784
2026-07-18 09:45:00+00:00,0.80783,0.80786,0.80768,0.80784
2026-07-18 10:00:00+00:00,0.80783,0.80786,0.80775,0.80782
2026-07-18 10:15:00+00:00,0.80783,0.80789,0.8078,0.80783
2026-07-18 10:30:00+00:00,0.80784,0.80786,0.80781,0.80784
2026-07-18 10:45:00+00:00,0.80783,0.80786,0.80782,0.80784
2026-07-18 11:00:00+00:00,0.80783,0.80786,0.80782,0.80782
2026-07-18 11:15:00+00:00,0.80783,0.80787,0.80782,0.80783
2026-07-18 11:30:00+00:00,0.80783,0.80787,0.80781,0.80787
2026-07-18 11:45:00+00:00,0.80785,0.80787,0.80781,0.80784
2026-07-18 12:00:00+00:00,0.80783,0.80786,0.80778,0.80782
2026-07-18 12:15:00+00:00,0.80782,0.80786,0.80781,0.80782
2026-07-18 12:30:00+00:00,0.80782,0.80786,0.80778,0.80784
2026-07-18 12:45:00+00:00,0.80782,0.80786,0.80778,0.80779
2026-07-18 13:00:00+00:00,0.80779,0.80786,0.80779,0.80784
2026-07-18 13:15:00+00:00,0.80782,0.80786,0.80772,0.80781
2026-07-18 13:30:00+00:00,0.80782,0.80786,0.80781,0.80784
2026-07-18 13:45:00+00:00,0.80782,0.80786,0.80778,0.80784
2026-07-18 14:00:00+00:00,0.80782,0.80786,0.80781,0.80783
2026-07-18 14:15:00+00:00,0.80782,0.80786,0.80781,0.80782
2026-07-18 14:30:00+00:00,0.80782,0.80786,0.80777,0.80782
2026-07-18 14:45:00+00:00,0.8078,0.80784,0.80779,0.80782
2026-07-18 15:00:00+00:00,0.8078,0.80786,0.80771,0.80778
2026-07-18 15:15:00+00:00,0.80777,0.80781,0.80774,0.80774
2026-07-18 15:30:00+00:00,0.80775,0.80778,0.80774,0.80775
2026-07-18 15:45:00+00:00,0.80775,0.80778,0.80772,0.80774
2026-07-18 16:00:00+00:00,0.80773,0.80794,0.80743,0.8075
2026-07-18 16:15:00+00:00,0.80749,0.80755,0.80746,0.80746
2026-07-18 16:30:00+00:00,0.80748,0.80768,0.80745,0.80766
2026-07-18 16:45:00+00:00,0.80764,0.80774,0.80762,0.80773
2026-07-18 17:00:00+00:00,0.80771,0.8079,0.80753,0.80772
2026-07-18 17:15:00+00:00,0.80773,0.80786,0.80773,0.80782
2026-07-18 17:30:00+00:00,0.80782,0.80786,0.80777,0.8078
2026-07-18 17:45:00+00:00,0.8078,0.80784,0.80777,0.80781
2026-07-18 18:00:00+00:00,0.8078,0.80796,0.80747,0.80758
2026-07-18 18:15:00+00:00,0.80757,0.80781,0.80751,0.8078
2026-07-18 18:30:00+00:00,0.80777,0.80786,0.80777,0.80782
2026-07-18 18:45:00+00:00,0.80782,0.80786,0.80778,0.80784
2026-07-18 19:00:00+00:00,0.80782,0.80801,0.80757,0.80785
2026-07-18 19:15:00+00:00,0.80783,0.80786,0.80778,0.80784
2026-07-18 19:30:00+00:00,0.80782,0.80786,0.80778,0.80781
2026-07-18 19:45:00+00:00,0.80782,0.80786,0.80781,0.80784
2026-07-18 20:00:00+00:00,0.80782,0.80784,0.80751,0.80773
2026-07-18 20:15:00+00:00,0.80771,0.80779,0.80767,0.80776
2026-07-18 20:30:00+00:00,0.80775,0.80784,0.80763,0.80764
2026-07-18 20:45:00+00:00,0.80767,0.80776,0.80763,0.80773
2026-07-18 21:00:00+00:00,0.80771,0.80775,0.80743,0.80754
2026-07-18 21:15:00+00:00,0.80752,0.80758,0.80751,0.80755
2026-07-18 21:30:00+00:00,0.80754,0.80764,0.80749,0.80754
2026-07-18 21:45:00+00:00,0.80756,0.80769,0.80756,0.80766
2026-07-18 22:00:00+00:00,0.80766,0.80767,0.80739,0.80753
2026-07-18 22:15:00+00:00,0.80751,0.80755,0.8075,0.80752
2026-07-18 22:30:00+00:00,0.80751,0.80757,0.80748,0.80753
2026-07-18 22:45:00+00:00,0.80754,0.80757,0.80752,0.80753
2026-07-18 23:00:00+00:00,0.80754,0.80758,0.80732,0.80741
2026-07-18 23:15:00+00:00,0.8074,0.80759,0.80737,0.80755
2026-07-18 23:30:00+00:00,0.80753,0.80757,0.80752,0.80753
2026-07-18 23:45:00+00:00,0.80753,0.80759,0.80751,0.80755
2026-07-19 00:00:00+00:00,0.80755,0.80759,0.80754,0.80757
2026-07-19 00:15:00+00:00,0.80755,0.80761,0.80754,0.80759
2026-07-19 00:30:00+00:00,0.80757,0.80774,0.80756,0.80771
2026-07-19 00:45:00+00:00,0.80771,0.80775,0.8077,0.80771
2026-07-19 01:00:00+00:00,0.80771,0.80774,0.80768,0.80771
2026-07-19 01:15:00+00:00,0.80769,0.80783,0.80768,0.80781
2026-07-19 01:30:00+00:00,0.80779,0.80786,0.80767,0.80772
2026-07-19 01:45:00+00:00,0.80772,0.80781,0.80771,0.80775
2026-07-19 02:00:00+00:00,0.80776,0.80784,0.80776,0.80781
2026-07-19 02:15:00+00:00,0.80781,0.80785,0.80776,0.80781
2026-07-19 02:30:00+00:00,0.8078,0.80786,0.80778,0.80783
2026-07-19 02:45:00+00:00,0.80782,0.80786,0.80774,0.80782
2026-07-19 03:00:00+00:00,0.80782,0.80786,0.80777,0.80779
2026-07-19 03:15:00+00:00,0.80779,0.80784,0.80779,0.80783
2026-07-19 03:30:00+00:00,0.80781,0.80785,0.80776,0.80779
2026-07-19 03:45:00+00:00,0.80778,0.80781,0.80776,0.80777
2026-07-19 04:00:00+00:00,0.80778,0.80779,0.80774,0.80775
2026-07-19 04:15:00+00:00,0.80775,0.80779,0.8077,0.80773
2026-07-19 04:30:00+00:00,0.80771,0.80775,0.8077,0.80773
2026-07-19 04:45:00+00:00,0.80771,0.80775,0.80769,0.8077
2026-07-19 05:00:00+00:00,0.8077,0.80774,0.80769,0.8077
2026-07-19 05:15:00+00:00,0.8077,0.80772,0.80768,0.8077
2026-07-19 05:30:00+00:00,0.80769,0.80772,0.80767,0.80769
2026-07-19 05:45:00+00:00,0.80768,0.80771,0.80767,0.80768
2026-07-19 06:00:00+00:00,0.80768,0.80772,0.80767,0.80767
2026-07-19 06:15:00+00:00,0.80768,0.80771,0.80767,0.80769
2026-07-19 06:30:00+00:00,0.80768,0.80771,0.80766,0.80769
2026-07-19 06:45:00+00:00,0.80767,0.80771,0.80766,0.80767
2026-07-19 07:00:00+00:00,0.80767,0.8077,0.80765,0.80766
2026-07-19 07:15:00+00:00,0.80767,0.8077,0.80765,0.80767
2026-07-19 07:30:00+00:00,0.80766,0.8077,0.80765,0.80768
2026-07-19 07:45:00+00:00,0.80766,0.80774,0.80754,0.80759
2026-07-19 08:00:00+00:00,0.80758,0.80763,0.80757,0.80759
2026-07-19 08:15:00+00:00,0.80759,0.80763,0.80758,0.80761
2026-07-19 08:30:00+00:00,0.80759,0.80764,0.80758,0.80762
2026-07-19 08:45:00+00:00,0.8076,0.80764,0.80759,0.80761
2026-07-19 09:00:00+00:00,0.8076,0.80765,0.8076,0.80761
2026-07-19 09:15:00+00:00,0.80761,0.80765,0.8076,0.80762
2026-07-19 09:30:00+00:00,0.80762,0.80765,0.80761,0.80764
2026-07-19 09:45:00+00:00,0.80762,0.80766,0.80761,0.80763
2026-07-19 10:00:00+00:00,0.80762,0.80766,0.80761,0.80762
2026-07-19 10:15:00+00:00,0.80762,0.80773,0.80761,0.80769
2026-07-19 10:30:00+00:00,0.80769,0.80773,0.80768,0.80771
2026-07-19 10:45:00+00:00,0.80769,0.80781,0.80767,0.80779
2026-07-19 11:00:00+00:00,0.80778,0.80783,0.80776,0.80779
2026-07-19 11:15:00+00:00,0.80779,0.80787,0.80776,0.80783
2026-07-19 11:30:00+00:00,0.80783,0.80788,0.80782,0.80787
2026-07-19 11:45:00+00:00,0.80786,0.8079,0.80785,0.80787
2026-07-19 12:00:00+00:00,0.80786,0.80792,0.80785,0.80788
2026-07-19 12:15:00+00:00,0.80788,0.80792,0.80787,0.80788
2026-07-19 12:30:00+00:00,0.80788,0.80794,0.80787,0.80791
2026-07-19 12:45:00+00:00,0.8079,0.80795,0.80789,0.80793
2026-07-19 13:00:00+00:00,0.80792,0.80795,0.8079,0.80792
2026-07-19 13:15:00+00:00,0.80792,0.80794,0.80787,0.8079
2026-07-19 13:30:00+00:00,0.8079,0.80794,0.80789,0.80792
2026-07-19 13:45:00+00:00,0.8079,0.80795,0.8079,0.80793
2026-07-19 14:00:00+00:00,0.80792,0.808,0.80764,0.80785
2026-07-19 14:15:00+00:00,0.80784,0.80788,0.80783,0.80783
2026-07-19 14:30:00+00:00,0.80784,0.8079,0.80783,0.80787
2026-07-19 14:45:00+00:00,0.80787,0.80789,0.8077,0.80771
2026-07-19 15:00:00+00:00,0.80771,0.80787,0.80761,0.80767
2026-07-19 15:15:00+00:00,0.80766,0.8077,0.80763,0.80763
2026-07-19 15:30:00+00:00,0.80764,0.80768,0.80763,0.80764
2026-07-19 15:45:00+00:00,0.80764,0.80774,0.80763,0.80772
2026-07-19 16:00:00+00:00,0.80771,0.80791,0.80742,0.80753
2026-07-19 16:15:00+00:00,0.80752,0.80765,0.80751,0.8076
2026-07-19 16:30:00+00:00,0.80761,0.80772,0.80753,0.80768
2026-07-19 16:45:00+00:00,0.80768,0.80784,0.80764,0.8078
2026-07-19 17:00:00+00:00,0.80778,0.80818,0.80721,0.80753
2026-07-19 17:15:00+00:00,0.80751,0.80755,0.80743,0.80746
2026-07-19 17:30:00+00:00,0.80746,0.80761,0.80744,0.80749
2026-07-19 17:45:00+00:00,0.8075,0.80755,0.80748,0.80755
2026-07-19 18:00:00+00:00,0.80753,0.80764,0.80722,0.80732
2026-07-19 18:15:00+00:00,0.80731,0.80752,0.80718,0.80732
2026-07-19 18:30:00+00:00,0.80732,0.80735,0.8073,0.80731
2026-07-19 18:45:00+00:00,0.80732,0.80813,0.80724,0.80798
2026-07-19 19:00:00+00:00,0.80786,0.8084,0.80723,0.80794
2026-07-19 19:15:00+00:00,0.80787,0.80839,0.80735,0.80818
2026-07-19 19:30:00+00:00,0.80814,0.80865,0.80811,0.80862
2026-07-19 19:45:00+00:00,0.80857,0.80867,0.80832,0.80839
2026-07-19 20:00:00+00:00,0.8084,0.8086,0.80822,0.80859
2026-07-19 20:15:00+00:00,0.80856,0.80859,0.80841,0.80846
2026-07-19 20:30:00+00:00,0.8085,0.80858,0.8082,0.80846
2026-07-19 20:45:00+00:00,0.80848,0.80855,0.80839,0.80853
2026-07-19 21:00:00+00:00,0.8085,0.80855,0.80796,0.80809
2026-07-19 21:15:00+00:00,0.8081,0.80882,0.80801,0.80867
2026-07-19 21:30:00+00:00,0.80865,0.80885,0.80836,0.80874
2026-07-19 21:45:00+00:00,0.80868,0.80918,0.80799,0.80819
2026-07-19 22:00:00+00:00,0.80816,0.80856,0.80806,0.80832
2026-07-19 22:15:00+00:00,0.80829,0.8085,0.80823,0.8084
2026-07-19 22:30:00+00:00,0.80843,0.80845,0.80826,0.80833
2026-07-19 22:45:00+00:00,0.80834,0.80863,0.80834,0.80857
2026-07-19 23:00:00+00:00,0.80858,0.80873,0.80857,0.80871
2026-07-19 23:15:00+00:00,0.80867,0.80891,0.80867,0.80881
2026-07-19 23:30:00+00:00,0.80879,0.80882,0.80861,0.80862
2026-07-19 23:45:00+00:00,0.80863,0.80875,0.80846,0.80857
2026-07-20 00:00:00+00:00,0.80855,0.80859,0.80828,0.80834
2026-07-20 00:15:00+00:00,0.80832,0.80842,0.80827,0.80837
2026-07-20 00:30:00+00:00,0.80835,0.80845,0.80829,0.8083
2026-07-20 00:45:00+00:00,0.8083,0.80832,0.80805,0.80805
2026-07-20 01:00:00+00:00,0.80807,0.80817,0.80781,0.80816
2026-07-20 01:15:00+00:00,0.80813,0.80821,0.808,0.80806
2026-07-20 01:30:00+00:00,0.80804,0.8082,0.80788,0.80817
2026-07-20 01:45:00+00:00,0.80809,0.80827,0.80798,0.80799
2026-07-20 02:00:00+00:00,0.808,0.80804,0.80781,0.80789
2026-07-20 02:15:00+00:00,0.80788,0.80792,0.80768,0.80771
2026-07-20 02:30:00+00:00,0.80777,0.80777,0.80743,0.80744
2026-07-20 02:45:00+00:00,0.80744,0.80759,0.80744,0.80748
2026-07-20 03:00:00+00:00,0.80749,0.80757,0.80745,0.80747
2026-07-20 03:15:00+00:00,0.80747,0.80749,0.80736,0.80744
2026-07-20 03:30:00+00:00,0.80742,0.80748,0.80731,0.80732
2026-07-20 03:45:00+00:00,0.80733,0.80741,0.80733,0.80736
2026-07-20 04:00:00+00:00,0.80736,0.80739,0.80726,0.8073
2026-07-20 04:15:00+00:00,0.80727,0.8073,0.80705,0.80709
2026-07-20 04:30:00+00:00,0.80707,0.80713,0.80704,0.80706
2026-07-20 04:45:00+00:00,0.80705,0.80719,0.80699,0.807
2026-07-20 05:00:00+00:00,0.80702,0.80711,0.80696,0.80708
2026-07-20 05:15:00+00:00,0.80707,0.80724,0.80701,0.80722
2026-07-20 05:30:00+00:00,0.80721,0.8073,0.80718,0.80726
2026-07-20 05:45:00+00:00,0.80724,0.80749,0.80724,0.80736
2026-07-20 06:00:00+00:00,0.80734,0.80744,0.80712,0.80731
2026-07-20 06:15:00+00:00,0.80731,0.80733,0.80712,0.8073
2026-07-20 06:30:00+00:00,0.8073,0.8073,0.80712,0.80728
2026-07-20 06:45:00+00:00,0.80721,0.80736,0.80714,0.80734
2026-07-20 07:00:00+00:00,0.8073,0.80764,0.80722,0.80762
2026-07-20 07:15:00+00:00,0.80758,0.80775,0.80727,0.80733
2026-07-20 07:30:00+00:00,0.80732,0.80732,0.80628,0.80631
2026-07-20 07:45:00+00:00,0.80636,0.80658,0.80613,0.80657
2026-07-20 08:00:00+00:00,0.80654,0.80679,0.80644,0.80658
2026-07-20 08:15:00+00:00,0.80664,0.80689,0.80652,0.80683
2026-07-20 08:30:00+00:00,0.80683,0.80689,0.80636,0.80638
2026-07-20 08:45:00+00:00,0.80639,0.80716,0.80639,0.80708
2026-07-20 09:00:00+00:00,0.80706,0.80751,0.80697,0.80749
2026-07-20 09:15:00+00:00,0.80746,0.80804,0.80744,0.80803
2026-07-20 09:30:00+00:00,0.80801,0.8081,0.80782,0.80798
2026-07-20 09:45:00+00:00,0.80799,0.80825,0.80778,0.80814
2026-07-20 10:00:00+00:00,0.80818,0.80829,0.80766,0.8077
2026-07-20 10:15:00+00:00,0.8077,0.8079,0.80766,0.8077
2026-07-20 10:30:00+00:00,0.80771,0.80786,0.80753,0.80766
2026-07-20 10:45:00+00:00,0.8076,0.8079,0.8076,0.80789
2026-07-20 11:00:00+00:00,0.80787,0.80837,0.80782,0.8083
2026-07-20 11:15:00+00:00,0.8083,0.80834,0.8079,0.80792
2026-07-20 11:30:00+00:00,0.80794,0.80809,0.80722,0.80739
2026-07-20 11:45:00+00:00,0.80735,0.80795,0.80735,0.80793
2026-07-20 12:00:00+00:00,0.80789,0.80883,0.80774,0.80875
2026-07-20 12:15:00+00:00,0.80863,0.80943,0.80863,0.80927
2026-07-20 12:30:00+00:00,0.80929,0.80929,0.80886,0.8091
2026-07-20 12:45:00+00:00,0.80909,0.80918,0.80866,0.80883
2026-07-20 13:00:00+00:00,0.80877,0.80932,0.80877,0.809
2026-07-20 13:15:00+00:00,0.80901,0.80939,0.809,0.80906
2026-07-20 13:30:00+00:00,0.80909,0.80962,0.80896,0.80956
2026-07-20 13:45:00+00:00,0.80945,0.80967,0.80921,0.80938
2026-07-20 14:00:00+00:00,0.8093,0.80982,0.8093,0.80977
2026-07-20 14:15:00+00:00,0.80978,0.80987,0.80949,0.80958
2026-07-20 14:30:00+00:00,0.8096,0.8103,0.80935,0.81014
2026-07-20 14:45:00+00:00,0.81018,0.81069,0.81018,0.81044
2026-07-20 15:00:00+00:00,0.81049,0.81055,0.81013,0.81054
2026-07-20 15:15:00+00:00,0.8105,0.81066,0.81022,0.81026
2026-07-20 15:30:00+00:00,0.81024,0.81052,0.81017,0.8105
2026-07-20 15:45:00+00:00,0.81047,0.81054,0.8102,0.81034
2026-07-20 16:00:00+00:00,0.81032,0.81033,0.80998,0.81006
2026-07-20 16:15:00+00:00,0.81003,0.81031,0.81003,0.81018
2026-07-20 16:30:00+00:00,0.81021,0.8104,0.8101,0.81037
2026-07-20 16:45:00+00:00,0.81037,0.81037,0.81017,0.81025
2026-07-20 17:00:00+00:00,0.81022,0.81028,0.80994,0.81014
2026-07-20 17:15:00+00:00,0.81008,0.81024,0.80986,0.80986
2026-07-20 17:30:00+00:00,0.80987,0.8101,0.80986,0.81007
2026-07-20 17:45:00+00:00,0.81003,0.81009,0.80996,0.81002
2026-07-20 18:00:00+00:00,0.80999,0.81025,0.80978,0.81001
2026-07-20 18:15:00+00:00,0.80999,0.81002,0.80975,0.80993
2026-07-20 18:30:00+00:00,0.80994,0.81011,0.80984,0.81005
2026-07-20 18:45:00+00:00,0.81006,0.8102,0.81004,0.8101
2026-07-20 19:00:00+00:00,0.81011,0.81019,0.80976,0.81018
2026-07-20 19:15:00+00:00,0.81016,0.81021,0.80998,0.8101
2026-07-20 19:30:00+00:00,0.81009,0.81009,0.80977,0.81001
2026-07-20 19:45:00+00:00,0.80999,0.81015,0.80993,0.81006
2026-07-20 20:00:00+00:00,0.81006,0.81029,0.80987,0.81026
2026-07-20 20:15:00+00:00,0.81023,0.81038,0.81019,0.81019
2026-07-20 20:30:00+00:00,0.81019,0.81033,0.81016,0.81026
2026-07-20 20:45:00+00:00,0.81027,0.81033,0.81018,0.81029
2026-07-20 21:00:00+00:00,0.81025,0.81032,0.80948,0.80977
2026-07-20 21:15:00+00:00,0.80977,0.81014,0.80977,0.81012
2026-07-20 21:30:00+00:00,0.81011,0.81029,0.81002,0.81016
2026-07-20 21:45:00+00:00,0.81017,0.81032,0.81015,0.81025
2026-07-20 22:00:00+00:00,0.81024,0.81049,0.81012,0.81037
2026-07-20 22:15:00+00:00,0.81036,0.81043,0.81029,0.81041
2026-07-20 22:30:00+00:00,0.81039,0.81044,0.81032,0.81041
2026-07-20 22:45:00+00:00,0.81041,0.81043,0.81018,0.81027
2026-07-20 23:00:00+00:00,0.81026,0.81035,0.81009,0.81024
2026-07-20 23:15:00+00:00,0.81025,0.81034,0.81019,0.81031
2026-07-20 23:30:00+00:00,0.81029,0.81033,0.81024,0.81031
2026-07-20 23:45:00+00:00,0.8103,0.81034,0.81005,0.81006
2026-07-21 00:00:00+00:00,0.81007,0.81025,0.80996,0.81025
2026-07-21 00:15:00+00:00,0.81023,0.81051,0.81021,0.8105
2026-07-21 00:30:00+00:00,0.81048,0.81054,0.81034,0.81035
2026-07-21 00:45:00+00:00,0.81036,0.81039,0.81016,0.81023
2026-07-21 01:00:00+00:00,0.8103,0.81048,0.81018,0.81029
2026-07-21 01:15:00+00:00,0.81027,0.81044,0.81007,0.81041
2026-07-21 01:30:00+00:00,0.81036,0.8105,0.81021,0.81025
2026-07-21 01:45:00+00:00,0.81027,0.8105,0.81026,0.81043
2026-07-21 02:00:00+00:00,0.81045,0.8105,0.8103,0.81036
2026-07-21 02:15:00+00:00,0.81036,0.81046,0.81026,0.81045
2026-07-21 02:30:00+00:00,0.81042,0.81052,0.81036,0.81049
2026-07-21 02:45:00+00:00,0.81048,0.81061,0.81047,0.8106
2026-07-21 03:00:00+00:00,0.81059,0.81078,0.81052,0.81075
2026-07-21 03:15:00+00:00,0.8107,0.81082,0.8107,0.81079
2026-07-21 03:30:00+00:00,0.81077,0.8108,0.81062,0.81067
2026-07-21 03:45:00+00:00,0.81065,0.81067,0.81044,0.81065
2026-07-21 04:00:00+00:00,0.81061,0.81071,0.81047,0.81047
2026-07-21 04:15:00+00:00,0.81048,0.81052,0.8104,0.81046
2026-07-21 04:30:00+00:00,0.81045,0.81051,0.81028,0.8103
2026-07-21 04:45:00+00:00,0.81032,0.81042,0.81022,0.81025
2026-07-21 05:00:00+00:00,0.81025,0.81041,0.81014,0.81039
2026-07-21 05:15:00+00:00,0.81036,0.81044,0.81026,0.81037
2026-07-21 05:30:00+00:00,0.81036,0.81045,0.80996,0.80998
2026-07-21 05:45:00+00:00,0.81001,0.81028,0.80995,0.81025
2026-07-21 06:00:00+00:00,0.81026,0.81026,0.80979,0.80995
2026-07-21 06:15:00+00:00,0.80997,0.81001,0.80971,0.8099
2026-07-21 06:30:00+00:00,0.80989,0.81009,0.80982,0.80996
2026-07-21 06:45:00+00:00,0.80996,0.80996,0.80972,0.8099
2026-07-21 07:00:00+00:00,0.80986,0.80998,0.80956,0.80976
2026-07-21 07:15:00+00:00,0.80973,0.80984,0.8091,0.80953
2026-07-21 07:30:00+00:00,0.8095,0.80988,0.8095,0.80978
2026-07-21 07:45:00+00:00,0.80973,0.80998,0.8095,0.80977
2026-07-21 08:00:00+00:00,0.80978,0.80985,0.80957,0.80962
2026-07-21 08:15:00+00:00,0.80962,0.81009,0.80957,0.80991
2026-07-21 08:30:00+00:00,0.80995,0.81075,0.80995,0.81035
2026-07-21 08:45:00+00:00,0.81038,0.81046,0.81024,0.81038
2026-07-21 09:00:00+00:00,0.81037,0.81046,0.80998,0.81008
2026-07-21 09:15:00+00:00,0.81008,0.81034,0.80988,0.8103
2026-07-21 09:30:00+00:00,0.81024,0.81039,0.8099,0.81009
2026-07-21 09:45:00+00:00,0.81008,0.81008,0.80972,0.80989
2026-07-21 10:00:00+00:00,0.80987,0.80995,0.80932,0.80942
2026-07-21 10:15:00+00:00,0.80941,0.80959,0.80938,0.80939
2026-07-21 10:30:00+00:00,0.8094,0.80969,0.80925,0.80958
2026-07-21 10:45:00+00:00,0.8096,0.81031,0.80952,0.81027
2026-07-21 11:00:00+00:00,0.81021,0.81075,0.81004,0.8105
2026-07-21 11:15:00+00:00,0.81053,0.81067,0.81038,0.81044
2026-07-21 11:30:00+00:00,0.81045,0.81058,0.81024,0.81044
2026-07-21 11:45:00+00:00,0.81043,0.8108,0.81037,0.81074
2026-07-21 12:00:00+00:00,0.81071,0.81107,0.81056,0.81089
2026-07-21 12:15:00+00:00,0.8109,0.81118,0.81064,0.81113
2026-07-21 12:30:00+00:00,0.81107,0.81122,0.81075,0.81118
2026-07-21 12:45:00+00:00,0.81114,0.8112,0.81076,0.81079
2026-07-21 13:00:00+00:00,0.81077,0.81106,0.81077,0.81087
2026-07-21 13:15:00+00:00,0.81086,0.81148,0.81084,0.81135
2026-07-21 13:30:00+00:00,0.81139,0.81205,0.81129,0.81195
2026-07-21 13:45:00+00:00,0.81195,0.81204,0.81142,0.81156
2026-07-21 14:00:00+00:00,0.8116,0.8116,0.81089,0.81093
2026-07-21 14:15:00+00:00,0.81101,0.81183,0.81082,0.81179
2026-07-21 14:30:00+00:00,0.81173,0.81261,0.81173,0.8124
2026-07-21 14:45:00+00:00,0.81243,0.81286,0.81236,0.81262
2026-07-21 15:00:00+00:00,0.81265,0.81277,0.81242,0.81258
2026-07-21 15:15:00+00:00,0.81256,0.81257,0.81203,0.81204
2026-07-21 15:30:00+00:00,0.81206,0.81235,0.81201,0.81232
2026-07-21 15:45:00+00:00,0.81228,0.81252,0.81228,0.81241
2026-07-21 16:00:00+00:00,0.81238,0.81242,0.81209,0.81228
2026-07-21 16:15:00+00:00,0.81226,0.81234,0.8122,0.81228
2026-07-21 16:30:00+00:00,0.81228,0.81237,0.8121,0.8121
2026-07-21 16:45:00+00:00,0.81212,0.8123,0.81212,0.81225
2026-07-21 17:00:00+00:00,0.81223,0.81252,0.81204,0.81248
2026-07-21 17:15:00+00:00,0.81247,0.81248,0.81228,0.81228
2026-07-21 17:30:00+00:00,0.81229,0.81259,0.81224,0.81257
2026-07-21 17:45:00+00:00,0.81256,0.81261,0.81246,0.81259
2026-07-21 18:00:00+00:00,0.81258,0.81304,0.8125,0.81283
2026-07-21 18:15:00+00:00,0.8128,0.8133,0.8128,0.81297
2026-07-21 18:30:00+00:00,0.81296,0.81314,0.81287,0.81299
2026-07-21 18:45:00+00:00,0.813,0.81301,0.81285,0.81293
2026-07-21 19:00:00+00:00,0.81293,0.81311,0.81267,0.813
2026-07-21 19:15:00+00:00,0.81295,0.81305,0.81282,0.81288
2026-07-21 19:30:00+00:00,0.81286,0.81306,0.81286,0.81303
2026-07-21 19:45:00+00:00,0.813,0.81307,0.81265,0.81266
2026-07-21 20:00:00+00:00,0.81269,0.81276,0.81251,0.8127
2026-07-21 20:15:00+00:00,0.81268,0.81287,0.81267,0.81276
2026-07-21 20:30:00+00:00,0.81275,0.81283,0.81265,0.8128
2026-07-21 20:45:00+00:00,0.81277,0.81293,0.81274,0.81292
2026-07-21 21:00:00+00:00,0.8129,0.8129,0.81238,0.8128
2026-07-21 21:15:00+00:00,0.81277,0.81277,0.81262,0.81273
2026-07-21 21:30:00+00:00,0.81271,0.81283,0.81251,0.81251
2026-07-21 21:45:00+00:00,0.81253,0.81279,0.81253,0.81277
2026-07-21 22:00:00+00:00,0.81276,0.81282,0.81241,0.81281
2026-07-21 22:15:00+00:00,0.8128,0.81287,0.81274,0.81278
2026-07-21 22:30:00+00:00,0.81276,0.81279,0.81268,0.81277
2026-07-21 22:45:00+00:00,0.81276,0.81297,0.81274,0.81291
2026-07-21 23:00:00+00:00,0.81292,0.81302,0.81255,0.81295
2026-07-21 23:15:00+00:00,0.81294,0.81307,0.81289,0.81303
2026-07-21 23:30:00+00:00,0.81301,0.81305,0.81291,0.81297
2026-07-21 23:45:00+00:00,0.81297,0.81299,0.81267,0.81275
2026-07-22 00:00:00+00:00,0.81273,0.81282,0.81254,0.81274
2026-07-22 00:15:00+00:00,0.81274,0.81279,0.81242,0.81251
2026-07-22 00:30:00+00:00,0.81249,0.8128,0.81241,0.81276
2026-07-22 00:45:00+00:00,0.81275,0.8128,0.81265,0.81266
2026-07-22 01:00:00+00:00,0.81267,0.81268,0.81246,0.81256
2026-07-22 01:15:00+00:00,0.81256,0.81294,0.81256,0.81292
2026-07-22 01:30:00+00:00,0.8129,0.81337,0.81286,0.81318
2026-07-22 01:45:00+00:00,0.81318,0.81318,0.81303,0.81306
2026-07-22 02:00:00+00:00,0.81306,0.81318,0.81285,0.81289
2026-07-22 02:15:00+00:00,0.81289,0.81295,0.81247,0.8125
2026-07-22 02:30:00+00:00,0.81254,0.81273,0.81235,0.81261
2026-07-22 02:45:00+00:00,0.81261,0.81284,0.81261,0.81267
2026-07-22 03:00:00+00:00,0.81268,0.81289,0.81262,0.81288
2026-07-22 03:15:00+00:00,0.81287,0.81288,0.81266,0.81268
2026-07-22 03:30:00+00:00,0.81266,0.81288,0.81266,0.81286
2026-07-22 03:45:00+00:00,0.81285,0.81294,0.8128,0.8128
2026-07-22 04:00:00+00:00,0.81281,0.81315,0.81276,0.8131
2026-07-22 04:15:00+00:00,0.81311,0.81311,0.81295,0.81297
2026-07-22 04:30:00+00:00,0.81299,0.81302,0.81287,0.81293
2026-07-22 04:45:00+00:00,0.81292,0.8131,0.8129,0.81295
2026-07-22 05:00:00+00:00,0.81297,0.813,0.81281,0.81296
2026-07-22 05:15:00+00:00,0.8129,0.81302,0.81283,0.813
2026-07-22 05:30:00+00:00,0.81298,0.81315,0.81294,0.81303
2026-07-22 05:45:00+00:00,0.81301,0.81301,0.81265,0.81274
2026-07-22 06:00:00+00:00,0.81272,0.81272,0.81225,0.81235
2026-07-22 06:15:00+00:00,0.81237,0.8127,0.81235,0.81267
2026-07-22 06:30:00+00:00,0.81264,0.81269,0.81237,0.81253
2026-07-22 06:45:00+00:00,0.81251,0.81267,0.81234,0.81261
2026-07-22 07:00:00+00:00,0.8126,0.8126,0.81204,0.81206
2026-07-22 07:15:00+00:00,0.81212,0.81226,0.81175,0.812
2026-07-22 07:30:00+00:00,0.81201,0.81236,0.81156,0.81235
2026-07-22 07:45:00+00:00,0.81233,0.8125,0.81201,0.81208
2026-07-22 08:00:00+00:00,0.81204,0.8123,0.81202,0.81223
2026-07-22 08:15:00+00:00,0.81224,0.81238,0.81179,0.81199
2026-07-22 08:30:00+00:00,0.81198,0.81198,0.81163,0.81184
2026-07-22 08:45:00+00:00,0.81181,0.81209,0.81177,0.81189
2026-07-22 09:00:00+00:00,0.81191,0.81191,0.81162,0.81189
2026-07-22 09:15:00+00:00,0.81185,0.81206,0.81181,0.81204
2026-07-22 09:30:00+00:00,0.81201,0.81228,0.8118,0.81228
2026-07-22 09:45:00+00:00,0.81226,0.81273,0.81225,0.81263
2026-07-22 10:00:00+00:00,0.81262,0.81293,0.81253,0.81273
2026-07-22 10:15:00+00:00,0.81276,0.81287,0.81262,0.81277
2026-07-22 10:30:00+00:00,0.81276,0.81278,0.81237,0.81266
2026-07-22 10:45:00+00:00,0.81265,0.81267,0.81247,0.81253
2026-07-22 11:00:00+00:00,0.81253,0.81278,0.81253,0.81265
2026-07-22 11:15:00+00:00,0.81266,0.81286,0.81252,0.81272
2026-07-22 11:30:00+00:00,0.81274,0.81277,0.81239,0.81274
2026-07-22 11:45:00+00:00,0.81268,0.81298,0.8125,0.81267
2026-07-22 12:00:00+00:00,0.81269,0.81269,0.81205,0.81208
2026-07-22 12:15:00+00:00,0.81213,0.81227,0.81199,0.81217
2026-07-22 12:30:00+00:00,0.81219,0.81228,0.81194,0.81221
2026-07-22 12:45:00+00:00,0.81219,0.81295,0.81219,0.81257
2026-07-22 13:00:00+00:00,0.81261,0.81266,0.81218,0.81237
2026-07-22 13:15:00+00:00,0.81232,0.81243,0.81177,0.81194
2026-07-22 13:30:00+00:00,0.81188,0.81201,0.81141,0.81177
2026-07-22 13:45:00+00:00,0.81178,0.81235,0.81175,0.81233
2026-07-22 14:00:00+00:00,0.81224,0.81276,0.81217,0.8125
2026-07-22 14:15:00+00:00,0.81262,0.81301,0.81212,0.81296
2026-07-22 14:30:00+00:00,0.81297,0.81339,0.81292,0.81309
2026-07-22 14:45:00+00:00,0.81312,0.81358,0.81312,0.81347
2026-07-22 15:00:00+00:00,0.81349,0.81365,0.81312,0.81339
2026-07-22 15:15:00+00:00,0.81337,0.81372,0.81329,0.81344
2026-07-22 15:30:00+00:00,0.81343,0.81394,0.81338,0.81347
2026-07-22 15:45:00+00:00,0.81348,0.81358,0.81317,0.81349
2026-07-22 16:00:00+00:00,0.81351,0.81388,0.8134,0.81387
2026-07-22 16:15:00+00:00,0.81385,0.81421,0.81376,0.81388
2026-07-22 16:30:00+00:00,0.8139,0.81427,0.81385,0.8142
2026-07-22 16:45:00+00:00,0.81415,0.81431,0.81406,0.81428
2026-07-22 17:00:00+00:00,0.81427,0.81455,0.81404,0.81418
2026-07-22 17:15:00+00:00,0.81418,0.8144,0.81418,0.81427
2026-07-22 17:30:00+00:00,0.81428,0.81472,0.81423,0.81461
2026-07-22 17:45:00+00:00,0.81464,0.81465,0.81446,0.81452
2026-07-22 18:00:00+00:00,0.81454,0.81476,0.81439,0.81474
2026-07-22 18:15:00+00:00,0.81472,0.81473,0.81449,0.8145
2026-07-22 18:30:00+00:00,0.81451,0.81472,0.81449,0.81471
2026-07-22 18:45:00+00:00,0.81469,0.81472,0.81462,0.81465
2026-07-22 19:00:00+00:00,0.81466,0.8148,0.81451,0.81479
2026-07-22 19:15:00+00:00,0.81477,0.81484,0.81463,0.81474
2026-07-22 19:30:00+00:00,0.81472,0.81478,0.81467,0.81467
2026-07-22 19:45:00+00:00,0.81468,0.81481,0.81457,0.81458
2026-07-22 20:00:00+00:00,0.81458,0.81458,0.81436,0.81438
2026-07-22 20:15:00+00:00,0.8144,0.81455,0.81435,0.81443
2026-07-22 20:30:00+00:00,0.81445,0.81453,0.81441,0.81445
2026-07-22 20:45:00+00:00,0.81444,0.81451,0.81439,0.81441
2026-07-22 21:00:00+00:00,0.81441,0.81471,0.81405,0.81454
2026-07-22 21:15:00+00:00,0.81452,0.81459,0.81449,0.81454
2026-07-22 21:30:00+00:00,0.81453,0.81461,0.81448,0.81454
2026-07-22 21:45:00+00:00,0.81456,0.81465,0.81451,0.81453
2026-07-22 22:00:00+00:00,0.81454,0.81472,0.81436,0.81466
2026-07-22 22:15:00+00:00,0.81465,0.81468,0.81458,0.81461
2026-07-22 22:30:00+00:00,0.81459,0.8147,0.81452,0.81468
2026-07-22 22:45:00+00:00,0.81468,0.81472,0.81457,0.81458
2026-07-22 23:00:00+00:00,0.81459,0.81464,0.81432,0.81444
2026-07-22 23:15:00+00:00,0.81443,0.81448,0.81426,0.81442
2026-07-22 23:30:00+00:00,0.8144,0.81449,0.81429,0.81441
2026-07-22 23:45:00+00:00,0.81445,0.81445,0.81426,0.81427
2026-07-23 00:00:00+00:00,0.81427,0.81427,0.81414,0.81425
2026-07-23 00:15:00+00:00,0.81421,0.81433,0.81405,0.81413
2026-07-23 00:30:00+00:00,0.81409,0.81421,0.81396,0.81398
2026-07-23 00:45:00+00:00,0.81399,0.81432,0.81397,0.81405
2026-07-23 01:00:00+00:00,0.81406,0.81413,0.8137,0.81393
2026-07-23 01:15:00+00:00,0.81393,0.81408,0.81393,0.81402
2026-07-23 01:30:00+00:00,0.81399,0.81405,0.81375,0.81382
2026-07-23 01:45:00+00:00,0.81378,0.81417,0.81378,0.81415
2026-07-23 02:00:00+00:00,0.81414,0.81423,0.81405,0.81409
2026-07-23 02:15:00+00:00,0.81409,0.81415,0.81395,0.81405
2026-07-23 02:30:00+00:00,0.81404,0.81404,0.81372,0.81373
2026-07-23 02:45:00+00:00,0.81374,0.81377,0.81356,0.81356
2026-07-23 03:00:00+00:00,0.81357,0.81377,0.81345,0.81374
2026-07-23 03:15:00+00:00,0.81368,0.81381,0.81336,0.81342
2026-07-23 03:30:00+00:00,0.8134,0.81347,0.81317,0.81327
2026-07-23 03:45:00+00:00,0.81325,0.81339,0.81325,0.81337
2026-07-23 04:00:00+00:00,0.81335,0.81341,0.81303,0.81304
2026-07-23 04:15:00+00:00,0.81308,0.81336,0.81308,0.81316
2026-07-23 04:30:00+00:00,0.81318,0.81331,0.81306,0.81329
2026-07-23 04:45:00+00:00,0.81328,0.81344,0.81317,0.81333
2026-07-23 05:00:00+00:00,0.81336,0.81336,0.81313,0.81321
2026-07-23 05:15:00+00:00,0.81318,0.81351,0.81318,0.8134
2026-07-23 05:30:00+00:00,0.81342,0.81347,0.81333,0.81345
2026-07-23 05:45:00+00:00,0.81343,0.81343,0.81325,0.81334
2026-07-23 06:00:00+00:00,0.81335,0.81358,0.8132,0.81351
2026-07-23 06:15:00+00:00,0.81349,0.81366,0.81341,0.81356
2026-07-23 06:30:00+00:00,0.81357,0.81395,0.8135,0.81393
2026-07-23 06:45:00+00:00,0.81389,0.8141,0.81371,0.81403
2026-07-23 07:00:00+00:00,0.81404,0.8147,0.81404,0.81447
2026-07-23 07:15:00+00:00,0.81449,0.81488,0.81435,0.81488
2026-07-23 07:30:00+00:00,0.81486,0.81504,0.81472,0.81502
2026-07-23 07:45:00+00:00,0.81494,0.81568,0.81471,0.81482
2026-07-23 08:00:00+00:00,0.8148,0.81503,0.81431,0.81495
2026-07-23 08:15:00+00:00,0.81485,0.81528,0.81476,0.81478
2026-07-23 08:30:00+00:00,0.81483,0.81538,0.81483,0.81537
2026-07-23 08:45:00+00:00,0.81534,0.81534,0.81459,0.81482
2026-07-23 09:00:00+00:00,0.81478,0.81487,0.81434,0.81472
2026-07-23 09:15:00+00:00,0.81467,0.81508,0.81464,0.81502
2026-07-23 09:30:00+00:00,0.81503,0.81505,0.81465,0.81468
2026-07-23 09:45:00+00:00,0.81474,0.81488,0.81461,0.8147
2026-07-23 10:00:00+00:00,0.81468,0.81497,0.81454,0.81487
2026-07-23 10:15:00+00:00,0.81488,0.81507,0.81477,0.81502
2026-07-23 10:30:00+00:00,0.81501,0.81508,0.81476,0.81498
2026-07-23 10:45:00+00:00,0.81496,0.81521,0.81486,0.8152
2026-07-23 11:00:00+00:00,0.81516,0.81539,0.81511,0.81537
2026-07-23 11:15:00+00:00,0.81536,0.81592,0.81516,0.81587
2026-07-23 11:30:00+00:00,0.81581,0.81683,0.81581,0.81665
2026-07-23 11:45:00+00:00,0.81667,0.81667,0.81601,0.81609
2026-07-23 12:00:00+00:00,0.81611,0.81616,0.81577,0.8158
2026-07-23 12:15:00+00:00,0.8158,0.81682,0.8158,0.81665
2026-07-23 12:30:00+00:00,0.81668,0.81724,0.81661,0.81722
2026-07-23 12:45:00+00:00,0.81717,0.81717,0.81662,0.81669
2026-07-23 13:00:00+00:00,0.81667,0.8177,0.81665,0.81769
2026-07-23 13:15:00+00:00,0.81766,0.81766,0.81687,0.8169
2026-07-23 13:30:00+00:00,0.81695,0.81702,0.81605,0.81622
2026-07-23 13:45:00+00:00,0.81618,0.81672,0.81618,0.81655
2026-07-23 14:00:00+00:00,0.81645,0.81706,0.81644,0.8166
2026-07-23 14:15:00+00:00,0.81671,0.81701,0.81647,0.81667
2026-07-23 14:30:00+00:00,0.81664,0.81685,0.81622,0.81658
2026-07-23 14:45:00+00:00,0.81649,0.81718,0.81649,0.81665
2026-07-23 15:00:00+00:00,0.81678,0.81678,0.81616,0.81663
2026-07-23 15:15:00+00:00,0.81666,0.8171,0.8166,0.81681
2026-07-23 15:30:00+00:00,0.81682,0.81781,0.81678,0.8173
2026-07-23 15:45:00+00:00,0.81723,0.81753,0.81718,0.81738
2026-07-23 16:00:00+00:00,0.8174,0.8174,0.81685,0.81693
2026-07-23 16:15:00+00:00,0.8169,0.81727,0.81672,0.81673
2026-07-23 16:30:00+00:00,0.81675,0.81677,0.81638,0.8164
2026-07-23 16:45:00+00:00,0.81643,0.81644,0.81616,0.81628
2026-07-23 17:00:00+00:00,0.81628,0.81647,0.81598,0.81638
2026-07-23 17:15:00+00:00,0.81638,0.81678,0.81628,0.81668
2026-07-23 17:30:00+00:00,0.81669,0.81709,0.81667,0.81705
2026-07-23 17:45:00+00:00,0.817,0.81726,0.81694,0.81726
2026-07-23 18:00:00+00:00,0.81724,0.81735,0.8171,0.81711
2026-07-23 18:15:00+00:00,0.8171,0.81734,0.81703,0.81705
2026-07-23 18:30:00+00:00,0.81707,0.81713,0.8168,0.81711
2026-07-23 18:45:00+00:00,0.81709,0.81718,0.81702,0.81713
2026-07-23 19:00:00+00:00,0.81712,0.81712,0.81679,0.81704
2026-07-23 19:15:00+00:00,0.81702,0.81713,0.81682,0.81685
2026-07-23 19:30:00+00:00,0.81689,0.81689,0.81654,0.81677
2026-07-23 19:45:00+00:00,0.81674,0.81696,0.81663,0.8168
2026-07-23 20:00:00+00:00,0.8168,0.81683,0.81653,0.81679
2026-07-23 20:15:00+00:00,0.81677,0.81689,0.81674,0.81675
2026-07-23 20:30:00+00:00,0.81675,0.81685,0.81658,0.81684
2026-07-23 20:45:00+00:00,0.81682,0.81699,0.81682,0.81691
2026-07-23 21:00:00+00:00,0.81691,0.81726,0.81652,0.81666
2026-07-23 21:15:00+00:00,0.81672,0.81694,0.81653,0.81663
2026-07-23 21:30:00+00:00,0.81663,0.81681,0.81654,0.81674
2026-07-23 21:45:00+00:00,0.81676,0.81683,0.8166,0.81682
2026-07-23 22:00:00+00:00,0.81679,0.8168,0.81659,0.81677
2026-07-23 22:15:00+00:00,0.81675,0.81688,0.81674,0.81685
2026-07-23 22:30:00+00:00,0.81684,0.81692,0.81677,0.81678
2026-07-23 22:45:00+00:00,0.81677,0.8168,0.81668,0.81668
2026-07-23 23:00:00+00:00,0.81669,0.81681,0.8166,0.81679
2026-07-23 23:15:00+00:00,0.81677,0.81682,0.81667,0.81671
2026-07-23 23:30:00+00:00,0.8167,0.81692,0.81666,0.8168
2026-07-23 23:45:00+00:00,0.81682,0.81705,0.8167,0.81691
2026-07-24 00:00:00+00:00,0.81692,0.81708,0.81672,0.81673
2026-07-24 00:15:00+00:00,0.81673,0.81686,0.81664,0.81673
2026-07-24 00:30:00+00:00,0.81671,0.81691,0.81663,0.81686
2026-07-24 00:45:00+00:00,0.81686,0.81697,0.81646,0.81649
2026-07-24 01:00:00+00:00,0.81652,0.81661,0.81608,0.81632
2026-07-24 01:15:00+00:00,0.81633,0.81637,0.81611,0.81634
2026-07-24 01:30:00+00:00,0.81631,0.81651,0.81613,0.81614
2026-07-24 01:45:00+00:00,0.81614,0.81661,0.81611,0.8166
2026-07-24 02:00:00+00:00,0.81657,0.81672,0.81644,0.81657
2026-07-24 02:15:00+00:00,0.81659,0.81685,0.81655,0.81673
2026-07-24 02:30:00+00:00,0.81673,0.81684,0.81651,0.81677
2026-07-24 02:45:00+00:00,0.81675,0.81709,0.81675,0.81701
2026-07-24 03:00:00+00:00,0.81703,0.81737,0.81703,0.81736
2026-07-24 03:15:00+00:00,0.81735,0.81737,0.81722,0.81736
2026-07-24 03:30:00+00:00,0.81731,0.81742,0.81702,0.81711
2026-07-24 03:45:00+00:00,0.81708,0.81715,0.81706,0.81708
2026-07-24 04:00:00+00:00,0.81709,0.81709,0.8169,0.81699
2026-07-24 04:15:00+00:00,0.817,0.81718,0.81694,0.81718
2026-07-24 04:30:00+00:00,0.81716,0.81754,0.81713,0.81753
2026-07-24 04:45:00+00:00,0.8175,0.8176,0.81746,0.81746
2026-07-24 05:00:00+00:00,0.81747,0.81747,0.81725,0.81733
2026-07-24 05:15:00+00:00,0.81729,0.81733,0.81711,0.81717
2026-07-24 05:30:00+00:00,0.81716,0.81721,0.81694,0.81707
2026-07-24 05:45:00+00:00,0.81704,0.81738,0.81702,0.81731
2026-07-24 06:00:00+00:00,0.81729,0.81739,0.81719,0.81726
2026-07-24 06:15:00+00:00,0.81725,0.8173,0.81676,0.81683
2026-07-24 06:30:00+00:00,0.81682,0.81691,0.81674,0.81689
2026-07-24 06:45:00+00:00,0.81681,0.81702,0.81681,0.81693
2026-07-24 07:00:00+00:00,0.81691,0.81691,0.81576,0.8158
2026-07-24 07:15:00+00:00,0.8159,0.81636,0.8155,0.81551
2026-07-24 07:30:00+00:00,0.81553,0.81636,0.81538,0.81631
2026-07-24 07:45:00+00:00,0.81624,0.81628,0.81597,0.81626
2026-07-24 08:00:00+00:00,0.81621,0.81659,0.81621,0.81641
2026-07-24 08:15:00+00:00,0.81636,0.81662,0.81617,0.81626
2026-07-24 08:30:00+00:00,0.81625,0.81634,0.81605,0.81622
2026-07-24 08:45:00+00:00,0.8162,0.81667,0.81607,0.81665
2026-07-24 09:00:00+00:00,0.81662,0.81671,0.81635,0.81647
2026-07-24 09:15:00+00:00,0.81648,0.81677,0.81646,0.8166
2026-07-24 09:30:00+00:00,0.81662,0.81681,0.8165,0.81658
2026-07-24 09:45:00+00:00,0.81664,0.81673,0.81647,0.81649
2026-07-24 10:00:00+00:00,0.81653,0.81678,0.81643,0.81668
2026-07-24 10:15:00+00:00,0.8167,0.81678,0.81615,0.81616
2026-07-24 10:30:00+00:00,0.8162,0.81661,0.81616,0.81657
2026-07-24 10:45:00+00:00,0.81653,0.81708,0.81651,0.817
2026-07-24 11:00:00+00:00,0.817,0.817,0.81661,0.81665
2026-07-24 11:15:00+00:00,0.81666,0.81699,0.8166,0.81679
2026-07-24 11:30:00+00:00,0.81688,0.8176,0.81688,0.81759
2026-07-24 11:45:00+00:00,0.81756,0.81827,0.81744,0.8177
2026-07-24 12:00:00+00:00,0.81798,0.81798,0.81739,0.81745
2026-07-24 12:15:00+00:00,0.81748,0.81796,0.8174,0.81792
2026-07-24 12:30:00+00:00,0.81791,0.81824,0.81778,0.81818
2026-07-24 12:45:00+00:00,0.81817,0.81819,0.81783,0.81818
2026-07-24 13:00:00+00:00,0.81815,0.81855,0.81793,0.81798
2026-07-24 13:15:00+00:00,0.81803,0.81844,0.81801,0.81833
2026-07-24 13:30:00+00:00,0.81834,0.81849,0.81802,0.81811
2026-07-24 13:45:00+00:00,0.81807,0.81828,0.81792,0.81806
2026-07-24 14:00:00+00:00,0.81802,0.81808,0.81752,0.81797
2026-07-24 14:15:00+00:00,0.81792,0.81803,0.81752,0.8177
2026-07-24 14:30:00+00:00,0.81766,0.81779,0.81741,0.81757
2026-07-24 14:45:00+00:00,0.81753,0.81777,0.81738,0.8175
2026-07-24 15:00:00+00:00,0.81745,0.81769,0.81672,0.81697
2026-07-24 15:15:00+00:00,0.81691,0.81691,0.81637,0.81677
2026-07-24 15:30:00+00:00,0.81679,0.81698,0.81642,0.81684
2026-07-24 15:45:00+00:00,0.81674,0.81694,0.81663,0.81684
2026-07-24 16:00:00+00:00,0.81681,0.81696,0.8166,0.81662
2026-07-24 16:15:00+00:00,0.81664,0.81675,0.81654,0.81669
2026-07-24 16:30:00+00:00,0.81669,0.81708,0.81661,0.81694
2026-07-24 16:45:00+00:00,0.81699,0.81733,0.81699,0.81732
2026-07-24 17:00:00+00:00,0.81728,0.81805,0.81728,0.81804
2026-07-24 17:15:00+00:00,0.81801,0.8183,0.81794,0.81811
2026-07-24 17:30:00+00:00,0.81811,0.81835,0.81797,0.81833
2026-07-24 17:45:00+00:00,0.8183,0.81842,0.81821,0.8183
2026-07-24 18:00:00+00:00,0.81827,0.81844,0.81815,0.81828
2026-07-24 18:15:00+00:00,0.81825,0.81843,0.81818,0.81838
2026-07-24 18:30:00+00:00,0.81837,0.81856,0.81833,0.81842
2026-07-24 18:45:00+00:00,0.81842,0.81843,0.81822,0.81823
2026-07-24 19:00:00+00:00,0.81824,0.81829,0.81806,0.81821
2026-07-24 19:15:00+00:00,0.81818,0.81848,0.81818,0.81844
2026-07-24 19:30:00+00:00,0.81845,0.81847,0.81811,0.81814
2026-07-24 19:45:00+00:00,0.81815,0.81837,0.81814,0.81836
2026-07-24 20:00:00+00:00,0.81834,0.81842,0.81816,0.81841
2026-07-24 20:15:00+00:00,0.81838,0.8185,0.81838,0.81848
2026-07-24 20:30:00+00:00,0.81847,0.81859,0.81843,0.81854
2026-07-24 20:45:00+00:00,0.81853,0.81853,0.81821,0.81822
2026-07-24 21:00:00+00:00,0.81823,0.81839,0.81793,0.81832
2026-07-24 21:15:00+00:00,0.8183,0.8185,0.81816,0.81847
2026-07-24 21:30:00+00:00,0.81841,0.81852,0.81824,0.81831
2026-07-24 21:45:00+00:00,0.81832,0.81853,0.81829,0.81831
2026-07-24 22:00:00+00:00,0.81832,0.81844,0.81759,0.81833
2026-07-24 22:15:00+00:00,0.81832,0.81835,0.8183,0.81833
2026-07-24 22:30:00+00:00,0.81832,0.81835,0.8183,0.81832
2026-07-24 22:45:00+00:00,0.81832,0.81835,0.81829,0.8183
2026-07-24 23:00:00+00:00,0.8183,0.8185,0.8177,0.81831
2026-07-24 23:15:00+00:00,0.8183,0.81834,0.81829,0.81832
2026-07-24 23:30:00+00:00,0.8183,0.81834,0.81829,0.8183
2026-07-24 23:45:00+00:00,0.8183,0.81834,0.81829,0.8183
2026-07-25 00:00:00+00:00,0.8183,0.81838,0.81812,0.81813
2026-07-25 00:15:00+00:00,0.81813,0.81817,0.81805,0.81812
2026-07-25 00:30:00+00:00,0.8181,0.81812,0.81806,0.81808
2026-07-25 00:45:00+00:00,0.81808,0.81817,0.81806,0.81807
2026-07-25 01:00:00+00:00,0.81808,0.81811,0.81806,0.81808
2026-07-25 01:15:00+00:00,0.81808,0.81817,0.81807,0.81809
2026-07-25 01:30:00+00:00,0.81808,0.81834,0.81787,0.81813
2026-07-25 01:45:00+00:00,0.81815,0.81815,0.81807,0.81807
2026-07-25 02:00:00+00:00,0.81808,0.81817,0.81806,0.81808
2026-07-25 02:15:00+00:00,0.81808,0.81811,0.81806,0.81809
2026-07-25 02:30:00+00:00,0.81808,0.81817,0.81806,0.81809
2026-07-25 02:45:00+00:00,0.81808,0.8182,0.81805,0.8181
2026-07-25 03:00:00+00:00,0.81811,0.81812,0.81806,0.81807
2026-07-25 03:15:00+00:00,0.81808,0.81842,0.81792,0.8182
2026-07-25 03:30:00+00:00,0.81818,0.81818,0.81806,0.81809
2026-07-25 03:45:00+00:00,0.81808,0.81817,0.81807,0.81807
2026-07-25 04:00:00+00:00,0.81808,0.8182,0.81806,0.81811
2026-07-25 04:15:00+00:00,0.81813,0.81814,0.81807,0.81809
2026-07-25 04:30:00+00:00,0.81808,0.81817,0.81803,0.81809
2026-07-25 04:45:00+00:00,0.81808,0.81811,0.81806,0.81808
2026-07-25 05:00:00+00:00,0.81808,0.81836,0.81793,0.81807
2026-07-25 05:15:00+00:00,0.81808,0.81817,0.81806,0.8181
2026-07-25 05:30:00+00:00,0.8181,0.81816,0.81806,0.8181
2026-07-25 05:45:00+00:00,0.81808,0.81817,0.81802,0.81808
2026-07-25 06:00:00+00:00,0.81808,0.81811,0.81806,0.81807
2026-07-25 06:15:00+00:00,0.81808,0.81817,0.81806,0.81808
2026-07-25 06:30:00+00:00,0.81808,0.81836,0.81804,0.81816
2026-07-25 06:45:00+00:00,0.8182,0.8182,0.81806,0.81808
2026-07-25 07:00:00+00:00,0.81808,0.81817,0.81801,0.81807
2026-07-25 07:15:00+00:00,0.81808,0.81811,0.81806,0.81808
2026-07-25 07:30:00+00:00,0.81808,0.81817,0.81805,0.81809
2026-07-25 07:45:00+00:00,0.81808,0.81817,0.81806,0.81811
2026-07-25 08:00:00+00:00,0.81812,0.81812,0.81806,0.81807
2026-07-25 08:15:00+00:00,0.81808,0.81835,0.81806,0.81808
2026-07-25 08:30:00+00:00,0.81809,0.81811,0.81806,0.81809
2026-07-25 08:45:00+00:00,0.81808,0.81818,0.818,0.81809
2026-07-25 09:00:00+00:00,0.81808,0.81817,0.81804,0.81811
2026-07-25 09:15:00+00:00,0.81812,0.81812,0.81806,0.81807
2026-07-25 09:30:00+00:00,0.81808,0.81819,0.81806,0.8181
2026-07-25 09:45:00+00:00,0.81808,0.81811,0.81806,0.81809
2026-07-25 10:00:00+00:00,0.81808,0.81837,0.81802,0.81828
2026-07-25 10:15:00+00:00,0.81828,0.81835,0.81823,0.81831
2026-07-25 10:30:00+00:00,0.81831,0.81835,0.81812,0.81814
2026-07-25 10:45:00+00:00,0.81812,0.8182,0.81811,0.81814
2026-07-25 11:00:00+00:00,0.81813,0.81817,0.81811,0.81812
2026-07-25 11:15:00+00:00,0.81812,0.81821,0.81806,0.81812
2026-07-25 11:30:00+00:00,0.81812,0.81842,0.81811,0.81839
2026-07-25 11:45:00+00:00,0.81833,0.81836,0.81832,0.81835
2026-07-25 12:00:00+00:00,0.81833,0.81839,0.81832,0.81836
2026-07-25 12:15:00+00:00,0.81836,0.8184,0.81835,0.81835
2026-07-25 12:30:00+00:00,0.81836,0.81842,0.81834,0.8184
2026-07-25 12:45:00+00:00,0.81838,0.81843,0.81837,0.81842
2026-07-25 13:00:00+00:00,0.8184,0.81844,0.81839,0.81841
2026-07-25 13:15:00+00:00,0.8184,0.8185,0.81839,0.81847
2026-07-25 13:30:00+00:00,0.81847,0.81851,0.81846,0.81847
2026-07-25 13:45:00+00:00,0.81847,0.81851,0.81841,0.81845
2026-07-25 14:00:00+00:00,0.81843,0.81855,0.81805,0.81822
2026-07-25 14:15:00+00:00,0.8182,0.81822,0.81813,0.81813
2026-07-25 14:30:00+00:00,0.81813,0.81826,0.81812,0.81822
2026-07-25 14:45:00+00:00,0.81822,0.81826,0.81817,0.8182
2026-07-25 15:00:00+00:00,0.81818,0.81844,0.81816,0.81837
2026-07-25 15:15:00+00:00,0.81836,0.81839,0.81832,0.81838
2026-07-25 15:30:00+00:00,0.81836,0.8184,0.81835,0.81836
2026-07-25 15:45:00+00:00,0.81836,0.81842,0.81834,0.8184
2026-07-25 16:00:00+00:00,0.81839,0.81841,0.81813,0.81823
2026-07-25 16:15:00+00:00,0.81821,0.8183,0.8182,0.81826
2026-07-25 16:30:00+00:00,0.81826,0.81844,0.81812,0.81826
2026-07-25 16:45:00+00:00,0.81829,0.81847,0.81829,0.81841
2026-07-25 17:00:00+00:00,0.8184,0.81842,0.81813,0.81829
2026-07-25 17:15:00+00:00,0.81827,0.81831,0.81826,0.81827
2026-07-25 17:30:00+00:00,0.81827,0.81835,0.81826,0.81831
2026-07-25 17:45:00+00:00,0.81831,0.81836,0.81829,0.81834
2026-07-25 18:00:00+00:00,0.8183,0.81842,0.8181,0.81819
2026-07-25 18:15:00+00:00,0.81817,0.81844,0.81798,0.81836
2026-07-25 18:30:00+00:00,0.81835,0.81839,0.81834,0.81835
2026-07-25 18:45:00+00:00,0.81835,0.81842,0.81834,0.81838
2026-07-25 19:00:00+00:00,0.81838,0.81841,0.81812,0.81824
2026-07-25 19:15:00+00:00,0.81819,0.8183,0.81819,0.8182
2026-07-25 19:30:00+00:00,0.81821,0.81827,0.81814,0.81819
2026-07-25 19:45:00+00:00,0.8182,0.81821,0.81812,0.81813
2026-07-25 20:00:00+00:00,0.81813,0.81841,0.81785,0.8182
2026-07-25 20:15:00+00:00,0.81818,0.81824,0.81817,0.81822
2026-07-25 20:30:00+00:00,0.81818,0.81828,0.81818,0.81824
2026-07-25 20:45:00+00:00,0.81824,0.81829,0.81817,0.81825
2026-07-25 21:00:00+00:00,0.81825,0.81827,0.81803,0.81812
2026-07-25 21:15:00+00:00,0.81811,0.81823,0.81804,0.81821
2026-07-25 21:30:00+00:00,0.8182,0.81823,0.81818,0.81819
2026-07-25 21:45:00+00:00,0.8182,0.81845,0.81817,0.81831
2026-07-25 22:00:00+00:00,0.81831,0.81833,0.81807,0.81824
2026-07-25 22:15:00+00:00,0.81823,0.81826,0.81822,0.81824
2026-07-25 22:30:00+00:00,0.81823,0.81832,0.8182,0.81828
2026-07-25 22:45:00+00:00,0.81828,0.81832,0.81827,0.81827
2026-07-25 23:00:00+00:00,0.81828,0.81838,0.81813,0.81819
2026-07-25 23:15:00+00:00,0.81818,0.81844,0.81816,0.81837
2026-07-25 23:30:00+00:00,0.81836,0.81839,0.81834,0.81836
2026-07-25 23:45:00+00:00,0.81836,0.81842,0.81833,0.81837
2026-07-26 00:00:00+00:00,0.81838,0.81849,0.81823,0.81828
2026-07-26 00:15:00+00:00,0.81828,0.81835,0.81828,0.81834
2026-07-26 00:30:00+00:00,0.81832,0.81839,0.81831,0.81836
2026-07-26 00:45:00+00:00,0.81835,0.81839,0.81832,0.81833
2026-07-26 01:00:00+00:00,0.81833,0.81848,0.81831,0.81845
2026-07-26 01:15:00+00:00,0.81843,0.81847,0.81842,0.81845
2026-07-26 01:30:00+00:00,0.81843,0.81848,0.81843,0.81845
2026-07-26 01:45:00+00:00,0.81844,0.81848,0.81843,0.81845
2026-07-26 02:00:00+00:00,0.81845,0.81849,0.81844,0.81845
2026-07-26 02:15:00+00:00,0.81845,0.81849,0.81845,0.81847
2026-07-26 02:30:00+00:00,0.81846,0.81851,0.81812,0.81815
2026-07-26 02:45:00+00:00,0.81814,0.81837,0.81803,0.81811
2026-07-26 03:00:00+00:00,0.81812,0.8182,0.8181,0.81813
2026-07-26 03:15:00+00:00,0.81814,0.81815,0.8181,0.81813
2026-07-26 03:30:00+00:00,0.81812,0.8182,0.81808,0.81813
2026-07-26 03:45:00+00:00,0.81812,0.81815,0.8181,0.81811
2026-07-26 04:00:00+00:00,0.81812,0.81823,0.81805,0.81814
2026-07-26 04:15:00+00:00,0.81815,0.81843,0.8181,0.81836
2026-07-26 04:30:00+00:00,0.81834,0.81841,0.81823,0.81828
2026-07-26 04:45:00+00:00,0.81826,0.81834,0.81826,0.81831
2026-07-26 05:00:00+00:00,0.81831,0.81834,0.81829,0.81829
2026-07-26 05:15:00+00:00,0.8183,0.81837,0.81826,0.81835
2026-07-26 05:30:00+00:00,0.81833,0.8184,0.81832,0.81838
2026-07-26 05:45:00+00:00,0.81836,0.8184,0.81835,0.81837
2026-07-26 06:00:00+00:00,0.81836,0.81849,0.81835,0.81845
2026-07-26 06:15:00+00:00,0.81845,0.81849,0.81844,0.81847
2026-07-26 06:30:00+00:00,0.81845,0.81849,0.81845,0.81848
2026-07-26 06:45:00+00:00,0.81846,0.8185,0.81845,0.81847
2026-07-26 07:00:00+00:00,0.81846,0.8185,0.81845,0.81846
2026-07-26 07:15:00+00:00,0.81846,0.8185,0.81845,0.81847
2026-07-26 07:30:00+00:00,0.81847,0.8185,0.81846,0.81848
2026-07-26 07:45:00+00:00,0.81847,0.81856,0.81843,0.81846
2026-07-26 08:00:00+00:00,0.81845,0.81849,0.81844,0.81845
2026-07-26 08:15:00+00:00,0.81846,0.8185,0.81845,0.81846
2026-07-26 08:30:00+00:00,0.81846,0.8185,0.81835,0.81841
2026-07-26 08:45:00+00:00,0.81839,0.81843,0.81838,0.8184
2026-07-26 09:00:00+00:00,0.81839,0.81844,0.81839,0.81841
2026-07-26 09:15:00+00:00,0.81841,0.81851,0.81834,0.81847
2026-07-26 09:30:00+00:00,0.81847,0.81849,0.81829,0.81836
2026-07-26 09:45:00+00:00,0.81835,0.8184,0.81834,0.81837
2026-07-26 10:00:00+00:00,0.81835,0.81839,0.81834,0.81835
2026-07-26 10:15:00+00:00,0.81835,0.81837,0.81823,0.81833
2026-07-26 10:30:00+00:00,0.81833,0.81837,0.81832,0.81834
2026-07-26 10:45:00+00:00,0.81833,0.81841,0.81829,0.8184
2026-07-26 11:00:00+00:00,0.81838,0.81842,0.81837,0.81838
2026-07-26 11:15:00+00:00,0.81838,0.81845,0.81836,0.81841
2026-07-26 11:30:00+00:00,0.81842,0.81848,0.81841,0.81847
2026-07-26 11:45:00+00:00,0.81845,0.81849,0.81844,0.81847
2026-07-26 12:00:00+00:00,0.81845,0.81851,0.81844,0.81848
2026-07-26 12:15:00+00:00,0.81847,0.81851,0.81846,0.81847
2026-07-26 12:30:00+00:00,0.81847,0.81853,0.81845,0.81851
2026-07-26 12:45:00+00:00,0.81849,0.81854,0.81848,0.81853
2026-07-26 13:00:00+00:00,0.81851,0.81855,0.8185,0.81852
2026-07-26 13:15:00+00:00,0.81851,0.81856,0.81824,0.81832
2026-07-26 13:30:00+00:00,0.81832,0.81836,0.81831,0.81832
2026-07-26 13:45:00+00:00,0.81832,0.81841,0.81832,0.81839
2026-07-26 14:00:00+00:00,0.81837,0.81843,0.81809,0.81827
2026-07-26 14:15:00+00:00,0.81825,0.81829,0.81824,0.81825
2026-07-26 14:30:00+00:00,0.81825,0.81835,0.81824,0.81832
2026-07-26 14:45:00+00:00,0.81832,0.81841,0.81826,0.81837
2026-07-26 15:00:00+00:00,0.81835,0.81847,0.81831,0.81845
2026-07-26 15:15:00+00:00,0.81843,0.81848,0.81842,0.81846
2026-07-26 15:30:00+00:00,0.81846,0.8185,0.81845,0.81846
2026-07-26 15:45:00+00:00,0.81846,0.81852,0.81845,0.8185
2026-07-26 16:00:00+00:00,0.81848,0.81852,0.81847,0.8185
2026-07-26 16:15:00+00:00,0.81848,0.81854,0.81847,0.8185
2026-07-26 16:30:00+00:00,0.8185,0.81855,0.81849,0.81851
2026-07-26 16:45:00+00:00,0.81852,0.81855,0.81844,0.81847
2026-07-26 17:00:00+00:00,0.81846,0.81852,0.81805,0.81825
2026-07-26 17:15:00+00:00,0.81823,0.81827,0.81822,0.81823
2026-07-26 17:30:00+00:00,0.81823,0.81834,0.81822,0.81829
2026-07-26 17:45:00+00:00,0.8183,0.81835,0.81806,0.81816
2026-07-26 18:00:00+00:00,0.81817,0.81817,0.81811,0.81814
2026-07-26 18:15:00+00:00,0.81812,0.81823,0.81808,0.81812
2026-07-26 18:30:00+00:00,0.81811,0.81816,0.81809,0.81811
2026-07-26 18:45:00+00:00,0.81812,0.81836,0.8174,0.81741
2026-07-26 19:00:00+00:00,0.81742,0.81788,0.81708,0.81774
2026-07-26 19:15:00+00:00,0.81764,0.81764,0.81659,0.8167
2026-07-26 19:30:00+00:00,0.81673,0.81724,0.81659,0.81691
2026-07-26 19:45:00+00:00,0.81687,0.81742,0.81641,0.81699
2026-07-26 20:00:00+00:00,0.81693,0.81718,0.81637,0.81666
2026-07-26 20:15:00+00:00,0.8166,0.81673,0.8158,0.81615
2026-07-26 20:30:00+00:00,0.81618,0.81649,0.81598,0.81599
2026-07-26 20:45:00+00:00,0.81601,0.81648,0.81591,0.8162
2026-07-26 21:00:00+00:00,0.81628,0.81672,0.81606,0.81638
2026-07-26 21:15:00+00:00,0.81638,0.81656,0.81631,0.81648
2026-07-26 21:30:00+00:00,0.81646,0.81701,0.81622,0.81629
2026-07-26 21:45:00+00:00,0.8163,0.81633,0.81585,0.81586
2026-07-26 22:00:00+00:00,0.81586,0.81638,0.81555,0.81636
2026-07-26 22:15:00+00:00,0.81631,0.81659,0.81626,0.81658
2026-07-26 22:30:00+00:00,0.81655,0.81669,0.81654,0.81668
2026-07-26 22:45:00+00:00,0.81667,0.81693,0.81658,0.8169
2026-07-26 23:00:00+00:00,0.81687,0.81697,0.81672,0.81679
2026-07-26 23:15:00+00:00,0.8168,0.81687,0.81667,0.81684
2026-07-26 23:30:00+00:00,0.81682,0.81682,0.8165,0.81651
2026-07-26 23:45:00+00:00,0.81652,0.81669,0.81627,0.81629
2026-07-27 00:00:00+00:00,0.81633,0.81644,0.81505,0.81509
2026-07-27 00:15:00+00:00,0.81516,0.81516,0.81446,0.81451
2026-07-27 00:30:00+00:00,0.8146,0.81488,0.81414,0.81479
2026-07-27 00:45:00+00:00,0.8148,0.81517,0.8148,0.815
2026-07-27 01:00:00+00:00,0.81507,0.81524,0.81454,0.81459
2026-07-27 01:15:00+00:00,0.81462,0.81484,0.81462,0.81479
2026-07-27 01:30:00+00:00,0.81477,0.815,0.81452,0.81457
2026-07-27 01:45:00+00:00,0.81459,0.81468,0.8141,0.81416
2026-07-27 02:00:00+00:00,0.81423,0.8145,0.81398,0.81449
2026-07-27 02:15:00+00:00,0.81447,0.81468,0.81444,0.81451
2026-07-27 02:30:00+00:00,0.8145,0.81473,0.81442,0.81471
2026-07-27 02:45:00+00:00,0.8147,0.81488,0.81465,0.81485
2026-07-27 03:00:00+00:00,0.81485,0.81511,0.81476,0.81507
2026-07-27 03:15:00+00:00,0.81501,0.81513,0.81496,0.81502
2026-07-27 03:30:00+00:00,0.81499,0.81528,0.81499,0.81509
2026-07-27 03:45:00+00:00,0.81507,0.8151,0.81493,0.81502
2026-07-27 04:00:00+00:00,0.81502,0.81508,0.81491,0.81504
2026-07-27 04:15:00+00:00,0.81503,0.81521,0.81483,0.81521
2026-07-27 04:30:00+00:00,0.8152,0.8152,0.81496,0.81497
2026-07-27 04:45:00+00:00,0.81496,0.81523,0.81496,0.81506
2026-07-27 05:00:00+00:00,0.81507,0.81521,0.81495,0.81495
2026-07-27 05:15:00+00:00,0.81495,0.81516,0.8148,0.81506
2026-07-27 05:30:00+00:00,0.81507,0.8153,0.81491,0.81529
2026-07-27 05:45:00+00:00,0.81527,0.81533,0.81505,0.81519
2026-07-27 06:00:00+00:00,0.81519,0.81525,0.81444,0.8146
2026-07-27 06:15:00+00:00,0.81454,0.81477,0.81408,0.81409
2026-07-27 06:30:00+00:00,0.8141,0.81453,0.81402,0.81423
2026-07-27 06:45:00+00:00,0.81416,0.81484,0.81416,0.81454
2026-07-27 07:00:00+00:00,0.81456,0.81493,0.81446,0.81475
2026-07-27 07:15:00+00:00,0.81482,0.81482,0.81414,0.81432
2026-07-27 07:30:00+00:00,0.81429,0.81511,0.81429,0.81509
2026-07-27 07:45:00+00:00,0.815,0.81518,0.81487,0.81503
2026-07-27 08:00:00+00:00,0.81502,0.81544,0.81502,0.81538
2026-07-27 08:15:00+00:00,0.81534,0.8154,0.81525,0.81539
2026-07-27 08:30:00+00:00,0.81538,0.81554,0.81504,0.81515
2026-07-27 08:45:00+00:00,0.81512,0.81529,0.81485,0.81492
2026-07-27 09:00:00+00:00,0.81491,0.81515,0.8147,0.8151
2026-07-27 09:15:00+00:00,0.8151,0.81526,0.81492,0.81507
2026-07-27 09:30:00+00:00,0.81501,0.81522,0.81485,0.81487
2026-07-27 09:45:00+00:00,0.81489,0.81491,0.8146,0.81489
2026-07-27 10:00:00+00:00,0.81483,0.81516,0.81454,0.81494
2026-07-27 10:15:00+00:00,0.81499,0.81499,0.81448,0.81471
2026-07-27 10:30:00+00:00,0.81468,0.81484,0.81447,0.81449
2026-07-27 10:45:00+00:00,0.81451,0.81506,0.8145,0.81504
2026-07-27 11:00:00+00:00,0.81497,0.81543,0.81495,0.81538
2026-07-27 11:15:00+00:00,0.81537,0.81539,0.81501,0.81514
2026-07-27 11:30:00+00:00,0.81514,0.81514,0.81481,0.81485
2026-07-27 11:45:00+00:00,0.81486,0.81541,0.81486,0.81537
2026-07-27 12:00:00+00:00,0.81536,0.8155,0.81495,0.81548
2026-07-27 12:15:00+00:00,0.81544,0.81561,0.81523,0.81524
2026-07-27 12:30:00+00:00,0.81527,0.81598,0.81525,0.81582
2026-07-27 12:45:00+00:00,0.81589,0.81589,0.81553,0.81563
2026-07-27 13:00:00+00:00,0.81559,0.81782,0.81495,0.81749
2026-07-27 13:15:00+00:00,0.81745,0.81873,0.81728,0.81865
2026-07-27 13:30:00+00:00,0.81854,0.81904,0.81761,0.81779
2026-07-27 13:45:00+00:00,0.81774,0.81849,0.81748,0.81848
2026-07-27 14:00:00+00:00,0.81842,0.81858,0.81793,0.81796
2026-07-27 14:15:00+00:00,0.818,0.81874,0.8179,0.81872
2026-07-27 14:30:00+00:00,0.81869,0.81895,0.81839,0.81883
2026-07-27 14:45:00+00:00,0.81877,0.81901,0.81853,0.81868
2026-07-27 15:00:00+00:00,0.81871,0.81909,0.81855,0.81905
2026-07-27 15:15:00+00:00,0.81899,0.81899,0.81823,0.81829
2026-07-27 15:30:00+00:00,0.8183,0.81874,0.81829,0.81861
2026-07-27 15:45:00+00:00,0.81862,0.81868,0.81837,0.81855
2026-07-27 16:00:00+00:00,0.81847,0.81894,0.81847,0.81862
2026-07-27 16:15:00+00:00,0.81859,0.81874,0.81781,0.81782
2026-07-27 16:30:00+00:00,0.81785,0.81804,0.81776,0.81802
2026-07-27 16:45:00+00:00,0.818,0.81819,0.818,0.81806
2026-07-27 17:00:00+00:00,0.81808,0.81875,0.81783,0.81861
2026-07-27 17:15:00+00:00,0.81859,0.81902,0.81853,0.81898
2026-07-27 17:30:00+00:00,0.81897,0.81921,0.81875,0.81917
2026-07-27 17:45:00+00:00,0.81913,0.81921,0.81893,0.81902
2026-07-27 18:00:00+00:00,0.81901,0.81903,0.81877,0.81891
2026-07-27 18:15:00+00:00,0.81889,0.81913,0.81885,0.81912
2026-07-27 18:30:00+00:00,0.8191,0.81919,0.81893,0.81902
2026-07-27 18:45:00+00:00,0.819,0.8192,0.81896,0.81908
2026-07-27 19:00:00+00:00,0.81906,0.81921,0.81876,0.8192
2026-07-27 19:15:00+00:00,0.81919,0.81933,0.81911,0.81931
2026-07-27 19:30:00+00:00,0.8193,0.8193,0.81886,0.81898
2026-07-27 19:45:00+00:00,0.81897,0.81915,0.81895,0.8191
2026-07-27 20:00:00+00:00,0.8191,0.8192,0.81886,0.8191
2026-07-27 20:15:00+00:00,0.81909,0.81924,0.81899,0.81918
2026-07-27 20:30:00+00:00,0.81916,0.8194,0.81914,0.81938
2026-07-27 20:45:00+00:00,0.81935,0.81943,0.81931,0.81932
2026-07-27 21:00:00+00:00,0.81933,0.81935,0.81822,0.81869
2026-07-27 21:15:00+00:00,0.81871,0.81882,0.81865,0.81871
2026-07-27 21:30:00+00:00,0.81872,0.81885,0.81866,0.81876
2026-07-27 21:45:00+00:00,0.81877,0.81892,0.81872,0.81877
2026-07-27 22:00:00+00:00,0.81882,0.81935,0.81844,0.81919
2026-07-27 22:15:00+00:00,0.81917,0.81933,0.81909,0.81931
2026-07-27 22:30:00+00:00,0.81929,0.81933,0.81927,0.81929
2026-07-27 22:45:00+00:00,0.81929,0.81943,0.81928,0.81939
2026-07-27 23:00:00+00:00,0.81939,0.81952,0.81917,0.81925
2026-07-27 23:15:00+00:00,0.81925,0.81929,0.81914,0.8192
2026-07-27 23:30:00+00:00,0.81918,0.81924,0.8191,0.81921
2026-07-27 23:45:00+00:00,0.8192,0.8195,0.81916,0.81938
2026-07-28 00:00:00+00:00,0.8194,0.81973,0.81938,0.81951
2026-07-28 00:15:00+00:00,0.81949,0.81955,0.81901,0.81907
2026-07-28 00:30:00+00:00,0.81903,0.8192,0.81877,0.81896
2026-07-28 00:45:00+00:00,0.8189,0.8191,0.81883,0.81887
2026-07-28 01:00:00+00:00,0.81889,0.81889,0.81844,0.81863
2026-07-28 01:15:00+00:00,0.81858,0.81875,0.81858,0.81872
2026-07-28 01:30:00+00:00,0.8187,0.81894,0.81865,0.81893
2026-07-28 01:45:00+00:00,0.8189,0.81927,0.8189,0.81907
2026-07-28 02:00:00+00:00,0.81907,0.81914,0.81892,0.81901
2026-07-28 02:15:00+00:00,0.81896,0.81916,0.81886,0.81915
2026-07-28 02:30:00+00:00,0.81912,0.81919,0.81899,0.81903
2026-07-28 02:45:00+00:00,0.8191,0.8191,0.81849,0.81865
2026-07-28 03:00:00+00:00,0.81865,0.81883,0.81863,0.81874
2026-07-28 03:15:00+00:00,0.81875,0.81876,0.81857,0.81864
2026-07-28 03:30:00+00:00,0.81864,0.81875,0.81838,0.81873
2026-07-28 03:45:00+00:00,0.81871,0.81888,0.81868,0.81886
2026-07-28 04:00:00+00:00,0.81886,0.81911,0.81879,0.81906
2026-07-28 04:15:00+00:00,0.819,0.81918,0.81894,0.81911
2026-07-28 04:30:00+00:00,0.81911,0.81915,0.81906,0.8191
2026-07-28 04:45:00+00:00,0.81908,0.8193,0.81902,0.81928
2026-07-28 05:00:00+00:00,0.81928,0.81957,0.81917,0.81943
2026-07-28 05:15:00+00:00,0.81949,0.81962,0.81931,0.81934
2026-07-28 05:30:00+00:00,0.81941,0.81949,0.81919,0.81936
2026-07-28 05:45:00+00:00,0.81939,0.81955,0.81928,0.81943
2026-07-28 06:00:00+00:00,0.81945,0.81945,0.81921,0.81921
2026-07-28 06:15:00+00:00,0.81922,0.81932,0.81882,0.81886
2026-07-28 06:30:00+00:00,0.81892,0.81919,0.81872,0.81911
2026-07-28 06:45:00+00:00,0.81911,0.81942,0.819,0.8194
2026-07-28 07:00:00+00:00,0.81938,0.81972,0.81912,0.81926
2026-07-28 07:15:00+00:00,0.81924,0.8194,0.81905,0.81933
2026-07-28 07:30:00+00:00,0.81925,0.81956,0.81925,0.81956
2026-07-28 07:45:00+00:00,0.81953,0.82002,0.81951,0.82001
2026-07-28 08:00:00+00:00,0.81998,0.82001,0.81978,0.81996
2026-07-28 08:15:00+00:00,0.81994,0.81994,0.81944,0.81962
2026-07-28 08:30:00+00:00,0.81965,0.81975,0.81945,0.81961
2026-07-28 08:45:00+00:00,0.81967,0.81967,0.81922,0.81939
2026-07-28 09:00:00+00:00,0.81943,0.81977,0.81929,0.81973
2026-07-28 09:15:00+00:00,0.81972,0.81978,0.81938,0.81968
2026-07-28 09:30:00+00:00,0.81969,0.81998,0.81966,0.81994
2026-07-28 09:45:00+00:00,0.81985,0.8203,0.81985,0.82029
2026-07-28 10:00:00+00:00,0.82026,0.8204,0.82019,0.82022
2026-07-28 10:15:00+00:00,0.82025,0.82056,0.82023,0.82038
2026-07-28 10:30:00+00:00,0.8204,0.82043,0.82004,0.82027
2026-07-28 10:45:00+00:00,0.82022,0.82034,0.81985,0.82013
2026-07-28 11:00:00+00:00,0.82007,0.82045,0.82007,0.82018
2026-07-28 11:15:00+00:00,0.8202,0.8202,0.81962,0.81973
2026-07-28 11:30:00+00:00,0.81974,0.81978,0.81944,0.81962
2026-07-28 11:45:00+00:00,0.81954,0.8199,0.81954,0.81964
2026-07-28 12:00:00+00:00,0.81961,0.82017,0.81947,0.81996
2026-07-28 12:15:00+00:00,0.81998,0.82031,0.81998,0.82019
2026-07-28 12:30:00+00:00,0.82023,0.82037,0.81996,0.82
2026-07-28 12:45:00+00:00,0.82005,0.82005,0.81955,0.81967
2026-07-28 13:00:00+00:00,0.81966,0.81966,0.81921,0.81938
2026-07-28 13:15:00+00:00,0.81936,0.81947,0.8192,0.81938
2026-07-28 13:30:00+00:00,0.81937,0.81941,0.81893,0.81893
2026-07-28 13:45:00+00:00,0.81894,0.81905,0.81851,0.8188
2026-07-28 14:00:00+00:00,0.81878,0.81891,0.81853,0.81861
2026-07-28 14:15:00+00:00,0.81859,0.81895,0.81856,0.81866
2026-07-28 14:30:00+00:00,0.81863,0.81886,0.81857,0.81858
2026-07-28 14:45:00+00:00,0.8186,0.81888,0.81837,0.81839
2026-07-28 15:00:00+00:00,0.81842,0.81871,0.8177,0.81776
2026-07-28 15:15:00+00:00,0.81786,0.81786,0.81703,0.8172
2026-07-28 15:30:00+00:00,0.81717,0.81734,0.81694,0.81695
2026-07-28 15:45:00+00:00,0.81698,0.81732,0.81685,0.81712
2026-07-28 16:00:00+00:00,0.81714,0.81722,0.8169,0.81691
2026-07-28 16:15:00+00:00,0.81693,0.81712,0.81677,0.81697
2026-07-28 16:30:00+00:00,0.81698,0.81748,0.81698,0.81741
2026-07-28 16:45:00+00:00,0.81743,0.81789,0.81736,0.81785
2026-07-28 17:00:00+00:00,0.81784,0.8181,0.81765,0.81804
2026-07-28 17:15:00+00:00,0.81804,0.81811,0.81781,0.81809
2026-07-28 17:30:00+00:00,0.81806,0.81841,0.81806,0.81838
2026-07-28 17:45:00+00:00,0.81835,0.81864,0.81835,0.81863
2026-07-28 18:00:00+00:00,0.81861,0.81862,0.81844,0.8185
2026-07-28 18:15:00+00:00,0.8185,0.81886,0.81837,0.81885
2026-07-28 18:30:00+00:00,0.8188,0.81899,0.8188,0.81896
2026-07-28 18:45:00+00:00,0.81896,0.81909,0.81893,0.81899
2026-07-28 19:00:00+00:00,0.81899,0.81905,0.81888,0.81904
2026-07-28 19:15:00+00:00,0.81899,0.81911,0.81872,0.81897
2026-07-28 19:30:00+00:00,0.81895,0.81907,0.81887,0.81903
2026-07-28 19:45:00+00:00,0.81904,0.81938,0.8189,0.81934
2026-07-28 20:00:00+00:00,0.81928,0.81946,0.81927,0.8193
2026-07-28 20:15:00+00:00,0.81928,0.81945,0.81923,0.81929
2026-07-28 20:30:00+00:00,0.81937,0.8194,0.81921,0.81931
2026-07-28 20:45:00+00:00,0.81931,0.81941,0.81923,0.81938
2026-07-28 21:00:00+00:00,0.81937,0.81938,0.81795,0.81874
2026-07-28 21:15:00+00:00,0.81866,0.81901,0.81866,0.81892
2026-07-28 21:30:00+00:00,0.8189,0.81905,0.81881,0.81902
2026-07-28 21:45:00+00:00,0.819,0.81911,0.81891,0.81905
2026-07-28 22:00:00+00:00,0.81903,0.81924,0.81897,0.81915
2026-07-28 22:15:00+00:00,0.81914,0.81971,0.81914,0.81958
2026-07-28 22:30:00+00:00,0.81955,0.81964,0.81946,0.81954
2026-07-28 22:45:00+00:00,0.81955,0.81963,0.81949,0.8195
2026-07-28 23:00:00+00:00,0.81953,0.81978,0.8195,0.81956
2026-07-28 23:15:00+00:00,0.81959,0.81962,0.81947,0.81954
2026-07-28 23:30:00+00:00,0.81952,0.81966,0.81946,0.81965
2026-07-28 23:45:00+00:00,0.81963,0.81968,0.81949,0.81953
2026-07-29 00:00:00+00:00,0.81955,0.81984,0.81944,0.81979
2026-07-29 00:15:00+00:00,0.81979,0.81979,0.81934,0.81942
2026-07-29 00:30:00+00:00,0.8194,0.81947,0.8193,0.81936
2026-07-29 00:45:00+00:00,0.81937,0.81943,0.81904,0.81905
2026-07-29 01:00:00+00:00,0.81907,0.81919,0.81893,0.81918
2026-07-29 01:15:00+00:00,0.81916,0.81917,0.81884,0.81913
2026-07-29 01:30:00+00:00,0.81911,0.81926,0.81896,0.81923
2026-07-29 01:45:00+00:00,0.81922,0.81928,0.81844,0.81845
2026-07-29 02:00:00+00:00,0.81849,0.8187,0.8183,0.81832
2026-07-29 02:15:00+00:00,0.81835,0.81868,0.81829,0.81847
2026-07-29 02:30:00+00:00,0.81844,0.81849,0.81816,0.81829
2026-07-29 02:45:00+00:00,0.8183,0.81844,0.81821,0.81822
2026-07-29 03:00:00+00:00,0.81823,0.8183,0.81816,0.81818
2026-07-29 03:15:00+00:00,0.81819,0.81822,0.81789,0.81791
2026-07-29 03:30:00+00:00,0.81793,0.81793,0.81774,0.81779
2026-07-29 03:45:00+00:00,0.8178,0.81807,0.81765,0.81803
2026-07-29 04:00:00+00:00,0.81797,0.81811,0.81765,0.81766
2026-07-29 04:15:00+00:00,0.81768,0.81776,0.81741,0.81752
2026-07-29 04:30:00+00:00,0.81745,0.81759,0.81707,0.81709
2026-07-29 04:45:00+00:00,0.8171,0.81743,0.81699,0.81734
2026-07-29 05:00:00+00:00,0.81735,0.81737,0.81713,0.81715
2026-07-29 05:15:00+00:00,0.81716,0.81737,0.81709,0.81736
2026-07-29 05:30:00+00:00,0.81733,0.81759,0.81733,0.81744
2026-07-29 05:45:00+00:00,0.81744,0.81776,0.8174,0.81775
2026-07-29 06:00:00+00:00,0.81773,0.81807,0.81754,0.81792
2026-07-29 06:15:00+00:00,0.81793,0.8184,0.81772,0.81838
2026-07-29 06:30:00+00:00,0.81837,0.81841,0.81814,0.81816
2026-07-29 06:45:00+00:00,0.81817,0.81846,0.81812,0.81841
2026-07-29 07:00:00+00:00,0.8184,0.81849,0.81797,0.81827
2026-07-29 07:15:00+00:00,0.81823,0.81832,0.81788,0.81831
2026-07-29 07:30:00+00:00,0.81828,0.81853,0.81801,0.81806
2026-07-29 07:45:00+00:00,0.81803,0.81888,0.81793,0.81887
2026-07-29 08:00:00+00:00,0.81884,0.81916,0.81868,0.81913
2026-07-29 08:15:00+00:00,0.81912,0.81955,0.81897,0.81905
2026-07-29 08:30:00+00:00,0.81914,0.81951,0.81914,0.81928
2026-07-29 08:45:00+00:00,0.81927,0.81927,0.81879,0.81905
2026-07-29 09:00:00+00:00,0.819,0.81921,0.81898,0.81913
2026-07-29 09:15:00+00:00,0.81912,0.81948,0.81912,0.81937
2026-07-29 09:30:00+00:00,0.81938,0.8197,0.81923,0.81969
2026-07-29 09:45:00+00:00,0.81969,0.81985,0.81937,0.81984
2026-07-29 10:00:00+00:00,0.81981,0.82004,0.81975,0.82003
2026-07-29 10:15:00+00:00,0.82,0.82027,0.81996,0.82007
2026-07-29 10:30:00+00:00,0.82008,0.82042,0.81997,0.82027
2026-07-29 10:45:00+00:00,0.82029,0.82029,0.81993,0.82004
2026-07-29 11:00:00+00:00,0.82002,0.82003,0.81965,0.81966
2026-07-29 11:15:00+00:00,0.81966,0.81997,0.81958,0.81965
2026-07-29 11:30:00+00:00,0.81968,0.82002,0.8195,0.81998
2026-07-29 11:45:00+00:00,0.81991,0.8201,0.81965,0.81986
2026-07-29 12:00:00+00:00,0.81983,0.82006,0.81959,0.8199
2026-07-29 12:15:00+00:00,0.8199,0.82055,0.81989,0.82011
2026-07-29 12:30:00+00:00,0.82012,0.82028,0.81971,0.81994
2026-07-29 12:45:00+00:00,0.81991,0.82008,0.81981,0.81985
2026-07-29 13:00:00+00:00,0.81991,0.81995,0.81966,0.81976
2026-07-29 13:15:00+00:00,0.81974,0.81979,0.81896,0.81897
2026-07-29 13:30:00+00:00,0.819,0.81919,0.81853,0.81855
2026-07-29 13:45:00+00:00,0.81859,0.81864,0.81828,0.81852
2026-07-29 14:00:00+00:00,0.81846,0.8189,0.81834,0.81885
2026-07-29 14:15:00+00:00,0.81884,0.81904,0.81836,0.81838
2026-07-29 14:30:00+00:00,0.8184,0.81905,0.81829,0.81899
2026-07-29 14:45:00+00:00,0.81891,0.8203,0.8189,0.82022
2026-07-29 15:00:00+00:00,0.82004,0.82046,0.81977,0.81984
2026-07-29 15:15:00+00:00,0.81983,0.82033,0.81974,0.82023
2026-07-29 15:30:00+00:00,0.82029,0.82041,0.82002,0.8203
2026-07-29 15:45:00+00:00,0.82032,0.82039,0.81994,0.82003
2026-07-29 16:00:00+00:00,0.82002,0.8205,0.81996,0.82049
2026-07-29 16:15:00+00:00,0.82046,0.82053,0.82029,0.82036
2026-07-29 16:30:00+00:00,0.82033,0.82072,0.82033,0.82058
2026-07-29 16:45:00+00:00,0.82055,0.82063,0.82037,0.82038
2026-07-29 17:00:00+00:00,0.82038,0.82054,0.82004,0.82012
2026-07-29 17:15:00+00:00,0.8201,0.82022,0.8199,0.82019
2026-07-29 17:30:00+00:00,0.82013,0.82032,0.81997,0.81998
2026-07-29 17:45:00+00:00,0.81998,0.81999,0.81959,0.81966
2026-07-29 18:00:00+00:00,0.81972,0.81986,0.81646,0.81707
2026-07-29 18:15:00+00:00,0.8172,0.81815,0.81657,0.81778
2026-07-29 18:30:00+00:00,0.81785,0.81865,0.81654,0.81696
2026-07-29 18:45:00+00:00,0.81688,0.81698,0.81495,0.81514
2026-07-29 19:00:00+00:00,0.81524,0.81533,0.81434,0.81516
2026-07-29 19:15:00+00:00,0.81507,0.81544,0.81347,0.8154
2026-07-29 19:30:00+00:00,0.81533,0.8155,0.81464,0.81468
2026-07-29 19:45:00+00:00,0.81473,0.8153,0.81445,0.81525
2026-07-29 20:00:00+00:00,0.8152,0.81543,0.81476,0.81483
2026-07-29 20:15:00+00:00,0.81496,0.81498,0.81424,0.81428
2026-07-29 20:30:00+00:00,0.81434,0.81435,0.81359,0.81376
2026-07-29 20:45:00+00:00,0.81374,0.81381,0.81331,0.81359
2026-07-29 21:00:00+00:00,0.81355,0.8148,0.81352,0.81446
2026-07-29 21:15:00+00:00,0.81443,0.81452,0.81408,0.81411
2026-07-29 21:30:00+00:00,0.81412,0.81426,0.81404,0.81407
2026-07-29 21:45:00+00:00,0.81408,0.81441,0.81399,0.81439
2026-07-29 22:00:00+00:00,0.81435,0.81451,0.81341,0.81374
2026-07-29 22:15:00+00:00,0.81366,0.81393,0.81366,0.81391
2026-07-29 22:30:00+00:00,0.81389,0.81399,0.81382,0.8139
2026-07-29 22:45:00+00:00,0.81392,0.81398,0.81385,0.81387
2026-07-29 23:00:00+00:00,0.81389,0.8145,0.81325,0.81366
2026-07-29 23:15:00+00:00,0.81367,0.81386,0.81364,0.81385
2026-07-29 23:30:00+00:00,0.81383,0.8139,0.81371,0.81377
2026-07-29 23:45:00+00:00,0.81377,0.81386,0.81323,0.81347
2026-07-30 00:00:00+00:00,0.81344,0.81388,0.81338,0.81377
2026-07-30 00:15:00+00:00,0.81378,0.81492,0.81368,0.81489
2026-07-30 00:30:00+00:00,0.8148,0.81503,0.81469,0.81486
2026-07-30 00:45:00+00:00,0.81488,0.81494,0.81465,0.81466
2026-07-30 01:00:00+00:00,0.81469,0.81469,0.81436,0.81457
2026-07-30 01:15:00+00:00,0.81454,0.8151,0.81448,0.81499
2026-07-30 01:30:00+00:00,0.81503,0.81503,0.8146,0.8149
2026-07-30 01:45:00+00:00,0.81488,0.81522,0.81484,0.81516
2026-07-30 02:00:00+00:00,0.81517,0.81523,0.81491,0.81518
2026-07-30 02:15:00+00:00,0.81514,0.81526,0.81511,0.81519
2026-07-30 02:30:00+00:00,0.81518,0.81525,0.81506,0.81519
2026-07-30 02:45:00+00:00,0.81518,0.81521,0.81495,0.81514
2026-07-30 03:00:00+00:00,0.8151,0.81539,0.8151,0.81538
2026-07-30 03:15:00+00:00,0.81535,0.81557,0.81535,0.81548
2026-07-30 03:30:00+00:00,0.81546,0.81548,0.81528,0.81535
2026-07-30 03:45:00+00:00,0.81534,0.81558,0.8153,0.81557
2026-07-30 04:00:00+00:00,0.81556,0.81561,0.81541,0.81542
2026-07-30 04:15:00+00:00,0.81543,0.81544,0.81528,0.81541
2026-07-30 04:30:00+00:00,0.81539,0.81549,0.8153,0.81548
2026-07-30 04:45:00+00:00,0.81544,0.81573,0.81543,0.81565
2026-07-30 05:00:00+00:00,0.81568,0.81568,0.81525,0.81525
2026-07-30 05:15:00+00:00,0.81527,0.81538,0.815,0.81507
2026-07-30 05:30:00+00:00,0.81509,0.81552,0.81506,0.8155
2026-07-30 05:45:00+00:00,0.81549,0.81568,0.81529,0.81567
2026-07-30 06:00:00+00:00,0.81565,0.81607,0.81555,0.81605
2026-07-30 06:15:00+00:00,0.81601,0.81623,0.81589,0.8159
2026-07-30 06:30:00+00:00,0.81593,0.81625,0.8157,0.81589
2026-07-30 06:45:00+00:00,0.81587,0.81593,0.81556,0.81583
2026-07-30 07:00:00+00:00,0.81581,0.81599,0.81524,0.81593
2026-07-30 07:15:00+00:00,0.81585,0.8166,0.81585,0.81654
2026-07-30 07:30:00+00:00,0.81645,0.81721,0.81645,0.81706
2026-07-30 07:45:00+00:00,0.81703,0.81749,0.81694,0.81731
2026-07-30 08:00:00+00:00,0.81739,0.81739,0.81624,0.81626
2026-07-30 08:15:00+00:00,0.81628,0.81631,0.81558,0.8156
2026-07-30 08:30:00+00:00,0.81564,0.8162,0.8151,0.81589
2026-07-30 08:45:00+00:00,0.81591,0.81631,0.81559,0.81629
2026-07-30 09:00:00+00:00,0.81621,0.81633,0.81547,0.81548
2026-07-30 09:15:00+00:00,0.81551,0.81551,0.81471,0.81472
2026-07-30 09:30:00+00:00,0.81473,0.8149,0.81432,0.81443
2026-07-30 09:45:00+00:00,0.81441,0.81451,0.81377,0.81408
2026-07-30 10:00:00+00:00,0.81409,0.81442,0.81353,0.81359
2026-07-30 10:15:00+00:00,0.81369,0.81369,0.81221,0.81327
2026-07-30 10:30:00+00:00,0.81325,0.81333,0.81233,0.81239
2026-07-30 10:45:00+00:00,0.8125,0.81286,0.81203,0.81282
2026-07-30 11:00:00+00:00,0.81277,0.81312,0.81256,0.81309
2026-07-30 11:15:00+00:00,0.81302,0.81371,0.81292,0.8135
2026-07-30 11:30:00+00:00,0.81352,0.8137,0.81326,0.8137
2026-07-30 11:45:00+00:00,0.81368,0.81368,0.81264,0.81268
2026-07-30 12:00:00+00:00,0.81274,0.81278,0.81172,0.81181
2026-07-30 12:15:00+00:00,0.81197,0.81224,0.81162,0.81198
2026-07-30 12:30:00+00:00,0.81197,0.81263,0.81165,0.81231
2026-07-30 12:45:00+00:00,0.81224,0.81301,0.81193,0.81264
2026-07-30 13:00:00+00:00,0.81264,0.81298,0.81219,0.81221
2026-07-30 13:15:00+00:00,0.81221,0.81237,0.81164,0.81182
2026-07-30 13:30:00+00:00,0.81179,0.81226,0.80863,0.80875
2026-07-30 13:45:00+00:00,0.80892,0.80953,0.80654,0.80672
2026-07-30 14:00:00+00:00,0.80711,0.80711,0.80413,0.80597
2026-07-30 14:15:00+00:00,0.80587,0.807,0.80516,0.80694
2026-07-30 14:30:00+00:00,0.80685,0.80772,0.80669,0.80766
2026-07-30 14:45:00+00:00,0.80765,0.808,0.80707,0.80754
2026-07-30 15:00:00+00:00,0.80759,0.80782,0.80693,0.80766
2026-07-30 15:15:00+00:00,0.8076,0.8076,0.80658,0.80681
2026-07-30 15:30:00+00:00,0.80682,0.80682,0.80578,0.80581
2026-07-30 15:45:00+00:00,0.80582,0.80621,0.80537,0.80556
2026-07-30 16:00:00+00:00,0.80548,0.80577,0.80503,0.80546
2026-07-30 16:15:00+00:00,0.80543,0.80543,0.80458,0.8046
2026-07-30 16:30:00+00:00,0.80464,0.8051,0.80452,0.80503
2026-07-30 16:45:00+00:00,0.80495,0.80531,0.8049,0.80493
2026-07-30 17:00:00+00:00,0.80497,0.80559,0.8046,0.80543
2026-07-30 17:15:00+00:00,0.80538,0.80571,0.80536,0.80558
2026-07-30 17:30:00+00:00,0.8056,0.80612,0.80446,0.80523
2026-07-30 17:45:00+00:00,0.8051,0.8051,0.80427,0.80466
2026-07-30 18:00:00+00:00,0.80465,0.80478,0.80428,0.8044
2026-07-30 18:15:00+00:00,0.80436,0.80486,0.8041,0.80464
2026-07-30 18:30:00+00:00,0.80469,0.80471,0.80436,0.8046
2026-07-30 18:45:00+00:00,0.80462,0.80467,0.80428,0.80439
2026-07-30 19:00:00+00:00,0.80448,0.80483,0.80401,0.80475
2026-07-30 19:15:00+00:00,0.80473,0.80488,0.80448,0.80474
2026-07-30 19:30:00+00:00,0.80469,0.80487,0.80469,0.80478
2026-07-30 19:45:00+00:00,0.80479,0.80494,0.80465,0.80466
2026-07-30 20:00:00+00:00,0.80468,0.80546,0.80448,0.80491
2026-07-30 20:15:00+00:00,0.80487,0.80517,0.80487,0.80508
2026-07-30 20:30:00+00:00,0.80507,0.80543,0.80498,0.80534
2026-07-30 20:45:00+00:00,0.80531,0.80543,0.80506,0.80509
2026-07-30 21:00:00+00:00,0.8051,0.80592,0.80468,0.80566
2026-07-30 21:15:00+00:00,0.80565,0.80598,0.80541,0.80553
2026-07-30 21:30:00+00:00,0.8055,0.80555,0.80524,0.80525
2026-07-30 21:45:00+00:00,0.80526,0.80544,0.80504,0.8051
2026-07-30 22:00:00+00:00,0.80523,0.80548,0.80493,0.80532
2026-07-30 22:15:00+00:00,0.80534,0.8055,0.80528,0.80548
2026-07-30 22:30:00+00:00,0.80546,0.80548,0.80502,0.8052
2026-07-30 22:45:00+00:00,0.80519,0.80538,0.80514,0.80535
2026-07-30 23:00:00+00:00,0.80535,0.80562,0.80519,0.8056
2026-07-30 23:15:00+00:00,0.80555,0.80584,0.80555,0.80577
2026-07-30 23:30:00+00:00,0.80575,0.80593,0.80569,0.80583
2026-07-30 23:45:00+00:00,0.80582,0.80583,0.80559,0.80581
2026-07-31 00:00:00+00:00,0.80578,0.80629,0.80573,0.80595
2026-07-31 00:15:00+00:00,0.80596,0.806,0.80547,0.80575
2026-07-31 00:30:00+00:00,0.80572,0.80642,0.80559,0.80636
2026-07-31 00:45:00+00:00,0.80635,0.80651,0.80611,0.80611
2026-07-31 01:00:00+00:00,0.80612,0.80637,0.80606,0.80635
2026-07-31 01:15:00+00:00,0.8063,0.80641,0.80595,0.80597
2026-07-31 01:30:00+00:00,0.80596,0.80653,0.80586,0.80652
2026-07-31 01:45:00+00:00,0.80649,0.80697,0.80649,0.80696
2026-07-31 02:00:00+00:00,0.80695,0.80699,0.8064,0.80641
2026-07-31 02:15:00+00:00,0.80642,0.80668,0.80642,0.80661
2026-07-31 02:30:00+00:00,0.80662,0.80685,0.80658,0.80683
2026-07-31 02:45:00+00:00,0.80682,0.80704,0.80678,0.80696
2026-07-31 03:00:00+00:00,0.80696,0.80718,0.80665,0.807
2026-07-31 03:15:00+00:00,0.80702,0.80711,0.80691,0.80702
2026-07-31 03:30:00+00:00,0.80703,0.80724,0.80698,0.80723
2026-07-31 03:45:00+00:00,0.80719,0.80719,0.80691,0.80692
2026-07-31 04:00:00+00:00,0.80694,0.80703,0.80677,0.80699
2026-07-31 04:15:00+00:00,0.80699,0.80714,0.80686,0.80703
2026-07-31 04:30:00+00:00,0.80698,0.80734,0.80698,0.80733
2026-07-31 04:45:00+00:00,0.80731,0.80754,0.8072,0.80721
2026-07-31 05:00:00+00:00,0.80721,0.80734,0.80709,0.80732
2026-07-31 05:15:00+00:00,0.80728,0.8075,0.80723,0.80741
2026-07-31 05:30:00+00:00,0.80742,0.80755,0.80725,0.80749
2026-07-31 05:45:00+00:00,0.80744,0.80788,0.80744,0.80778
2026-07-31 06:00:00+00:00,0.80781,0.80781,0.80663,0.80686
2026-07-31 06:15:00+00:00,0.80679,0.80684,0.80604,0.80608
2026-07-31 06:30:00+00:00,0.8061,0.80695,0.8061,0.80694
2026-07-31 06:45:00+00:00,0.8069,0.80691,0.80619,0.80631
2026-07-31 07:00:00+00:00,0.80633,0.80689,0.80633,0.80656
2026-07-31 07:15:00+00:00,0.80657,0.80708,0.80643,0.80697
2026-07-31 07:30:00+00:00,0.80695,0.80729,0.8069,0.80712
2026-07-31 07:45:00+00:00,0.80705,0.80724,0.80659,0.80723
2026-07-31 08:00:00+00:00,0.80721,0.80795,0.80716,0.80794
2026-07-31 08:15:00+00:00,0.80791,0.80791,0.80739,0.8077
2026-07-31 08:30:00+00:00,0.80777,0.8082,0.80749,0.80753
2026-07-31 08:45:00+00:00,0.80759,0.80759,0.80604,0.80609
2026-07-31 09:00:00+00:00,0.80618,0.80711,0.80571,0.80694
2026-07-31 09:15:00+00:00,0.80697,0.80794,0.80697,0.80792
2026-07-31 09:30:00+00:00,0.80788,0.80846,0.80779,0.80834
2026-07-31 09:45:00+00:00,0.80829,0.80851,0.80803,0.80849
2026-07-31 10:00:00+00:00,0.80845,0.80853,0.80825,0.80839
2026-07-31 10:15:00+00:00,0.80839,0.80871,0.80838,0.80869
2026-07-31 10:30:00+00:00,0.80867,0.80895,0.8086,0.80894
2026-07-31 10:45:00+00:00,0.80892,0.8091,0.80866,0.80909
2026-07-31 11:00:00+00:00,0.80906,0.80946,0.80899,0.80928
2026-07-31 11:15:00+00:00,0.80927,0.80968,0.80927,0.80964
2026-07-31 11:30:00+00:00,0.80959,0.80996,0.80956,0.8097
2026-07-31 11:45:00+00:00,0.80969,0.80982,0.80942,0.80981
2026-07-31 12:00:00+00:00,0.80979,0.8102,0.80973,0.81019
2026-07-31 12:15:00+00:00,0.81015,0.81076,0.80998,0.8107
2026-07-31 12:30:00+00:00,0.81061,0.81107,0.81055,0.81086
2026-07-31 12:45:00+00:00,0.81089,0.81089,0.81038,0.8106
2026-07-31 13:00:00+00:00,0.81055,0.81095,0.81045,0.81094
2026-07-31 13:15:00+00:00,0.81089,0.81134,0.80892,0.80938
2026-07-31 13:30:00+00:00,0.80945,0.81206,0.80928,0.81203
2026-07-31 13:45:00+00:00,0.81196,0.81243,0.81154,0.81237
2026-07-31 14:00:00+00:00,0.81221,0.81286,0.81217,0.81227
2026-07-31 14:15:00+00:00,0.8125,0.8125,0.81144,0.81148
2026-07-31 14:30:00+00:00,0.81151,0.81157,0.81011,0.81034
2026-07-31 14:45:00+00:00,0.81032,0.81057,0.80888,0.80895
2026-07-31 15:00:00+00:00,0.80906,0.80961,0.80876,0.80909
2026-07-31 15:15:00+00:00,0.80921,0.80921,0.80853,0.80907
2026-07-31 15:30:00+00:00,0.8089,0.8094,0.80859,0.80873
2026-07-31 15:45:00+00:00,0.8087,0.80876,0.8082,0.80829
2026-07-31 16:00:00+00:00,0.80835,0.80868,0.80812,0.8083
2026-07-31 16:15:00+00:00,0.80838,0.80905,0.80815,0.80901
2026-07-31 16:30:00+00:00,0.80893,0.8091,0.80873,0.80889
2026-07-31 16:45:00+00:00,0.80884,0.80904,0.80849,0.80895
2026-07-31 17:00:00+00:00,0.80899,0.80899,0.80857,0.80862
2026-07-31 17:15:00+00:00,0.80872,0.80876,0.80781,0.80786
2026-07-31 17:30:00+00:00,0.80795,0.80795,0.80733,0.80734
2026-07-31 17:45:00+00:00,0.80736,0.80829,0.80694,0.8078
2026-07-31 18:00:00+00:00,0.80772,0.80811,0.80751,0.80809
2026-07-31 18:15:00+00:00,0.80803,0.80832,0.80792,0.80823
2026-07-31 18:30:00+00:00,0.80818,0.80842,0.80814,0.80839
2026-07-31 18:45:00+00:00,0.80835,0.80871,0.80824,0.80825
2026-07-31 19:00:00+00:00,0.80826,0.80831,0.80795,0.80808
2026-07-31 19:15:00+00:00,0.80807,0.80833,0.80805,0.80829
2026-07-31 19:30:00+00:00,0.80827,0.80855,0.80811,0.80813
2026-07-31 19:45:00+00:00,0.80817,0.8084,0.80786,0.80835
2026-07-31 20:00:00+00:00,0.80829,0.80874,0.80829,0.80852
2026-07-31 20:15:00+00:00,0.80851,0.80851,0.80741,0.80781
2026-07-31 20:30:00+00:00,0.80773,0.80884,0.80705,0.808
2026-07-31 20:45:00+00:00,0.80798,0.808,0.80716,0.80731
2026-07-31 21:00:00+00:00,0.80739,0.80829,0.80707,0.80771
2026-07-31 21:15:00+00:00,0.8077,0.80776,0.8076,0.80772
2026-07-31 21:30:00+00:00,0.8077,0.80779,0.80757,0.80762
2026-07-31 21:45:00+00:00,0.80763,0.80774,0.80751,0.80757
2026-07-31 22:00:00+00:00,0.80757,0.80831,0.80707,0.80757
2026-07-31 22:15:00+00:00,0.80758,0.80768,0.80754,0.80767
2026-07-31 22:30:00+00:00,0.80764,0.80768,0.80753,0.80757
2026-07-31 22:45:00+00:00,0.80758,0.80767,0.80753,0.80764
2026-07-31 23:00:00+00:00,0.80762,0.80823,0.80727,0.80756
2026-07-31 23:15:00+00:00,0.80758,0.80767,0.80755,0.80766
2026-07-31 23:30:00+00:00,0.80763,0.80769,0.80752,0.80755
2026-07-31 23:45:00+00:00,0.80756,0.80764,0.80752,0.80761
2026-08-01 00:00:00+00:00,0.80759,0.80784,0.80752,0.8078
2026-08-01 00:15:00+00:00,0.8078,0.80784,0.80773,0.80782
2026-08-01 00:30:00+00:00,0.80781,0.80787,0.80771,0.80782
2026-08-01 00:45:00+00:00,0.80781,0.80784,0.80773,0.8078
2026-08-01 01:00:00+00:00,0.80781,0.80784,0.80771,0.8078
2026-08-01 01:15:00+00:00,0.80781,0.80784,0.80773,0.80782
2026-08-01 01:30:00+00:00,0.80781,0.80787,0.80771,0.80782
2026-08-01 01:45:00+00:00,0.8078,0.80784,0.80773,0.8078
2026-08-01 02:00:00+00:00,0.80781,0.80784,0.80772,0.8078
2026-08-01 02:15:00+00:00,0.80781,0.80784,0.80773,0.80782
2026-08-01 02:30:00+00:00,0.80781,0.80787,0.8077,0.80782
2026-08-01 02:45:00+00:00,0.80781,0.80784,0.80779,0.8078
2026-08-01 03:00:00+00:00,0.8078,0.80784,0.8078,0.8078
2026-08-01 03:15:00+00:00,0.80781,0.80784,0.80777,0.80782
2026-08-01 03:30:00+00:00,0.80781,0.80784,0.80779,0.80782
2026-08-01 03:45:00+00:00,0.80781,0.80784,0.80778,0.80781
2026-08-01 04:00:00+00:00,0.80781,0.80784,0.80778,0.80779
2026-08-01 04:15:00+00:00,0.8078,0.80794,0.80779,0.80793
2026-08-01 04:30:00+00:00,0.80791,0.80795,0.80787,0.80793
2026-08-01 04:45:00+00:00,0.80791,0.80795,0.8079,0.80792
2026-08-01 05:00:00+00:00,0.80791,0.80794,0.80781,0.8079
2026-08-01 05:15:00+00:00,0.80791,0.80795,0.80787,0.80792
2026-08-01 05:30:00+00:00,0.8079,0.80795,0.8079,0.80793
2026-08-01 05:45:00+00:00,0.80791,0.80795,0.80786,0.80792
2026-08-01 06:00:00+00:00,0.80791,0.80795,0.8079,0.80791
2026-08-01 06:15:00+00:00,0.80791,0.80795,0.80787,0.80791
2026-08-01 06:30:00+00:00,0.80791,0.80795,0.80783,0.80789
2026-08-01 06:45:00+00:00,0.80787,0.80795,0.80787,0.80793
2026-08-01 07:00:00+00:00,0.80791,0.80794,0.80786,0.80791
2026-08-01 07:15:00+00:00,0.80791,0.80795,0.8079,0.80791
2026-08-01 07:30:00+00:00,0.80792,0.80795,0.80787,0.80793
2026-08-01 07:45:00+00:00,0.80791,0.80795,0.80785,0.80792
2026-08-01 08:00:00+00:00,0.8079,0.80794,0.8079,0.80791
2026-08-01 08:15:00+00:00,0.80791,0.80794,0.80783,0.8079
2026-08-01 08:30:00+00:00,0.80791,0.80795,0.8079,0.80792
2026-08-01 08:45:00+00:00,0.80791,0.80795,0.80785,0.80793
2026-08-01 09:00:00+00:00,0.80791,0.80795,0.80787,0.8079
2026-08-01 09:15:00+00:00,0.80788,0.80795,0.80788,0.80791
2026-08-01 09:30:00+00:00,0.80791,0.80795,0.80785,0.80791
2026-08-01 09:45:00+00:00,0.80791,0.80795,0.8079,0.80793
2026-08-01 10:00:00+00:00,0.80791,0.80795,0.80783,0.80792
2026-08-01 10:15:00+00:00,0.80791,0.80795,0.80786,0.80792
2026-08-01 10:30:00+00:00,0.8079,0.80795,0.8079,0.80793
2026-08-01 10:45:00+00:00,0.80791,0.80795,0.80787,0.80793
2026-08-01 11:00:00+00:00,0.80791,0.80795,0.80787,0.80792
2026-08-01 11:15:00+00:00,0.80791,0.80794,0.80786,0.80791
2026-08-01 11:30:00+00:00,0.80791,0.80795,0.80781,0.8079
2026-08-01 11:45:00+00:00,0.80787,0.80793,0.80784,0.80793
2026-08-01 12:00:00+00:00,0.80791,0.80795,0.80786,0.80792
2026-08-01 12:15:00+00:00,0.80791,0.80795,0.8079,0.80791
2026-08-01 12:30:00+00:00,0.80791,0.80795,0.80786,0.80791
2026-08-01 12:45:00+00:00,0.80791,0.80795,0.80786,0.80787
2026-08-01 13:00:00+00:00,0.80787,0.80795,0.80787,0.80792
2026-08-01 13:15:00+00:00,0.80791,0.80798,0.80781,0.80792
2026-08-01 13:30:00+00:00,0.8079,0.80795,0.8079,0.80791
2026-08-01 13:45:00+00:00,0.80791,0.80794,0.80786,0.80791
2026-08-01 14:00:00+00:00,0.8079,0.80794,0.80785,0.80786
2026-08-01 14:15:00+00:00,0.80787,0.80793,0.80786,0.80789
2026-08-01 14:30:00+00:00,0.80789,0.80793,0.80784,0.80785
2026-08-01 14:45:00+00:00,0.80785,0.80789,0.80784,0.80787
2026-08-01 15:00:00+00:00,0.80785,0.80791,0.80778,0.80782
2026-08-01 15:15:00+00:00,0.8078,0.80784,0.80777,0.80778
2026-08-01 15:30:00+00:00,0.80778,0.80782,0.80777,0.80778
2026-08-01 15:45:00+00:00,0.80778,0.80782,0.80776,0.80777
2026-08-01 16:00:00+00:00,0.80777,0.80815,0.80774,0.80804
2026-08-01 16:15:00+00:00,0.80802,0.80806,0.8079,0.80793
2026-08-01 16:30:00+00:00,0.80792,0.80798,0.8078,0.80781
2026-08-01 16:45:00+00:00,0.80784,0.80791,0.80784,0.80788
2026-08-01 17:00:00+00:00,0.80788,0.80823,0.80787,0.80793
2026-08-01 17:15:00+00:00,0.80791,0.80795,0.8079,0.80792
2026-08-01 17:30:00+00:00,0.80791,0.80795,0.80785,0.80786
2026-08-01 17:45:00+00:00,0.80787,0.80791,0.80786,0.80787
2026-08-01 18:00:00+00:00,0.80787,0.80819,0.8078,0.8081
2026-08-01 18:15:00+00:00,0.80808,0.80812,0.80785,0.80789
2026-08-01 18:30:00+00:00,0.80787,0.80791,0.80786,0.80787
2026-08-01 18:45:00+00:00,0.80787,0.80792,0.80783,0.80788
2026-08-01 19:00:00+00:00,0.80788,0.80816,0.8078,0.80791
2026-08-01 19:15:00+00:00,0.8079,0.80792,0.80784,0.8079
2026-08-01 19:30:00+00:00,0.80789,0.80793,0.80784,0.80788
2026-08-01 19:45:00+00:00,0.80788,0.80792,0.80783,0.80787
2026-08-01 20:00:00+00:00,0.80787,0.80822,0.80785,0.80794
2026-08-01 20:15:00+00:00,0.80792,0.80797,0.80787,0.80796
2026-08-01 20:30:00+00:00,0.80793,0.80793,0.80786,0.80788
2026-08-01 20:45:00+00:00,0.80788,0.80792,0.80783,0.80784
2026-08-01 21:00:00+00:00,0.80784,0.80819,0.80781,0.80809
2026-08-01 21:15:00+00:00,0.80809,0.80812,0.80797,0.80803
2026-08-01 21:30:00+00:00,0.80801,0.80805,0.80789,0.80801
2026-08-01 21:45:00+00:00,0.80801,0.80801,0.80783,0.80792
2026-08-01 22:00:00+00:00,0.80789,0.80824,0.80785,0.80798
2026-08-01 22:15:00+00:00,0.80798,0.80801,0.80797,0.808
2026-08-01 22:30:00+00:00,0.80798,0.80801,0.8079,0.80793
2026-08-01 22:45:00+00:00,0.80792,0.80796,0.80791,0.80792
2026-08-01 23:00:00+00:00,0.80792,0.80822,0.80762,0.80813
2026-08-01 23:15:00+00:00,0.80811,0.80815,0.80785,0.80795
2026-08-01 23:30:00+00:00,0.80793,0.80797,0.80792,0.80795
2026-08-01 23:45:00+00:00,0.80793,0.80796,0.80787,0.80788
2026-08-02 00:00:00+00:00,0.80789,0.80793,0.80788,0.8079
2026-08-02 00:15:00+00:00,0.8079,0.80792,0.80784,0.80787
2026-08-02 00:30:00+00:00,0.80786,0.80789,0.80781,0.80784
2026-08-02 00:45:00+00:00,0.80783,0.80786,0.80782,0.80782
2026-08-02 01:00:00+00:00,0.80783,0.80786,0.80777,0.80779
2026-08-02 01:15:00+00:00,0.80779,0.80782,0.80778,0.8078
2026-08-02 01:30:00+00:00,0.80779,0.80781,0.80776,0.80779
2026-08-02 01:45:00+00:00,0.80777,0.80781,0.80775,0.80776
2026-08-02 02:00:00+00:00,0.80776,0.80779,0.80775,0.80775
2026-08-02 02:15:00+00:00,0.80776,0.80779,0.80774,0.80776
2026-08-02 02:30:00+00:00,0.80775,0.80788,0.80774,0.80786
2026-08-02 02:45:00+00:00,0.80784,0.80784,0.80778,0.8078
2026-08-02 03:00:00+00:00,0.8078,0.80783,0.80777,0.80777
2026-08-02 03:15:00+00:00,0.80778,0.80781,0.80777,0.80779
2026-08-02 03:30:00+00:00,0.80778,0.80781,0.80775,0.80778
2026-08-02 03:45:00+00:00,0.80776,0.8078,0.80775,0.80777
2026-08-02 04:00:00+00:00,0.80776,0.80779,0.80773,0.80773
2026-08-02 04:15:00+00:00,0.80774,0.80778,0.80773,0.80776
2026-08-02 04:30:00+00:00,0.80774,0.80778,0.80773,0.80776
2026-08-02 04:45:00+00:00,0.80774,0.80778,0.80772,0.80774
2026-08-02 05:00:00+00:00,0.80774,0.80777,0.80772,0.80773
2026-08-02 05:15:00+00:00,0.80774,0.80777,0.80772,0.80773
2026-08-02 05:30:00+00:00,0.80773,0.80777,0.80771,0.80773
2026-08-02 05:45:00+00:00,0.80772,0.80775,0.80771,0.80773
2026-08-02 06:00:00+00:00,0.80772,0.80777,0.80771,0.80773
2026-08-02 06:15:00+00:00,0.80773,0.80777,0.80772,0.80773
2026-08-02 06:30:00+00:00,0.80773,0.80776,0.80771,0.80774
2026-08-02 06:45:00+00:00,0.80773,0.80776,0.80771,0.80774
2026-08-02 07:00:00+00:00,0.80772,0.80776,0.80771,0.80772
2026-08-02 07:15:00+00:00,0.80772,0.80776,0.80771,0.80771
2026-08-02 07:30:00+00:00,0.80772,0.80775,0.80771,0.80773
2026-08-02 07:45:00+00:00,0.80772,0.80777,0.80771,0.80775
2026-08-02 08:00:00+00:00,0.80773,0.80777,0.80772,0.80773
2026-08-02 08:15:00+00:00,0.80773,0.80776,0.80771,0.80772
2026-08-02 08:30:00+00:00,0.80773,0.80776,0.80771,0.80773
2026-08-02 08:45:00+00:00,0.80772,0.80776,0.80771,0.80774
2026-08-02 09:00:00+00:00,0.80772,0.80776,0.80771,0.80772
2026-08-02 09:15:00+00:00,0.80772,0.80777,0.80771,0.80773
2026-08-02 09:30:00+00:00,0.80773,0.80777,0.80772,0.80775
2026-08-02 09:45:00+00:00,0.80773,0.80777,0.80772,0.80775
2026-08-02 10:00:00+00:00,0.80773,0.80776,0.80771,0.80773
2026-08-02 10:15:00+00:00,0.80773,0.80776,0.80772,0.80772
2026-08-02 10:30:00+00:00,0.80772,0.80776,0.80771,0.80774
2026-08-02 10:45:00+00:00,0.80772,0.80776,0.80771,0.80774
2026-08-02 11:00:00+00:00,0.80772,0.80776,0.80771,0.80773
2026-08-02 11:15:00+00:00,0.80772,0.80776,0.80771,0.80772
2026-08-02 11:30:00+00:00,0.80772,0.80776,0.80771,0.80772
2026-08-02 11:45:00+00:00,0.80772,0.80776,0.80771,0.80774
2026-08-02 12:00:00+00:00,0.80772,0.80776,0.80771,0.80773
2026-08-02 12:15:00+00:00,0.80772,0.80775,0.80771,0.80771
2026-08-02 12:30:00+00:00,0.80772,0.80775,0.80771,0.80772
2026-08-02 12:45:00+00:00,0.80772,0.80775,0.80771,0.80773
2026-08-02 13:00:00+00:00,0.80772,0.80775,0.8077,0.80773
2026-08-02 13:15:00+00:00,0.80772,0.80777,0.80771,0.80773
2026-08-02 13:30:00+00:00,0.80773,0.80777,0.80772,0.80773
2026-08-02 13:45:00+00:00,0.80773,0.80777,0.80772,0.80774
2026-08-02 14:00:00+00:00,0.80773,0.8078,0.80772,0.80778
2026-08-02 14:15:00+00:00,0.80776,0.8078,0.80775,0.80776
2026-08-02 14:30:00+00:00,0.80776,0.8078,0.80774,0.80775
2026-08-02 14:45:00+00:00,0.80775,0.8078,0.80774,0.80778
2026-08-02 15:00:00+00:00,0.80776,0.80779,0.80775,0.80778
2026-08-02 15:15:00+00:00,0.80776,0.80779,0.80774,0.80775
2026-08-02 15:30:00+00:00,0.80775,0.80779,0.80774,0.80774
2026-08-02 15:45:00+00:00,0.80775,0.80778,0.80773,0.80776
2026-08-02 16:00:00+00:00,0.80774,0.80813,0.80771,0.80802
2026-08-02 16:15:00+00:00,0.808,0.80804,0.80792,0.80795
2026-08-02 16:30:00+00:00,0.80795,0.80798,0.80788,0.80789
2026-08-02 16:45:00+00:00,0.8079,0.80794,0.80789,0.8079
2026-08-02 17:00:00+00:00,0.8079,0.80791,0.80777,0.8078
2026-08-02 17:15:00+00:00,0.80779,0.80782,0.80777,0.80779
2026-08-02 17:30:00+00:00,0.80778,0.8078,0.80776,0.80776
2026-08-02 17:45:00+00:00,0.80777,0.80781,0.80776,0.80777
2026-08-02 18:00:00+00:00,0.80777,0.80808,0.80776,0.8078
2026-08-02 18:15:00+00:00,0.80778,0.80782,0.80776,0.80779
2026-08-02 18:30:00+00:00,0.80778,0.80782,0.80777,0.80778
2026-08-02 18:45:00+00:00,0.80778,0.80782,0.80776,0.80778
2026-08-02 19:00:00+00:00,0.80778,0.80841,0.80756,0.8077
2026-08-02 19:15:00+00:00,0.80768,0.80787,0.80723,0.80729
2026-08-02 19:30:00+00:00,0.80728,0.80788,0.80677,0.80752
2026-08-02 19:45:00+00:00,0.80746,0.80771,0.80717,0.80743
2026-08-02 20:00:00+00:00,0.80752,0.80785,0.8065,0.80657
2026-08-02 20:15:00+00:00,0.80658,0.80686,0.8063,0.80638
2026-08-02 20:30:00+00:00,0.80636,0.80649,0.80615,0.80643
2026-08-02 20:45:00+00:00,0.80633,0.80684,0.80629,0.80655
2026-08-02 21:00:00+00:00,0.80666,0.80746,0.80662,0.80737
2026-08-02 21:15:00+00:00,0.80738,0.80773,0.80738,0.80753
2026-08-02 21:30:00+00:00,0.80753,0.80764,0.80718,0.8072
2026-08-02 21:45:00+00:00,0.80723,0.80743,0.80709,0.80711
2026-08-02 22:00:00+00:00,0.80716,0.80758,0.80573,0.80575
2026-08-02 22:15:00+00:00,0.80575,0.8069,0.80575,0.80688
2026-08-02 22:30:00+00:00,0.80684,0.80713,0.8067,0.80711
2026-08-02 22:45:00+00:00,0.80708,0.8071,0.80651,0.80695
2026-08-02 23:00:00+00:00,0.80691,0.80728,0.80675,0.8072
2026-08-02 23:15:00+00:00,0.80721,0.80731,0.80703,0.80716
2026-08-02 23:30:00+00:00,0.80713,0.80736,0.807,0.80733
2026-08-02 23:45:00+00:00,0.80731,0.80734,0.80707,0.80708
2026-08-03 00:00:00+00:00,0.80709,0.80745,0.80694,0.80739
2026-08-03 00:15:00+00:00,0.80737,0.80737,0.80602,0.80621
2026-08-03 00:30:00+00:00,0.80664,0.80664,0.80576,0.80614
2026-08-03 00:45:00+00:00,0.80608,0.80694,0.80569,0.80683
2026-08-03 01:00:00+00:00,0.80684,0.8078,0.80666,0.80778
2026-08-03 01:15:00+00:00,0.80772,0.80845,0.80767,0.80838
2026-08-03 01:30:00+00:00,0.80836,0.80874,0.80831,0.80868
2026-08-03 01:45:00+00:00,0.80867,0.80904,0.8086,0.80903
2026-08-03 02:00:00+00:00,0.809,0.80942,0.80872,0.80941
2026-08-03 02:15:00+00:00,0.80938,0.8095,0.80902,0.80919
2026-08-03 02:30:00+00:00,0.80918,0.80918,0.80879,0.80901
2026-08-03 02:45:00+00:00,0.80897,0.80911,0.80885,0.80887
2026-08-03 03:00:00+00:00,0.8089,0.80926,0.80887,0.80923
2026-08-03 03:15:00+00:00,0.80923,0.80924,0.809,0.80905
2026-08-03 03:30:00+00:00,0.80904,0.80938,0.80904,0.80936
2026-08-03 03:45:00+00:00,0.80934,0.80939,0.8092,0.80922
2026-08-03 04:00:00+00:00,0.80926,0.80926,0.80896,0.809
2026-08-03 04:15:00+00:00,0.80901,0.80903,0.80881,0.80889
2026-08-03 04:30:00+00:00,0.80889,0.80895,0.80872,0.80882
2026-08-03 04:45:00+00:00,0.80879,0.80884,0.80855,0.80872
2026-08-03 05:00:00+00:00,0.80874,0.80887,0.80859,0.80873
2026-08-03 05:15:00+00:00,0.80874,0.80881,0.80852,0.80858
2026-08-03 05:30:00+00:00,0.80857,0.80859,0.80824,0.80835
2026-08-03 05:45:00+00:00,0.80837,0.80845,0.80818,0.80837
2026-08-03 06:00:00+00:00,0.80835,0.80835,0.80795,0.80808
2026-08-03 06:15:00+00:00,0.80804,0.80841,0.80804,0.8084
2026-08-03 06:30:00+00:00,0.80838,0.80904,0.8083,0.80903
2026-08-03 06:45:00+00:00,0.80898,0.80949,0.80898,0.80948
2026-08-03 07:00:00+00:00,0.80946,0.80948,0.80855,0.8086
2026-08-03 07:15:00+00:00,0.80868,0.80929,0.80851,0.80869
2026-08-03 07:30:00+00:00,0.80868,0.80874,0.80797,0.80857
2026-08-03 07:45:00+00:00,0.80856,0.80861,0.8083,0.80841
2026-08-03 08:00:00+00:00,0.80843,0.80858,0.80814,0.80827
2026-08-03 08:15:00+00:00,0.80825,0.80883,0.80816,0.80874
2026-08-03 08:30:00+00:00,0.80874,0.80906,0.80851,0.80895
2026-08-03 08:45:00+00:00,0.8089,0.8093,0.80886,0.80909
2026-08-03 09:00:00+00:00,0.80906,0.80906,0.80836,0.8084
2026-08-03 09:15:00+00:00,0.80846,0.80866,0.8083,0.80836
2026-08-03 09:30:00+00:00,0.8084,0.80845,0.80809,0.80813
2026-08-03 09:45:00+00:00,0.80819,0.8087,0.80792,0.8086
2026-08-03 10:00:00+00:00,0.80834,0.80885,0.80834,0.80846
2026-08-03 10:15:00+00:00,0.80848,0.80896,0.80848,0.80869
2026-08-03 10:30:00+00:00,0.8087,0.80919,0.80859,0.80916
2026-08-03 10:45:00+00:00,0.8091,0.80934,0.8089,0.80905
2026-08-03 11:00:00+00:00,0.80899,0.80923,0.80883,0.80903
2026-08-03 11:15:00+00:00,0.80902,0.80942,0.80891,0.80927
2026-08-03 11:30:00+00:00,0.8093,0.80934,0.80891,0.80892
2026-08-03 11:45:00+00:00,0.80894,0.80894,0.80811,0.80816
2026-08-03 12:00:00+00:00,0.80824,0.80826,0.80786,0.80824
2026-08-03 12:15:00+00:00,0.8082,0.80873,0.8082,0.80871
2026-08-03 12:30:00+00:00,0.80869,0.80916,0.80839,0.80914
2026-08-03 12:45:00+00:00,0.8091,0.80947,0.80895,0.80902
2026-08-03 13:00:00+00:00,0.80904,0.80915,0.80854,0.80908
2026-08-03 13:15:00+00:00,0.80899,0.80943,0.80895,0.80916
2026-08-03 13:30:00+00:00,0.80921,0.80949,0.80864,0.80927
2026-08-03 13:45:00+00:00,0.80929,0.8096,0.80919,0.80925
2026-08-03 14:00:00+00:00,0.80936,0.80972,0.80853,0.80969
2026-08-03 14:15:00+00:00,0.80967,0.80991,0.8093,0.8094
2026-08-03 14:30:00+00:00,0.80941,0.81015,0.80941,0.81012
2026-08-03 14:45:00+00:00,0.81006,0.81031,0.80994,0.81018
2026-08-03 15:00:00+00:00,0.81019,0.81131,0.81019,0.81116
2026-08-03 15:15:00+00:00,0.81118,0.8114,0.81088,0.81136
2026-08-03 15:30:00+00:00,0.81129,0.81153,0.8111,0.81112
2026-08-03 15:45:00+00:00,0.81114,0.81115,0.81045,0.81046
2026-08-03 16:00:00+00:00,0.81048,0.81082,0.81045,0.81066
2026-08-03 16:15:00+00:00,0.8106,0.811,0.8106,0.81081
2026-08-03 16:30:00+00:00,0.81079,0.81086,0.81051,0.81071
2026-08-03 16:45:00+00:00,0.81068,0.81104,0.81067,0.81083
2026-08-03 17:00:00+00:00,0.81085,0.81144,0.81085,0.81136
2026-08-03 17:15:00+00:00,0.81134,0.81147,0.81127,0.8114
2026-08-03 17:30:00+00:00,0.81138,0.81138,0.81122,0.8113
2026-08-03 17:45:00+00:00,0.81129,0.81144,0.81103,0.81126
2026-08-03 18:00:00+00:00,0.81131,0.81146,0.8109,0.81096
2026-08-03 18:15:00+00:00,0.81095,0.81101,0.81053,0.81058
2026-08-03 18:30:00+00:00,0.81056,0.81061,0.81031,0.81033
2026-08-03 18:45:00+00:00,0.81036,0.81036,0.80995,0.80998
2026-08-03 19:00:00+00:00,0.80999,0.81011,0.80995,0.81002
2026-08-03 19:15:00+00:00,0.81001,0.81007,0.80987,0.80995
2026-08-03 19:30:00+00:00,0.80995,0.81016,0.80995,0.81006
2026-08-03 19:45:00+00:00,0.81006,0.81028,0.80999,0.81027
2026-08-03 20:00:00+00:00,0.81025,0.81038,0.81017,0.81035
2026-08-03 20:15:00+00:00,0.81034,0.81051,0.81025,0.81043
2026-08-03 20:30:00+00:00,0.81039,0.81046,0.81011,0.81028
2026-08-03 20:45:00+00:00,0.81028,0.81046,0.81026,0.81045
2026-08-03 21:00:00+00:00,0.81044,0.81052,0.80974,0.81018
2026-08-03 21:15:00+00:00,0.81012,0.81093,0.8101,0.81018
2026-08-03 21:30:00+00:00,0.81016,0.81016,0.80995,0.81002
2026-08-03 21:45:00+00:00,0.81002,0.8102,0.80992,0.81005
2026-08-03 22:00:00+00:00,0.81002,0.8105,0.80997,0.81048
2026-08-03 22:15:00+00:00,0.81044,0.8105,0.81031,0.81047
2026-08-03 22:30:00+00:00,0.81046,0.81053,0.81018,0.8102
2026-08-03 22:45:00+00:00,0.81022,0.81023,0.81004,0.81014
2026-08-03 23:00:00+00:00,0.81015,0.81022,0.81005,0.81008
2026-08-03 23:15:00+00:00,0.81008,0.8101,0.80998,0.81006
2026-08-03 23:30:00+00:00,0.81003,0.81039,0.81003,0.81031
2026-08-03 23:45:00+00:00,0.81034,0.81046,0.81028,0.81034
2026-08-04 00:00:00+00:00,0.81038,0.81048,0.80979,0.81002
2026-08-04 00:15:00+00:00,0.80996,0.81007,0.8098,0.80991
2026-08-04 00:30:00+00:00,0.80989,0.81,0.8095,0.80968
2026-08-04 00:45:00+00:00,0.80966,0.81032,0.80964,0.81023
2026-08-04 01:00:00+00:00,0.81023,0.81055,0.81017,0.81029
2026-08-04 01:15:00+00:00,0.81029,0.81034,0.80995,0.80998
2026-08-04 01:30:00+00:00,0.80997,0.81012,0.80976,0.80985
2026-08-04 01:45:00+00:00,0.80982,0.80998,0.80972,0.80995
2026-08-04 02:00:00+00:00,0.80993,0.81029,0.80992,0.80995
2026-08-04 02:15:00+00:00,0.80997,0.81042,0.8099,0.81041
2026-08-04 02:30:00+00:00,0.8104,0.8104,0.80989,0.81003
2026-08-04 02:45:00+00:00,0.81,0.81026,0.80983,0.81023
2026-08-04 03:00:00+00:00,0.81018,0.8104,0.81008,0.8102
2026-08-04 03:15:00+00:00,0.81023,0.81028,0.80996,0.80996
2026-08-04 03:30:00+00:00,0.80997,0.8104,0.80975,0.81039
2026-08-04 03:45:00+00:00,0.81037,0.81039,0.8101,0.81038
2026-08-04 04:00:00+00:00,0.81036,0.8105,0.81033,0.81045
2026-08-04 04:15:00+00:00,0.81042,0.81051,0.81019,0.81029
2026-08-04 04:30:00+00:00,0.81026,0.81031,0.81013,0.81016
2026-08-04 04:45:00+00:00,0.81013,0.81032,0.81011,0.81017
2026-08-04 05:00:00+00:00,0.81016,0.8105,0.81013,0.81047
2026-08-04 05:15:00+00:00,0.81042,0.81052,0.81015,0.81022
2026-08-04 05:30:00+00:00,0.81019,0.81058,0.81014,0.81052
2026-08-04 05:45:00+00:00,0.81054,0.81065,0.81036,0.81038
2026-08-04 06:00:00+00:00,0.81036,0.81054,0.81024,0.81035
2026-08-04 06:15:00+00:00,0.81038,0.81047,0.80978,0.81002
2026-08-04 06:30:00+00:00,0.80993,0.81039,0.80993,0.81037
2026-08-04 06:45:00+00:00,0.81029,0.81044,0.8102,0.81025
2026-08-04 07:00:00+00:00,0.81027,0.81029,0.80997,0.81021
2026-08-04 07:15:00+00:00,0.81018,0.81022,0.80961,0.80983
2026-08-04 07:30:00+00:00,0.8098,0.81033,0.8098,0.81028
2026-08-04 07:45:00+00:00,0.81015,0.81043,0.80997,0.81016
2026-08-04 08:00:00+00:00,0.81014,0.81027,0.80982,0.81008
2026-08-04 08:15:00+00:00,0.81006,0.81015,0.80974,0.80977
2026-08-04 08:30:00+00:00,0.80981,0.81019,0.80962,0.81013
2026-08-04 08:45:00+00:00,0.81008,0.81043,0.81008,0.81022
2026-08-04 09:00:00+00:00,0.81026,0.81047,0.8101,0.81015
2026-08-04 09:15:00+00:00,0.8102,0.8102,0.80982,0.80982
2026-08-04 09:30:00+00:00,0.80983,0.81015,0.8097,0.81013
2026-08-04 09:45:00+00:00,0.81009,0.81034,0.81005,0.81023
2026-08-04 10:00:00+00:00,0.81021,0.81023,0.80994,0.81008
2026-08-04 10:15:00+00:00,0.81002,0.81022,0.81002,0.81003
2026-08-04 10:30:00+00:00,0.81005,0.81029,0.80996,0.81006
2026-08-04 10:45:00+00:00,0.8101,0.8101,0.80945,0.80992
2026-08-04 11:00:00+00:00,0.80996,0.81012,0.80972,0.80975
2026-08-04 11:15:00+00:00,0.80981,0.80981,0.8093,0.80931
2026-08-04 11:30:00+00:00,0.80932,0.8094,0.80875,0.80898
2026-08-04 11:45:00+00:00,0.80894,0.80909,0.80857,0.80871
2026-08-04 12:00:00+00:00,0.80873,0.80939,0.80862,0.80921
2026-08-04 12:15:00+00:00,0.8092,0.80925,0.80881,0.8091
2026-08-04 12:30:00+00:00,0.80902,0.80925,0.80816,0.8083
2026-08-04 12:45:00+00:00,0.80826,0.80887,0.80824,0.80883
2026-08-04 13:00:00+00:00,0.80873,0.80955,0.80873,0.80954
2026-08-04 13:15:00+00:00,0.8095,0.81001,0.80864,0.80901
2026-08-04 13:30:00+00:00,0.80894,0.80909,0.80829,0.80848
2026-08-04 13:45:00+00:00,0.80842,0.80863,0.80827,0.80834
2026-08-04 14:00:00+00:00,0.80836,0.80872,0.80805,0.80809
2026-08-04 14:15:00+00:00,0.80809,0.80856,0.80807,0.80833
2026-08-04 14:30:00+00:00,0.80836,0.80891,0.80836,0.80865
2026-08-04 14:45:00+00:00,0.80859,0.80909,0.80859,0.80888
2026-08-04 15:00:00+00:00,0.80891,0.80923,0.80876,0.80919
2026-08-04 15:15:00+00:00,0.80917,0.80977,0.80908,0.80962
2026-08-04 15:30:00+00:00,0.80961,0.80991,0.80928,0.80957
2026-08-04 15:45:00+00:00,0.80957,0.80963,0.80919,0.80923
2026-08-04 16:00:00+00:00,0.80929,0.80971,0.8091,0.80952
2026-08-04 16:15:00+00:00,0.80952,0.80986,0.80937,0.80972
2026-08-04 16:30:00+00:00,0.80973,0.81033,0.80973,0.81024
2026-08-04 16:45:00+00:00,0.81026,0.8103,0.80994,0.8101
2026-08-04 17:00:00+00:00,0.81012,0.81012,0.80986,0.81
2026-08-04 17:15:00+00:00,0.80998,0.81026,0.80991,0.81006
2026-08-04 17:30:00+00:00,0.81006,0.8102,0.80973,0.80975
2026-08-04 17:45:00+00:00,0.80977,0.80997,0.80962,0.80993
2026-08-04 18:00:00+00:00,0.80988,0.81017,0.80986,0.81008
2026-08-04 18:15:00+00:00,0.81006,0.81018,0.80993,0.81002
2026-08-04 18:30:00+00:00,0.80996,0.81008,0.80967,0.80968
2026-08-04 18:45:00+00:00,0.8097,0.80974,0.8091,0.80927
2026-08-04 19:00:00+00:00,0.8092,0.80936,0.80911,0.80917
2026-08-04 19:15:00+00:00,0.80915,0.80932,0.80913,0.80915
2026-08-04 19:30:00+00:00,0.80917,0.80936,0.80915,0.80921
2026-08-04 19:45:00+00:00,0.80921,0.80942,0.80921,0.80934
2026-08-04 20:00:00+00:00,0.80934,0.80934,0.8091,0.80917
2026-08-04 20:15:00+00:00,0.80916,0.80918,0.80887,0.809
2026-08-04 20:30:00+00:00,0.80893,0.80914,0.80893,0.80907
2026-08-04 20:45:00+00:00,0.80908,0.8091,0.80889,0.80891
2026-08-04 21:00:00+00:00,0.80896,0.80957,0.80876,0.80934
2026-08-04 21:15:00+00:00,0.80934,0.80944,0.80921,0.80922
2026-08-04 21:30:00+00:00,0.80923,0.80927,0.80912,0.80926
2026-08-04 21:45:00+00:00,0.80924,0.80937,0.809,0.80901
2026-08-04 22:00:00+00:00,0.80903,0.80922,0.80887,0.80913
2026-08-04 22:15:00+00:00,0.80911,0.80915,0.80899,0.80907
2026-08-04 22:30:00+00:00,0.80908,0.80914,0.80905,0.8091
2026-08-04 22:45:00+00:00,0.80909,0.80931,0.80909,0.80918
2026-08-04 23:00:00+00:00,0.80919,0.80943,0.80915,0.80935
2026-08-04 23:15:00+00:00,0.80936,0.80944,0.80933,0.80941
2026-08-04 23:30:00+00:00,0.80939,0.80952,0.80938,0.80946
2026-08-04 23:45:00+00:00,0.80945,0.80945,0.80921,0.80921
2026-08-05 00:00:00+00:00,0.80922,0.80931,0.80892,0.80917
2026-08-05 00:15:00+00:00,0.80916,0.80917,0.80882,0.80885
2026-08-05 00:30:00+00:00,0.80883,0.80896,0.80875,0.80887
2026-08-05 00:45:00+00:00,0.80885,0.80919,0.80872,0.80899
2026-08-05 01:00:00+00:00,0.80894,0.80914,0.80887,0.80908
2026-08-05 01:15:00+00:00,0.80903,0.80925,0.80871,0.80918
2026-08-05 01:30:00+00:00,0.80919,0.80923,0.80909,0.80921
2026-08-05 01:45:00+00:00,0.80918,0.80918,0.8089,0.80899
2026-08-05 02:00:00+00:00,0.80897,0.80907,0.80866,0.80886
2026-08-05 02:15:00+00:00,0.80886,0.80887,0.80828,0.80845
2026-08-05 02:30:00+00:00,0.80841,0.80848,0.80785,0.80798
2026-08-05 02:45:00+00:00,0.80798,0.80813,0.80778,0.80807
2026-08-05 03:00:00+00:00,0.80804,0.80812,0.80749,0.80758
2026-08-05 03:15:00+00:00,0.80755,0.80765,0.80741,0.8076
2026-08-05 03:30:00+00:00,0.80761,0.80804,0.80761,0.80802
2026-08-05 03:45:00+00:00,0.80796,0.80802,0.80779,0.80781
2026-08-05 04:00:00+00:00,0.80783,0.80783,0.80765,0.80772
2026-08-05 04:15:00+00:00,0.80773,0.80777,0.80757,0.80767
2026-08-05 04:30:00+00:00,0.80764,0.80804,0.80764,0.80802
2026-08-05 04:45:00+00:00,0.80796,0.80833,0.80796,0.80829
2026-08-05 05:00:00+00:00,0.80829,0.80849,0.80825,0.80842
2026-08-05 05:15:00+00:00,0.80843,0.80845,0.80827,0.80837
2026-08-05 05:30:00+00:00,0.80832,0.80839,0.80813,0.80815
2026-08-05 05:45:00+00:00,0.80813,0.80827,0.80793,0.80809
2026-08-05 06:00:00+00:00,0.80806,0.80823,0.80802,0.80817
2026-08-05 06:15:00+00:00,0.80818,0.80867,0.80813,0.80864
2026-08-05 06:30:00+00:00,0.8086,0.80873,0.80818,0.80825
2026-08-05 06:45:00+00:00,0.80824,0.80824,0.80771,0.80775
2026-08-05 07:00:00+00:00,0.80782,0.80837,0.80761,0.80834
2026-08-05 07:15:00+00:00,0.80832,0.80887,0.80832,0.80883
2026-08-05 07:30:00+00:00,0.80877,0.80903,0.80863,0.80903
2026-08-05 07:45:00+00:00,0.80901,0.80939,0.80898,0.80914
2026-08-05 08:00:00+00:00,0.80915,0.80952,0.80903,0.80933
2026-08-05 08:15:00+00:00,0.80933,0.80957,0.809,0.80916
2026-08-05 08:30:00+00:00,0.80913,0.80983,0.80879,0.80968
2026-08-05 08:45:00+00:00,0.80969,0.81021,0.80969,0.8097
2026-08-05 09:00:00+00:00,0.8097,0.80992,0.80956,0.80967
2026-08-05 09:15:00+00:00,0.80963,0.80972,0.80938,0.80948
2026-08-05 09:30:00+00:00,0.80944,0.80955,0.80909,0.80914
2026-08-05 09:45:00+00:00,0.80915,0.80931,0.80915,0.80929
2026-08-05 10:00:00+00:00,0.80928,0.80974,0.80921,0.80973
2026-08-05 10:15:00+00:00,0.8097,0.80981,0.8093,0.80979
2026-08-05 10:30:00+00:00,0.80976,0.80985,0.80959,0.80976
2026-08-05 10:45:00+00:00,0.80974,0.80986,0.80957,0.80958
2026-08-05 11:00:00+00:00,0.8096,0.80961,0.8089,0.80893
2026-08-05 11:15:00+00:00,0.80899,0.80901,0.80862,0.80864
2026-08-05 11:30:00+00:00,0.80868,0.80888,0.80829,0.80854
2026-08-05 11:45:00+00:00,0.80847,0.8088,0.80847,0.80857
2026-08-05 12:00:00+00:00,0.8086,0.80893,0.80846,0.80891
2026-08-05 12:15:00+00:00,0.80889,0.80894,0.80839,0.80878
2026-08-05 12:30:00+00:00,0.80876,0.80919,0.8087,0.80914
2026-08-05 12:45:00+00:00,0.80908,0.80946,0.80907,0.80934
2026-08-05 13:00:00+00:00,0.80935,0.80946,0.80909,0.80913
2026-08-05 13:15:00+00:00,0.80912,0.80912,0.8084,0.80842
2026-08-05 13:30:00+00:00,0.80844,0.80854,0.80807,0.80827
2026-08-05 13:45:00+00:00,0.80832,0.80856,0.808,0.80834
2026-08-05 14:00:00+00:00,0.8083,0.8083,0.80661,0.8071
2026-08-05 14:15:00+00:00,0.80702,0.8072,0.80651,0.8067
2026-08-05 14:30:00+00:00,0.80668,0.80742,0.8066,0.80707
2026-08-05 14:45:00+00:00,0.80711,0.80744,0.80679,0.80682
2026-08-05 15:00:00+00:00,0.80687,0.80714,0.80633,0.80711
2026-08-05 15:15:00+00:00,0.80709,0.80746,0.80705,0.80735
2026-08-05 15:30:00+00:00,0.80737,0.80762,0.80715,0.80716
2026-08-05 15:45:00+00:00,0.80719,0.80795,0.80717,0.80773
2026-08-05 16:00:00+00:00,0.80766,0.80799,0.80765,0.80771
2026-08-05 16:15:00+00:00,0.8077,0.80779,0.80752,0.80763
2026-08-05 16:30:00+00:00,0.80767,0.80793,0.80757,0.80787
2026-08-05 16:45:00+00:00,0.80787,0.8079,0.80755,0.80774
2026-08-05 17:00:00+00:00,0.8077,0.80808,0.8077,0.80801
2026-08-05 17:15:00+00:00,0.808,0.80802,0.80741,0.80744
2026-08-05 17:30:00+00:00,0.80749,0.80761,0.80713,0.80714
2026-08-05 17:45:00+00:00,0.80715,0.80716,0.80675,0.80678
2026-08-05 18:00:00+00:00,0.80685,0.80704,0.80664,0.80681
2026-08-05 18:15:00+00:00,0.80675,0.80702,0.80663,0.80665
2026-08-05 18:30:00+00:00,0.80667,0.80709,0.80664,0.80707
2026-08-05 18:45:00+00:00,0.80705,0.80712,0.8067,0.80691
2026-08-05 19:00:00+00:00,0.80686,0.80724,0.80686,0.80721
2026-08-05 19:15:00+00:00,0.8072,0.80759,0.80718,0.80756
2026-08-05 19:30:00+00:00,0.80752,0.80761,0.80738,0.80744
2026-08-05 19:45:00+00:00,0.80741,0.80757,0.80725,0.80726
2026-08-05 20:00:00+00:00,0.80728,0.8074,0.80701,0.80735
2026-08-05 20:15:00+00:00,0.80733,0.80747,0.80725,0.80728
2026-08-05 20:30:00+00:00,0.80734,0.80737,0.80708,0.80728
2026-08-05 20:45:00+00:00,0.80726,0.80732,0.80705,0.80707
2026-08-05 21:00:00+00:00,0.80711,0.8075,0.80701,0.80724
2026-08-05 21:15:00+00:00,0.80726,0.80736,0.80722,0.80735
2026-08-05 21:30:00+00:00,0.80733,0.80742,0.80718,0.80734
2026-08-05 21:45:00+00:00,0.8073,0.8075,0.80674,0.8073
2026-08-05 22:00:00+00:00,0.80729,0.80731,0.80708,0.80719
2026-08-05 22:15:00+00:00,0.80718,0.80719,0.80702,0.80703
2026-08-05 22:30:00+00:00,0.80704,0.80712,0.80699,0.8071
2026-08-05 22:45:00+00:00,0.80709,0.80709,0.80699,0.807
2026-08-05 23:00:00+00:00,0.807,0.80711,0.80683,0.80684
2026-08-05 23:15:00+00:00,0.80686,0.8069,0.80683,0.80689
2026-08-05 23:30:00+00:00,0.80686,0.80691,0.80672,0.80683
2026-08-05 23:45:00+00:00,0.80681,0.80681,0.80665,0.80679
2026-08-06 00:00:00+00:00,0.80678,0.80691,0.80667,0.80681
2026-08-06 00:15:00+00:00,0.80678,0.80684,0.80643,0.8066
2026-08-06 00:30:00+00:00,0.80655,0.80673,0.80648,0.80672
2026-08-06 00:45:00+00:00,0.80669,0.80669,0.8063,0.80662
2026-08-06 01:00:00+00:00,0.8066,0.80669,0.80642,0.80665
2026-08-06 01:15:00+00:00,0.80665,0.80665,0.80634,0.80651
2026-08-06 01:30:00+00:00,0.80647,0.80655,0.80623,0.80626
2026-08-06 01:45:00+00:00,0.80624,0.80636,0.80624,0.80631
2026-08-06 02:00:00+00:00,0.8063,0.80644,0.80617,0.80638
2026-08-06 02:15:00+00:00,0.80639,0.80646,0.80611,0.8063
2026-08-06 02:30:00+00:00,0.8063,0.80634,0.80607,0.80611
2026-08-06 02:45:00+00:00,0.80609,0.80639,0.80607,0.80635
2026-08-06 03:00:00+00:00,0.80635,0.80658,0.80635,0.80657
2026-08-06 03:15:00+00:00,0.80654,0.80702,0.80654,0.807
2026-08-06 03:30:00+00:00,0.80699,0.80721,0.80688,0.8072
2026-08-06 03:45:00+00:00,0.80718,0.80734,0.80711,0.80732
2026-08-06 04:00:00+00:00,0.8073,0.80732,0.80713,0.80714
2026-08-06 04:15:00+00:00,0.80715,0.80733,0.80714,0.80731
2026-08-06 04:30:00+00:00,0.80729,0.80739,0.80721,0.80737
2026-08-06 04:45:00+00:00,0.80735,0.80752,0.80733,0.80742
2026-08-06 05:00:00+00:00,0.80742,0.80775,0.80742,0.80773
2026-08-06 05:15:00+00:00,0.8077,0.80775,0.80761,0.80764
2026-08-06 05:30:00+00:00,0.80766,0.80769,0.80738,0.80746
2026-08-06 05:45:00+00:00,0.80744,0.80745,0.80718,0.80736
2026-08-06 06:00:00+00:00,0.80735,0.80772,0.80715,0.80763
2026-08-06 06:15:00+00:00,0.80765,0.80805,0.80764,0.80802
2026-08-06 06:30:00+00:00,0.80799,0.80844,0.80798,0.80839
2026-08-06 06:45:00+00:00,0.80839,0.80845,0.80803,0.80843
2026-08-06 07:00:00+00:00,0.80842,0.80842,0.8081,0.80822
2026-08-06 07:15:00+00:00,0.80821,0.80838,0.80801,0.80836
2026-08-06 07:30:00+00:00,0.80832,0.80866,0.80827,0.80846
2026-08-06 07:45:00+00:00,0.8085,0.80878,0.80838,0.8086
2026-08-06 08:00:00+00:00,0.80857,0.8087,0.80823,0.80849
2026-08-06 08:15:00+00:00,0.80838,0.80872,0.80838,0.8087
2026-08-06 08:30:00+00:00,0.80868,0.80883,0.80847,0.80857
2026-08-06 08:45:00+00:00,0.80857,0.80874,0.80857,0.80873
2026-08-06 09:00:00+00:00,0.80872,0.8088,0.80847,0.80864
2026-08-06 09:15:00+00:00,0.80867,0.80897,0.80859,0.80895
2026-08-06 09:30:00+00:00,0.80892,0.80961,0.80888,0.80959
2026-08-06 09:45:00+00:00,0.80956,0.80972,0.80937,0.80948
2026-08-06 10:00:00+00:00,0.8094,0.80972,0.80939,0.80967
2026-08-06 10:15:00+00:00,0.80955,0.81002,0.80949,0.80952
2026-08-06 10:30:00+00:00,0.80953,0.80953,0.80921,0.80941
2026-08-06 10:45:00+00:00,0.8094,0.80968,0.80921,0.80953
2026-08-06 11:00:00+00:00,0.80955,0.80963,0.80923,0.80954
2026-08-06 11:15:00+00:00,0.80948,0.80983,0.80946,0.80948
2026-08-06 11:30:00+00:00,0.80953,0.81001,0.8095,0.81
2026-08-06 11:45:00+00:00,0.80997,0.81012,0.80972,0.80979
2026-08-06 12:00:00+00:00,0.80977,0.81001,0.80942,0.80999
2026-08-06 12:15:00+00:00,0.80994,0.80994,0.80961,0.80964
2026-08-06 12:30:00+00:00,0.80968,0.81,0.80938,0.80955
2026-08-06 12:45:00+00:00,0.8096,0.81012,0.8096,0.8098
2026-08-06 13:00:00+00:00,0.80982,0.81023,0.80952,0.81006
2026-08-06 13:15:00+00:00,0.81008,0.81021,0.80952,0.80956
2026-08-06 13:30:00+00:00,0.8096,0.80969,0.80937,0.80941
2026-08-06 13:45:00+00:00,0.80943,0.80952,0.80898,0.80908
2026-08-06 14:00:00+00:00,0.80907,0.81016,0.80892,0.81014
2026-08-06 14:15:00+00:00,0.81011,0.81011,0.80955,0.80993
2026-08-06 14:30:00+00:00,0.8099,0.8099,0.8094,0.80962
2026-08-06 14:45:00+00:00,0.80963,0.81025,0.80958,0.81016
2026-08-06 15:00:00+00:00,0.81017,0.81111,0.81017,0.81106
2026-08-06 15:15:00+00:00,0.81093,0.81253,0.81093,0.81252
2026-08-06 15:30:00+00:00,0.81248,0.81307,0.81248,0.813
2026-08-06 15:45:00+00:00,0.81297,0.81362,0.81279,0.81284
2026-08-06 16:00:00+00:00,0.81294,0.81301,0.81256,0.81278
2026-08-06 16:15:00+00:00,0.81269,0.81311,0.81267,0.81268
2026-08-06 16:30:00+00:00,0.81269,0.81286,0.81254,0.8128
2026-08-06 16:45:00+00:00,0.81272,0.8129,0.81229,0.81247
2026-08-06 17:00:00+00:00,0.81245,0.81264,0.81214,0.81263
2026-08-06 17:15:00+00:00,0.81261,0.81285,0.8125,0.81266
2026-08-06 17:30:00+00:00,0.81264,0.81291,0.81255,0.81287
2026-08-06 17:45:00+00:00,0.81285,0.81301,0.81237,0.81238
2026-08-06 18:00:00+00:00,0.81242,0.81253,0.81213,0.81227
2026-08-06 18:15:00+00:00,0.81226,0.8125,0.81224,0.81237
2026-08-06 18:30:00+00:00,0.81239,0.81243,0.81224,0.81242
2026-08-06 18:45:00+00:00,0.81239,0.81242,0.81219,0.81221
2026-08-06 19:00:00+00:00,0.81221,0.81226,0.81192,0.81218
2026-08-06 19:15:00+00:00,0.81215,0.81268,0.81206,0.8126
2026-08-06 19:30:00+00:00,0.81258,0.81285,0.81248,0.8128
2026-08-06 19:45:00+00:00,0.81281,0.81283,0.8122,0.81243
2026-08-06 20:00:00+00:00,0.81241,0.81259,0.8121,0.81244
2026-08-06 20:15:00+00:00,0.81244,0.81277,0.81241,0.81276
2026-08-06 20:30:00+00:00,0.81274,0.81274,0.81245,0.8126
2026-08-06 20:45:00+00:00,0.81259,0.81259,0.81236,0.8124
2026-08-06 21:00:00+00:00,0.81241,0.81272,0.81188,0.81269
2026-08-06 21:15:00+00:00,0.81266,0.81282,0.81235,0.81246
2026-08-06 21:30:00+00:00,0.8124,0.81253,0.8124,0.81249
2026-08-06 21:45:00+00:00,0.81249,0.81273,0.81241,0.81271
2026-08-06 22:00:00+00:00,0.81266,0.81278,0.81202,0.81271
2026-08-06 22:15:00+00:00,0.81272,0.81274,0.81261,0.81268
2026-08-06 22:30:00+00:00,0.81266,0.81271,0.81256,0.81265
2026-08-06 22:45:00+00:00,0.81263,0.81268,0.8126,0.81266
2026-08-06 23:00:00+00:00,0.81266,0.8128,0.81241,0.81252
2026-08-06 23:15:00+00:00,0.81252,0.81252,0.81245,0.81248
2026-08-06 23:30:00+00:00,0.81246,0.81261,0.81241,0.81246
2026-08-06 23:45:00+00:00,0.81248,0.81255,0.8124,0.81246
2026-08-07 00:00:00+00:00,0.81247,0.81287,0.81241,0.81286
2026-08-07 00:15:00+00:00,0.81285,0.81293,0.81267,0.81268
2026-08-07 00:30:00+00:00,0.81269,0.81288,0.81264,0.81282
2026-08-07 00:45:00+00:00,0.81281,0.81294,0.81275,0.81286
2026-08-07 01:00:00+00:00,0.81287,0.81288,0.81244,0.81245
2026-08-07 01:15:00+00:00,0.81247,0.81269,0.81247,0.8126
2026-08-07 01:30:00+00:00,0.8126,0.81278,0.81231,0.81234
2026-08-07 01:45:00+00:00,0.81238,0.81259,0.81228,0.8125
2026-08-07 02:00:00+00:00,0.81251,0.81263,0.81246,0.81254
2026-08-07 02:15:00+00:00,0.81257,0.8127,0.81248,0.81258
2026-08-07 02:30:00+00:00,0.81255,0.81273,0.81253,0.81262
2026-08-07 02:45:00+00:00,0.8126,0.81272,0.81242,0.81268
2026-08-07 03:00:00+00:00,0.81266,0.8128,0.81259,0.81275
2026-08-07 03:15:00+00:00,0.81276,0.81281,0.81264,0.81265
2026-08-07 03:30:00+00:00,0.81265,0.81283,0.81263,0.81283
2026-08-07 03:45:00+00:00,0.81279,0.81288,0.81265,0.81269
2026-08-07 04:00:00+00:00,0.81268,0.81276,0.81256,0.81273
2026-08-07 04:15:00+00:00,0.81273,0.81281,0.81266,0.81277
2026-08-07 04:30:00+00:00,0.81277,0.8128,0.81264,0.81279
2026-08-07 04:45:00+00:00,0.81277,0.81278,0.81259,0.81263
2026-08-07 05:00:00+00:00,0.81259,0.81269,0.81246,0.81248
2026-08-07 05:15:00+00:00,0.81248,0.81274,0.81246,0.81263
2026-08-07 05:30:00+00:00,0.81266,0.81279,0.81252,0.81259
2026-08-07 05:45:00+00:00,0.81257,0.8127,0.81243,0.81261
2026-08-07 06:00:00+00:00,0.8126,0.81268,0.81224,0.81226
2026-08-07 06:15:00+00:00,0.81229,0.81229,0.81185,0.81197
2026-08-07 06:30:00+00:00,0.81196,0.81215,0.81181,0.81207
2026-08-07 06:45:00+00:00,0.81206,0.81212,0.81176,0.81192
2026-08-07 07:00:00+00:00,0.81188,0.81221,0.81172,0.81173
2026-08-07 07:15:00+00:00,0.81173,0.81188,0.8116,0.81178
2026-08-07 07:30:00+00:00,0.81179,0.81197,0.81172,0.81194
2026-08-07 07:45:00+00:00,0.8119,0.81204,0.81155,0.81158
2026-08-07 08:00:00+00:00,0.81155,0.81174,0.81144,0.8116
2026-08-07 08:15:00+00:00,0.81162,0.81166,0.81144,0.81156
2026-08-07 08:30:00+00:00,0.81158,0.81163,0.81107,0.81108
2026-08-07 08:45:00+00:00,0.81108,0.8113,0.81098,0.81123
2026-08-07 09:00:00+00:00,0.8112,0.81142,0.8106,0.81063
2026-08-07 09:15:00+00:00,0.81067,0.81076,0.81039,0.81059
2026-08-07 09:30:00+00:00,0.81056,0.81063,0.81043,0.81044
2026-08-07 09:45:00+00:00,0.81045,0.81055,0.81023,0.81042
2026-08-07 10:00:00+00:00,0.81039,0.81054,0.81024,0.81045
2026-08-07 10:15:00+00:00,0.81038,0.81053,0.81028,0.8105
2026-08-07 10:30:00+00:00,0.8105,0.81053,0.81023,0.81024
2026-08-07 10:45:00+00:00,0.81027,0.81039,0.81013,0.8102
2026-08-07 11:00:00+00:00,0.81021,0.81032,0.81003,0.81019
2026-08-07 11:15:00+00:00,0.81018,0.81062,0.81014,0.8106
2026-08-07 11:30:00+00:00,0.81058,0.81068,0.81014,0.81015
2026-08-07 11:45:00+00:00,0.81017,0.81041,0.81007,0.8104
2026-08-07 12:00:00+00:00,0.81039,0.81039,0.80994,0.81022
2026-08-07 12:15:00+00:00,0.81015,0.81083,0.8101,0.8108
2026-08-07 12:30:00+00:00,0.81078,0.8117,0.80632,0.80636
2026-08-07 12:45:00+00:00,0.80642,0.80725,0.80588,0.80722
2026-08-07 13:00:00+00:00,0.80716,0.80728,0.8068,0.80689
2026-08-07 13:15:00+00:00,0.80708,0.80755,0.80673,0.80739
2026-08-07 13:30:00+00:00,0.80733,0.80801,0.80711,0.80712
2026-08-07 13:45:00+00:00,0.80716,0.80812,0.807,0.80792
2026-08-07 14:00:00+00:00,0.80794,0.80854,0.80778,0.80808
2026-08-07 14:15:00+00:00,0.80806,0.80808,0.80715,0.80761
2026-08-07 14:30:00+00:00,0.80756,0.80796,0.80734,0.8079
2026-08-07 14:45:00+00:00,0.80782,0.8084,0.80782,0.80839
2026-08-07 15:00:00+00:00,0.80836,0.80864,0.80778,0.80797
2026-08-07 15:15:00+00:00,0.80798,0.80798,0.80733,0.80776
2026-08-07 15:30:00+00:00,0.8077,0.80809,0.8074,0.80747
2026-08-07 15:45:00+00:00,0.80752,0.8078,0.8075,0.80777
2026-08-07 16:00:00+00:00,0.80772,0.80794,0.80728,0.80731
2026-08-07 16:15:00+00:00,0.80737,0.80762,0.80724,0.8076
2026-08-07 16:30:00+00:00,0.80758,0.80774,0.80742,0.80744
2026-08-07 16:45:00+00:00,0.80743,0.80775,0.80717,0.80773
2026-08-07 17:00:00+00:00,0.8077,0.80785,0.80755,0.80773
2026-08-07 17:15:00+00:00,0.80772,0.80778,0.80746,0.80749
2026-08-07 17:30:00+00:00,0.80747,0.80782,0.8074,0.80751
2026-08-07 17:45:00+00:00,0.80752,0.80772,0.80752,0.80771
2026-08-07 18:00:00+00:00,0.8077,0.80813,0.80758,0.80772
2026-08-07 18:15:00+00:00,0.80768,0.80789,0.80766,0.80772
2026-08-07 18:30:00+00:00,0.80768,0.80777,0.80756,0.80759
2026-08-07 18:45:00+00:00,0.80759,0.80761,0.80736,0.80741
2026-08-07 19:00:00+00:00,0.80749,0.80761,0.80734,0.80757
2026-08-07 19:15:00+00:00,0.80753,0.80759,0.80696,0.80698
2026-08-07 19:30:00+00:00,0.807,0.8073,0.80696,0.80717
2026-08-07 19:45:00+00:00,0.80718,0.80765,0.80716,0.80757
2026-08-07 20:00:00+00:00,0.8076,0.80798,0.8074,0.80789
2026-08-07 20:15:00+00:00,0.80788,0.80822,0.80788,0.80821
2026-08-07 20:30:00+00:00,0.80819,0.80821,0.80793,0.80806
2026-08-07 20:45:00+00:00,0.80804,0.80808,0.80793,0.80803
2026-08-07 21:00:00+00:00,0.80801,0.80853,0.80761,0.80796
2026-08-07 21:15:00+00:00,0.80796,0.80801,0.8079,0.80798
2026-08-07 21:30:00+00:00,0.80796,0.80806,0.80788,0.80798
2026-08-07 21:45:00+00:00,0.80797,0.80807,0.8079,0.80791
2026-08-07 22:00:00+00:00,0.80792,0.8094,0.80709,0.80792
2026-08-07 22:15:00+00:00,0.80791,0.80795,0.80789,0.80792
2026-08-07 22:30:00+00:00,0.8079,0.80795,0.80788,0.80792
2026-08-07 22:45:00+00:00,0.8079,0.80793,0.80789,0.80789
2026-08-07 23:00:00+00:00,0.80789,0.80894,0.80773,0.80792
2026-08-07 23:15:00+00:00,0.8079,0.80794,0.80788,0.80791
2026-08-07 23:30:00+00:00,0.80789,0.80794,0.80788,0.80792
2026-08-07 23:45:00+00:00,0.8079,0.80793,0.80789,0.80789
2026-08-08 00:00:00+00:00,0.80789,0.80793,0.80783,0.80784
2026-08-08 00:15:00+00:00,0.80785,0.80789,0.80783,0.80787
2026-08-08 00:30:00+00:00,0.80785,0.80788,0.80783,0.80786
2026-08-08 00:45:00+00:00,0.80785,0.80791,0.80784,0.80785
2026-08-08 01:00:00+00:00,0.80785,0.8079,0.80783,0.80784
2026-08-08 01:15:00+00:00,0.80785,0.80791,0.80781,0.80785
2026-08-08 01:30:00+00:00,0.80785,0.8079,0.80783,0.80787
2026-08-08 01:45:00+00:00,0.80786,0.80788,0.80783,0.80785
2026-08-08 02:00:00+00:00,0.80785,0.8079,0.80783,0.80784
2026-08-08 02:15:00+00:00,0.80785,0.80788,0.80783,0.80785
2026-08-08 02:30:00+00:00,0.80785,0.80791,0.80784,0.80786
2026-08-08 02:45:00+00:00,0.80785,0.80791,0.80781,0.80785
2026-08-08 03:00:00+00:00,0.80785,0.80788,0.80783,0.80784
2026-08-08 03:15:00+00:00,0.80785,0.8079,0.80783,0.80785
2026-08-08 03:30:00+00:00,0.80785,0.80788,0.80783,0.80786
2026-08-08 03:45:00+00:00,0.80785,0.8079,0.80783,0.80786
2026-08-08 04:00:00+00:00,0.80785,0.80791,0.80783,0.80785
2026-08-08 04:15:00+00:00,0.80785,0.80788,0.80783,0.80784
2026-08-08 04:30:00+00:00,0.80785,0.80791,0.80781,0.80786
2026-08-08 04:45:00+00:00,0.80785,0.80788,0.80783,0.80786
2026-08-08 05:00:00+00:00,0.80785,0.8079,0.80783,0.80784
2026-08-08 05:15:00+00:00,0.80785,0.80792,0.8078,0.80785
2026-08-08 05:30:00+00:00,0.80786,0.80788,0.80783,0.80786
2026-08-08 05:45:00+00:00,0.80785,0.80789,0.80783,0.80786
2026-08-08 06:00:00+00:00,0.80785,0.80788,0.80783,0.80785
2026-08-08 06:15:00+00:00,0.80785,0.80791,0.80783,0.80784
2026-08-08 06:30:00+00:00,0.80785,0.8079,0.80783,0.80787
2026-08-08 06:45:00+00:00,0.80786,0.80788,0.80783,0.80786
2026-08-08 07:00:00+00:00,0.80785,0.80791,0.80782,0.80785
2026-08-08 07:15:00+00:00,0.80785,0.80788,0.80783,0.80784
2026-08-08 07:30:00+00:00,0.80785,0.80788,0.80783,0.80785
2026-08-08 07:45:00+00:00,0.80785,0.80789,0.80783,0.80788
2026-08-08 08:00:00+00:00,0.80786,0.80792,0.80783,0.80785
2026-08-08 08:15:00+00:00,0.80785,0.8079,0.80782,0.80784
2026-08-08 08:30:00+00:00,0.80785,0.80788,0.80783,0.80785
2026-08-08 08:45:00+00:00,0.80785,0.8079,0.80783,0.80786
2026-08-08 09:00:00+00:00,0.80785,0.80789,0.80783,0.80787
2026-08-08 09:15:00+00:00,0.80786,0.80788,0.80783,0.80784
2026-08-08 09:30:00+00:00,0.80785,0.80789,0.80783,0.80785
2026-08-08 09:45:00+00:00,0.80785,0.80788,0.80783,0.80786
2026-08-08 10:00:00+00:00,0.80785,0.80791,0.80782,0.80786
2026-08-08 10:15:00+00:00,0.80785,0.80801,0.80783,0.80787
2026-08-08 10:30:00+00:00,0.80789,0.80789,0.80783,0.80784
2026-08-08 10:45:00+00:00,0.80785,0.80802,0.80773,0.80786
2026-08-08 11:00:00+00:00,0.80785,0.80788,0.80783,0.80786
2026-08-08 11:15:00+00:00,0.80785,0.80798,0.80783,0.80784
2026-08-08 11:30:00+00:00,0.80785,0.8081,0.80781,0.80807
2026-08-08 11:45:00+00:00,0.80801,0.80801,0.80784,0.80786
2026-08-08 12:00:00+00:00,0.80785,0.80801,0.80783,0.80787
2026-08-08 12:15:00+00:00,0.80786,0.80788,0.80783,0.80785
2026-08-08 12:30:00+00:00,0.80785,0.808,0.80773,0.80784
2026-08-08 12:45:00+00:00,0.80785,0.808,0.80783,0.80799
2026-08-08 13:00:00+00:00,0.80796,0.80796,0.80783,0.80786
2026-08-08 13:15:00+00:00,0.80785,0.8081,0.80781,0.80787
2026-08-08 13:30:00+00:00,0.80786,0.80788,0.80783,0.80784
2026-08-08 13:45:00+00:00,0.80785,0.808,0.80778,0.80785
2026-08-08 14:00:00+00:00,0.80785,0.80801,0.80775,0.808
2026-08-08 14:15:00+00:00,0.80796,0.80796,0.80783,0.80785
2026-08-08 14:30:00+00:00,0.80785,0.80801,0.80783,0.80785
2026-08-08 14:45:00+00:00,0.80786,0.80788,0.80783,0.80785
2026-08-08 15:00:00+00:00,0.80785,0.8081,0.80784,0.80786
2026-08-08 15:15:00+00:00,0.80785,0.80801,0.80775,0.808
2026-08-08 15:30:00+00:00,0.80796,0.80796,0.80784,0.80784
2026-08-08 15:45:00+00:00,0.80785,0.80813,0.80777,0.80795
2026-08-08 16:00:00+00:00,0.80798,0.80798,0.80784,0.80786
2026-08-08 16:15:00+00:00,0.80785,0.80803,0.80781,0.80786
2026-08-08 16:30:00+00:00,0.80785,0.80804,0.80774,0.80778
2026-08-08 16:45:00+00:00,0.80787,0.8081,0.80783,0.80784
2026-08-08 17:00:00+00:00,0.80785,0.80801,0.80781,0.80788
2026-08-08 17:15:00+00:00,0.80786,0.80788,0.80783,0.80786
2026-08-08 17:30:00+00:00,0.80785,0.808,0.80783,0.80785
2026-08-08 17:45:00+00:00,0.80785,0.80799,0.80773,0.80777
2026-08-08 18:00:00+00:00,0.80786,0.808,0.80784,0.80786
2026-08-08 18:15:00+00:00,0.80785,0.8081,0.80782,0.80791
2026-08-08 18:30:00+00:00,0.80789,0.8079,0.80783,0.80785
2026-08-08 18:45:00+00:00,0.80785,0.80801,0.80782,0.80784
2026-08-08 19:00:00+00:00,0.80785,0.80797,0.80777,0.80785
2026-08-08 19:15:00+00:00,0.80784,0.808,0.80783,0.80786
2026-08-08 19:30:00+00:00,0.80785,0.80801,0.80773,0.80787
2026-08-08 19:45:00+00:00,0.80786,0.80788,0.80784,0.80784
2026-08-08 20:00:00+00:00,0.80785,0.8081,0.80783,0.80786
2026-08-08 20:15:00+00:00,0.80785,0.80797,0.80783,0.80793
2026-08-08 20:30:00+00:00,0.80782,0.80805,0.80782,0.80785
2026-08-08 20:45:00+00:00,0.80785,0.80801,0.80778,0.80786
2026-08-08 21:00:00+00:00,0.80786,0.80797,0.80777,0.80785
2026-08-08 21:15:00+00:00,0.80785,0.808,0.80775,0.80786
2026-08-08 21:30:00+00:00,0.80785,0.80788,0.80783,0.80786
2026-08-08 21:45:00+00:00,0.80785,0.8079,0.80783,0.80784
2026-08-08 22:00:00+00:00,0.80785,0.80797,0.80776,0.80785
2026-08-08 22:15:00+00:00,0.80785,0.80788,0.80783,0.80786
2026-08-08 22:30:00+00:00,0.80785,0.80789,0.80783,0.80786
2026-08-08 22:45:00+00:00,0.80785,0.80788,0.80783,0.80784
2026-08-08 23:00:00+00:00,0.80785,0.808,0.80783,0.80784
2026-08-08 23:15:00+00:00,0.80785,0.80791,0.80781,0.8079
2026-08-08 23:30:00+00:00,0.80788,0.80792,0.80787,0.8079
2026-08-08 23:45:00+00:00,0.80788,0.80795,0.80787,0.80791
2026-08-09 00:00:00+00:00,0.80791,0.80797,0.8079,0.80793
2026-08-09 00:15:00+00:00,0.80793,0.808,0.80793,0.80797
2026-08-09 00:30:00+00:00,0.80796,0.80801,0.80795,0.80799
2026-08-09 00:45:00+00:00,0.80797,0.80801,0.80796,0.80799
2026-08-09 01:00:00+00:00,0.80797,0.80801,0.80794,0.80794
2026-08-09 01:15:00+00:00,0.80795,0.80799,0.80794,0.80797
2026-08-09 01:30:00+00:00,0.80795,0.808,0.80795,0.80798
2026-08-09 01:45:00+00:00,0.80796,0.80801,0.80791,0.80792
2026-08-09 02:00:00+00:00,0.80793,0.80796,0.80788,0.80789
2026-08-09 02:15:00+00:00,0.8079,0.80796,0.80789,0.80794
2026-08-09 02:30:00+00:00,0.80792,0.80796,0.80784,0.80787
2026-08-09 02:45:00+00:00,0.80785,0.80791,0.80782,0.80785
2026-08-09 03:00:00+00:00,0.80785,0.8079,0.80783,0.80786
2026-08-09 03:15:00+00:00,0.80787,0.80789,0.80783,0.80785
2026-08-09 03:30:00+00:00,0.80785,0.80791,0.80781,0.80787
2026-08-09 03:45:00+00:00,0.80786,0.80789,0.80784,0.80786
2026-08-09 04:00:00+00:00,0.80785,0.80791,0.80785,0.80786
2026-08-09 04:15:00+00:00,0.80786,0.80793,0.80785,0.80789
2026-08-09 04:30:00+00:00,0.80789,0.8079,0.80785,0.80788
2026-08-09 04:45:00+00:00,0.80786,0.80793,0.80785,0.80791
2026-08-09 05:00:00+00:00,0.8079,0.80793,0.80788,0.80789
2026-08-09 05:15:00+00:00,0.8079,0.80796,0.80787,0.80792
2026-08-09 05:30:00+00:00,0.80792,0.80796,0.80791,0.80795
2026-08-09 05:45:00+00:00,0.80794,0.80798,0.80793,0.80796
2026-08-09 06:00:00+00:00,0.80794,0.80797,0.80784,0.80785
2026-08-09 06:15:00+00:00,0.80785,0.80788,0.80783,0.80784
2026-08-09 06:30:00+00:00,0.80785,0.8079,0.80782,0.80786
2026-08-09 06:45:00+00:00,0.80785,0.80791,0.80782,0.80789
2026-08-09 07:00:00+00:00,0.80787,0.80789,0.80784,0.80785
2026-08-09 07:15:00+00:00,0.80785,0.80792,0.80784,0.80788
2026-08-09 07:30:00+00:00,0.80788,0.80792,0.80786,0.80789
2026-08-09 07:45:00+00:00,0.80787,0.80792,0.80787,0.8079
2026-08-09 08:00:00+00:00,0.80788,0.80795,0.80786,0.80789
2026-08-09 08:15:00+00:00,0.80789,0.80792,0.80788,0.80788
2026-08-09 08:30:00+00:00,0.80789,0.80795,0.80788,0.80793
2026-08-09 08:45:00+00:00,0.80791,0.80795,0.8079,0.80793
2026-08-09 09:00:00+00:00,0.80791,0.80797,0.80789,0.80795
2026-08-09 09:15:00+00:00,0.80794,0.80798,0.80792,0.80795
2026-08-09 09:30:00+00:00,0.80795,0.80799,0.80794,0.80795
2026-08-09 09:45:00+00:00,0.80795,0.808,0.80794,0.80798
2026-08-09 10:00:00+00:00,0.80797,0.808,0.80795,0.80798
2026-08-09 10:15:00+00:00,0.80797,0.80842,0.80785,0.80827
2026-08-09 10:30:00+00:00,0.80827,0.80833,0.8082,0.80822
2026-08-09 10:45:00+00:00,0.80822,0.80859,0.80797,0.80849
2026-08-09 11:00:00+00:00,0.80847,0.80851,0.80846,0.80849
2026-08-09 11:15:00+00:00,0.80847,0.80895,0.80823,0.80838
2026-08-09 11:30:00+00:00,0.80838,0.8087,0.80834,0.8086
2026-08-09 11:45:00+00:00,0.8086,0.80863,0.80808,0.80817
2026-08-09 12:00:00+00:00,0.80815,0.80855,0.80795,0.80844
2026-08-09 12:15:00+00:00,0.80842,0.80846,0.80841,0.80842
2026-08-09 12:30:00+00:00,0.80842,0.80874,0.80827,0.80863
2026-08-09 12:45:00+00:00,0.80864,0.80889,0.80861,0.80882
2026-08-09 13:00:00+00:00,0.80881,0.80884,0.80879,0.80882
2026-08-09 13:15:00+00:00,0.80881,0.80884,0.80813,0.80849
2026-08-09 13:30:00+00:00,0.80849,0.80853,0.80848,0.80848
2026-08-09 13:45:00+00:00,0.80849,0.80879,0.80828,0.80869
2026-08-09 14:00:00+00:00,0.80869,0.80905,0.80811,0.80856
2026-08-09 14:15:00+00:00,0.80854,0.80872,0.80829,0.80838
2026-08-09 14:30:00+00:00,0.80837,0.8087,0.80833,0.80859
2026-08-09 14:45:00+00:00,0.8086,0.80863,0.80832,0.80841
2026-08-09 15:00:00+00:00,0.80841,0.80875,0.80833,0.80844
2026-08-09 15:15:00+00:00,0.80843,0.80874,0.80839,0.80865
2026-08-09 15:30:00+00:00,0.80864,0.80868,0.80863,0.80864
2026-08-09 15:45:00+00:00,0.80864,0.80889,0.80863,0.80881
2026-08-09 16:00:00+00:00,0.80881,0.80883,0.80837,0.8085
2026-08-09 16:15:00+00:00,0.80849,0.80879,0.80827,0.8087
2026-08-09 16:30:00+00:00,0.80869,0.80919,0.80868,0.80915
2026-08-09 16:45:00+00:00,0.80908,0.80912,0.80907,0.80908
2026-08-09 17:00:00+00:00,0.80908,0.8092,0.80798,0.80854
2026-08-09 17:15:00+00:00,0.80853,0.80857,0.80838,0.80844
2026-08-09 17:30:00+00:00,0.80843,0.80874,0.80835,0.80864
2026-08-09 17:45:00+00:00,0.80864,0.80889,0.80847,0.80881
2026-08-09 18:00:00+00:00,0.80881,0.8095,0.80863,0.80949
2026-08-09 18:15:00+00:00,0.80948,0.80953,0.80948,0.80951
2026-08-09 18:30:00+00:00,0.80949,0.80953,0.80948,0.80951
2026-08-09 18:45:00+00:00,0.80949,0.80953,0.80948,0.80949
2026-08-09 19:00:00+00:00,0.80949,0.80951,0.80737,0.80744
2026-08-09 19:15:00+00:00,0.80754,0.80813,0.80754,0.80787
2026-08-09 19:30:00+00:00,0.80776,0.80913,0.80764,0.80886
2026-08-09 19:45:00+00:00,0.80879,0.80947,0.8084,0.80881
2026-08-09 20:00:00+00:00,0.80874,0.80907,0.80829,0.80838
2026-08-09 20:15:00+00:00,0.80841,0.80881,0.80819,0.80835
2026-08-09 20:30:00+00:00,0.80838,0.80853,0.80798,0.80832
2026-08-09 20:45:00+00:00,0.80828,0.8084,0.80782,0.80783
2026-08-09 21:00:00+00:00,0.80785,0.80805,0.80708,0.80723
2026-08-09 21:15:00+00:00,0.80721,0.80737,0.807,0.80704
2026-08-09 21:30:00+00:00,0.80706,0.80745,0.80706,0.80736
2026-08-09 21:45:00+00:00,0.80735,0.80803,0.80733,0.80799
2026-08-09 22:00:00+00:00,0.80794,0.80843,0.80781,0.80837
2026-08-09 22:15:00+00:00,0.80837,0.80842,0.80828,0.80842
2026-08-09 22:30:00+00:00,0.80839,0.80845,0.80824,0.8083
2026-08-09 22:45:00+00:00,0.80826,0.80845,0.80826,0.80835
2026-08-09 23:00:00+00:00,0.80835,0.80837,0.80818,0.80821
2026-08-09 23:15:00+00:00,0.80822,0.80827,0.8081,0.80817
2026-08-09 23:30:00+00:00,0.80814,0.80835,0.80812,0.80818
2026-08-09 23:45:00+00:00,0.8082,0.8083,0.80804,0.80829
2026-08-10 00:00:00+00:00,0.80826,0.80846,0.80806,0.80815
2026-08-10 00:15:00+00:00,0.80818,0.8086,0.80806,0.80848
2026-08-10 00:30:00+00:00,0.8085,0.8086,0.80844,0.80858
2026-08-10 00:45:00+00:00,0.80856,0.80865,0.8083,0.80836
2026-08-10 01:00:00+00:00,0.80836,0.80873,0.80826,0.80859
2026-08-10 01:15:00+00:00,0.8086,0.80869,0.80849,0.8086
2026-08-10 01:30:00+00:00,0.80859,0.80892,0.80858,0.8088
2026-08-10 01:45:00+00:00,0.80881,0.80892,0.80874,0.80888
2026-08-10 02:00:00+00:00,0.80887,0.80887,0.80868,0.8088
2026-08-10 02:15:00+00:00,0.80881,0.80902,0.80879,0.80889
2026-08-10 02:30:00+00:00,0.8089,0.80902,0.80878,0.80898
2026-08-10 02:45:00+00:00,0.80896,0.80908,0.80896,0.80906
2026-08-10 03:00:00+00:00,0.80904,0.80917,0.80893,0.8091
2026-08-10 03:15:00+00:00,0.80908,0.80912,0.80879,0.80899
2026-08-10 03:30:00+00:00,0.809,0.80926,0.80897,0.80926
2026-08-10 03:45:00+00:00,0.80924,0.80931,0.80911,0.80928
2026-08-10 04:00:00+00:00,0.80927,0.80943,0.80926,0.80929
2026-08-10 04:15:00+00:00,0.80931,0.80939,0.80928,0.80931
2026-08-10 04:30:00+00:00,0.80931,0.80946,0.80931,0.80934
2026-08-10 04:45:00+00:00,0.80935,0.80939,0.80913,0.80919
2026-08-10 05:00:00+00:00,0.80917,0.80937,0.80909,0.80936
2026-08-10 05:15:00+00:00,0.80934,0.80947,0.80927,0.80938
2026-08-10 05:30:00+00:00,0.8094,0.80947,0.80924,0.8094
2026-08-10 05:45:00+00:00,0.80939,0.8094,0.80896,0.80897
2026-08-10 06:00:00+00:00,0.80898,0.8091,0.80886,0.80896
2026-08-10 06:15:00+00:00,0.80896,0.80907,0.8086,0.80861
2026-08-10 06:30:00+00:00,0.80863,0.80866,0.80848,0.80861
2026-08-10 06:45:00+00:00,0.8086,0.80866,0.8084,0.80851
2026-08-10 07:00:00+00:00,0.80857,0.80875,0.80846,0.80856
2026-08-10 07:15:00+00:00,0.80853,0.80869,0.80823,0.8083
2026-08-10 07:30:00+00:00,0.80828,0.8083,0.80738,0.80741
2026-08-10 07:45:00+00:00,0.80742,0.80754,0.80697,0.80722
2026-08-10 08:00:00+00:00,0.80723,0.8074,0.80717,0.80738
2026-08-10 08:15:00+00:00,0.80736,0.80764,0.80715,0.80762
2026-08-10 08:30:00+00:00,0.80758,0.80808,0.80749,0.80807
2026-08-10 08:45:00+00:00,0.80804,0.80822,0.80793,0.80821
2026-08-10 09:00:00+00:00,0.80817,0.8083,0.80792,0.80793
2026-08-10 09:15:00+00:00,0.80794,0.80802,0.8078,0.80787
2026-08-10 09:30:00+00:00,0.80788,0.80828,0.80788,0.80813
2026-08-10 09:45:00+00:00,0.80816,0.80835,0.80796,0.80834
2026-08-10 10:00:00+00:00,0.8083,0.80854,0.80827,0.8083
2026-08-10 10:15:00+00:00,0.80828,0.80842,0.80815,0.80827
2026-08-10 10:30:00+00:00,0.80829,0.80852,0.80821,0.80847
2026-08-10 10:45:00+00:00,0.80847,0.80863,0.80821,0.80863
2026-08-10 11:00:00+00:00,0.8086,0.80864,0.80832,0.80861
2026-08-10 11:15:00+00:00,0.80855,0.80891,0.80855,0.80867
2026-08-10 11:30:00+00:00,0.80868,0.80873,0.80843,0.80869
2026-08-10 11:45:00+00:00,0.80865,0.80892,0.80865,0.80873
2026-08-10 12:00:00+00:00,0.80876,0.8088,0.80825,0.80878
2026-08-10 12:15:00+00:00,0.80875,0.80904,0.80849,0.80879
2026-08-10 12:30:00+00:00,0.80884,0.8093,0.80863,0.80914
2026-08-10 12:45:00+00:00,0.80921,0.80956,0.80921,0.80935
2026-08-10 13:00:00+00:00,0.80937,0.80969,0.80915,0.80917
2026-08-10 13:15:00+00:00,0.80918,0.80957,0.80909,0.80943
2026-08-10 13:30:00+00:00,0.80941,0.80971,0.80931,0.80965
2026-08-10 13:45:00+00:00,0.80957,0.81025,0.80957,0.80977
2026-08-10 14:00:00+00:00,0.8098,0.81009,0.80936,0.80941
2026-08-10 14:15:00+00:00,0.8095,0.80951,0.80868,0.80869
2026-08-10 14:30:00+00:00,0.80872,0.80912,0.80872,0.80896
2026-08-10 14:45:00+00:00,0.80898,0.80915,0.80877,0.80887
2026-08-10 15:00:00+00:00,0.80887,0.80923,0.80879,0.80909
2026-08-10 15:15:00+00:00,0.80914,0.80934,0.80869,0.80933
2026-08-10 15:30:00+00:00,0.8093,0.80959,0.80907,0.80949
2026-08-10 15:45:00+00:00,0.80951,0.80957,0.80899,0.80903
2026-08-10 16:00:00+00:00,0.80904,0.80916,0.80889,0.80908
2026-08-10 16:15:00+00:00,0.80902,0.80926,0.80902,0.80908
2026-08-10 16:30:00+00:00,0.8091,0.80943,0.80891,0.80939
2026-08-10 16:45:00+00:00,0.80933,0.80971,0.80933,0.8096
2026-08-10 17:00:00+00:00,0.80961,0.81008,0.80959,0.81008
2026-08-10 17:15:00+00:00,0.81006,0.81019,0.8099,0.80992
2026-08-10 17:30:00+00:00,0.80994,0.80998,0.80971,0.80996
2026-08-10 17:45:00+00:00,0.80993,0.81022,0.80993,0.81019
2026-08-10 18:00:00+00:00,0.81019,0.81026,0.80998,0.81005
2026-08-10 18:15:00+00:00,0.81,0.81043,0.81,0.81027
2026-08-10 18:30:00+00:00,0.81028,0.81038,0.81003,0.81011
2026-08-10 18:45:00+00:00,0.81011,0.81039,0.81006,0.81023
2026-08-10 19:00:00+00:00,0.81024,0.81042,0.81011,0.81038
2026-08-10 19:15:00+00:00,0.81038,0.8104,0.81016,0.81028
2026-08-10 19:30:00+00:00,0.81026,0.81049,0.81016,0.81016
2026-08-10 19:45:00+00:00,0.81017,0.81023,0.81008,0.81018
2026-08-10 20:00:00+00:00,0.81019,0.81023,0.81001,0.81011
2026-08-10 20:15:00+00:00,0.81012,0.81033,0.81011,0.81032
2026-08-10 20:30:00+00:00,0.8103,0.81037,0.81021,0.81036
2026-08-10 20:45:00+00:00,0.81034,0.81047,0.81027,0.81029
2026-08-10 21:00:00+00:00,0.8103,0.81033,0.80994,0.81009
2026-08-10 21:15:00+00:00,0.8101,0.81024,0.81003,0.81016
2026-08-10 21:30:00+00:00,0.81014,0.81021,0.80999,0.81007
2026-08-10 21:45:00+00:00,0.81006,0.81015,0.80995,0.80999
2026-08-10 22:00:00+00:00,0.80999,0.81028,0.80994,0.81022
2026-08-10 22:15:00+00:00,0.81022,0.81028,0.81019,0.81028
2026-08-10 22:30:00+00:00,0.81027,0.8103,0.81008,0.81009
2026-08-10 22:45:00+00:00,0.8101,0.81022,0.81008,0.81014
2026-08-10 23:00:00+00:00,0.81015,0.81022,0.81007,0.81014
2026-08-10 23:15:00+00:00,0.81015,0.81021,0.81014,0.8102
2026-08-10 23:30:00+00:00,0.81019,0.81027,0.81016,0.81021
2026-08-10 23:45:00+00:00,0.81019,0.81019,0.80987,0.80988
2026-08-11 00:00:00+00:00,0.80989,0.80989,0.80975,0.80977
2026-08-11 00:15:00+00:00,0.80978,0.80996,0.80978,0.80987
2026-08-11 00:30:00+00:00,0.80986,0.80992,0.80959,0.80961
2026-08-11 00:45:00+00:00,0.80962,0.80985,0.80962,0.80984
2026-08-11 01:00:00+00:00,0.80982,0.81007,0.80971,0.80982
2026-08-11 01:15:00+00:00,0.80979,0.80979,0.80958,0.80965
2026-08-11 01:30:00+00:00,0.80964,0.8098,0.80945,0.80978
2026-08-11 01:45:00+00:00,0.80976,0.80987,0.80958,0.80976
2026-08-11 02:00:00+00:00,0.8097,0.81006,0.8097,0.81004
2026-08-11 02:15:00+00:00,0.81004,0.81043,0.80996,0.81016
2026-08-11 02:30:00+00:00,0.81019,0.81037,0.81019,0.81028
2026-08-11 02:45:00+00:00,0.8103,0.81056,0.81021,0.81046
2026-08-11 03:00:00+00:00,0.81049,0.81049,0.81033,0.81035
2026-08-11 03:15:00+00:00,0.81036,0.81038,0.81006,0.81007
2026-08-11 03:30:00+00:00,0.81009,0.81022,0.81003,0.81022
2026-08-11 03:45:00+00:00,0.81018,0.8103,0.81017,0.81026
2026-08-11 04:00:00+00:00,0.81025,0.81031,0.81017,0.81023
2026-08-11 04:15:00+00:00,0.81024,0.81025,0.81011,0.81017
2026-08-11 04:30:00+00:00,0.81018,0.81045,0.81007,0.81042
2026-08-11 04:45:00+00:00,0.81041,0.8105,0.81023,0.81029
2026-08-11 05:00:00+00:00,0.81027,0.81037,0.81016,0.81036
2026-08-11 05:15:00+00:00,0.81035,0.81037,0.81022,0.81026
2026-08-11 05:30:00+00:00,0.81027,0.81033,0.81016,0.81019
2026-08-11 05:45:00+00:00,0.81018,0.81058,0.81012,0.8104
2026-08-11 06:00:00+00:00,0.81042,0.81052,0.81022,0.8105
2026-08-11 06:15:00+00:00,0.81046,0.81101,0.81046,0.81081
2026-08-11 06:30:00+00:00,0.81088,0.81122,0.81077,0.81096
2026-08-11 06:45:00+00:00,0.81092,0.81108,0.81087,0.81089
2026-08-11 07:00:00+00:00,0.81093,0.81093,0.81034,0.81036
2026-08-11 07:15:00+00:00,0.81038,0.81068,0.81033,0.81054
2026-08-11 07:30:00+00:00,0.81055,0.81103,0.8105,0.811
2026-08-11 07:45:00+00:00,0.81095,0.81119,0.81095,0.81117
2026-08-11 08:00:00+00:00,0.81111,0.81131,0.81108,0.81128
2026-08-11 08:15:00+00:00,0.81125,0.81125,0.81108,0.81114
2026-08-11 08:30:00+00:00,0.81114,0.81114,0.81086,0.8109
2026-08-11 08:45:00+00:00,0.8109,0.81116,0.8109,0.81115
2026-08-11 09:00:00+00:00,0.81114,0.81133,0.81104,0.81128
2026-08-11 09:15:00+00:00,0.81126,0.81153,0.81115,0.81153
2026-08-11 09:30:00+00:00,0.81152,0.81152,0.8112,0.81141
2026-08-11 09:45:00+00:00,0.81138,0.81141,0.81105,0.81109
2026-08-11 10:00:00+00:00,0.81108,0.81119,0.81055,0.81074
2026-08-11 10:15:00+00:00,0.8107,0.8109,0.81056,0.81058
2026-08-11 10:30:00+00:00,0.81063,0.81091,0.81059,0.81079
2026-08-11 10:45:00+00:00,0.81073,0.81107,0.81073,0.811
2026-08-11 11:00:00+00:00,0.81101,0.81116,0.81019,0.81021
2026-08-11 11:15:00+00:00,0.81021,0.81056,0.81021,0.81043
2026-08-11 11:30:00+00:00,0.81044,0.81074,0.81044,0.8106
2026-08-11 11:45:00+00:00,0.81063,0.81103,0.81063,0.81098
2026-08-11 12:00:00+00:00,0.81096,0.81109,0.81027,0.81048
2026-08-11 12:15:00+00:00,0.81046,0.81115,0.81043,0.81085
2026-08-11 12:30:00+00:00,0.81088,0.81088,0.81042,0.81072
2026-08-11 12:45:00+00:00,0.81069,0.81072,0.81043,0.81066
2026-08-11 13:00:00+00:00,0.81061,0.81068,0.8102,0.81036
2026-08-11 13:15:00+00:00,0.81029,0.81047,0.81013,0.81044
2026-08-11 13:30:00+00:00,0.81042,0.81087,0.8104,0.8105
2026-08-11 13:45:00+00:00,0.81051,0.81063,0.81011,0.81035
2026-08-11 14:00:00+00:00,0.81034,0.8107,0.81033,0.81068
2026-08-11 14:15:00+00:00,0.81066,0.81085,0.81033,0.81081
2026-08-11 14:30:00+00:00,0.81072,0.81094,0.81061,0.81079
2026-08-11 14:45:00+00:00,0.81079,0.81091,0.81054,0.81082
2026-08-11 15:00:00+00:00,0.8108,0.8112,0.81065,0.81118
2026-08-11 15:15:00+00:00,0.81109,0.81143,0.81109,0.8113
2026-08-11 15:30:00+00:00,0.81129,0.81166,0.81123,0.81161
2026-08-11 15:45:00+00:00,0.81162,0.81163,0.81107,0.81112
2026-08-11 16:00:00+00:00,0.81111,0.81119,0.81093,0.81101
2026-08-11 16:15:00+00:00,0.81099,0.81115,0.81098,0.811
2026-08-11 16:30:00+00:00,0.81104,0.81107,0.81085,0.81097
2026-08-11 16:45:00+00:00,0.81093,0.8113,0.81093,0.81128
2026-08-11 17:00:00+00:00,0.81124,0.8119,0.81122,0.8119
2026-08-11 17:15:00+00:00,0.81189,0.81212,0.8117,0.8121
2026-08-11 17:30:00+00:00,0.81206,0.81206,0.81181,0.81182
2026-08-11 17:45:00+00:00,0.81182,0.81196,0.81172,0.81184
2026-08-11 18:00:00+00:00,0.81185,0.81206,0.81177,0.81201
2026-08-11 18:15:00+00:00,0.812,0.81203,0.81179,0.81192
2026-08-11 18:30:00+00:00,0.8119,0.81196,0.81082,0.81098
2026-08-11 18:45:00+00:00,0.81102,0.8113,0.81087,0.81127
2026-08-11 19:00:00+00:00,0.81122,0.81133,0.81106,0.8111
2026-08-11 19:15:00+00:00,0.81109,0.81148,0.81109,0.81137
2026-08-11 19:30:00+00:00,0.81133,0.81133,0.81108,0.8112
2026-08-11 19:45:00+00:00,0.81119,0.8112,0.81083,0.8109
2026-08-11 20:00:00+00:00,0.81088,0.811,0.81071,0.81099
2026-08-11 20:15:00+00:00,0.81096,0.81102,0.8109,0.81101
2026-08-11 20:30:00+00:00,0.81099,0.81121,0.81097,0.81118
2026-08-11 20:45:00+00:00,0.8111,0.81128,0.81096,0.81096
2026-08-11 21:00:00+00:00,0.81096,0.81111,0.81078,0.81087
2026-08-11 21:15:00+00:00,0.81088,0.81116,0.81085,0.81115
2026-08-11 21:30:00+00:00,0.81112,0.81128,0.81106,0.81115
2026-08-11 21:45:00+00:00,0.81113,0.81113,0.81076,0.81102
2026-08-11 22:00:00+00:00,0.81102,0.81109,0.81077,0.81088
2026-08-11 22:15:00+00:00,0.81088,0.81099,0.81086,0.81098
2026-08-11 22:30:00+00:00,0.81096,0.81107,0.81094,0.81102
2026-08-11 22:45:00+00:00,0.81098,0.81106,0.81095,0.81097
2026-08-11 23:00:00+00:00,0.81096,0.81106,0.81092,0.81095
2026-08-11 23:15:00+00:00,0.81099,0.81113,0.81099,0.8111
2026-08-11 23:30:00+00:00,0.81108,0.8112,0.81107,0.81115
2026-08-11 23:45:00+00:00,0.81114,0.81115,0.81105,0.8111
2026-08-12 00:00:00+00:00,0.81109,0.81126,0.81106,0.81107
2026-08-12 00:15:00+00:00,0.81109,0.81124,0.81108,0.81121
2026-08-12 00:30:00+00:00,0.8112,0.81131,0.81114,0.81124
2026-08-12 00:45:00+00:00,0.81121,0.81167,0.8112,0.81149
2026-08-12 01:00:00+00:00,0.81148,0.81174,0.81148,0.81173
2026-08-12 01:15:00+00:00,0.81172,0.81173,0.81156,0.81161
2026-08-12 01:30:00+00:00,0.81163,0.81172,0.81156,0.81161
2026-08-12 01:45:00+00:00,0.8116,0.81161,0.81143,0.81157
2026-08-12 02:00:00+00:00,0.81158,0.8117,0.81155,0.81164
2026-08-12 02:15:00+00:00,0.8116,0.81178,0.8116,0.81169
2026-08-12 02:30:00+00:00,0.81168,0.81169,0.81147,0.81156
2026-08-12 02:45:00+00:00,0.81156,0.81179,0.8115,0.81178
2026-08-12 03:00:00+00:00,0.81176,0.81183,0.81167,0.81174
2026-08-12 03:15:00+00:00,0.81172,0.81188,0.81172,0.81181
2026-08-12 03:30:00+00:00,0.81182,0.81202,0.81181,0.81201
2026-08-12 03:45:00+00:00,0.81196,0.81221,0.81196,0.8122
2026-08-12 04:00:00+00:00,0.81218,0.81232,0.8121,0.81231
2026-08-12 04:15:00+00:00,0.8123,0.81239,0.81224,0.81233
2026-08-12 04:30:00+00:00,0.8123,0.81231,0.81209,0.8121
2026-08-12 04:45:00+00:00,0.81212,0.81226,0.81207,0.81217
2026-08-12 05:00:00+00:00,0.81215,0.81235,0.81212,0.81224
2026-08-12 05:15:00+00:00,0.81225,0.8124,0.81225,0.81229
2026-08-12 05:30:00+00:00,0.8123,0.81231,0.81213,0.8122
2026-08-12 05:45:00+00:00,0.81218,0.81233,0.81217,0.8122
2026-08-12 06:00:00+00:00,0.81218,0.81227,0.8121,0.81211
2026-08-12 06:15:00+00:00,0.81212,0.81215,0.81202,0.81211
2026-08-12 06:30:00+00:00,0.81211,0.81223,0.81169,0.8117
2026-08-12 06:45:00+00:00,0.81172,0.81188,0.8115,0.81163
2026-08-12 07:00:00+00:00,0.81158,0.8121,0.81158,0.81201
2026-08-12 07:15:00+00:00,0.81198,0.81224,0.81195,0.81211
2026-08-12 07:30:00+00:00,0.81216,0.81243,0.81216,0.81239
2026-08-12 07:45:00+00:00,0.81238,0.81262,0.81227,0.81256
2026-08-12 08:00:00+00:00,0.81256,0.81263,0.81242,0.81256
2026-08-12 08:15:00+00:00,0.81254,0.8126,0.81226,0.81252
2026-08-12 08:30:00+00:00,0.81252,0.81284,0.81242,0.81284
2026-08-12 08:45:00+00:00,0.81282,0.81288,0.81265,0.81275
2026-08-12 09:00:00+00:00,0.81274,0.81284,0.81243,0.81244
2026-08-12 09:15:00+00:00,0.81246,0.81256,0.81141,0.81191
2026-08-12 09:30:00+00:00,0.81188,0.81217,0.8115,0.81211
2026-08-12 09:45:00+00:00,0.81203,0.81269,0.81203,0.8126
2026-08-12 10:00:00+00:00,0.81261,0.81261,0.81227,0.8124
2026-08-12 10:15:00+00:00,0.81237,0.81252,0.8123,0.81241
2026-08-12 10:30:00+00:00,0.81242,0.81264,0.81241,0.8126
2026-08-12 10:45:00+00:00,0.81258,0.81281,0.8124,0.81253
2026-08-12 11:00:00+00:00,0.8125,0.81257,0.81223,0.81243
2026-08-12 11:15:00+00:00,0.81243,0.81252,0.81194,0.81196
2026-08-12 11:30:00+00:00,0.81199,0.81208,0.81174,0.81181
2026-08-12 11:45:00+00:00,0.81179,0.81187,0.81122,0.81123
2026-08-12 12:00:00+00:00,0.81123,0.81159,0.81116,0.81134
2026-08-12 12:15:00+00:00,0.81129,0.81165,0.81115,0.81118
2026-08-12 12:30:00+00:00,0.81124,0.81235,0.81019,0.81023
2026-08-12 12:45:00+00:00,0.81031,0.81082,0.80973,0.81006
2026-08-12 13:00:00+00:00,0.81019,0.8106,0.80969,0.81056
2026-08-12 13:15:00+00:00,0.81046,0.81093,0.8103,0.81065
2026-08-12 13:30:00+00:00,0.81062,0.81122,0.81027,0.81092
2026-08-12 13:45:00+00:00,0.81106,0.81138,0.81086,0.81115
2026-08-12 14:00:00+00:00,0.81113,0.81133,0.81068,0.81116
2026-08-12 14:15:00+00:00,0.81114,0.81117,0.81062,0.8108
2026-08-12 14:30:00+00:00,0.81075,0.81141,0.81075,0.81134
2026-08-12 14:45:00+00:00,0.81124,0.812,0.81124,0.8115
2026-08-12 15:00:00+00:00,0.81155,0.81202,0.81143,0.81145
2026-08-12 15:15:00+00:00,0.81147,0.81184,0.81136,0.81167
2026-08-12 15:30:00+00:00,0.81159,0.81203,0.81159,0.812
2026-08-12 15:45:00+00:00,0.81196,0.81228,0.81176,0.81179
2026-08-12 16:00:00+00:00,0.8118,0.81231,0.81169,0.8123
2026-08-12 16:15:00+00:00,0.81229,0.8125,0.81216,0.8124
2026-08-12 16:30:00+00:00,0.8124,0.81286,0.81239,0.81271
2026-08-12 16:45:00+00:00,0.81273,0.81305,0.81258,0.8128
2026-08-12 17:00:00+00:00,0.81284,0.81308,0.81265,0.81301
2026-08-12 17:15:00+00:00,0.81302,0.81326,0.813,0.81319
2026-08-12 17:30:00+00:00,0.81317,0.81355,0.81315,0.8135
2026-08-12 17:45:00+00:00,0.81347,0.81368,0.81345,0.81363
2026-08-12 18:00:00+00:00,0.81363,0.81381,0.81336,0.81345
2026-08-12 18:15:00+00:00,0.8134,0.81356,0.81324,0.81336
2026-08-12 18:30:00+00:00,0.81328,0.81362,0.81328,0.81361
2026-08-12 18:45:00+00:00,0.8136,0.81384,0.81354,0.81383
2026-08-12 19:00:00+00:00,0.81382,0.81388,0.81356,0.81372
2026-08-12 19:15:00+00:00,0.8137,0.8137,0.81349,0.81369
2026-08-12 19:30:00+00:00,0.81367,0.81391,0.81366,0.81387
2026-08-12 19:45:00+00:00,0.81387,0.81394,0.81375,0.81388
2026-08-12 20:00:00+00:00,0.81387,0.81391,0.81366,0.81377
2026-08-12 20:15:00+00:00,0.81379,0.81398,0.81379,0.81398
2026-08-12 20:30:00+00:00,0.81396,0.81396,0.81376,0.81381
2026-08-12 20:45:00+00:00,0.8138,0.8138,0.81357,0.81364
2026-08-12 21:00:00+00:00,0.81367,0.81371,0.81271,0.81338
2026-08-12 21:15:00+00:00,0.81335,0.81368,0.81335,0.81353
2026-08-12 21:30:00+00:00,0.81351,0.81357,0.8134,0.81349
2026-08-12 21:45:00+00:00,0.81347,0.8136,0.81342,0.81346
2026-08-12 22:00:00+00:00,0.81352,0.8137,0.81333,0.81364
2026-08-12 22:15:00+00:00,0.81364,0.81364,0.81353,0.81359
2026-08-12 22:30:00+00:00,0.81358,0.8136,0.81352,0.81356
2026-08-12 22:45:00+00:00,0.81354,0.8136,0.81345,0.81346
2026-08-12 23:00:00+00:00,0.81346,0.81351,0.81335,0.81347
2026-08-12 23:15:00+00:00,0.81348,0.81349,0.8134,0.81343
2026-08-12 23:30:00+00:00,0.81341,0.81351,0.81341,0.81349
2026-08-12 23:45:00+00:00,0.81348,0.81352,0.81327,0.81327
2026-08-13 00:00:00+00:00,0.81328,0.81328,0.81303,0.81308
2026-08-13 00:15:00+00:00,0.81307,0.81309,0.81284,0.81289
2026-08-13 00:30:00+00:00,0.81289,0.81296,0.8126,0.81269
2026-08-13 00:45:00+00:00,0.81272,0.813,0.81262,0.81298
2026-08-13 01:00:00+00:00,0.81297,0.813,0.81274,0.81276
2026-08-13 01:15:00+00:00,0.81281,0.813,0.81279,0.81298
2026-08-13 01:30:00+00:00,0.81293,0.81324,0.8128,0.81323
2026-08-13 01:45:00+00:00,0.81317,0.81375,0.81317,0.81368
2026-08-13 02:00:00+00:00,0.81367,0.81371,0.81357,0.81366
2026-08-13 02:15:00+00:00,0.81367,0.81385,0.81363,0.81383
2026-08-13 02:30:00+00:00,0.8138,0.81403,0.81378,0.81395
2026-08-13 02:45:00+00:00,0.81395,0.81405,0.81388,0.81391
2026-08-13 03:00:00+00:00,0.8139,0.81405,0.81375,0.81398
2026-08-13 03:15:00+00:00,0.81398,0.81426,0.81393,0.81417
2026-08-13 03:30:00+00:00,0.81418,0.81422,0.8141,0.81411
2026-08-13 03:45:00+00:00,0.81412,0.81432,0.81407,0.8143
2026-08-13 04:00:00+00:00,0.81429,0.8144,0.81426,0.81434
2026-08-13 04:15:00+00:00,0.81436,0.8144,0.81417,0.81421
2026-08-13 04:30:00+00:00,0.8142,0.8143,0.81415,0.81429
2026-08-13 04:45:00+00:00,0.81428,0.81428,0.81371,0.81375
2026-08-13 05:00:00+00:00,0.81382,0.81395,0.81367,0.81391
2026-08-13 05:15:00+00:00,0.81391,0.81391,0.81356,0.81366
2026-08-13 05:30:00+00:00,0.81363,0.81381,0.81359,0.81381
2026-08-13 05:45:00+00:00,0.81379,0.81384,0.81361,0.81362
2026-08-13 06:00:00+00:00,0.81362,0.81401,0.81349,0.81397
2026-08-13 06:15:00+00:00,0.81396,0.81419,0.81383,0.81417
2026-08-13 06:30:00+00:00,0.81415,0.81458,0.81407,0.81415
2026-08-13 06:45:00+00:00,0.81419,0.81419,0.81383,0.814
2026-08-13 07:00:00+00:00,0.81397,0.81407,0.81381,0.81406
2026-08-13 07:15:00+00:00,0.81403,0.81409,0.81382,0.81382
2026-08-13 07:30:00+00:00,0.81383,0.81386,0.81339,0.81339
2026-08-13 07:45:00+00:00,0.8134,0.8134,0.81275,0.81297
2026-08-13 08:00:00+00:00,0.81294,0.81317,0.81281,0.81288
2026-08-13 08:15:00+00:00,0.81286,0.81318,0.81283,0.81301
2026-08-13 08:30:00+00:00,0.81302,0.81304,0.81276,0.81276
2026-08-13 08:45:00+00:00,0.81277,0.81291,0.81251,0.81289
2026-08-13 09:00:00+00:00,0.81282,0.81297,0.81257,0.81259
2026-08-13 09:15:00+00:00,0.81263,0.81263,0.81217,0.81224
2026-08-13 09:30:00+00:00,0.81222,0.81228,0.81201,0.81224
2026-08-13 09:45:00+00:00,0.81218,0.81241,0.81217,0.81219
2026-08-13 10:00:00+00:00,0.81222,0.81253,0.81218,0.81226
2026-08-13 10:15:00+00:00,0.81227,0.8124,0.8121,0.81211
2026-08-13 10:30:00+00:00,0.81213,0.81218,0.81162,0.81172
2026-08-13 10:45:00+00:00,0.81168,0.812,0.81166,0.81199
2026-08-13 11:00:00+00:00,0.81194,0.81224,0.81194,0.81207
2026-08-13 11:15:00+00:00,0.81206,0.81233,0.812,0.81219
2026-08-13 11:30:00+00:00,0.8122,0.8124,0.8122,0.81231
2026-08-13 11:45:00+00:00,0.81231,0.81261,0.81217,0.81259
2026-08-13 12:00:00+00:00,0.81259,0.81299,0.81257,0.81298
2026-08-13 12:15:00+00:00,0.81296,0.81321,0.8129,0.81316
2026-08-13 12:30:00+00:00,0.81315,0.81352,0.81274,0.81278
2026-08-13 12:45:00+00:00,0.81277,0.81286,0.81162,0.81167
2026-08-13 13:00:00+00:00,0.81176,0.81208,0.81153,0.81206
2026-08-13 13:15:00+00:00,0.81205,0.81236,0.81178,0.81232
2026-08-13 13:30:00+00:00,0.81231,0.8128,0.81224,0.81234
2026-08-13 13:45:00+00:00,0.81238,0.81274,0.81221,0.81262
2026-08-13 14:00:00+00:00,0.81261,0.81281,0.81164,0.81166
2026-08-13 14:15:00+00:00,0.8117,0.81175,0.81137,0.81168
2026-08-13 14:30:00+00:00,0.81165,0.81215,0.81158,0.8119
2026-08-13 14:45:00+00:00,0.81188,0.81205,0.81163,0.81165
2026-08-13 15:00:00+00:00,0.81169,0.81216,0.8116,0.81215
2026-08-13 15:15:00+00:00,0.81209,0.81251,0.812,0.81244
2026-08-13 15:30:00+00:00,0.81225,0.81271,0.81225,0.81264
2026-08-13 15:45:00+00:00,0.81261,0.81303,0.81259,0.813
2026-08-13 16:00:00+00:00,0.81296,0.81343,0.8129,0.81341
2026-08-13 16:15:00+00:00,0.81333,0.81366,0.8133,0.81342
2026-08-13 16:30:00+00:00,0.8134,0.81344,0.81321,0.81323
2026-08-13 16:45:00+00:00,0.81327,0.81327,0.81311,0.81312
2026-08-13 17:00:00+00:00,0.81317,0.81346,0.813,0.81329
2026-08-13 17:15:00+00:00,0.81323,0.81342,0.81316,0.81341
2026-08-13 17:30:00+00:00,0.81336,0.81356,0.81336,0.81337
2026-08-13 17:45:00+00:00,0.81338,0.81353,0.81334,0.81347
2026-08-13 18:00:00+00:00,0.81348,0.81361,0.81317,0.81318
2026-08-13 18:15:00+00:00,0.8132,0.81356,0.81315,0.81355
2026-08-13 18:30:00+00:00,0.81352,0.81365,0.81339,0.81354
2026-08-13 18:45:00+00:00,0.8135,0.81396,0.8135,0.81394
2026-08-13 19:00:00+00:00,0.81392,0.81408,0.81382,0.81398
2026-08-13 19:15:00+00:00,0.81397,0.81397,0.81387,0.81395
2026-08-13 19:30:00+00:00,0.81393,0.81444,0.81383,0.81442
2026-08-13 19:45:00+00:00,0.81437,0.81462,0.81437,0.81458
2026-08-13 20:00:00+00:00,0.81455,0.81476,0.81446,0.81471
2026-08-13 20:15:00+00:00,0.81469,0.81471,0.81442,0.81452
2026-08-13 20:30:00+00:00,0.81449,0.81463,0.81438,0.81448
2026-08-13 20:45:00+00:00,0.81447,0.81447,0.81404,0.81417
2026-08-13 21:00:00+00:00,0.81416,0.81434,0.81339,0.81423
2026-08-13 21:15:00+00:00,0.81423,0.81448,0.81374,0.81376
2026-08-13 21:30:00+00:00,0.8138,0.81411,0.81374,0.81409
2026-08-13 21:45:00+00:00,0.81407,0.81419,0.81397,0.81415
2026-08-13 22:00:00+00:00,0.81414,0.81424,0.814,0.81422
2026-08-13 22:15:00+00:00,0.8142,0.81423,0.81405,0.81413
2026-08-13 22:30:00+00:00,0.81414,0.81419,0.81411,0.81416
2026-08-13 22:45:00+00:00,0.81414,0.81417,0.81408,0.81408
2026-08-13 23:00:00+00:00,0.81409,0.81412,0.81396,0.814
2026-08-13 23:15:00+00:00,0.81401,0.81417,0.814,0.81416
2026-08-13 23:30:00+00:00,0.81414,0.81418,0.81408,0.81412
2026-08-13 23:45:00+00:00,0.8141,0.81426,0.81405,0.81419
2026-08-14 00:00:00+00:00,0.81418,0.81425,0.81403,0.81412
2026-08-14 00:15:00+00:00,0.81413,0.81417,0.81393,0.81399
2026-08-14 00:30:00+00:00,0.81398,0.81402,0.81381,0.81401
2026-08-14 00:45:00+00:00,0.81399,0.81402,0.81378,0.8138
2026-08-14 01:00:00+00:00,0.81384,0.81426,0.81375,0.81423
2026-08-14 01:15:00+00:00,0.81418,0.81447,0.81412,0.81433
2026-08-14 01:30:00+00:00,0.81435,0.81435,0.81387,0.814
2026-08-14 01:45:00+00:00,0.81399,0.81414,0.81385,0.81413
2026-08-14 02:00:00+00:00,0.81409,0.81417,0.81392,0.81398
2026-08-14 02:15:00+00:00,0.81396,0.81398,0.81374,0.81376
2026-08-14 02:30:00+00:00,0.8138,0.81397,0.81378,0.8139
2026-08-14 02:45:00+00:00,0.81389,0.81421,0.81384,0.8142
2026-08-14 03:00:00+00:00,0.81418,0.81418,0.81392,0.81401
2026-08-14 03:15:00+00:00,0.81402,0.81402,0.81366,0.81378
2026-08-14 03:30:00+00:00,0.81379,0.81385,0.81366,0.81378
2026-08-14 03:45:00+00:00,0.81376,0.81391,0.81373,0.81379
2026-08-14 04:00:00+00:00,0.8138,0.81385,0.81356,0.81361
2026-08-14 04:15:00+00:00,0.8136,0.81381,0.81357,0.81379
2026-08-14 04:30:00+00:00,0.81376,0.81382,0.81355,0.81367
2026-08-14 04:45:00+00:00,0.81364,0.81372,0.8135,0.81361
2026-08-14 05:00:00+00:00,0.81359,0.81364,0.81344,0.81348
2026-08-14 05:15:00+00:00,0.81347,0.81349,0.81329,0.8133
2026-08-14 05:30:00+00:00,0.81332,0.81349,0.81321,0.81346
2026-08-14 05:45:00+00:00,0.81343,0.81353,0.81342,0.81352
2026-08-14 06:00:00+00:00,0.8135,0.81367,0.81328,0.81366
2026-08-14 06:15:00+00:00,0.81363,0.81399,0.8136,0.81394
2026-08-14 06:30:00+00:00,0.81395,0.814,0.81363,0.81373
2026-08-14 06:45:00+00:00,0.81377,0.81379,0.81356,0.81371
2026-08-14 07:00:00+00:00,0.81367,0.81379,0.81336,0.81354
2026-08-14 07:15:00+00:00,0.81345,0.81401,0.81345,0.81376
2026-08-14 07:30:00+00:00,0.8138,0.81392,0.81366,0.81371
2026-08-14 07:45:00+00:00,0.8137,0.81376,0.81344,0.81357
2026-08-14 08:00:00+00:00,0.81364,0.81365,0.81323,0.81362
2026-08-14 08:15:00+00:00,0.8136,0.81377,0.81349,0.8135
2026-08-14 08:30:00+00:00,0.81352,0.81392,0.81328,0.81388
2026-08-14 08:45:00+00:00,0.81382,0.81409,0.81354,0.81369
2026-08-14 09:00:00+00:00,0.81366,0.81366,0.81308,0.81313
2026-08-14 09:15:00+00:00,0.81313,0.81334,0.81305,0.81318
2026-08-14 09:30:00+00:00,0.81315,0.81344,0.81309,0.81336
2026-08-14 09:45:00+00:00,0.81334,0.81336,0.81308,0.81322
2026-08-14 10:00:00+00:00,0.81321,0.81324,0.81285,0.81301
2026-08-14 10:15:00+00:00,0.81293,0.8135,0.81293,0.81341
2026-08-14 10:30:00+00:00,0.81343,0.81354,0.81317,0.81346
2026-08-14 10:45:00+00:00,0.81345,0.81349,0.81307,0.8131
2026-08-14 11:00:00+00:00,0.81316,0.81316,0.81269,0.81271
2026-08-14 11:15:00+00:00,0.81272,0.81274,0.8123,0.81248
2026-08-14 11:30:00+00:00,0.81246,0.81253,0.81168,0.81169
2026-08-14 11:45:00+00:00,0.81172,0.81208,0.81166,0.81198
2026-08-14 12:00:00+00:00,0.81196,0.81198,0.8115,0.81186
2026-08-14 12:15:00+00:00,0.81179,0.81193,0.81128,0.81139
2026-08-14 12:30:00+00:00,0.81138,0.81165,0.81052,0.81156
2026-08-14 12:45:00+00:00,0.81158,0.812,0.81141,0.81165
2026-08-14 13:00:00+00:00,0.8117,0.81225,0.81164,0.81224
2026-08-14 13:15:00+00:00,0.81219,0.81254,0.81176,0.81177
2026-08-14 13:30:00+00:00,0.81177,0.81193,0.81099,0.81103
2026-08-14 13:45:00+00:00,0.81108,0.81131,0.81063,0.8112
2026-08-14 14:00:00+00:00,0.8112,0.81132,0.81084,0.81131
2026-08-14 14:15:00+00:00,0.81125,0.81153,0.81096,0.81097
2026-08-14 14:30:00+00:00,0.81099,0.81177,0.81091,0.81172
2026-08-14 14:45:00+00:00,0.81171,0.81179,0.81141,0.81151
2026-08-14 15:00:00+00:00,0.81152,0.81159,0.81109,0.81158
2026-08-14 15:15:00+00:00,0.81155,0.81193,0.81138,0.81163
2026-08-14 15:30:00+00:00,0.81169,0.81169,0.81122,0.81151
2026-08-14 15:45:00+00:00,0.81153,0.81166,0.81128,0.81163
2026-08-14 16:00:00+00:00,0.81158,0.81202,0.81155,0.812
2026-08-14 16:15:00+00:00,0.81196,0.81218,0.81175,0.81217
2026-08-14 16:30:00+00:00,0.81211,0.81229,0.8119,0.81225
2026-08-14 16:45:00+00:00,0.81221,0.8127,0.81221,0.81268
2026-08-14 17:00:00+00:00,0.81265,0.81331,0.81258,0.81328
2026-08-14 17:15:00+00:00,0.81327,0.8135,0.81312,0.8134
2026-08-14 17:30:00+00:00,0.81335,0.81339,0.81312,0.81329
2026-08-14 17:45:00+00:00,0.81325,0.81333,0.81322,0.81323
2026-08-14 18:00:00+00:00,0.81327,0.81334,0.81303,0.81329
2026-08-14 18:15:00+00:00,0.8132,0.81338,0.81298,0.81303
2026-08-14 18:30:00+00:00,0.81302,0.81316,0.81296,0.8131
2026-08-14 18:45:00+00:00,0.81308,0.81312,0.81298,0.81309
2026-08-14 19:00:00+00:00,0.81304,0.81329,0.81297,0.81312
2026-08-14 19:15:00+00:00,0.81313,0.81332,0.81303,0.81311
2026-08-14 19:30:00+00:00,0.8131,0.81353,0.81301,0.81341
2026-08-14 19:45:00+00:00,0.81338,0.81358,0.81332,0.81334
2026-08-14 20:00:00+00:00,0.81335,0.81349,0.8131,0.81346
2026-08-14 20:15:00+00:00,0.8134,0.8135,0.81338,0.81341
2026-08-14 20:30:00+00:00,0.8134,0.81348,0.81325,0.81347
2026-08-14 20:45:00+00:00,0.81344,0.81354,0.81332,0.81334
2026-08-14 21:00:00+00:00,0.81334,0.81355,0.81298,0.81343
2026-08-14 21:15:00+00:00,0.81347,0.81358,0.81334,0.81342
2026-08-14 21:30:00+00:00,0.81343,0.81352,0.81336,0.81346
2026-08-14 21:45:00+00:00,0.81343,0.81355,0.81338,0.81352
2026-08-14 22:00:00+00:00,0.8135,0.81357,0.8131,0.81344
2026-08-14 22:15:00+00:00,0.81343,0.81347,0.81337,0.8134
2026-08-14 22:30:00+00:00,0.8134,0.81347,0.81337,0.81346
2026-08-14 22:45:00+00:00,0.81344,0.81347,0.81338,0.8134
2026-08-14 23:00:00+00:00,0.81341,0.8135,0.81304,0.81345
2026-08-14 23:15:00+00:00,0.81344,0.81348,0.81338,0.81341
2026-08-14 23:30:00+00:00,0.81341,0.81348,0.81338,0.81347
2026-08-14 23:45:00+00:00,0.81345,0.81352,0.81338,0.81341
2026-08-15 00:00:00+00:00,0.81341,0.81353,0.81324,0.81324
2026-08-15 00:15:00+00:00,0.81325,0.81332,0.81323,0.81326
2026-08-15 00:30:00+00:00,0.81326,0.81328,0.81323,0.81326
2026-08-15 00:45:00+00:00,0.81324,0.81333,0.81324,0.81326
2026-08-15 01:00:00+00:00,0.81325,0.81328,0.81323,0.81324
2026-08-15 01:15:00+00:00,0.81324,0.81333,0.81319,0.81325
2026-08-15 01:30:00+00:00,0.81324,0.81336,0.81323,0.81328
2026-08-15 01:45:00+00:00,0.81327,0.81328,0.81323,0.81326
2026-08-15 02:00:00+00:00,0.81324,0.81332,0.81324,0.81324
2026-08-15 02:15:00+00:00,0.81325,0.81328,0.81323,0.81324
2026-08-15 02:30:00+00:00,0.81324,0.81333,0.81323,0.81326
2026-08-15 02:45:00+00:00,0.81324,0.81332,0.81321,0.81327
2026-08-15 03:00:00+00:00,0.81326,0.81328,0.81323,0.81324
2026-08-15 03:15:00+00:00,0.81324,0.81337,0.81323,0.81324
2026-08-15 03:30:00+00:00,0.81325,0.81328,0.81323,0.81326
2026-08-15 03:45:00+00:00,0.81324,0.8133,0.81323,0.81326
2026-08-15 04:00:00+00:00,0.81324,0.81333,0.81321,0.81326
2026-08-15 04:15:00+00:00,0.81326,0.81328,0.81323,0.81324
2026-08-15 04:30:00+00:00,0.81324,0.81331,0.81321,0.81325
2026-08-15 04:45:00+00:00,0.81324,0.81328,0.81323,0.81326
2026-08-15 05:00:00+00:00,0.81324,0.81337,0.81323,0.81324
2026-08-15 05:15:00+00:00,0.81324,0.81329,0.81323,0.81324
2026-08-15 05:30:00+00:00,0.81325,0.81328,0.81323,0.81326
2026-08-15 05:45:00+00:00,0.81324,0.81328,0.81323,0.81326
2026-08-15 06:00:00+00:00,0.81324,0.81328,0.81323,0.81325
2026-08-15 06:15:00+00:00,0.81324,0.81329,0.81323,0.81323
2026-08-15 06:30:00+00:00,0.81324,0.81334,0.81317,0.81328
2026-08-15 06:45:00+00:00,0.81328,0.81328,0.81323,0.81326
2026-08-15 07:00:00+00:00,0.81324,0.8133,0.81323,0.81325
2026-08-15 07:15:00+00:00,0.81324,0.81328,0.81323,0.81323
2026-08-15 07:30:00+00:00,0.81324,0.81329,0.81323,0.81324
2026-08-15 07:45:00+00:00,0.81324,0.81329,0.81323,0.81327
2026-08-15 08:00:00+00:00,0.81325,0.81328,0.81323,0.81325
2026-08-15 08:15:00+00:00,0.81324,0.81335,0.81317,0.81324
2026-08-15 08:30:00+00:00,0.81324,0.81328,0.81323,0.81324
2026-08-15 08:45:00+00:00,0.81324,0.81329,0.81323,0.81325
2026-08-15 09:00:00+00:00,0.81324,0.81329,0.81323,0.81327
2026-08-15 09:15:00+00:00,0.81326,0.81328,0.81323,0.81324
2026-08-15 09:30:00+00:00,0.81324,0.81329,0.81323,0.81324
2026-08-15 09:45:00+00:00,0.81324,0.81328,0.81323,0.81325
2026-08-15 10:00:00+00:00,0.81324,0.81335,0.81317,0.81326
2026-08-15 10:15:00+00:00,0.81324,0.81334,0.81323,0.81328
2026-08-15 10:30:00+00:00,0.81328,0.81328,0.81323,0.81323
2026-08-15 10:45:00+00:00,0.81324,0.81337,0.81323,0.81326
2026-08-15 11:00:00+00:00,0.81325,0.81329,0.81322,0.81326
2026-08-15 11:15:00+00:00,0.81324,0.81355,0.81323,0.81324
2026-08-15 11:30:00+00:00,0.81325,0.81346,0.81321,0.81342
2026-08-15 11:45:00+00:00,0.81338,0.81347,0.81327,0.81328
2026-08-15 12:00:00+00:00,0.81328,0.81335,0.81321,0.81331
2026-08-15 12:15:00+00:00,0.81329,0.81333,0.81324,0.81326
2026-08-15 12:30:00+00:00,0.81325,0.81337,0.81318,0.81327
2026-08-15 12:45:00+00:00,0.81328,0.81338,0.81325,0.81337
2026-08-15 13:00:00+00:00,0.81334,0.81338,0.81329,0.81332
2026-08-15 13:15:00+00:00,0.81331,0.81349,0.81329,0.81331
2026-08-15 13:30:00+00:00,0.81332,0.81335,0.81331,0.81331
2026-08-15 13:45:00+00:00,0.81332,0.81342,0.81325,0.81339
2026-08-15 14:00:00+00:00,0.81339,0.81347,0.81337,0.81347
2026-08-15 14:15:00+00:00,0.81344,0.81348,0.81343,0.81346
2026-08-15 14:30:00+00:00,0.81344,0.8135,0.81341,0.81347
2026-08-15 14:45:00+00:00,0.81347,0.81351,0.81346,0.81347
2026-08-15 15:00:00+00:00,0.81347,0.81355,0.81347,0.81353
2026-08-15 15:15:00+00:00,0.81352,0.81358,0.81348,0.81356
2026-08-15 15:30:00+00:00,0.81354,0.81358,0.81353,0.81354
2026-08-15 15:45:00+00:00,0.81354,0.8136,0.81353,0.81356
2026-08-15 16:00:00+00:00,0.81357,0.81358,0.81294,0.81316
2026-08-15 16:15:00+00:00,0.81314,0.8133,0.81312,0.81327
2026-08-15 16:30:00+00:00,0.81325,0.81341,0.81324,0.81325
2026-08-15 16:45:00+00:00,0.81326,0.81347,0.81326,0.8134
2026-08-15 17:00:00+00:00,0.8134,0.81367,0.81283,0.81316
2026-08-15 17:15:00+00:00,0.81314,0.81323,0.81313,0.81322
2026-08-15 17:30:00+00:00,0.8132,0.81335,0.81319,0.81327
2026-08-15 17:45:00+00:00,0.81327,0.81337,0.81316,0.81319
2026-08-15 18:00:00+00:00,0.81326,0.81337,0.81278,0.81317
2026-08-15 18:15:00+00:00,0.81312,0.81345,0.81312,0.81339
2026-08-15 18:30:00+00:00,0.81337,0.8134,0.8133,0.81333
2026-08-15 18:45:00+00:00,0.81332,0.81339,0.81326,0.81327
2026-08-15 19:00:00+00:00,0.81329,0.81366,0.81275,0.81311
2026-08-15 19:15:00+00:00,0.81312,0.81327,0.81312,0.81324
2026-08-15 19:30:00+00:00,0.81323,0.81336,0.81317,0.81333
2026-08-15 19:45:00+00:00,0.81332,0.81336,0.81331,0.81332
2026-08-15 20:00:00+00:00,0.81332,0.81373,0.81277,0.81325
2026-08-15 20:15:00+00:00,0.81325,0.81333,0.81323,0.81331
2026-08-15 20:30:00+00:00,0.81323,0.81337,0.81323,0.81334
2026-08-15 20:45:00+00:00,0.81333,0.81343,0.81326,0.81332
2026-08-15 21:00:00+00:00,0.81334,0.81336,0.81278,0.81306
2026-08-15 21:15:00+00:00,0.81306,0.81324,0.81301,0.8132
2026-08-15 21:30:00+00:00,0.81318,0.81322,0.81317,0.8132
2026-08-15 21:45:00+00:00,0.81318,0.81346,0.81301,0.81331
2026-08-15 22:00:00+00:00,0.81331,0.81333,0.81275,0.81306
2026-08-15 22:15:00+00:00,0.81307,0.8131,0.81306,0.81308
2026-08-15 22:30:00+00:00,0.81307,0.81325,0.81305,0.81324
2026-08-15 22:45:00+00:00,0.81322,0.81326,0.81321,0.81322
2026-08-15 23:00:00+00:00,0.81322,0.81335,0.81278,0.81293
2026-08-15 23:15:00+00:00,0.81294,0.81339,0.8126,0.81328
2026-08-15 23:30:00+00:00,0.81326,0.8133,0.81325,0.81328
2026-08-15 23:45:00+00:00,0.81326,0.81338,0.81325,0.81335
2026-08-16 00:00:00+00:00,0.81334,0.81338,0.81329,0.8133
2026-08-16 00:15:00+00:00,0.81331,0.81341,0.81329,0.81338
2026-08-16 00:30:00+00:00,0.81338,0.81346,0.81336,0.81345
2026-08-16 00:45:00+00:00,0.81343,0.81347,0.81342,0.81344
2026-08-16 01:00:00+00:00,0.81343,0.81351,0.81339,0.81347
2026-08-16 01:15:00+00:00,0.81347,0.81351,0.81346,0.81347
2026-08-16 01:30:00+00:00,0.81347,0.81352,0.81347,0.8135
2026-08-16 01:45:00+00:00,0.81348,0.81352,0.81347,0.8135
2026-08-16 02:00:00+00:00,0.81349,0.81352,0.81345,0.81346
2026-08-16 02:15:00+00:00,0.81346,0.81351,0.81345,0.81347
2026-08-16 02:30:00+00:00,0.81347,0.81356,0.81328,0.81332
2026-08-16 02:45:00+00:00,0.8133,0.81342,0.81324,0.81339
2026-08-16 03:00:00+00:00,0.81338,0.81343,0.81336,0.8134
2026-08-16 03:15:00+00:00,0.81341,0.81344,0.81339,0.8134
2026-08-16 03:30:00+00:00,0.81341,0.81346,0.81339,0.81344
2026-08-16 03:45:00+00:00,0.81343,0.81346,0.81341,0.81344
2026-08-16 04:00:00+00:00,0.81343,0.81348,0.81342,0.81344
2026-08-16 04:15:00+00:00,0.81344,0.81349,0.81343,0.81345
2026-08-16 04:30:00+00:00,0.81345,0.81349,0.81344,0.81347
2026-08-16 04:45:00+00:00,0.81345,0.8135,0.81343,0.81346
2026-08-16 05:00:00+00:00,0.81344,0.81348,0.81343,0.81345
2026-08-16 05:15:00+00:00,0.81344,0.81349,0.81343,0.81345
2026-08-16 05:30:00+00:00,0.81346,0.81349,0.81344,0.81345
2026-08-16 05:45:00+00:00,0.81345,0.81348,0.81343,0.81346
2026-08-16 06:00:00+00:00,0.81345,0.81349,0.81344,0.81346
2026-08-16 06:15:00+00:00,0.81345,0.81349,0.81343,0.81344
2026-08-16 06:30:00+00:00,0.81345,0.8135,0.81343,0.81346
2026-08-16 06:45:00+00:00,0.81346,0.8135,0.81345,0.81349
2026-08-16 07:00:00+00:00,0.81347,0.81351,0.81346,0.81348
2026-08-16 07:15:00+00:00,0.81347,0.81351,0.81346,0.81347
2026-08-16 07:30:00+00:00,0.81348,0.81351,0.81347,0.81348
2026-08-16 07:45:00+00:00,0.81348,0.81351,0.81346,0.81349
2026-08-16 08:00:00+00:00,0.81347,0.81351,0.81346,0.81349
2026-08-16 08:15:00+00:00,0.81348,0.81351,0.81347,0.81348
2026-08-16 08:30:00+00:00,0.81348,0.81352,0.81347,0.81348
2026-08-16 08:45:00+00:00,0.81348,0.81352,0.81347,0.8135
2026-08-16 09:00:00+00:00,0.81348,0.81353,0.81348,0.81351
2026-08-16 09:15:00+00:00,0.81349,0.81353,0.81348,0.81349
2026-08-16 09:30:00+00:00,0.81349,0.81353,0.81348,0.81349
2026-08-16 09:45:00+00:00,0.81349,0.81353,0.81345,0.81348
2026-08-16 10:00:00+00:00,0.81347,0.8135,0.81346,0.81349
2026-08-16 10:15:00+00:00,0.81347,0.81354,0.81343,0.81351
2026-08-16 10:30:00+00:00,0.81351,0.81354,0.81349,0.8135
2026-08-16 10:45:00+00:00,0.81351,0.81357,0.81349,0.81355
2026-08-16 11:00:00+00:00,0.81354,0.81357,0.81353,0.81356
2026-08-16 11:15:00+00:00,0.81354,0.8136,0.81353,0.81357
2026-08-16 11:30:00+00:00,0.81356,0.81362,0.81355,0.81358
2026-08-16 11:45:00+00:00,0.81358,0.81362,0.81357,0.8136
2026-08-16 12:00:00+00:00,0.81358,0.81363,0.81357,0.81362
2026-08-16 12:15:00+00:00,0.8136,0.81364,0.81359,0.81361
2026-08-16 12:30:00+00:00,0.8136,0.81365,0.8136,0.81361
2026-08-16 12:45:00+00:00,0.81361,0.81366,0.8136,0.81362
2026-08-16 13:00:00+00:00,0.81362,0.81366,0.81361,0.81364
2026-08-16 13:15:00+00:00,0.81362,0.81366,0.81332,0.81342
2026-08-16 13:30:00+00:00,0.81341,0.81344,0.81339,0.8134
2026-08-16 13:45:00+00:00,0.81341,0.81349,0.81335,0.81346
2026-08-16 14:00:00+00:00,0.81346,0.81351,0.81322,0.81329
2026-08-16 14:15:00+00:00,0.81328,0.81329,0.81323,0.81326
2026-08-16 14:30:00+00:00,0.81325,0.81336,0.81323,0.81333
2026-08-16 14:45:00+00:00,0.81332,0.81343,0.81321,0.81338
2026-08-16 15:00:00+00:00,0.81338,0.8134,0.81335,0.81338
2026-08-16 15:15:00+00:00,0.81336,0.8134,0.8133,0.81338
2026-08-16 15:30:00+00:00,0.81337,0.8134,0.81336,0.81337
2026-08-16 15:45:00+00:00,0.81337,0.81343,0.81333,0.81334
2026-08-16 16:00:00+00:00,0.81335,0.81338,0.81278,0.81298
2026-08-16 16:15:00+00:00,0.81297,0.81323,0.81292,0.8132
2026-08-16 16:30:00+00:00,0.81318,0.8135,0.81317,0.8134
2026-08-16 16:45:00+00:00,0.8134,0.81359,0.81338,0.81354
2026-08-16 17:00:00+00:00,0.81355,0.81357,0.81286,0.81326
2026-08-16 17:15:00+00:00,0.81324,0.81328,0.81323,0.81326
2026-08-16 17:30:00+00:00,0.81324,0.81343,0.81314,0.81326
2026-08-16 17:45:00+00:00,0.81326,0.81328,0.81323,0.81324
2026-08-16 18:00:00+00:00,0.81325,0.81334,0.81292,0.81331
2026-08-16 18:15:00+00:00,0.81325,0.81334,0.81324,0.81326
2026-08-16 18:30:00+00:00,0.81325,0.81333,0.81319,0.81327
2026-08-16 18:45:00+00:00,0.81326,0.81329,0.81316,0.81319
2026-08-16 19:00:00+00:00,0.81322,0.81337,0.81158,0.81192
2026-08-16 19:15:00+00:00,0.81208,0.81298,0.81189,0.8123
2026-08-16 19:30:00+00:00,0.81235,0.81319,0.812,0.81204
2026-08-16 19:45:00+00:00,0.81197,0.81315,0.81197,0.81271
2026-08-16 20:00:00+00:00,0.81255,0.81306,0.81189,0.81195
2026-08-16 20:15:00+00:00,0.81195,0.81246,0.81187,0.8121
2026-08-16 20:30:00+00:00,0.81207,0.81222,0.81202,0.81213
2026-08-16 20:45:00+00:00,0.81211,0.81267,0.81181,0.81222
2026-08-16 21:00:00+00:00,0.81227,0.81245,0.81134,0.81194
2026-08-16 21:15:00+00:00,0.81194,0.81221,0.81182,0.8122
2026-08-16 21:30:00+00:00,0.81219,0.81265,0.81204,0.81249
2026-08-16 21:45:00+00:00,0.81251,0.8131,0.8125,0.81301
2026-08-16 22:00:00+00:00,0.81301,0.81349,0.81289,0.81348
2026-08-16 22:15:00+00:00,0.81346,0.81348,0.81315,0.81322
2026-08-16 22:30:00+00:00,0.81321,0.81321,0.81301,0.81308
2026-08-16 22:45:00+00:00,0.81306,0.81313,0.81286,0.81289
2026-08-16 23:00:00+00:00,0.81294,0.81294,0.81275,0.8128
2026-08-16 23:15:00+00:00,0.81278,0.81287,0.81276,0.81284
2026-08-16 23:30:00+00:00,0.81281,0.81286,0.81267,0.8127
2026-08-16 23:45:00+00:00,0.81268,0.81282,0.8126,0.81269
2026-08-17 00:00:00+00:00,0.81271,0.81271,0.81195,0.81196
2026-08-17 00:15:00+00:00,0.81201,0.81211,0.81174,0.81187
2026-08-17 00:30:00+00:00,0.81182,0.81212,0.81179,0.81197
2026-08-17 00:45:00+00:00,0.81198,0.81214,0.81192,0.81199
2026-08-17 01:00:00+00:00,0.81198,0.81198,0.81171,0.81194
2026-08-17 01:15:00+00:00,0.81193,0.81193,0.81166,0.81177
2026-08-17 01:30:00+00:00,0.81178,0.81231,0.81177,0.81207
2026-08-17 01:45:00+00:00,0.81209,0.81209,0.81181,0.81187
2026-08-17 02:00:00+00:00,0.81186,0.81191,0.81173,0.81178
2026-08-17 02:15:00+00:00,0.81177,0.81186,0.81158,0.81159
2026-08-17 02:30:00+00:00,0.8116,0.81187,0.81157,0.81173
2026-08-17 02:45:00+00:00,0.81168,0.81197,0.81168,0.81194
2026-08-17 03:00:00+00:00,0.81193,0.81198,0.81185,0.81188
2026-08-17 03:15:00+00:00,0.81188,0.81192,0.81177,0.8119
2026-08-17 03:30:00+00:00,0.81187,0.812,0.81182,0.81196
2026-08-17 03:45:00+00:00,0.81193,0.81196,0.81159,0.81163
2026-08-17 04:00:00+00:00,0.81169,0.81169,0.81136,0.81137
2026-08-17 04:15:00+00:00,0.81139,0.81158,0.81137,0.81137
2026-08-17 04:30:00+00:00,0.81138,0.81156,0.81129,0.81138
2026-08-17 04:45:00+00:00,0.81136,0.8116,0.81118,0.81159
2026-08-17 05:00:00+00:00,0.81156,0.81163,0.81143,0.81156
2026-08-17 05:15:00+00:00,0.81157,0.81167,0.8112,0.8112
2026-08-17 05:30:00+00:00,0.81122,0.81152,0.81121,0.81139
2026-08-17 05:45:00+00:00,0.81137,0.81146,0.81114,0.81142
2026-08-17 06:00:00+00:00,0.81139,0.81167,0.81115,0.81165
2026-08-17 06:15:00+00:00,0.81164,0.81164,0.81098,0.811
2026-08-17 06:30:00+00:00,0.81103,0.81111,0.81086,0.81103
2026-08-17 06:45:00+00:00,0.81102,0.81102,0.81064,0.81066
2026-08-17 07:00:00+00:00,0.81069,0.81102,0.81023,0.81027
2026-08-17 07:15:00+00:00,0.81035,0.81035,0.80874,0.8088
2026-08-17 07:30:00+00:00,0.80889,0.80889,0.80779,0.80781
2026-08-17 07:45:00+00:00,0.80786,0.80862,0.80786,0.80841
2026-08-17 08:00:00+00:00,0.8084,0.80865,0.808,0.80804
2026-08-17 08:15:00+00:00,0.80808,0.80836,0.80747,0.80751
2026-08-17 08:30:00+00:00,0.80757,0.80803,0.80726,0.80799
2026-08-17 08:45:00+00:00,0.80793,0.80934,0.80793,0.80909
2026-08-17 09:00:00+00:00,0.80915,0.80921,0.80881,0.8092
2026-08-17 09:15:00+00:00,0.80917,0.80927,0.80888,0.80902
2026-08-17 09:30:00+00:00,0.80901,0.80937,0.80895,0.80914
2026-08-17 09:45:00+00:00,0.80921,0.80974,0.80921,0.80972
2026-08-17 10:00:00+00:00,0.80971,0.81007,0.80961,0.80968
2026-08-17 10:15:00+00:00,0.80974,0.81018,0.80965,0.81017
2026-08-17 10:30:00+00:00,0.81015,0.81034,0.80975,0.81024
2026-08-17 10:45:00+00:00,0.81025,0.81045,0.80998,0.81042
2026-08-17 11:00:00+00:00,0.81035,0.8105,0.80995,0.81037
2026-08-17 11:15:00+00:00,0.81028,0.81049,0.81017,0.8102
2026-08-17 11:30:00+00:00,0.8102,0.81044,0.81,0.81042
2026-08-17 11:45:00+00:00,0.81039,0.81045,0.80985,0.80986
2026-08-17 12:00:00+00:00,0.80987,0.80995,0.80959,0.80994
2026-08-17 12:15:00+00:00,0.80989,0.81063,0.80987,0.81016
2026-08-17 12:30:00+00:00,0.81024,0.81055,0.80996,0.80998
2026-08-17 12:45:00+00:00,0.81002,0.81017,0.8096,0.80973
2026-08-17 13:00:00+00:00,0.8097,0.8097,0.80919,0.80944
2026-08-17 13:15:00+00:00,0.80942,0.8095,0.8089,0.80916
2026-08-17 13:30:00+00:00,0.80915,0.80938,0.80866,0.80935
2026-08-17 13:45:00+00:00,0.80931,0.80967,0.80886,0.80887
2026-08-17 14:00:00+00:00,0.8089,0.80925,0.80875,0.80925
2026-08-17 14:15:00+00:00,0.80923,0.80927,0.80851,0.80914
2026-08-17 14:30:00+00:00,0.80909,0.80933,0.8088,0.80885
2026-08-17 14:45:00+00:00,0.80887,0.80961,0.80884,0.8095
2026-08-17 15:00:00+00:00,0.80952,0.80978,0.80942,0.80951
2026-08-17 15:15:00+00:00,0.80952,0.81018,0.80934,0.81014
2026-08-17 15:30:00+00:00,0.81008,0.8102,0.80981,0.81006
2026-08-17 15:45:00+00:00,0.81008,0.81039,0.80956,0.80968
2026-08-17 16:00:00+00:00,0.80969,0.81001,0.80956,0.80984
2026-08-17 16:15:00+00:00,0.80987,0.80991,0.80959,0.80985
2026-08-17 16:30:00+00:00,0.80982,0.80992,0.80964,0.80976
2026-08-17 16:45:00+00:00,0.80975,0.81011,0.80975,0.8101
2026-08-17 17:00:00+00:00,0.81008,0.81031,0.80998,0.8103
2026-08-17 17:15:00+00:00,0.81029,0.81076,0.81025,0.81074
2026-08-17 17:30:00+00:00,0.8107,0.81154,0.81057,0.81126
2026-08-17 17:45:00+00:00,0.81128,0.81138,0.81105,0.81137
2026-08-17 18:00:00+00:00,0.81134,0.81152,0.81133,0.81139
2026-08-17 18:15:00+00:00,0.8114,0.81165,0.81125,0.81163
2026-08-17 18:30:00+00:00,0.81162,0.81175,0.81146,0.81161
2026-08-17 18:45:00+00:00,0.8116,0.81169,0.81146,0.81157
2026-08-17 19:00:00+00:00,0.81159,0.81166,0.81123,0.81129
2026-08-17 19:15:00+00:00,0.81138,0.81138,0.81088,0.81089
2026-08-17 19:30:00+00:00,0.8109,0.81096,0.81077,0.81082
2026-08-17 19:45:00+00:00,0.8108,0.81104,0.81072,0.81092
2026-08-17 20:00:00+00:00,0.81094,0.81104,0.81057,0.81103
2026-08-17 20:15:00+00:00,0.81101,0.81103,0.81091,0.81101
2026-08-17 20:30:00+00:00,0.81099,0.81109,0.81096,0.81102
2026-08-17 20:45:00+00:00,0.81101,0.81113,0.81093,0.81094
2026-08-17 21:00:00+00:00,0.81094,0.81094,0.81004,0.81055
2026-08-17 21:15:00+00:00,0.81059,0.81082,0.81052,0.81069
2026-08-17 21:30:00+00:00,0.81074,0.81087,0.81063,0.81085
2026-08-17 21:45:00+00:00,0.81079,0.81103,0.81075,0.81102
2026-08-17 22:00:00+00:00,0.811,0.81118,0.81072,0.81109
2026-08-17 22:15:00+00:00,0.8111,0.81115,0.81093,0.81099
2026-08-17 22:30:00+00:00,0.81098,0.81105,0.81094,0.81101
2026-08-17 22:45:00+00:00,0.81099,0.81108,0.81094,0.81105
2026-08-17 23:00:00+00:00,0.81104,0.81107,0.81082,0.81095
2026-08-17 23:15:00+00:00,0.81095,0.81099,0.81088,0.81091
2026-08-17 23:30:00+00:00,0.8109,0.8109,0.81069,0.81072
2026-08-17 23:45:00+00:00,0.81078,0.81078,0.81057,0.81068
2026-08-18 00:00:00+00:00,0.81068,0.81089,0.81057,0.81085
2026-08-18 00:15:00+00:00,0.81085,0.81107,0.81074,0.81101
2026-08-18 00:30:00+00:00,0.81102,0.81122,0.81083,0.81089
2026-08-18 00:45:00+00:00,0.81089,0.81106,0.81086,0.81101
2026-08-18 01:00:00+00:00,0.81098,0.81098,0.81047,0.81047
2026-08-18 01:15:00+00:00,0.81047,0.81103,0.81035,0.81083
2026-08-18 01:30:00+00:00,0.81086,0.81096,0.81059,0.81095
2026-08-18 01:45:00+00:00,0.81091,0.81116,0.81091,0.81107
2026-08-18 02:00:00+00:00,0.81101,0.81133,0.81101,0.81126
2026-08-18 02:15:00+00:00,0.81128,0.8113,0.81104,0.81106
2026-08-18 02:30:00+00:00,0.8111,0.81133,0.81107,0.8112
2026-08-18 02:45:00+00:00,0.81118,0.81121,0.81093,0.81096
2026-08-18 03:00:00+00:00,0.81095,0.81109,0.81093,0.81105
2026-08-18 03:15:00+00:00,0.81105,0.81131,0.81104,0.81123
2026-08-18 03:30:00+00:00,0.81124,0.81159,0.81116,0.81157
2026-08-18 03:45:00+00:00,0.81155,0.81163,0.81149,0.81158
2026-08-18 04:00:00+00:00,0.81156,0.81185,0.81152,0.81183
2026-08-18 04:15:00+00:00,0.81183,0.81193,0.81173,0.81174
2026-08-18 04:30:00+00:00,0.81178,0.81187,0.81157,0.81158
2026-08-18 04:45:00+00:00,0.81159,0.81176,0.81152,0.81175
2026-08-18 05:00:00+00:00,0.81169,0.81201,0.81169,0.81199
2026-08-18 05:15:00+00:00,0.81199,0.81199,0.81162,0.81165
2026-08-18 05:30:00+00:00,0.81167,0.81185,0.81163,0.81167
2026-08-18 05:45:00+00:00,0.81169,0.81169,0.81145,0.81164
2026-08-18 06:00:00+00:00,0.8116,0.81217,0.8116,0.81195
2026-08-18 06:15:00+00:00,0.81195,0.81224,0.81184,0.81191
2026-08-18 06:30:00+00:00,0.81193,0.81205,0.81177,0.81183
2026-08-18 06:45:00+00:00,0.81185,0.81196,0.81165,0.81177
2026-08-18 07:00:00+00:00,0.81174,0.81174,0.81129,0.81163
2026-08-18 07:15:00+00:00,0.81162,0.81192,0.81114,0.81115
2026-08-18 07:30:00+00:00,0.81117,0.81121,0.81074,0.8109
2026-08-18 07:45:00+00:00,0.81086,0.81118,0.81073,0.81108
2026-08-18 08:00:00+00:00,0.81108,0.81196,0.81108,0.8119
2026-08-18 08:15:00+00:00,0.81189,0.81206,0.81177,0.81203
2026-08-18 08:30:00+00:00,0.81201,0.81213,0.81167,0.81169
2026-08-18 08:45:00+00:00,0.8117,0.81174,0.81136,0.81152
2026-08-18 09:00:00+00:00,0.81147,0.81189,0.81147,0.81176
2026-08-18 09:15:00+00:00,0.81183,0.81199,0.81152,0.81154
2026-08-18 09:30:00+00:00,0.81158,0.81188,0.81129,0.81187
2026-08-18 09:45:00+00:00,0.81185,0.81195,0.81164,0.81165
2026-08-18 10:00:00+00:00,0.81166,0.81216,0.81161,0.81215
2026-08-18 10:15:00+00:00,0.81213,0.81248,0.81201,0.81231
2026-08-18 10:30:00+00:00,0.81236,0.8124,0.81219,0.81222
2026-08-18 10:45:00+00:00,0.81224,0.81245,0.81218,0.81222
2026-08-18 11:00:00+00:00,0.81223,0.81253,0.81217,0.81253
2026-08-18 11:15:00+00:00,0.81249,0.81264,0.81242,0.81261
2026-08-18 11:30:00+00:00,0.81254,0.81272,0.8125,0.81252
2026-08-18 11:45:00+00:00,0.81258,0.81279,0.81241,0.81242
2026-08-18 12:00:00+00:00,0.81243,0.81265,0.81219,0.81251
2026-08-18 12:15:00+00:00,0.81251,0.81253,0.81223,0.81252
2026-08-18 12:30:00+00:00,0.81249,0.81277,0.81247,0.81272
2026-08-18 12:45:00+00:00,0.81269,0.81269,0.81212,0.81214
2026-08-18 13:00:00+00:00,0.81217,0.81244,0.81199,0.81243
2026-08-18 13:15:00+00:00,0.8124,0.8129,0.8124,0.81275
2026-08-18 13:30:00+00:00,0.8128,0.81289,0.8116,0.81196
2026-08-18 13:45:00+00:00,0.81189,0.81214,0.81167,0.81186
2026-08-18 14:00:00+00:00,0.8119,0.8119,0.81135,0.81143
2026-08-18 14:15:00+00:00,0.8114,0.81181,0.81115,0.8117
2026-08-18 14:30:00+00:00,0.81162,0.81204,0.81162,0.81176
2026-08-18 14:45:00+00:00,0.81177,0.81196,0.8113,0.81168
2026-08-18 15:00:00+00:00,0.81181,0.81226,0.81138,0.81222
2026-08-18 15:15:00+00:00,0.81214,0.81278,0.81214,0.81274
2026-08-18 15:30:00+00:00,0.81273,0.81273,0.81224,0.81235
2026-08-18 15:45:00+00:00,0.8123,0.81239,0.81201,0.81219
2026-08-18 16:00:00+00:00,0.8122,0.81226,0.81159,0.81163
2026-08-18 16:15:00+00:00,0.81162,0.81173,0.81134,0.81172
2026-08-18 16:30:00+00:00,0.81167,0.81203,0.81166,0.81176
2026-08-18 16:45:00+00:00,0.81176,0.81195,0.8116,0.81194
2026-08-18 17:00:00+00:00,0.81193,0.81233,0.8119,0.81228
2026-08-18 17:15:00+00:00,0.81229,0.81231,0.81202,0.81229
2026-08-18 17:30:00+00:00,0.81226,0.81242,0.81218,0.81227
2026-08-18 17:45:00+00:00,0.81226,0.81236,0.81216,0.8122
2026-08-18 18:00:00+00:00,0.81222,0.81251,0.81215,0.81219
2026-08-18 18:15:00+00:00,0.81219,0.81228,0.81209,0.81227
2026-08-18 18:30:00+00:00,0.81225,0.81256,0.81222,0.81254
2026-08-18 18:45:00+00:00,0.81252,0.81262,0.81242,0.81243
2026-08-18 19:00:00+00:00,0.81246,0.81265,0.81231,0.81235
2026-08-18 19:15:00+00:00,0.81236,0.81246,0.81224,0.81244
2026-08-18 19:30:00+00:00,0.81243,0.81246,0.81215,0.81217
2026-08-18 19:45:00+00:00,0.81216,0.81263,0.81213,0.81262
2026-08-18 20:00:00+00:00,0.8126,0.8128,0.81255,0.81266
2026-08-18 20:15:00+00:00,0.81268,0.81269,0.81258,0.81264
2026-08-18 20:30:00+00:00,0.81262,0.81268,0.81249,0.81251
2026-08-18 20:45:00+00:00,0.81251,0.81263,0.81239,0.81241
2026-08-18 21:00:00+00:00,0.81244,0.81262,0.81229,0.81239
2026-08-18 21:15:00+00:00,0.81241,0.81247,0.81236,0.8124
2026-08-18 21:30:00+00:00,0.8124,0.81247,0.81237,0.81242
2026-08-18 21:45:00+00:00,0.8124,0.8124,0.81217,0.81229
2026-08-18 22:00:00+00:00,0.81227,0.81244,0.81213,0.81237
2026-08-18 22:15:00+00:00,0.81239,0.81247,0.81235,0.81246
2026-08-18 22:30:00+00:00,0.81244,0.8125,0.81238,0.81248
2026-08-18 22:45:00+00:00,0.81246,0.8125,0.81233,0.81242
2026-08-18 23:00:00+00:00,0.81239,0.81243,0.81218,0.81236
2026-08-18 23:15:00+00:00,0.81232,0.81255,0.81232,0.81251
2026-08-18 23:30:00+00:00,0.81243,0.81277,0.81243,0.81274
2026-08-18 23:45:00+00:00,0.81272,0.81275,0.81235,0.81236
2026-08-19 00:00:00+00:00,0.81236,0.81236,0.81175,0.81176
2026-08-19 00:15:00+00:00,0.81178,0.81208,0.8117,0.81205
2026-08-19 00:30:00+00:00,0.81198,0.81239,0.81198,0.81214
2026-08-19 00:45:00+00:00,0.81206,0.81231,0.81195,0.8123
2026-08-19 01:00:00+00:00,0.81227,0.81269,0.81227,0.81265
2026-08-19 01:15:00+00:00,0.81258,0.81292,0.81247,0.8125
2026-08-19 01:30:00+00:00,0.81253,0.81259,0.81202,0.81204
2026-08-19 01:45:00+00:00,0.81206,0.81216,0.81194,0.81196
2026-08-19 02:00:00+00:00,0.81194,0.81207,0.81163,0.81164
2026-08-19 02:15:00+00:00,0.81166,0.81185,0.81116,0.81157
2026-08-19 02:30:00+00:00,0.81155,0.8116,0.81129,0.8113
2026-08-19 02:45:00+00:00,0.81132,0.81172,0.81118,0.8117
2026-08-19 03:00:00+00:00,0.81168,0.8117,0.81148,0.81155
2026-08-19 03:15:00+00:00,0.81155,0.8116,0.81147,0.8115
2026-08-19 03:30:00+00:00,0.81148,0.81161,0.81137,0.81152
2026-08-19 03:45:00+00:00,0.81155,0.81168,0.81145,0.81166
2026-08-19 04:00:00+00:00,0.81164,0.81173,0.81149,0.8115
2026-08-19 04:15:00+00:00,0.81151,0.81152,0.81131,0.81148
2026-08-19 04:30:00+00:00,0.81148,0.81157,0.81124,0.81156
2026-08-19 04:45:00+00:00,0.81154,0.81156,0.81113,0.81114
2026-08-19 05:00:00+00:00,0.81115,0.81132,0.81102,0.8112
2026-08-19 05:15:00+00:00,0.81125,0.81125,0.8109,0.8112
2026-08-19 05:30:00+00:00,0.81118,0.8113,0.81108,0.81109
2026-08-19 05:45:00+00:00,0.81111,0.81131,0.81103,0.81121
2026-08-19 06:00:00+00:00,0.81123,0.81131,0.81084,0.8109
2026-08-19 06:15:00+00:00,0.81091,0.81106,0.81039,0.81049
2026-08-19 06:30:00+00:00,0.81048,0.81066,0.81029,0.81035
2026-08-19 06:45:00+00:00,0.81034,0.81067,0.81027,0.81067
2026-08-19 07:00:00+00:00,0.81065,0.81084,0.81047,0.81078
2026-08-19 07:15:00+00:00,0.81079,0.81105,0.81054,0.81056
2026-08-19 07:30:00+00:00,0.81057,0.81095,0.81039,0.8109
2026-08-19 07:45:00+00:00,0.81083,0.81115,0.8108,0.81099
2026-08-19 08:00:00+00:00,0.81094,0.81118,0.81043,0.81044
2026-08-19 08:15:00+00:00,0.81045,0.81112,0.81032,0.81111
2026-08-19 08:30:00+00:00,0.81109,0.81113,0.81069,0.8107
2026-08-19 08:45:00+00:00,0.81072,0.81094,0.81067,0.8109
2026-08-19 09:00:00+00:00,0.81088,0.81106,0.81053,0.81083
2026-08-19 09:15:00+00:00,0.81084,0.81087,0.81036,0.81059
2026-08-19 09:30:00+00:00,0.81055,0.81055,0.81028,0.81038
2026-08-19 09:45:00+00:00,0.81038,0.8104,0.81013,0.81022
2026-08-19 10:00:00+00:00,0.81023,0.81038,0.80994,0.81001
2026-08-19 10:15:00+00:00,0.81016,0.81024,0.80987,0.81023
2026-08-19 10:30:00+00:00,0.81021,0.81024,0.81002,0.81008
2026-08-19 10:45:00+00:00,0.81006,0.81046,0.80996,0.81042
2026-08-19 11:00:00+00:00,0.81042,0.81064,0.81011,0.81044
2026-08-19 11:15:00+00:00,0.81048,0.81049,0.81019,0.8102
2026-08-19 11:30:00+00:00,0.81021,0.81073,0.81013,0.81062
2026-08-19 11:45:00+00:00,0.81062,0.81062,0.81018,0.81026
2026-08-19 12:00:00+00:00,0.81027,0.81027,0.80997,0.81022
2026-08-19 12:15:00+00:00,0.8102,0.81022,0.80958,0.80979
2026-08-19 12:30:00+00:00,0.80973,0.80995,0.80731,0.80773
2026-08-19 12:45:00+00:00,0.80771,0.80795,0.80662,0.80686
2026-08-19 13:00:00+00:00,0.80677,0.80694,0.80516,0.80521
2026-08-19 13:15:00+00:00,0.80532,0.80575,0.80487,0.80496
2026-08-19 13:30:00+00:00,0.80514,0.80525,0.8038,0.8039
2026-08-19 13:45:00+00:00,0.80404,0.80404,0.80239,0.80242
2026-08-19 14:00:00+00:00,0.80247,0.80292,0.80108,0.80116
2026-08-19 14:15:00+00:00,0.80129,0.80189,0.80069,0.80085
2026-08-19 14:30:00+00:00,0.80105,0.80105,0.79839,0.79904
2026-08-19 14:45:00+00:00,0.79911,0.80179,0.79911,0.80154
2026-08-19 15:00:00+00:00,0.80147,0.80188,0.80083,0.80089
2026-08-19 15:15:00+00:00,0.80099,0.80145,0.8003,0.80105
2026-08-19 15:30:00+00:00,0.80102,0.80116,0.79916,0.79946
2026-08-19 15:45:00+00:00,0.79943,0.80015,0.79897,0.80002
2026-08-19 16:00:00+00:00,0.80004,0.80019,0.79902,0.79904
2026-08-19 16:15:00+00:00,0.79907,0.79948,0.79896,0.79943
2026-08-19 16:30:00+00:00,0.79929,0.7996,0.79898,0.79934
2026-08-19 16:45:00+00:00,0.79938,0.79944,0.79879,0.79924
2026-08-19 17:00:00+00:00,0.79914,0.79981,0.79913,0.79979
2026-08-19 17:15:00+00:00,0.79978,0.7999,0.79955,0.79987
2026-08-19 17:30:00+00:00,0.79981,0.80021,0.79961,0.80008
2026-08-19 17:45:00+00:00,0.80001,0.80049,0.80001,0.80045
2026-08-19 18:00:00+00:00,0.8004,0.80053,0.79845,0.79847
2026-08-19 18:15:00+00:00,0.7985,0.79935,0.79838,0.79935
2026-08-19 18:30:00+00:00,0.79933,0.79942,0.79803,0.79804
2026-08-19 18:45:00+00:00,0.79804,0.79828,0.79784,0.79797
2026-08-19 19:00:00+00:00,0.79796,0.79833,0.79755,0.79774
2026-08-19 19:15:00+00:00,0.79771,0.79776,0.79744,0.79753
2026-08-19 19:30:00+00:00,0.79751,0.79789,0.79701,0.79766
2026-08-19 19:45:00+00:00,0.79764,0.79789,0.79733,0.79738
2026-08-19 20:00:00+00:00,0.79745,0.79812,0.79722,0.79767
2026-08-19 20:15:00+00:00,0.79764,0.7977,0.79735,0.79758
2026-08-19 20:30:00+00:00,0.79754,0.79766,0.79701,0.79706
2026-08-19 20:45:00+00:00,0.79704,0.7973,0.79697,0.79725
2026-08-19 21:00:00+00:00,0.79718,0.8006,0.79609,0.79753
2026-08-19 21:15:00+00:00,0.79747,0.79762,0.79747,0.79751
2026-08-19 21:30:00+00:00,0.7975,0.79757,0.79728,0.79746
2026-08-19 21:45:00+00:00,0.79741,0.79777,0.79718,0.79772
2026-08-19 22:00:00+00:00,0.79762,0.79772,0.79693,0.79722
2026-08-19 22:15:00+00:00,0.79718,0.79735,0.79709,0.79725
2026-08-19 22:30:00+00:00,0.79727,0.79742,0.79717,0.79741
2026-08-19 22:45:00+00:00,0.79738,0.79746,0.79728,0.79744
2026-08-19 23:00:00+00:00,0.79739,0.79792,0.79726,0.79745
2026-08-19 23:15:00+00:00,0.79746,0.79767,0.79739,0.79758
2026-08-19 23:30:00+00:00,0.79759,0.79773,0.79749,0.79772
2026-08-19 23:45:00+00:00,0.79771,0.79789,0.79763,0.79787
2026-08-20 00:00:00+00:00,0.79786,0.7979,0.79716,0.79773
2026-08-20 00:15:00+00:00,0.79775,0.79832,0.79747,0.79828
2026-08-20 00:30:00+00:00,0.79827,0.79845,0.79788,0.79844
2026-08-20 00:45:00+00:00,0.7984,0.79911,0.79837,0.79878
2026-08-20 01:00:00+00:00,0.79881,0.80016,0.79881,0.79971
2026-08-20 01:15:00+00:00,0.79979,0.79979,0.79872,0.79876
2026-08-20 01:30:00+00:00,0.79881,0.79927,0.79857,0.79925
2026-08-20 01:45:00+00:00,0.79919,0.79969,0.79919,0.79963
2026-08-20 02:00:00+00:00,0.79959,0.79959,0.79892,0.79932
2026-08-20 02:15:00+00:00,0.79933,0.79991,0.79932,0.79962
2026-08-20 02:30:00+00:00,0.79963,0.79986,0.79943,0.79964
2026-08-20 02:45:00+00:00,0.79955,0.79997,0.79955,0.79992
2026-08-20 03:00:00+00:00,0.7999,0.80003,0.79942,0.79944
2026-08-20 03:15:00+00:00,0.79948,0.79985,0.79936,0.79981
2026-08-20 03:30:00+00:00,0.79977,0.80005,0.79976,0.79988
2026-08-20 03:45:00+00:00,0.79989,0.7999,0.79944,0.7996
2026-08-20 04:00:00+00:00,0.79958,0.79968,0.79935,0.79936
2026-08-20 04:15:00+00:00,0.79939,0.79981,0.79939,0.79966
2026-08-20 04:30:00+00:00,0.79968,0.8001,0.79968,0.80008
2026-08-20 04:45:00+00:00,0.80006,0.80018,0.79981,0.80001
2026-08-20 05:00:00+00:00,0.79992,0.8001,0.79978,0.80003
2026-08-20 05:15:00+00:00,0.80002,0.80037,0.79991,0.80032
2026-08-20 05:30:00+00:00,0.80026,0.80046,0.80009,0.8003
2026-08-20 05:45:00+00:00,0.8003,0.80043,0.79987,0.79988
2026-08-20 06:00:00+00:00,0.79989,0.80001,0.79905,0.79911
2026-08-20 06:15:00+00:00,0.79922,0.79951,0.79898,0.79934
2026-08-20 06:30:00+00:00,0.79936,0.79975,0.7992,0.79921
2026-08-20 06:45:00+00:00,0.79922,0.79933,0.79858,0.79863
2026-08-20 07:00:00+00:00,0.79874,0.79952,0.79844,0.79918
2026-08-20 07:15:00+00:00,0.79928,0.79989,0.79903,0.79986
2026-08-20 07:30:00+00:00,0.79982,0.80001,0.79884,0.79893
2026-08-20 07:45:00+00:00,0.79915,0.79955,0.79837,0.7984
2026-08-20 08:00:00+00:00,0.79844,0.79881,0.79833,0.79858
2026-08-20 08:15:00+00:00,0.79856,0.7986,0.79797,0.79836
2026-08-20 08:30:00+00:00,0.7983,0.79875,0.79772,0.79775
2026-08-20 08:45:00+00:00,0.79782,0.79822,0.79782,0.79788
2026-08-20 09:00:00+00:00,0.79794,0.79794,0.79599,0.79606
2026-08-20 09:15:00+00:00,0.79618,0.79629,0.79522,0.79585
2026-08-20 09:30:00+00:00,0.79588,0.79632,0.79566,0.79587
2026-08-20 09:45:00+00:00,0.79592,0.79619,0.79575,0.79603
2026-08-20 10:00:00+00:00,0.79601,0.79618,0.79516,0.79521
2026-08-20 10:15:00+00:00,0.79519,0.79611,0.795,0.79599
2026-08-20 10:30:00+00:00,0.79595,0.79595,0.79516,0.79553
2026-08-20 10:45:00+00:00,0.79568,0.79692,0.79568,0.7969
2026-08-20 11:00:00+00:00,0.79686,0.79744,0.79666,0.79737
2026-08-20 11:15:00+00:00,0.79734,0.79738,0.79658,0.79702
2026-08-20 11:30:00+00:00,0.79694,0.798,0.79694,0.79793
2026-08-20 11:45:00+00:00,0.79783,0.79869,0.79783,0.79825
2026-08-20 12:00:00+00:00,0.7983,0.79906,0.79809,0.79813
2026-08-20 12:15:00+00:00,0.79821,0.79821,0.79761,0.79778
